review_id,clause_id,star_rating,predicted_aspect,sentiment,aspect_conditioned_text
REV_00001,REV_00001_C01,5.0,Ambience,Positive,Aspect: Ambience [SEP] The ambience was good
REV_00001,REV_00001_C02,5.0,Food,Positive,Aspect: Food [SEP] food was quite good
REV_00001,REV_00001_C04,5.0,Price / Value,Positive,Aspect: Price / Value [SEP] which was cost effective
REV_00001,REV_00001_C05,5.0,General Experience,Positive,Aspect: General Experience [SEP] Good place for a sate brunch
REV_00001,REV_00001_C07,5.0,Service,Positive,Aspect: Service [SEP] Waiter Soumen Das was really courteous and helpful
REV_00011,REV_00011_C01,5.0,Service,Positive,Aspect: Service [SEP] The service was great
REV_00011,REV_00011_C02,5.0,Food,Positive,Aspect: Food [SEP] the food was awesome
REV_00011,REV_00011_C03,5.0,Service,Positive,Aspect: Service [SEP] The service staff Manab and Papiya were very courteous and attentive
REV_00013,REV_00013_C01,5.0,Food,Positive,Aspect: Food [SEP] Food was very good
REV_00013,REV_00013_C04,5.0,Service,Positive,Aspect: Service [SEP] Service was great
REV_00023,REV_00023_C01,4.0,Service,Positive,Aspect: Service [SEP] Service was too good and fast
REV_00023,REV_00023_C02,4.0,Service,Positive,Aspect: Service [SEP] Even these people were so polite and well behaving
REV_00023,REV_00023_C03,4.0,General Experience,Positive,Aspect: General Experience [SEP] Manav and pradeep you were good
REV_00027,REV_00027_C01,5.0,General Experience,Positive,Aspect: General Experience [SEP] Sonalin has a great voice
REV_00027,REV_00027_C02,5.0,General Experience,Positive,Aspect: General Experience [SEP] 😍 must visit the place once
REV_00027,REV_00027_C04,5.0,Food,Positive,Aspect: Food [SEP] The food is good
REV_00027,REV_00027_C06,5.0,Ambience,Positive,"Aspect: Ambience [SEP] Live music, lightening everything is just awesome 😍"
REV_00032,REV_00032_C01,5.0,Food,Positive,Aspect: Food [SEP] Excellent food and very good service by soumen das
REV_00032,REV_00032_C01,5.0,Service,Positive,Aspect: Service [SEP] Excellent food and very good service by soumen das
REV_00032,REV_00032_C02,5.0,Ambience,Positive,Aspect: Ambience [SEP] Ambience was good too with live music
REV_00032,REV_00032_C04,5.0,Ambience,Positive,Aspect: Ambience [SEP] Decor of the restaurant was amazing as well
REV_00043,REV_00043_C01,4.0,Ambience,Positive,Aspect: Ambience [SEP] Good ambience and great service
REV_00043,REV_00043_C01,4.0,Service,Positive,Aspect: Service [SEP] Good ambience and great service
REV_00043,REV_00043_C03,4.0,Service,Negative,Aspect: Service [SEP] The waiters were patient and we even got noodles replaced since the one served in the buffet went bad
REV_00045,REV_00045_C02,5.0,Food,Positive,Aspect: Food [SEP] The food was very Good and delicious and awesome service was provided by Soumen Das & Shuvro
REV_00045,REV_00045_C02,5.0,Service,Positive,Aspect: Service [SEP] The food was very Good and delicious and awesome service was provided by Soumen Das & Shuvro
REV_00045,REV_00045_C03,5.0,General Experience,Positive,Aspect: General Experience [SEP] Would highly recommend the restaurant
REV_00048,REV_00048_C02,5.0,Service,Positive,Aspect: Service [SEP] Thanks buddy for a great service
REV_00048,REV_00048_C05,5.0,Service,Positive,Aspect: Service [SEP] Thanks buddy for a great service
REV_00048,REV_00048_C08,5.0,Service,Positive,Aspect: Service [SEP] Thanks buddy for a great service
REV_00048,REV_00048_C11,5.0,Service,Positive,Aspect: Service [SEP] Thanks buddy for a great service
REV_00063,REV_00063_C02,5.0,Ambience,Positive,Aspect: Ambience [SEP] ambiance was good
REV_00063,REV_00063_C03,5.0,Food,Positive,Aspect: Food [SEP] Lunch spread was good and was very tasty
REV_00097,REV_00097_C03,5.0,Food,Positive,Aspect: Food [SEP] The food and the best service enhance the flavour of the restaurant
REV_00097,REV_00097_C03,5.0,Service,Positive,Aspect: Service [SEP] The food and the best service enhance the flavour of the restaurant
REV_00097,REV_00097_C04,5.0,General Experience,Positive,Aspect: General Experience [SEP] I realy recommend this restaurant
REV_00099,REV_00099_C01,2.0,General Experience,Negative,Aspect: General Experience [SEP] Pathetic and horrible experience
REV_00099,REV_00099_C03,2.0,Food,Negative,Aspect: Food [SEP] Food 1
REV_00099,REV_00099_C04,2.0,Ambience,Negative,Aspect: Ambience [SEP] chairs and tables were broken food is cold and tasteless
REV_00099,REV_00099_C04,2.0,Food,Negative,Aspect: Food [SEP] chairs and tables were broken food is cold and tasteless
REV_00099,REV_00099_C05,2.0,Ambience,Negative,Aspect: Ambience [SEP] Buffet arrangement is not good could be a bit more spacious
REV_00119,REV_00119_C01,5.0,Service,Positive,Aspect: Service [SEP] Very nice and humble staff
REV_00119,REV_00119_C02,5.0,Food,Positive,Aspect: Food [SEP] Very tasty biryani
REV_00123,REV_00123_C01,5.0,General Experience,Positive,Aspect: General Experience [SEP] Haleem is very good a d
REV_00123,REV_00123_C02,5.0,Food,Positive,Aspect: Food [SEP] Chiken biryani is very good and
REV_00123,REV_00123_C03,5.0,General Experience,Positive,Aspect: General Experience [SEP] Nice place in paradise gachibowli so I am happy 😊
REV_00127,REV_00127_C01,5.0,Food,Positive,"Aspect: Food [SEP] Very nice place to eat, great food and great service"
REV_00127,REV_00127_C01,5.0,General Experience,Positive,"Aspect: General Experience [SEP] Very nice place to eat, great food and great service"
REV_00127,REV_00127_C01,5.0,Service,Positive,"Aspect: Service [SEP] Very nice place to eat, great food and great service"
REV_00127,REV_00127_C02,5.0,Price / Value,Positive,Aspect: Price / Value [SEP] Value for money
REV_00127,REV_00127_C03,5.0,Ambience,Positive,Aspect: Ambience [SEP] Great ambience
REV_00127,REV_00127_C05,5.0,Price / Value,Positive,Aspect: Price / Value [SEP] Prices a bit high
REV_00127,REV_00127_C06,5.0,Price / Value,Positive,Aspect: Price / Value [SEP] But definitely worth it
REV_00133,REV_00133_C01,5.0,Food,Positive,Aspect: Food [SEP] Awesome biryani and kebabs
REV_00133,REV_00133_C03,5.0,Ambience,Positive,Aspect: Ambience [SEP] Clean and hygienic food
REV_00133,REV_00133_C03,5.0,Food,Positive,Aspect: Food [SEP] Clean and hygienic food
REV_00133,REV_00133_C04,5.0,Service,Positive,Aspect: Service [SEP] Courteous staff and prompt service response
REV_00133,REV_00133_C05,5.0,General Experience,Positive,Aspect: General Experience [SEP] Keep up the good work
REV_00142,REV_00142_C01,5.0,Food,Positive,Aspect: Food [SEP] Mutton biryani was very good
REV_00142,REV_00142_C03,5.0,Service,Positive,Aspect: Service [SEP] Service was very good and
REV_00142,REV_00142_C04,5.0,General Experience,Positive,Aspect: General Experience [SEP] Nice place in paradise gachibowli
REV_00144,REV_00144_C01,5.0,General Experience,Positive,"Aspect: General Experience [SEP] Paradise, Gachibowli is an amazing restaurant"
REV_00144,REV_00144_C02,5.0,Food,Positive,Aspect: Food [SEP] I've always received a very warm service and an amazing food
REV_00144,REV_00144_C02,5.0,Service,Positive,Aspect: Service [SEP] I've always received a very warm service and an amazing food
REV_00144,REV_00144_C03,5.0,Service,Positive,Aspect: Service [SEP] Saleem has been a wonderful server and provided a very good service
REV_00144,REV_00144_C04,5.0,General Experience,Positive,Aspect: General Experience [SEP] Really love this place
REV_00146,REV_00146_C01,5.0,General Experience,Positive,Aspect: General Experience [SEP] Had a good time and best service
REV_00146,REV_00146_C01,5.0,Service,Positive,Aspect: Service [SEP] Had a good time and best service
REV_00146,REV_00146_C03,5.0,Food,Positive,Aspect: Food [SEP] Food is very tasty and good
REV_00146,REV_00146_C04,5.0,Food,Positive,Aspect: Food [SEP] Good good good food very nice restaurant
REV_00146,REV_00146_C05,5.0,Food,Positive,Aspect: Food [SEP] We would like to come over again and again thank you so much the tasty food
REV_00149,REV_00149_C04,5.0,Food,Positive,Aspect: Food [SEP] That's tooo good especially the supreme chicken Biryani
REV_00164,REV_00164_C02,1.0,General Experience,Positive,Aspect: General Experience [SEP] Hence decided to try out this one with great hope
REV_00164,REV_00164_C03,1.0,Ambience,Positive,Aspect: Ambience [SEP] Ambience at this place is great
REV_00164,REV_00164_C12,1.0,Food,Positive,Aspect: Food [SEP] The staff were least bothered and kept us waiting for like 20 mins jus to take order and after all that the food was very disappointing
REV_00164,REV_00164_C12,1.0,Service,Positive,Aspect: Service [SEP] The staff were least bothered and kept us waiting for like 20 mins jus to take order and after all that the food was very disappointing
REV_00164,REV_00164_C14,1.0,General Experience,Positive,Aspect: General Experience [SEP] I would not go and recommend this place to anyone for frequent dine experience
REV_00166,REV_00166_C01,5.0,Food,Positive,"Aspect: Food [SEP] Chicken biryani, chillie chicken were really tasty"
REV_00166,REV_00166_C02,5.0,General Experience,Positive,Aspect: General Experience [SEP] service is very good and nice place in paradise Gachibowli so happy
REV_00166,REV_00166_C02,5.0,Service,Positive,Aspect: Service [SEP] service is very good and nice place in paradise Gachibowli so happy
REV_00190,REV_00190_C01,5.0,General Experience,Positive,Aspect: General Experience [SEP] A very nice place with a very humble staff
REV_00190,REV_00190_C01,5.0,Service,Positive,Aspect: Service [SEP] A very nice place with a very humble staff
REV_00190,REV_00190_C02,5.0,Ambience,Positive,Aspect: Ambience [SEP] Quick service and a hospitable ambience
REV_00190,REV_00190_C02,5.0,Service,Positive,Aspect: Service [SEP] Quick service and a hospitable ambience
REV_00190,REV_00190_C03,5.0,Food,Negative,"Aspect: Food [SEP] Very delicious food, probably the best biryanis in the country and the starters are no less either"
REV_00199,REV_00199_C01,5.0,Food,Positive,"Aspect: Food [SEP] It's is very tasty and very good for health,haleem is very yummy"
REV_00199,REV_00199_C02,5.0,Ambience,Positive,Aspect: Ambience [SEP] And the atmosphere is also very good loved the place better to try this place
REV_00199,REV_00199_C02,5.0,General Experience,Positive,Aspect: General Experience [SEP] And the atmosphere is also very good loved the place better to try this place
REV_00201,REV_00201_C02,2.0,Ambience,Positive,Aspect: Ambience [SEP] Ambience and service are good
REV_00201,REV_00201_C02,2.0,Service,Positive,Aspect: Service [SEP] Ambience and service are good
REV_00201,REV_00201_C03,2.0,Food,Negative,Aspect: Food [SEP] Food is disappointed
REV_00201,REV_00201_C04,2.0,Price / Value,Negative,Aspect: Price / Value [SEP] Not worth for money we pay
REV_00209,REV_00209_C01,5.0,Food,Positive,Aspect: Food [SEP] This place Is very nice food was awasome guys are very good
REV_00209,REV_00209_C03,5.0,General Experience,Positive,Aspect: General Experience [SEP] i think this place is very good place
REV_00212,REV_00212_C01,5.0,Ambience,Positive,Aspect: Ambience [SEP] The ambience is awesome
REV_00212,REV_00212_C02,5.0,Service,Positive,Aspect: Service [SEP] love the service
REV_00212,REV_00212_C05,5.0,Service,Positive,Aspect: Service [SEP] The service by Jayanta at Flechazo Gachibowli was awesome and very warm😍
REV_00214,REV_00214_C01,5.0,Food,Positive,"Aspect: Food [SEP] Good food, good service, value for money, friendly staff, Sabir, one of the staff members was at our service, did great job"
REV_00214,REV_00214_C01,5.0,Price / Value,Positive,"Aspect: Price / Value [SEP] Good food, good service, value for money, friendly staff, Sabir, one of the staff members was at our service, did great job"
REV_00214,REV_00214_C01,5.0,Service,Positive,"Aspect: Service [SEP] Good food, good service, value for money, friendly staff, Sabir, one of the staff members was at our service, did great job"
REV_00220,REV_00220_C01,5.0,Food,Positive,Aspect: Food [SEP] The starters were good
REV_00220,REV_00220_C03,5.0,Ambience,Positive,Aspect: Ambience [SEP] The ambience is so good
REV_00220,REV_00220_C04,5.0,Service,Positive,Aspect: Service [SEP] the staff is great
REV_00220,REV_00220_C05,5.0,Food,Positive,Aspect: Food [SEP] Jayanta service was very good and food was on time
REV_00220,REV_00220_C05,5.0,Service,Positive,Aspect: Service [SEP] Jayanta service was very good and food was on time
REV_00224,REV_00224_C02,3.0,General Experience,Positive,Aspect: General Experience [SEP] Good things first
REV_00224,REV_00224_C03,3.0,Service,Positive,Aspect: Service [SEP] the service is excellent
REV_00224,REV_00224_C05,3.0,Food,Positive,Aspect: Food [SEP] Food: nothing great
REV_00224,REV_00224_C06,3.0,General Experience,Positive,"Aspect: General Experience [SEP] As am more of a ""starter"" person , I love to have it in abundance"
REV_00224,REV_00224_C11,3.0,Food,Positive,Aspect: Food [SEP] In dessert the red velvet cake and jalebi was good
REV_00224,REV_00224_C12,3.0,Service,Positive,Aspect: Service [SEP] Service: it's very good and all the servers are trained very well
REV_00233,REV_00233_C01,5.0,Food,Positive,Aspect: Food [SEP] Place was good for starters and mocktails
REV_00233,REV_00233_C04,5.0,General Experience,Positive,Aspect: General Experience [SEP] Prawns were good
REV_00233,REV_00233_C05,5.0,General Experience,Positive,Aspect: General Experience [SEP] Deserts are love
REV_00242,REV_00242_C01,4.0,Price / Value,Positive,Aspect: Price / Value [SEP] This is one place that provides a very good buffet for the price that you pay
REV_00242,REV_00242_C02,4.0,Food,Positive,Aspect: Food [SEP] The quality of food is great
REV_00242,REV_00242_C04,4.0,Food,Positive,Aspect: Food [SEP] The fish served as a part of starters was the best I had eaten in a very long time
REV_00242,REV_00242_C04,4.0,Service,Positive,Aspect: Service [SEP] The fish served as a part of starters was the best I had eaten in a very long time
REV_00242,REV_00242_C05,4.0,Food,Positive,Aspect: Food [SEP] Mutton kheema with masala kulcha also deserves a special mention
REV_00242,REV_00242_C06,4.0,Service,Positive,Aspect: Service [SEP] The service is good
REV_00242,REV_00242_C07,4.0,Service,Positive,Aspect: Service [SEP] the staff is courteous too
REV_00242,REV_00242_C09,4.0,General Experience,Negative,Aspect: General Experience [SEP] This was disappointing and could have been avoided
REV_00244,REV_00244_C01,5.0,Food,Positive,Aspect: Food [SEP] Very good taste and lot of items
REV_00244,REV_00244_C02,5.0,Service,Positive,Aspect: Service [SEP] Excellent service
REV_00249,REV_00249_C02,2.0,General Experience,Positive,Aspect: General Experience [SEP] My friend and I had come with great expectations
REV_00249,REV_00249_C04,2.0,Service,Positive,Aspect: Service [SEP] Even the 2 rating is because the staff was very polite and we had no complains there
REV_00249,REV_00249_C05,2.0,Food,Positive,Aspect: Food [SEP] Coming to the food: the sushi isn't good
REV_00249,REV_00249_C09,2.0,Food,Positive,Aspect: Food [SEP] In spite of being non vegetarians the only item we liked was the crispy corn
REV_00249,REV_00249_C11,2.0,Food,Negative,Aspect: Food [SEP] The main course had a terrible array of dishes
REV_00249,REV_00249_C12,2.0,General Experience,Positive,Aspect: General Experience [SEP] And none was good
REV_00249,REV_00249_C17,2.0,General Experience,Positive,Aspect: General Experience [SEP] However to reiterate the staff was good and after we politely told him about our experience he insisted on providing something special
REV_00249,REV_00249_C17,2.0,Service,Positive,Aspect: Service [SEP] However to reiterate the staff was good and after we politely told him about our experience he insisted on providing something special
REV_00264,REV_00264_C02,4.0,Service,Positive,Aspect: Service [SEP] service was good
REV_00264,REV_00264_C04,4.0,Food,Positive,Aspect: Food [SEP] They can improve in dessert section
REV_00264,REV_00264_C05,4.0,General Experience,Positive,Aspect: General Experience [SEP] Rest all are good and different than regular buffets
REV_00278,REV_00278_C01,5.0,General Experience,Positive,Aspect: General Experience [SEP] It was a great experience coming here for the first time
REV_00286,REV_00286_C01,5.0,Ambience,Positive,Aspect: Ambience [SEP] Great ambience
REV_00286,REV_00286_C02,5.0,Food,Positive,Aspect: Food [SEP] Good food
REV_00286,REV_00286_C03,5.0,Service,Positive,Aspect: Service [SEP] Service is polite and friendly
REV_00286,REV_00286_C06,5.0,General Experience,Positive,Aspect: General Experience [SEP] Would like to visit again
REV_00290,REV_00290_C02,5.0,Ambience,Positive,"Aspect: Ambience [SEP] wonderful place to visit, good ambience, perfect place to hangout with friends"
REV_00290,REV_00290_C03,5.0,Food,Positive,Aspect: Food [SEP] Prawns fry is very delicious
REV_00297,REV_00297_C02,5.0,Ambience,Positive,Aspect: Ambience [SEP] The ambiance is great
REV_00297,REV_00297_C03,5.0,Food,Positive,Aspect: Food [SEP] and the variety of food they have is awesome
REV_00297,REV_00297_C06,5.0,General Experience,Positive,"Aspect: General Experience [SEP] Visited this place for a friends birthday, the complimentary cake & Dance was awesome"
REV_00299,REV_00299_C01,5.0,Service,Positive,Aspect: Service [SEP] If u r looking for a peaceful place with a good service for birthday celebrations or any kind of celebrations like anniversary etc
REV_00299,REV_00299_C03,5.0,Price / Value,Positive,Aspect: Price / Value [SEP] this place have buffet which is superb with a reasonable price
REV_00299,REV_00299_C04,5.0,Ambience,Positive,Aspect: Ambience [SEP] i just love the ambiance of this place and decors
REV_00299,REV_00299_C06,5.0,Service,Positive,Aspect: Service [SEP] i would like to mention uh #SABIR for ur POLITE AND HUMBLE service with a beautiful smile from the starting of session to the end
REV_00299,REV_00299_C09,5.0,General Experience,Positive,Aspect: General Experience [SEP] the way they wish the birthday person is superb ❤
REV_00299,REV_00299_C10,5.0,Food,Positive,Aspect: Food [SEP] we had starters which was all good
REV_00299,REV_00299_C12,5.0,General Experience,Positive,Aspect: General Experience [SEP] In main course was nice
REV_00299,REV_00299_C13,5.0,Service,Negative,"Aspect: Service [SEP] coming to the desserts we had gulab jamun,halwa ,jalebi(which was served hot from live counter),macarons was not bad , i dont like that brownie,pastry,sandwich was too hard"
REV_00299,REV_00299_C14,5.0,Food,Negative,"Aspect: Food [SEP] in the end the best thing i liked there was "" smokin' cold icecream"" which is also a must try"
REV_00299,REV_00299_C15,5.0,General Experience,Positive,Aspect: General Experience [SEP] overall we had good time here
REV_00299,REV_00299_C16,5.0,General Experience,Positive,Aspect: General Experience [SEP] looking forward to come again
REV_00301,REV_00301_C01,5.0,General Experience,Positive,"Aspect: General Experience [SEP] Haleem, the best place to try out"
REV_00305,REV_00305_C01,4.0,Food,Positive,Aspect: Food [SEP] Nice taste of Biryani
REV_00305,REV_00305_C03,4.0,Ambience,Positive,Aspect: Ambience [SEP] ambience was good
REV_00305,REV_00305_C04,4.0,General Experience,Positive,Aspect: General Experience [SEP] went with my team they loved it
REV_00311,REV_00311_C01,1.0,General Experience,Negative,Aspect: General Experience [SEP] Its a worst thing happened with me
REV_00314,REV_00314_C01,1.0,General Experience,Positive,"Aspect: General Experience [SEP] I heard Haleem will be so good, etc etc"
REV_00314,REV_00314_C02,1.0,Food,Positive,Aspect: Food [SEP] taste is not that great as others said
REV_00314,REV_00314_C04,1.0,General Experience,Neutral,Aspect: General Experience [SEP] Nothing special in it
REV_00320,REV_00320_C01,1.0,Food,Negative,Aspect: Food [SEP] They send me wrong order I ordered mutton biryani and they send me chicken biryani and this app is worst app we can't even get in touch with customer care
REV_00320,REV_00320_C01,1.0,Service,Negative,Aspect: Service [SEP] They send me wrong order I ordered mutton biryani and they send me chicken biryani and this app is worst app we can't even get in touch with customer care
REV_00324,REV_00324_C03,5.0,Food,Positive,Aspect: Food [SEP] 100% delicious
REV_00328,REV_00328_C07,1.0,General Experience,Positive,Aspect: General Experience [SEP] Hope you people learn from your mistakes and yes I wouls also like to bring it to notice that the zomato support is no good either
REV_00344,REV_00344_C02,5.0,Food,Positive,Aspect: Food [SEP] It's is very soft and warm when you open a packet and nice spice scent
REV_00344,REV_00344_C03,5.0,Food,Positive,"Aspect: Food [SEP] good quality of chicken its uses for Biryani, I always prefer to eat first this one in Biryani category"
REV_00346,REV_00346_C01,1.0,Food,Negative,"Aspect: Food [SEP] Worst food, no quality this would be the worst biryani I ever i had in my entire life"
REV_00349,REV_00349_C01,5.0,Service,Positive,Aspect: Service [SEP] delivered on time
REV_00364,REV_00364_C01,2.0,General Experience,Positive,Aspect: General Experience [SEP] I visited this place with my brother after reading some great reviews and ratings on Zomato
REV_00364,REV_00364_C03,2.0,Ambience,Negative,Aspect: Ambience [SEP] Given that the ambiance and maintenance is pathetic
REV_00364,REV_00364_C08,2.0,Food,Positive,Aspect: Food [SEP] And spcl mutton biryani which was good
REV_00364,REV_00364_C10,2.0,Food,Positive,Aspect: Food [SEP] Quantity wise it was sufficient for both of us
REV_00364,REV_00364_C11,2.0,Price / Value,Positive,Aspect: Price / Value [SEP] And it was pocket friendly hence 2 ratings
REV_00364,REV_00364_C11,2.0,Service,Positive,Aspect: Service [SEP] And it was pocket friendly hence 2 ratings
REV_00366,REV_00366_C04,3.0,General Experience,Positive,Aspect: General Experience [SEP] Roties were also not that much good
REV_00378,REV_00378_C01,1.0,Food,Negative,Aspect: Food [SEP] The food was really bad
REV_00378,REV_00378_C03,1.0,Food,Negative,Aspect: Food [SEP] Worst taste
REV_00378,REV_00378_C04,1.0,Food,Negative,"Aspect: Food [SEP] Rahtha and the fish ordered smelled very bad, I was completely disappointed with Shah Ghouse biryani"
REV_00386,REV_00386_C01,1.0,General Experience,Negative,Aspect: General Experience [SEP] Most disappointing experience ever
REV_00386,REV_00386_C03,1.0,Service,Positive,Aspect: Service [SEP] Delivery through swiggy was quick and swift
REV_00386,REV_00386_C05,1.0,Food,Negative,Aspect: Food [SEP] Very bland taste too
REV_00386,REV_00386_C07,1.0,General Experience,Negative,Aspect: General Experience [SEP] I would not recommend anyone to trust this restaurant
REV_00397,REV_00397_C07,4.0,Food,Positive,Aspect: Food [SEP] kurbani ka meta is delicious
REV_00399,REV_00399_C01,1.0,Food,Positive,Aspect: Food [SEP] I have ordered for special mutton biryani
REV_00401,REV_00401_C01,5.0,Ambience,Positive,"Aspect: Ambience [SEP] Great ambience, met an excellent man"
REV_00401,REV_00401_C03,5.0,Service,Positive,Aspect: Service [SEP] Super cool guy and great service
REV_00405,REV_00405_C01,5.0,General Experience,Positive,Aspect: General Experience [SEP] Awesome place to chill
REV_00405,REV_00405_C02,5.0,General Experience,Positive,Aspect: General Experience [SEP] Must visit
REV_00405,REV_00405_C04,5.0,Food,Positive,Aspect: Food [SEP] Lager beer is awesome
REV_00405,REV_00405_C06,5.0,Food,Positive,Aspect: Food [SEP] Johny suggested nice menu
REV_00405,REV_00405_C08,5.0,Food,Positive,Aspect: Food [SEP] Khandari murgh rikka is juicy
REV_00405,REV_00405_C09,5.0,Ambience,Positive,Aspect: Ambience [SEP] Nice ambience
REV_00411,REV_00411_C06,5.0,Food,Positive,Aspect: Food [SEP] 5/5 (Very spicy🌶)
REV_00411,REV_00411_C09,5.0,Service,Positive,Aspect: Service [SEP] Service is lightning quick
REV_00411,REV_00411_C10,5.0,Service,Positive,Aspect: Service [SEP] really friendly and Efficient Staff
REV_00411,REV_00411_C11,5.0,Ambience,Positive,"Aspect: Ambience [SEP] Perfect Hangout place, if you like fresh Brewed Beer and good food, amazing ambience and Light Music"
REV_00411,REV_00411_C11,5.0,Food,Positive,"Aspect: Food [SEP] Perfect Hangout place, if you like fresh Brewed Beer and good food, amazing ambience and Light Music"
REV_00413,REV_00413_C02,5.0,General Experience,Positive,Aspect: General Experience [SEP] tonight it was a good experience with my 8month old baby
REV_00413,REV_00413_C05,5.0,Food,Positive,Aspect: Food [SEP] Excellent food and service
REV_00413,REV_00413_C05,5.0,Service,Positive,Aspect: Service [SEP] Excellent food and service
REV_00413,REV_00413_C06,5.0,General Experience,Positive,Aspect: General Experience [SEP] Will visit again soon
REV_00419,REV_00419_C01,4.0,Food,Positive,Aspect: Food [SEP] Breweries were good
REV_00419,REV_00419_C02,4.0,Ambience,Neutral,"Aspect: Ambience [SEP] Good ambience, average food"
REV_00419,REV_00419_C02,4.0,Food,Neutral,"Aspect: Food [SEP] Good ambience, average food"
REV_00419,REV_00419_C03,4.0,General Experience,Positive,"Aspect: General Experience [SEP] Would really love to visit again though, last time around I didn’t get a chance to explore much"
REV_00419,REV_00419_C04,4.0,General Experience,Positive,"Aspect: General Experience [SEP] It’s definitely worth a visit, a good place to hangout"
REV_00419,REV_00419_C04,4.0,Price / Value,Positive,"Aspect: Price / Value [SEP] It’s definitely worth a visit, a good place to hangout"
REV_00427,REV_00427_C01,5.0,Food,Positive,Aspect: Food [SEP] Great service by Parthou and great recommendations on the food and drinks
REV_00427,REV_00427_C01,5.0,General Experience,Positive,Aspect: General Experience [SEP] Great service by Parthou and great recommendations on the food and drinks
REV_00427,REV_00427_C01,5.0,Service,Positive,Aspect: Service [SEP] Great service by Parthou and great recommendations on the food and drinks
REV_00427,REV_00427_C03,5.0,Service,Positive,Aspect: Service [SEP] Service was top notch n drinks were great
REV_00432,REV_00432_C03,5.0,Ambience,Positive,Aspect: Ambience [SEP] And some light music and some good lights
REV_00432,REV_00432_C06,5.0,Ambience,Positive,Aspect: Ambience [SEP] Thanks to the ambience and good music and of course the food
REV_00432,REV_00432_C06,5.0,Food,Positive,Aspect: Food [SEP] Thanks to the ambience and good music and of course the food
REV_00432,REV_00432_C07,5.0,Service,Positive,Aspect: Service [SEP] and thanks to Keshav for his amazing service and a complimentary gift gesture
REV_00441,REV_00441_C01,5.0,Ambience,Positive,Aspect: Ambience [SEP] With great music and ambience the excitement for the final IPL match was enhanced
REV_00441,REV_00441_C02,5.0,Food,Positive,Aspect: Food [SEP] The food is great along with the exotic drinks
REV_00443,REV_00443_C04,3.0,Ambience,Neutral,"Aspect: Ambience [SEP] Outside seating was just average, atleast the same ambience can be in the second are third floor"
REV_00443,REV_00443_C05,3.0,Service,Positive,Aspect: Service [SEP] Service was very quick and fast
REV_00445,REV_00445_C01,4.0,Ambience,Positive,Aspect: Ambience [SEP] Great ambience
REV_00445,REV_00445_C02,4.0,Food,Positive,Aspect: Food [SEP] The food tasted good as well
REV_00448,REV_00448_C01,1.0,General Experience,Positive,Aspect: General Experience [SEP] I have always loved this place
REV_00448,REV_00448_C02,1.0,General Experience,Negative,Aspect: General Experience [SEP] my recent experience was horrible
REV_00448,REV_00448_C04,1.0,General Experience,Negative,Aspect: General Experience [SEP] The worst part was that it was a friday where they say they allow stag entries
REV_00448,REV_00448_C05,1.0,Service,Negative,Aspect: Service [SEP] The service was equally poor
REV_00457,REV_00457_C02,5.0,Ambience,Positive,Aspect: Ambience [SEP] ambience is nice
REV_00457,REV_00457_C03,5.0,Food,Positive,Aspect: Food [SEP] Chiken chettinadu and Chicken pulao is toooo good so as beer and vodka
REV_00457,REV_00457_C04,5.0,Service,Positive,Aspect: Service [SEP] And I appreciate Kamal's quick sevice
REV_00464,REV_00464_C01,4.0,Ambience,Positive,Aspect: Ambience [SEP] Overthemoon is extremely lively place with great music and tasty food
REV_00464,REV_00464_C01,4.0,Food,Positive,Aspect: Food [SEP] Overthemoon is extremely lively place with great music and tasty food
REV_00464,REV_00464_C04,4.0,Service,Negative,Aspect: Service [SEP] At the beginning I was disappointed with services
REV_00464,REV_00464_C06,4.0,Food,Positive,Aspect: Food [SEP] A very decent place to hangout with your friends for some quality of time
REV_00466,REV_00466_C02,5.0,Ambience,Positive,Aspect: Ambience [SEP] Loved the ambience both outside and inside
REV_00466,REV_00466_C03,5.0,Service,Positive,Aspect: Service [SEP] Staff is courteous and prompt
REV_00466,REV_00466_C04,5.0,Service,Positive,Aspect: Service [SEP] They serve good variety of draught beer and is must try
REV_00478,REV_00478_C01,4.0,Food,Positive,"Aspect: Food [SEP] Actually I struggled between 3 and 4 for this place, where drinks are so good and buffet doesn't last to it"
REV_00478,REV_00478_C02,4.0,Ambience,Positive,Aspect: Ambience [SEP] But a totally classy atmosphere in buffet area and very good vibes in first floor and their brewery is one of the best
REV_00478,REV_00478_C03,4.0,Price / Value,Negative,Aspect: Price / Value [SEP] A little costly
REV_00478,REV_00478_C05,4.0,Price / Value,Negative,Aspect: Price / Value [SEP] Finally value for money for a date or with a team else little expensive
REV_00486,REV_00486_C01,4.0,Ambience,Positive,Aspect: Ambience [SEP] Ambience of the place is amazing with good music
REV_00486,REV_00486_C03,4.0,Price / Value,Positive,Aspect: Price / Value [SEP] All options are good
REV_00486,REV_00486_C05,4.0,Service,Positive,Aspect: Service [SEP] Hospitality of the place is also very good
REV_00486,REV_00486_C09,4.0,Food,Positive,Aspect: Food [SEP] The alcohol content is appropriate and not at all bitter
REV_00486,REV_00486_C11,4.0,Food,Positive,Aspect: Food [SEP] Froscher is another good brewed beer
REV_00486,REV_00486_C12,4.0,Food,Positive,"Aspect: Food [SEP] Veg dimsums had great taste with stuffing of spinach, corn and cheese"
REV_00486,REV_00486_C14,4.0,Food,Positive,"Aspect: Food [SEP] One of the dip was spicy, one had a taste of honey and last one was green chilli dipped in white vinegar"
REV_00486,REV_00486_C18,4.0,Food,Positive,Aspect: Food [SEP] The best starter was Burmese parcel with sweet chilli sauce
REV_00486,REV_00486_C19,4.0,Food,Positive,Aspect: Food [SEP] It was extremely good in taste
REV_00486,REV_00486_C20,4.0,General Experience,Positive,"Aspect: General Experience [SEP] If you are in Hyderabad, I will highly recommend to visit this place"
REV_00490,REV_00490_C02,4.0,Food,Positive,Aspect: Food [SEP] food awesome
REV_00490,REV_00490_C03,4.0,Food,Positive,Aspect: Food [SEP] Lager awesome
REV_00490,REV_00490_C04,4.0,Ambience,Positive,Aspect: Ambience [SEP] ambience awesome
REV_00490,REV_00490_C06,4.0,General Experience,Negative,Aspect: General Experience [SEP] only one area where you can improve is your staffing
REV_00497,REV_00497_C01,5.0,General Experience,Positive,Aspect: General Experience [SEP] The place is awesome
REV_00497,REV_00497_C02,5.0,Ambience,Positive,Aspect: Ambience [SEP] Ambience is great
REV_00497,REV_00497_C04,5.0,Service,Positive,"Aspect: Service [SEP] And the best part is service, especially Niranjan guy is very kind and polite"
REV_00501,REV_00501_C02,5.0,Ambience,Positive,"Aspect: Ambience [SEP] The have amazing ambience, delicious food and extremely courteous staff"
REV_00501,REV_00501_C02,5.0,Food,Positive,"Aspect: Food [SEP] The have amazing ambience, delicious food and extremely courteous staff"
REV_00501,REV_00501_C02,5.0,Service,Positive,"Aspect: Service [SEP] The have amazing ambience, delicious food and extremely courteous staff"
REV_00501,REV_00501_C04,5.0,Food,Positive,Aspect: Food [SEP] It is a must visit restaurant and has amazing North Indian food specially Dal Makhni and Paneer Butter Masala
REV_00501,REV_00501_C04,5.0,General Experience,Positive,Aspect: General Experience [SEP] It is a must visit restaurant and has amazing North Indian food specially Dal Makhni and Paneer Butter Masala
REV_00501,REV_00501_C05,5.0,Food,Positive,Aspect: Food [SEP] The desserts are also amazing
REV_00501,REV_00501_C06,5.0,General Experience,Positive,Aspect: General Experience [SEP] All in all complete value for money
REV_00501,REV_00501_C06,5.0,Price / Value,Positive,Aspect: Price / Value [SEP] All in all complete value for money
REV_00505,REV_00505_C01,4.0,Ambience,Positive,Aspect: Ambience [SEP] This place is very huge and rustic and gives you the real Goa vibe
REV_00505,REV_00505_C02,4.0,Food,Positive,Aspect: Food [SEP] You sure would get amazing non veg and sea food
REV_00505,REV_00505_C03,4.0,Food,Positive,Aspect: Food [SEP] they have good veg options as well and in my five to six visits to this place I have covered the entire vegetarian menu
REV_00505,REV_00505_C04,4.0,Food,Positive,Aspect: Food [SEP] It’s mouth watering and delicious
REV_00511,REV_00511_C01,4.0,Ambience,Positive,Aspect: Ambience [SEP] Goan themed restaurant with great picturesque view and vastly spread
REV_00511,REV_00511_C02,4.0,General Experience,Positive,Aspect: General Experience [SEP] Great place to chill all around the day
REV_00511,REV_00511_C03,4.0,Price / Value,Negative,Aspect: Price / Value [SEP] The price is a bit on the higher side
REV_00511,REV_00511_C05,4.0,Food,Positive,"Aspect: Food [SEP] Fish tikka was okayish, paneer nice and the prawns were delicious"
REV_00511,REV_00511_C07,4.0,Food,Positive,Aspect: Food [SEP] Loved the thao curry
REV_00511,REV_00511_C09,4.0,Price / Value,Positive,Aspect: Price / Value [SEP] however the prices are a bit high on the pocket
REV_00511,REV_00511_C11,4.0,General Experience,Positive,Aspect: General Experience [SEP] All in all a great experience
REV_00519,REV_00519_C02,5.0,General Experience,Positive,Aspect: General Experience [SEP] Had a great time with my team dinner
REV_00519,REV_00519_C04,5.0,Price / Value,Negative,Aspect: Price / Value [SEP] A bit expensive
REV_00519,REV_00519_C06,5.0,Ambience,Positive,Aspect: Ambience [SEP] The private space was good at 'Margarita lounge'
REV_00527,REV_00527_C02,4.0,Ambience,Positive,Aspect: Ambience [SEP] Great ambience
REV_00527,REV_00527_C03,4.0,Service,Positive,Aspect: Service [SEP] Friendly and courteous staff
REV_00527,REV_00527_C04,4.0,Food,Positive,Aspect: Food [SEP] Great sea food
REV_00527,REV_00527_C05,4.0,Food,Positive,Aspect: Food [SEP] Loved the crispy calamari
REV_00541,REV_00541_C01,5.0,General Experience,Positive,Aspect: General Experience [SEP] Absolutely loved this place
REV_00541,REV_00541_C03,5.0,Food,Positive,Aspect: Food [SEP] Food: Delicious
REV_00541,REV_00541_C12,5.0,Ambience,Positive,Aspect: Ambience [SEP] Ambiance: Beautiful
REV_00541,REV_00541_C14,5.0,General Experience,Positive,Aspect: General Experience [SEP] Great lightening
REV_00541,REV_00541_C15,5.0,Food,Positive,Aspect: Food [SEP] For parties and a nice dinner
REV_00541,REV_00541_C19,5.0,Service,Positive,Aspect: Service [SEP] Waiters were polite and nice
REV_00541,REV_00541_C22,5.0,General Experience,Positive,Aspect: General Experience [SEP] still nice gesture
REV_00545,REV_00545_C02,5.0,General Experience,Positive,"Aspect: General Experience [SEP] I was on my trip to Hyderabad, the place is really huge"
REV_00545,REV_00545_C03,5.0,Food,Positive,"Aspect: Food [SEP] Best things about this place: food, variety of drinks, dessert and fish"
REV_00545,REV_00545_C04,5.0,Price / Value,Negative,Aspect: Price / Value [SEP] Price Wise it's expensive
REV_00545,REV_00545_C05,5.0,Food,Positive,Aspect: Food [SEP] food quantity is great
REV_00548,REV_00548_C03,2.0,Food,Neutral,Aspect: Food [SEP] Average food
REV_00548,REV_00548_C04,2.0,General Experience,Negative,Aspect: General Experience [SEP] Alcohol content in drinks are below average
REV_00548,REV_00548_C05,2.0,Ambience,Positive,Aspect: Ambience [SEP] Ambiance is good
REV_00563,REV_00563_C02,2.0,Food,Negative,Aspect: Food [SEP] They have very limited options of starters and the choice of spread was really poor
REV_00563,REV_00563_C12,2.0,Food,Negative,Aspect: Food [SEP] Kindly do not try the evening buffet as it's very bad
REV_00578,REV_00578_C03,5.0,General Experience,Positive,Aspect: General Experience [SEP] Good place to hangout with all office family and friends
REV_00586,REV_00586_C05,1.0,General Experience,Positive,Aspect: General Experience [SEP] In the beginning it was great place to dine
REV_00586,REV_00586_C07,1.0,Food,Negative,"Aspect: Food [SEP] Fishes started getting stale, fewer varieties"
REV_00586,REV_00586_C08,1.0,General Experience,Positive,Aspect: General Experience [SEP] Not so great
REV_00590,REV_00590_C07,4.0,General Experience,Positive,Aspect: General Experience [SEP] I would highly recommend this place if you’re a seafood lover
REV_00599,REV_00599_C02,3.0,Food,Positive,"Aspect: Food [SEP] Had stuffed crab , fish starter, chicken in goan style ( was very spicy),stuffed chicken"
REV_00599,REV_00599_C03,3.0,Food,Positive,"Aspect: Food [SEP] In drinks we had bull frog, drink was strong and tasted good"
REV_00599,REV_00599_C05,3.0,Ambience,Positive,Aspect: Ambience [SEP] Ambience is nice
REV_00599,REV_00599_C06,3.0,Food,Positive,Aspect: Food [SEP] I didn't liked the food much
REV_00599,REV_00599_C07,3.0,Price / Value,Negative,Aspect: Price / Value [SEP] This place is very expensive also
REV_00601,REV_00601_C03,3.0,General Experience,Positive,Aspect: General Experience [SEP] Not good
REV_00601,REV_00601_C04,3.0,General Experience,Negative,Aspect: General Experience [SEP] It was too oily
REV_00601,REV_00601_C07,3.0,Food,Positive,Aspect: Food [SEP] Not fresh
REV_00605,REV_00605_C01,4.0,Food,Positive,Aspect: Food [SEP] Very good at quality guys
REV_00605,REV_00605_C03,4.0,Food,Negative,Aspect: Food [SEP] but chicken curry is not good which came more liquid with less taste
REV_00605,REV_00605_C04,4.0,Food,Positive,Aspect: Food [SEP] so quality quantity wise thumsup
REV_00605,REV_00605_C05,4.0,Food,Positive,Aspect: Food [SEP] but have to improve taste
REV_00619,REV_00619_C01,1.0,Food,Negative,Aspect: Food [SEP] very less quantity and food taste also not gud
REV_00627,REV_00627_C01,5.0,Food,Positive,Aspect: Food [SEP] If you want to eat something delicious without feeling guilty about eating unhealthy food then eat
REV_00627,REV_00627_C03,5.0,Food,Positive,Aspect: Food [SEP] Delicious tofu keema parantha having no extra spice's and perfect balance of flavors
REV_00632,REV_00632_C04,5.0,Food,Positive,Aspect: Food [SEP] Both were very good and it is good to have healthy food like these
REV_00641,REV_00641_C01,5.0,Food,Positive,"Aspect: Food [SEP] Great, hygienic and health food"
REV_00641,REV_00641_C02,5.0,General Experience,Positive,Aspect: General Experience [SEP] Good packing
REV_00641,REV_00641_C03,5.0,Food,Positive,Aspect: Food [SEP] All the ingredients look and taste fresh
REV_00641,REV_00641_C06,5.0,Price / Value,Negative,Aspect: Price / Value [SEP] A little expensive
REV_00642,REV_00642_C01,1.0,Food,Positive,Aspect: Food [SEP] Food quality and quantity is not up to mark
REV_00642,REV_00642_C02,1.0,Food,Negative,Aspect: Food [SEP] A family pack of chicken biriyani comes with 430 RS and it contains only 2 pretty small pieces and rice relatively very less
REV_00642,REV_00642_C04,1.0,Price / Value,Positive,Aspect: Price / Value [SEP] Not at all worth for money
REV_00642,REV_00642_C05,1.0,Food,Negative,"Aspect: Food [SEP] Quality is also not very good, didn't feel anything great about , worst place to order food"
REV_00642,REV_00642_C05,1.0,General Experience,Negative,"Aspect: General Experience [SEP] Quality is also not very good, didn't feel anything great about , worst place to order food"
REV_00642,REV_00642_C05,1.0,Service,Negative,"Aspect: Service [SEP] Quality is also not very good, didn't feel anything great about , worst place to order food"
REV_00644,REV_00644_C02,5.0,Food,Positive,"Aspect: Food [SEP] Not only is the food tasty, hygienic and healthy, their services, discounts and the entire cure fit package is just amazing and a well deserved hype success"
REV_00646,REV_00646_C01,5.0,Food,Positive,Aspect: Food [SEP] Ordered fruit pop oatmeal bowl before as well and again it's very delicious
REV_00664,REV_00664_C01,3.0,Food,Positive,Aspect: Food [SEP] chicken was good
REV_00664,REV_00664_C02,3.0,Food,Positive,Aspect: Food [SEP] mix veg is very sweet
REV_00666,REV_00666_C01,5.0,Food,Positive,Aspect: Food [SEP] Ordered this delicious healthy dish
REV_00666,REV_00666_C03,5.0,General Experience,Positive,Aspect: General Experience [SEP] Loved it
REV_00678,REV_00678_C02,5.0,Food,Positive,Aspect: Food [SEP] Everytime I order Just love the way they present their food and the freshness nd nutrition it has
REV_00678,REV_00678_C02,5.0,Service,Positive,Aspect: Service [SEP] Everytime I order Just love the way they present their food and the freshness nd nutrition it has
REV_00686,REV_00686_C01,3.0,Food,Negative,Aspect: Food [SEP] not tasty
REV_00697,REV_00697_C03,4.0,Food,Positive,Aspect: Food [SEP] Food: very tasty and healthy
REV_00697,REV_00697_C05,4.0,Food,Positive,"Aspect: Food [SEP] Matar patti with tomato curry is very tasty, soft, rich flavour of tomatoes enhanced the tast even more"
REV_00697,REV_00697_C11,4.0,Food,Negative,Aspect: Food [SEP] Sweet was not good at all
REV_00697,REV_00697_C15,4.0,General Experience,Positive,Aspect: General Experience [SEP] Packaging: Very good as always
REV_00697,REV_00697_C16,4.0,Food,Positive,Aspect: Food [SEP] This time I received hot roti and tasty dal makhani
REV_00697,REV_00697_C17,4.0,Food,Positive,Aspect: Food [SEP] Small sweet box have peanut chikki
REV_00697,REV_00697_C18,4.0,Food,Positive,Aspect: Food [SEP] Overall it's a good place to order food
REV_00697,REV_00697_C18,4.0,General Experience,Positive,Aspect: General Experience [SEP] Overall it's a good place to order food
REV_00697,REV_00697_C18,4.0,Service,Positive,Aspect: Service [SEP] Overall it's a good place to order food
REV_00699,REV_00699_C03,5.0,Service,Positive,Aspect: Service [SEP] I have ordered it from Zomato and the delivery was quick
REV_00699,REV_00699_C05,5.0,Food,Positive,Aspect: Food [SEP] Packaging was good and food was hot
REV_00699,REV_00699_C06,5.0,Food,Positive,Aspect: Food [SEP] paratha was delicious it was flooded with lots of paneer and finely chopped veggies
REV_00699,REV_00699_C07,5.0,Food,Positive,Aspect: Food [SEP] it's healthy and tasty too
REV_00699,REV_00699_C08,5.0,Food,Positive,Aspect: Food [SEP] Loved their lucknowi biryani too
REV_00699,REV_00699_C09,5.0,Food,Positive,Aspect: Food [SEP] veggies were coated with delicious spices
REV_00699,REV_00699_C10,5.0,Food,Positive,Aspect: Food [SEP] and that aroma was Soo good
REV_00699,REV_00699_C11,5.0,Food,Positive,Aspect: Food [SEP] They served raita and salan which was tasty too
REV_00699,REV_00699_C11,5.0,Service,Positive,Aspect: Service [SEP] They served raita and salan which was tasty too
REV_00705,REV_00705_C01,5.0,Food,Positive,Aspect: Food [SEP] Super taste and packing was nice
REV_00705,REV_00705_C02,5.0,Food,Positive,Aspect: Food [SEP] This is one of my favourite food
REV_00705,REV_00705_C04,5.0,General Experience,Positive,Aspect: General Experience [SEP] we enjoyed a lot
REV_00713,REV_00713_C01,1.0,Food,Negative,"Aspect: Food [SEP] Some pieces of chicken are totally uncooked (raw) and important thing, I had ordered for two shawarmas and I got only one, I don't know what went and whose fault it is"
REV_00713,REV_00713_C04,1.0,Price / Value,Positive,Aspect: Price / Value [SEP] Seems that no value for customer queries
REV_00727,REV_00727_C03,3.0,General Experience,Positive,Aspect: General Experience [SEP] Its an old and good brand
REV_00727,REV_00727_C05,3.0,Food,Negative,Aspect: Food [SEP] The food will cool you down even if their behavior is not good
REV_00727,REV_00727_C05,3.0,Service,Negative,Aspect: Service [SEP] The food will cool you down even if their behavior is not good
REV_00741,REV_00741_C02,5.0,Food,Positive,Aspect: Food [SEP] This is a Shah Ghouse Chicken Special Rumali Shawarma
REV_00741,REV_00741_C03,5.0,Food,Positive,"Aspect: Food [SEP] The chicken is so tender and juicy, the spicy shawarma with mayo/malai hits right on your taste buds"
REV_00741,REV_00741_C04,5.0,Food,Positive,Aspect: Food [SEP] The quantity is filling and overwhelming
REV_00741,REV_00741_C05,5.0,General Experience,Positive,Aspect: General Experience [SEP] I love this place and I do recommend this place to all my non veg lover friends
REV_00741,REV_00741_C06,5.0,Food,Positive,Aspect: Food [SEP] Great quality & quantity of food
REV_00741,REV_00741_C07,5.0,General Experience,Positive,Aspect: General Experience [SEP] Keep it up
REV_00743,REV_00743_C02,5.0,Food,Positive,Aspect: Food [SEP] Quantity is worth
REV_00743,REV_00743_C02,5.0,Price / Value,Positive,Aspect: Price / Value [SEP] Quantity is worth
REV_00743,REV_00743_C03,5.0,Food,Positive,Aspect: Food [SEP] No delay in delivery with unique taste
REV_00743,REV_00743_C03,5.0,Service,Positive,Aspect: Service [SEP] No delay in delivery with unique taste
REV_00745,REV_00745_C01,4.0,Food,Positive,"Aspect: Food [SEP] Ordered Malai Shawarma, it was very tasty and mainly not spicy"
REV_00745,REV_00745_C02,4.0,Food,Positive,Aspect: Food [SEP] but when ordered for 2nd time it was very spicy
REV_00745,REV_00745_C03,4.0,Food,Positive,Aspect: Food [SEP] But overall it's good and one of the best places to taste Shawarma in Hyderabad
REV_00748,REV_00748_C01,1.0,Food,Negative,Aspect: Food [SEP] very poor food
REV_00763,REV_00763_C05,4.0,General Experience,Positive,Aspect: General Experience [SEP] It was awesome
REV_00763,REV_00763_C06,4.0,Food,Positive,Aspect: Food [SEP] It was spicy and tasty
REV_00763,REV_00763_C12,4.0,General Experience,Positive,"Aspect: General Experience [SEP] Nevertheless, I liked the Shawarma"
REV_00763,REV_00763_C19,4.0,Food,Positive,Aspect: Food [SEP] The meat is tightly packed inside the rumali and the quantity is so much
REV_00782,REV_00782_C01,5.0,General Experience,Positive,Aspect: General Experience [SEP] Awesome
REV_00784,REV_00784_C02,5.0,Food,Positive,Aspect: Food [SEP] I had a rumali malai chicken shawarma which was just right amount of spicy and well flavoured
REV_00784,REV_00784_C03,5.0,Food,Positive,Aspect: Food [SEP] Filling for a dinner
REV_00796,REV_00796_C01,5.0,Service,Positive,Aspect: Service [SEP] good customer service
REV_00800,REV_00800_C04,4.0,Food,Positive,Aspect: Food [SEP] The food is served in matte black plates which is my favourite part
REV_00800,REV_00800_C04,4.0,Service,Positive,Aspect: Service [SEP] The food is served in matte black plates which is my favourite part
REV_00800,REV_00800_C06,4.0,Price / Value,Positive,Aspect: Price / Value [SEP] The place looks amazing and has a cost feel
REV_00800,REV_00800_C07,4.0,Ambience,Positive,Aspect: Ambience [SEP] They have a setup on the balcony from where the view is just amazing
REV_00804,REV_00804_C03,2.0,Price / Value,Negative,Aspect: Price / Value [SEP] also service is slow had to wait even to pay bill inspite of the fact that it was half occupied
REV_00804,REV_00804_C03,2.0,Service,Negative,Aspect: Service [SEP] also service is slow had to wait even to pay bill inspite of the fact that it was half occupied
REV_00804,REV_00804_C05,2.0,Price / Value,Positive,Aspect: Price / Value [SEP] definitly not value for money
REV_00812,REV_00812_C01,5.0,Food,Positive,"Aspect: Food [SEP] Very fast deliveries , quality and taste were very good be it veg/nonveg"
REV_00812,REV_00812_C01,5.0,Service,Positive,"Aspect: Service [SEP] Very fast deliveries , quality and taste were very good be it veg/nonveg"
REV_00822,REV_00822_C01,3.0,General Experience,Positive,Aspect: General Experience [SEP] I and my friend went here to watch the IPL live screening and have some good time
REV_00822,REV_00822_C02,3.0,General Experience,Positive,Aspect: General Experience [SEP] One good thing was that they have 2+2 on drinks through Zomato gold
REV_00822,REV_00822_C03,3.0,Food,Positive,Aspect: Food [SEP] The food pretty decent too
REV_00822,REV_00822_C04,3.0,Food,Positive,"Aspect: Food [SEP] but what I didn't like was that it didn't have good options in drinks, especially non-alcoholic"
REV_00822,REV_00822_C05,3.0,Food,Negative,Aspect: Food [SEP] We eventually went for Masala coke as our second drink it turned out pretty bad
REV_00822,REV_00822_C07,3.0,General Experience,Negative,Aspect: General Experience [SEP] they wouldn't take it back
REV_00822,REV_00822_C08,3.0,Service,Negative,Aspect: Service [SEP] Wasn't happy with the service
REV_00822,REV_00822_C09,3.0,Ambience,Positive,Aspect: Ambience [SEP] Also the live music there wasn't great
REV_00823,REV_00823_C01,5.0,General Experience,Positive,Aspect: General Experience [SEP] Love to be here again
REV_00823,REV_00823_C04,5.0,General Experience,Positive,Aspect: General Experience [SEP] I recommend each & everyone to have a great time
REV_00827,REV_00827_C06,1.0,General Experience,Positive,Aspect: General Experience [SEP] Would never ever recommend this place for buffet
REV_00827,REV_00827_C07,1.0,General Experience,Negative,Aspect: General Experience [SEP] WORST EXPERIENCE
REV_00832,REV_00832_C04,5.0,Ambience,Positive,Aspect: Ambience [SEP] I loved the luxurious seating of inside which was so comfortable and we can lay back and enjoy our food
REV_00832,REV_00832_C04,5.0,Food,Positive,Aspect: Food [SEP] I loved the luxurious seating of inside which was so comfortable and we can lay back and enjoy our food
REV_00832,REV_00832_C07,5.0,Ambience,Positive,Aspect: Ambience [SEP] having our food i soo loved it i completely had a pleasant view and seen some peacocks as well 😍
REV_00832,REV_00832_C07,5.0,Food,Positive,Aspect: Food [SEP] having our food i soo loved it i completely had a pleasant view and seen some peacocks as well 😍
REV_00832,REV_00832_C08,5.0,Price / Value,Negative,Aspect: Price / Value [SEP] Rate :- Was not too pricey they are minimal
REV_00832,REV_00832_C11,5.0,Food,Positive,Aspect: Food [SEP] but to my suprise i just enjoyed this dish as much i loved the mutton galouti
REV_00832,REV_00832_C15,5.0,Food,Positive,Aspect: Food [SEP] Chicken Taco :- My most favourite taco loved it stuffing thoroughly enjoyed it
REV_00832,REV_00832_C21,5.0,Food,Positive,Aspect: Food [SEP] Coming to the mocktails and cocktails :- The presentation was so amazing they come with such a unique names and confusing loved them 5⭐️
REV_00832,REV_00832_C22,5.0,Service,Positive,Aspect: Service [SEP] Service :- it was toooo fast i must tell you they just speed up and always available to serve and friendly too 5⭐️ Hyperlocal Hyd Hyper Local
REV_00841,REV_00841_C01,4.0,General Experience,Positive,Aspect: General Experience [SEP] Nice place to hang out
REV_00841,REV_00841_C02,4.0,Food,Positive,Aspect: Food [SEP] Food was really good as well as drinks
REV_00841,REV_00841_C03,4.0,Ambience,Positive,Aspect: Ambience [SEP] Ambience and music was really good
REV_00841,REV_00841_C04,4.0,General Experience,Positive,Aspect: General Experience [SEP] Loved the DJ for friday night
REV_00841,REV_00841_C05,4.0,General Experience,Positive,Aspect: General Experience [SEP] worth visiting the place
REV_00841,REV_00841_C05,4.0,Price / Value,Positive,Aspect: Price / Value [SEP] worth visiting the place
REV_00845,REV_00845_C01,5.0,Food,Positive,Aspect: Food [SEP] Excellent Drinks and some great starters suggested by the courteous staff
REV_00845,REV_00845_C01,5.0,Service,Positive,Aspect: Service [SEP] Excellent Drinks and some great starters suggested by the courteous staff
REV_00845,REV_00845_C02,5.0,Ambience,Positive,Aspect: Ambience [SEP] Superb Ambience
REV_00845,REV_00845_C03,5.0,General Experience,Positive,Aspect: General Experience [SEP] Must visit for all and come long with family to have some good time
REV_00848,REV_00848_C01,4.0,General Experience,Positive,Aspect: General Experience [SEP] Amazing place to chill
REV_00848,REV_00848_C06,4.0,General Experience,Positive,Aspect: General Experience [SEP] Overall a good place to hangout with friends
REV_00863,REV_00863_C01,4.0,General Experience,Positive,"Aspect: General Experience [SEP] Been here with office colleagues, overall a good place to hangout with a gang"
REV_00863,REV_00863_C03,4.0,Food,Positive,"Aspect: Food [SEP] The food was excellent in taste, The chicken dum biriyani had a very different taste and I loved it"
REV_00877,REV_00877_C01,5.0,General Experience,Positive,Aspect: General Experience [SEP] Great place to hangout
REV_00877,REV_00877_C05,5.0,Service,Positive,Aspect: Service [SEP] really liked the service
REV_00877,REV_00877_C06,5.0,General Experience,Positive,Aspect: General Experience [SEP] must visit place
REV_00885,REV_00885_C03,3.0,Ambience,Positive,"Aspect: Ambience [SEP] The place itself is located in a good, open area inside SLN terminus and has both indoor and outdoor sittings to offer"
REV_00885,REV_00885_C04,3.0,Food,Positive,Aspect: Food [SEP] My experience with their food was decent
REV_00885,REV_00885_C04,3.0,General Experience,Positive,Aspect: General Experience [SEP] My experience with their food was decent
REV_00885,REV_00885_C06,3.0,General Experience,Positive,Aspect: General Experience [SEP] I would have to say that they gave a decent shot to all these things
REV_00885,REV_00885_C07,3.0,General Experience,Positive,Aspect: General Experience [SEP] My favorite of the lot was their Golgappe
REV_00885,REV_00885_C10,3.0,Food,Positive,Aspect: Food [SEP] Their Chicken pizza and Chicken tikka were simply delicious
REV_00885,REV_00885_C12,3.0,General Experience,Positive,Aspect: General Experience [SEP] The best part about the place was the drinks section
REV_00885,REV_00885_C13,3.0,Food,Positive,"Aspect: Food [SEP] Loved the preparation of Wet Garden cocktail, Sangria and Cranberry Cooler"
REV_00885,REV_00885_C14,3.0,Food,Positive,Aspect: Food [SEP] Special mention to the bar tender for a lovely range of drinks
REV_00898,REV_00898_C01,4.0,Ambience,Positive,Aspect: Ambience [SEP] This is a quite happening place with good food and perfect ambience with the added outer seating
REV_00898,REV_00898_C01,4.0,Food,Positive,Aspect: Food [SEP] This is a quite happening place with good food and perfect ambience with the added outer seating
REV_00898,REV_00898_C03,4.0,Food,Positive,Aspect: Food [SEP] the taste is very good
REV_00898,REV_00898_C05,4.0,Ambience,Positive,Aspect: Ambience [SEP] It has good music along with a teeny tiny dance floor
REV_00900,REV_00900_C01,5.0,General Experience,Positive,Aspect: General Experience [SEP] Undoubtedly the best place to have ice creams nowadays is Cream stone
REV_00900,REV_00900_C03,5.0,Service,Positive,Aspect: Service [SEP] Polite staff and friendly
REV_00912,REV_00912_C01,1.0,Food,Negative,Aspect: Food [SEP] Quality was bad
REV_00932,REV_00932_C12,1.0,Price / Value,Negative,Aspect: Price / Value [SEP] Not worth spending a single rupee on this one
REV_00932,REV_00932_C18,1.0,Food,Negative,Aspect: Food [SEP] Both quantity n quality was not good
REV_00945,REV_00945_C02,5.0,General Experience,Positive,Aspect: General Experience [SEP] It was the most amazing experience I had on that day
REV_00945,REV_00945_C04,5.0,General Experience,Positive,"Aspect: General Experience [SEP] Damn, it was so amazing"
REV_00948,REV_00948_C03,5.0,Food,Positive,Aspect: Food [SEP] The way they serve icecream blended in the taste itself is just awesome
REV_00948,REV_00948_C03,5.0,Service,Positive,Aspect: Service [SEP] The way they serve icecream blended in the taste itself is just awesome
REV_00965,REV_00965_C01,5.0,Food,Positive,Aspect: Food [SEP] I loved the taste of qvality of ice cream and i love the response of the restaurant and its delecious mostily i love the afghan nuts ice cream
REV_00965,REV_00965_C01,5.0,Service,Positive,Aspect: Service [SEP] I loved the taste of qvality of ice cream and i love the response of the restaurant and its delecious mostily i love the afghan nuts ice cream
REV_00996,REV_00996_C03,3.0,Food,Negative,Aspect: Food [SEP] A bit disappointed other than that taste is good
REV_01004,REV_01004_C02,1.0,Food,Positive,Aspect: Food [SEP] Taste is not that good
REV_01004,REV_01004_C03,1.0,Food,Positive,Aspect: Food [SEP] and quantity is too less as per charges
REV_01004,REV_01004_C03,1.0,Price / Value,Positive,Aspect: Price / Value [SEP] and quantity is too less as per charges
REV_01004,REV_01004_C04,1.0,Food,Positive,"Aspect: Food [SEP] Too too much spicy, was not able to eat it without water"
REV_01010,REV_01010_C02,3.0,General Experience,Positive,Aspect: General Experience [SEP] Chaats here used to be amazing
REV_01012,REV_01012_C01,4.0,General Experience,Positive,Aspect: General Experience [SEP] If you are craving for a chaat you must visit this place
REV_01012,REV_01012_C03,4.0,General Experience,Positive,Aspect: General Experience [SEP] Its not as good as we have it in north
REV_01018,REV_01018_C03,2.0,General Experience,Positive,Aspect: General Experience [SEP] Nothing is good not even chat
REV_01018,REV_01018_C04,2.0,General Experience,Positive,Aspect: General Experience [SEP] Will have to look out for another option in Hyderabad for good chat
REV_01026,REV_01026_C02,5.0,Food,Positive,Aspect: Food [SEP] What ever the item I consumed are very tasty
REV_01026,REV_01026_C04,5.0,Service,Positive,"Aspect: Service [SEP] Not enough place, packed with people, still delivering the orders in time is good"
REV_01031,REV_01031_C02,1.0,General Experience,Negative,Aspect: General Experience [SEP] would not recommend this even as last resort
REV_01040,REV_01040_C05,4.0,General Experience,Positive,Aspect: General Experience [SEP] Gol gappes were good
REV_01040,REV_01040_C10,4.0,General Experience,Positive,Aspect: General Experience [SEP] Aloo Tikki was very good
REV_01040,REV_01040_C14,4.0,General Experience,Positive,Aspect: General Experience [SEP] Chole Bhatoore were amazing
REV_01040,REV_01040_C16,4.0,Food,Positive,Aspect: Food [SEP] Choles are also very tasty
REV_01040,REV_01040_C18,4.0,Food,Positive,Aspect: Food [SEP] Their Naan size was huge and other items looked very tempting
REV_01040,REV_01040_C19,4.0,Food,Positive,"Aspect: Food [SEP] Must visit place if you want to enjoy some tasty chat,chole Bhatoore and that too at a very affordable price"
REV_01040,REV_01040_C19,4.0,General Experience,Positive,"Aspect: General Experience [SEP] Must visit place if you want to enjoy some tasty chat,chole Bhatoore and that too at a very affordable price"
REV_01040,REV_01040_C19,4.0,Price / Value,Positive,"Aspect: Price / Value [SEP] Must visit place if you want to enjoy some tasty chat,chole Bhatoore and that too at a very affordable price"
REV_01044,REV_01044_C01,2.0,General Experience,Negative,"Aspect: General Experience [SEP] no cutlery, no seal on the box, poor packing"
REV_01047,REV_01047_C02,3.0,Food,Positive,"Aspect: Food [SEP] The sandwiches, especially the samosa grilled one is a unique concept and tastes incredibly awesome"
REV_01047,REV_01047_C03,3.0,Food,Positive,"Aspect: Food [SEP] The dahi bhalla, dahi papdi's are good too"
REV_01047,REV_01047_C05,3.0,Food,Negative,"Aspect: Food [SEP] Another complaint i had with them are their parathas, they are bad, polar opposite to their chaat dishes"
REV_01047,REV_01047_C06,3.0,General Experience,Negative,Aspect: General Experience [SEP] I would never recommend anyone ordering paratha's from this place and I tried twice and on occasions they were under stuffed and undercooked
REV_01062,REV_01062_C01,4.0,Food,Positive,Aspect: Food [SEP] Really good with the taste and the quality
REV_01062,REV_01062_C02,4.0,Price / Value,Positive,Aspect: Price / Value [SEP] Pocket friendly and worth giving a try
REV_01062,REV_01062_C02,4.0,Service,Positive,Aspect: Service [SEP] Pocket friendly and worth giving a try
REV_01062,REV_01062_C03,4.0,Food,Positive,Aspect: Food [SEP] Dal makhani with rice is what I would recommend to try
REV_01062,REV_01062_C03,4.0,General Experience,Positive,Aspect: General Experience [SEP] Dal makhani with rice is what I would recommend to try
REV_01064,REV_01064_C01,3.0,General Experience,Positive,Aspect: General Experience [SEP] packing is not good
REV_01074,REV_01074_C02,4.0,General Experience,Positive,Aspect: General Experience [SEP] Chat is also good not that great
REV_01085,REV_01085_C02,1.0,Food,Negative,Aspect: Food [SEP] It was cold when it reached me
REV_01085,REV_01085_C03,1.0,Food,Negative,Aspect: Food [SEP] The taste was just bland and they had 1/4th of the biryani filled with half cooked beans
REV_01089,REV_01089_C02,4.0,Food,Positive,Aspect: Food [SEP] taste was good
REV_01089,REV_01089_C03,4.0,Food,Positive,Aspect: Food [SEP] not spicy as preferred
REV_01089,REV_01089_C04,4.0,General Experience,Negative,Aspect: General Experience [SEP] only disappointed with the packaging
REV_01096,REV_01096_C02,5.0,Food,Positive,Aspect: Food [SEP] Was craving for some good old punjabi flavour and this was perfect
REV_01098,REV_01098_C01,5.0,General Experience,Positive,Aspect: General Experience [SEP] great good
REV_01100,REV_01100_C05,5.0,Food,Positive,Aspect: Food [SEP] RAMADAN Where they've bought in few of the best Street foods of Ramadan which really makes one visit and satisfying their foodie soul's
REV_01100,REV_01100_C06,5.0,Food,Positive,Aspect: Food [SEP] I was pretty excited to try out their Ramadan special menu and the moment I enter I see a Big Raan marinated well on the pan and sizzling hot Mutton Chops searing on ghee
REV_01100,REV_01100_C08,5.0,Food,Positive,Aspect: Food [SEP] I couldn't wait to try that Super appetising Chops and delicious Raan
REV_01100,REV_01100_C08,5.0,Service,Positive,Aspect: Service [SEP] I couldn't wait to try that Super appetising Chops and delicious Raan
REV_01100,REV_01100_C15,5.0,Food,Positive,Aspect: Food [SEP] Perfectly tender meat and soft and Fragrant basmati with a touch of Ghee
REV_01104,REV_01104_C01,2.0,Food,Positive,Aspect: Food [SEP] Food quality is good
REV_01104,REV_01104_C03,2.0,General Experience,Negative,"Aspect: General Experience [SEP] So, it was really disappointing"
REV_01104,REV_01104_C04,2.0,Ambience,Negative,"Aspect: Ambience [SEP] Also service was a bit slow, we really had to wait for items to come on our table in between"
REV_01104,REV_01104_C04,2.0,Service,Negative,"Aspect: Service [SEP] Also service was a bit slow, we really had to wait for items to come on our table in between"
REV_01104,REV_01104_C06,2.0,Service,Positive,Aspect: Service [SEP] the waiters are jolly n try to make us feel good
REV_01104,REV_01104_C08,2.0,Ambience,Positive,"Aspect: Ambience [SEP] AC facility was good, very cold"
REV_01104,REV_01104_C08,2.0,Food,Positive,"Aspect: Food [SEP] AC facility was good, very cold"
REV_01104,REV_01104_C09,2.0,General Experience,Negative,Aspect: General Experience [SEP] But I don’t recommend this place
REV_01110,REV_01110_C01,5.0,Ambience,Positive,"Aspect: Ambience [SEP] Had to wait a bit to get a table that's a good thing 😄, great food and best service such a great staff Sudeep Roy, Naresh ur a star I have seen him doing everything keep up the good work guys"
REV_01110,REV_01110_C01,5.0,Food,Positive,"Aspect: Food [SEP] Had to wait a bit to get a table that's a good thing 😄, great food and best service such a great staff Sudeep Roy, Naresh ur a star I have seen him doing everything keep up the good work guys"
REV_01110,REV_01110_C01,5.0,Service,Positive,"Aspect: Service [SEP] Had to wait a bit to get a table that's a good thing 😄, great food and best service such a great staff Sudeep Roy, Naresh ur a star I have seen him doing everything keep up the good work guys"
REV_01131,REV_01131_C04,4.0,Service,Positive,Aspect: Service [SEP] From the greeting to serving and the host was so nice
REV_01131,REV_01131_C05,4.0,Service,Positive,Aspect: Service [SEP] I must give them 5 stars for excellent customer service
REV_01131,REV_01131_C06,4.0,Food,Positive,Aspect: Food [SEP] The Starters were amazing
REV_01131,REV_01131_C07,4.0,General Experience,Positive,Aspect: General Experience [SEP] I love prawns
REV_01131,REV_01131_C16,4.0,Food,Positive,Aspect: Food [SEP] mmmmm yummy
REV_01131,REV_01131_C17,4.0,Food,Positive,Aspect: Food [SEP] Thank you so much for your excellent service and Great Food
REV_01131,REV_01131_C17,4.0,Service,Positive,Aspect: Service [SEP] Thank you so much for your excellent service and Great Food
REV_01140,REV_01140_C03,5.0,Food,Positive,Aspect: Food [SEP] I loved the starters and the desserts
REV_01140,REV_01140_C07,5.0,Service,Positive,Aspect: Service [SEP] Service is really good
REV_01140,REV_01140_C08,5.0,General Experience,Positive,Aspect: General Experience [SEP] I had a great experience
REV_01140,REV_01140_C09,5.0,General Experience,Positive,Aspect: General Experience [SEP] Its the best barbeque restaurant I have been to
REV_01142,REV_01142_C01,5.0,General Experience,Positive,"Aspect: General Experience [SEP] The best restaurant we have been to, till date"
REV_01142,REV_01142_C02,5.0,Food,Positive,Aspect: Food [SEP] Awesome food and great service
REV_01142,REV_01142_C02,5.0,Service,Positive,Aspect: Service [SEP] Awesome food and great service
REV_01142,REV_01142_C05,5.0,General Experience,Positive,Aspect: General Experience [SEP] Never disappointed us in any aspect
REV_01144,REV_01144_C01,1.0,General Experience,Positive,Aspect: General Experience [SEP] Good place for team lunch
REV_01144,REV_01144_C02,1.0,Food,Negative,Aspect: Food [SEP] has pathetic veg starters option(potato and mashroom)
REV_01147,REV_01147_C01,4.0,Food,Positive,Aspect: Food [SEP] Nice place very good food
REV_01147,REV_01147_C01,4.0,General Experience,Positive,Aspect: General Experience [SEP] Nice place very good food
REV_01169,REV_01169_C01,5.0,Ambience,Positive,Aspect: Ambience [SEP] Amazing food and ambience
REV_01169,REV_01169_C01,5.0,Food,Positive,Aspect: Food [SEP] Amazing food and ambience
REV_01169,REV_01169_C02,5.0,Food,Positive,Aspect: Food [SEP] Starters were simply delicious
REV_01169,REV_01169_C03,5.0,Food,Positive,Aspect: Food [SEP] Desserts were also really good
REV_01169,REV_01169_C04,5.0,General Experience,Positive,Aspect: General Experience [SEP] Would definitely recommend everyone to visit this place
REV_01189,REV_01189_C01,5.0,Food,Positive,Aspect: Food [SEP] Food is good
REV_01189,REV_01189_C02,5.0,Service,Positive,Aspect: Service [SEP] The service from the staff is excellent
REV_01189,REV_01189_C03,5.0,Price / Value,Positive,Aspect: Price / Value [SEP] Worth every rupee
REV_01189,REV_01189_C04,5.0,Price / Value,Positive,Aspect: Price / Value [SEP] Reasonable price when compared to other barbeque
REV_01189,REV_01189_C05,5.0,Service,Positive,Aspect: Service [SEP] service from the staff is excellent
REV_01196,REV_01196_C01,5.0,General Experience,Positive,Aspect: General Experience [SEP] You guys are really awesome
REV_01196,REV_01196_C02,5.0,Food,Positive,"Aspect: Food [SEP] What else a foodie like me can expect for lunch, good food and great hospitality"
REV_01196,REV_01196_C02,5.0,Service,Positive,"Aspect: Service [SEP] What else a foodie like me can expect for lunch, good food and great hospitality"
REV_01196,REV_01196_C03,5.0,Service,Positive,Aspect: Service [SEP] I should take a minute from my routine to appreciate the service and hospitality provided by Mr
REV_01196,REV_01196_C06,5.0,General Experience,Positive,Aspect: General Experience [SEP] Though you are the best the curiousness to improve by incorporating inputs/feedback from customers by you are great
REV_01198,REV_01198_C02,5.0,Food,Positive,"Aspect: Food [SEP] Grilled chicken and prawn , all the kulfis in different flavors are tasty"
REV_01198,REV_01198_C05,5.0,Food,Positive,Aspect: Food [SEP] A perfect place to satisfy ur hunger with great food
REV_01198,REV_01198_C07,5.0,Service,Positive,Aspect: Service [SEP] Great staff
REV_01198,REV_01198_C08,5.0,Service,Positive,Aspect: Service [SEP] The service is very good
REV_01198,REV_01198_C09,5.0,Food,Positive,Aspect: Food [SEP] You can ask them to serve the starters according to ur taste requirement (spicy or mild)
REV_01198,REV_01198_C09,5.0,Service,Positive,Aspect: Service [SEP] You can ask them to serve the starters according to ur taste requirement (spicy or mild)
REV_01204,REV_01204_C01,4.0,Food,Positive,Aspect: Food [SEP] Visited for lunch today with colleagues and ordered one spicy chicken sizzler combo and two buffets
REV_01204,REV_01204_C04,4.0,General Experience,Positive,Aspect: General Experience [SEP] The buffet was decent
REV_01204,REV_01204_C05,4.0,Food,Positive,Aspect: Food [SEP] not great wrt variety and taste
REV_01204,REV_01204_C06,4.0,Food,Positive,"Aspect: Food [SEP] the sizzler combo left us impressed with very good portions , perfectly cooked fresh chicken fillets loaded with veggies and garlic sauce"
REV_01204,REV_01204_C07,4.0,General Experience,Positive,Aspect: General Experience [SEP] Would recommend the sizzler combo over the buffet
REV_01212,REV_01212_C04,4.0,General Experience,Negative,Aspect: General Experience [SEP] this can be better
REV_01212,REV_01212_C07,4.0,Food,Negative,Aspect: Food [SEP] asked for less spicy
REV_01212,REV_01212_C08,4.0,Food,Positive,Aspect: Food [SEP] but it was spicy
REV_01212,REV_01212_C11,4.0,Food,Positive,Aspect: Food [SEP] Fresh Lime Soda (3/5)
REV_01212,REV_01212_C14,4.0,General Experience,Positive,Aspect: General Experience [SEP] Overall it was a decent experience so rating 3.8
REV_01218,REV_01218_C05,4.0,General Experience,Positive,Aspect: General Experience [SEP] been here and loved the place
REV_01218,REV_01218_C08,4.0,Food,Positive,Aspect: Food [SEP] So keep an open mind to ravish some delicious sizzlers
REV_01226,REV_01226_C01,3.0,Food,Positive,Aspect: Food [SEP] The Mixed Biryani is good
REV_01226,REV_01226_C02,3.0,Food,Positive,Aspect: Food [SEP] But need to improve the presentation and the portion
REV_01231,REV_01231_C01,4.0,Food,Positive,Aspect: Food [SEP] This is the best place for those who live sizzlers which is best and cheaper food in this place is good
REV_01247,REV_01247_C01,5.0,General Experience,Positive,Aspect: General Experience [SEP] Sizzlers are too good
REV_01262,REV_01262_C02,5.0,General Experience,Positive,Aspect: General Experience [SEP] best sizzlers restaurant in Hyderabad
REV_01262,REV_01262_C04,5.0,General Experience,Positive,Aspect: General Experience [SEP] this is the best sizzlers restaurant in Hyderabad
REV_01262,REV_01262_C06,5.0,General Experience,Positive,Aspect: General Experience [SEP] Thanks team absolute sizzlers We want to visit again
REV_01276,REV_01276_C02,3.0,Food,Negative,Aspect: Food [SEP] Every item in the menu was costly and the sizzler was also not upto the mark
REV_01276,REV_01276_C02,3.0,Price / Value,Negative,Aspect: Price / Value [SEP] Every item in the menu was costly and the sizzler was also not upto the mark
REV_01284,REV_01284_C03,1.0,General Experience,Negative,Aspect: General Experience [SEP] What a disappointment it was
REV_01284,REV_01284_C05,1.0,General Experience,Negative,Aspect: General Experience [SEP] has nothing close to sizzler
REV_01284,REV_01284_C06,1.0,General Experience,Negative,Aspect: General Experience [SEP] You guys really need to work on the art of making sizzler
REV_01289,REV_01289_C01,2.0,Food,Negative,Aspect: Food [SEP] food was less
REV_01298,REV_01298_C02,2.0,Food,Positive,Aspect: Food [SEP] then my green salad with mint sauce was not very good
REV_01298,REV_01298_C03,2.0,Food,Positive,Aspect: Food [SEP] While the chicken wings I ordered were nice
REV_01298,REV_01298_C07,2.0,Ambience,Positive,Aspect: Ambience [SEP] Ambience was good
REV_01298,REV_01298_C08,2.0,Service,Neutral,Aspect: Service [SEP] staff were okay
REV_01300,REV_01300_C01,4.0,General Experience,Positive,Aspect: General Experience [SEP] This place is amazing for weekend fun hangouts and let your tireness go away
REV_01300,REV_01300_C02,4.0,General Experience,Positive,Aspect: General Experience [SEP] The DJ is awesome and plays best bollywood songs and punjabi too
REV_01300,REV_01300_C03,4.0,Food,Positive,Aspect: Food [SEP] The veg pizza and pastas are pretty good to try along with fruit punch
REV_01300,REV_01300_C04,4.0,General Experience,Positive,Aspect: General Experience [SEP] But if you want to have a good fun filled and energetic time go here
REV_01300,REV_01300_C05,4.0,Ambience,Positive,Aspect: Ambience [SEP] This place the best music to groove to and has pretty ambience to get clicked
REV_01304,REV_01304_C02,4.0,Ambience,Positive,"Aspect: Ambience [SEP] Great music, great service, great food"
REV_01304,REV_01304_C02,4.0,Food,Positive,"Aspect: Food [SEP] Great music, great service, great food"
REV_01304,REV_01304_C02,4.0,Service,Positive,"Aspect: Service [SEP] Great music, great service, great food"
REV_01304,REV_01304_C04,4.0,General Experience,Positive,"Aspect: General Experience [SEP] If you wanna spend some good time with your friends, dance your heart out"
REV_01318,REV_01318_C01,5.0,Ambience,Positive,"Aspect: Ambience [SEP] Cocktails were really good and service was cool and great atmosphere ,loved it, will be back again to enjoy the food and drinks"
REV_01318,REV_01318_C01,5.0,Food,Positive,"Aspect: Food [SEP] Cocktails were really good and service was cool and great atmosphere ,loved it, will be back again to enjoy the food and drinks"
REV_01318,REV_01318_C01,5.0,Service,Positive,"Aspect: Service [SEP] Cocktails were really good and service was cool and great atmosphere ,loved it, will be back again to enjoy the food and drinks"
REV_01318,REV_01318_C02,5.0,Ambience,Positive,Aspect: Ambience [SEP] Ambience 5/5
REV_01318,REV_01318_C03,5.0,Service,Positive,Aspect: Service [SEP] Service 5/5
REV_01318,REV_01318_C04,5.0,Food,Positive,Aspect: Food [SEP] Food 5.5/5
REV_01322,REV_01322_C01,4.0,General Experience,Positive,"Aspect: General Experience [SEP] Good concept, based on some other existing clubs though"
REV_01322,REV_01322_C05,4.0,Ambience,Positive,"Aspect: Ambience [SEP] food is good, Music is good"
REV_01322,REV_01322_C05,4.0,Food,Positive,"Aspect: Food [SEP] food is good, Music is good"
REV_01326,REV_01326_C03,4.0,Food,Positive,Aspect: Food [SEP] the chicken pizza was just too good
REV_01326,REV_01326_C04,4.0,Ambience,Positive,Aspect: Ambience [SEP] Ambience is awesome and unique
REV_01331,REV_01331_C05,3.0,Food,Positive,Aspect: Food [SEP] Would recommend to go for starters
REV_01331,REV_01331_C05,3.0,General Experience,Positive,Aspect: General Experience [SEP] Would recommend to go for starters
REV_01340,REV_01340_C01,5.0,Ambience,Positive,Aspect: Ambience [SEP] Awesome pub with great ambience
REV_01340,REV_01340_C03,5.0,General Experience,Positive,Aspect: General Experience [SEP] Nice concept pub
REV_01340,REV_01340_C04,5.0,Service,Positive,Aspect: Service [SEP] Service is also good
REV_01350,REV_01350_C01,3.0,Food,Positive,"Aspect: Food [SEP] Interesting cocktail menu, which a wide range of starters to try"
REV_01363,REV_01363_C01,2.0,Service,Negative,Aspect: Service [SEP] Bad customer service
REV_01363,REV_01363_C02,2.0,Ambience,Positive,Aspect: Ambience [SEP] First we booked table near screen still they didn't give and they make people stand near screen
REV_01377,REV_01377_C01,2.0,Ambience,Positive,Aspect: Ambience [SEP] Ambience was good
REV_01377,REV_01377_C03,2.0,Service,Negative,Aspect: Service [SEP] Also the service was poor
REV_01377,REV_01377_C04,2.0,Service,Negative,"Aspect: Service [SEP] Waiters were not waiting properly, you had to call everytime for small things like glasses or plates"
REV_01385,REV_01385_C01,5.0,General Experience,Positive,Aspect: General Experience [SEP] Good place to hangout when you buddies and pals
REV_01389,REV_01389_C02,3.0,Food,Positive,Aspect: Food [SEP] The food is good and staff is cooperative
REV_01389,REV_01389_C02,3.0,Service,Positive,Aspect: Service [SEP] The food is good and staff is cooperative
REV_01396,REV_01396_C02,2.0,General Experience,Negative,Aspect: General Experience [SEP] Was there for lunch on Sunday and was disappointed
REV_01396,REV_01396_C03,2.0,Food,Positive,Aspect: Food [SEP] The veg stack in the western section was actually a spicy paneer which was basically spicy filling between 2 slices of paneer and topped with a chilli sauce
REV_01398,REV_01398_C03,5.0,Food,Negative,Aspect: Food [SEP] The starters n drinks are quite expensive
REV_01398,REV_01398_C03,5.0,Price / Value,Negative,Aspect: Price / Value [SEP] The starters n drinks are quite expensive
REV_01398,REV_01398_C05,5.0,Food,Positive,Aspect: Food [SEP] The Ceaser salad here is the best I had in the city
REV_01404,REV_01404_C01,5.0,Food,Positive,Aspect: Food [SEP] Excellent food and excellent service by mr Krishna and ijujal I am full happy either the food and service thank you gays and thank abs I am coming again and again thank
REV_01404,REV_01404_C01,5.0,Service,Positive,Aspect: Service [SEP] Excellent food and excellent service by mr Krishna and ijujal I am full happy either the food and service thank you gays and thank abs I am coming again and again thank
REV_01410,REV_01410_C01,5.0,Food,Positive,Aspect: Food [SEP] Very excellent sarvice very nice food and very nice staff very nice politley sarvice and srtaters very nice deserts very goood and very nice sarvice staff name shekhar and santhu sarvice nice
REV_01410,REV_01410_C01,5.0,Service,Positive,Aspect: Service [SEP] Very excellent sarvice very nice food and very nice staff very nice politley sarvice and srtaters very nice deserts very goood and very nice sarvice staff name shekhar and santhu sarvice nice
REV_01418,REV_01418_C01,5.0,Food,Positive,"Aspect: Food [SEP] Excellent food and excellent service by bahadur we are fully happy to thus serve v also again visit soon love abs all items was excellent also,,,,,"
REV_01418,REV_01418_C01,5.0,Service,Positive,"Aspect: Service [SEP] Excellent food and excellent service by bahadur we are fully happy to thus serve v also again visit soon love abs all items was excellent also,,,,,"
REV_01422,REV_01422_C01,5.0,General Experience,Positive,Aspect: General Experience [SEP] Place is very nice and good is very good
REV_01422,REV_01422_C02,5.0,General Experience,Positive,Aspect: General Experience [SEP] people are also too glfriendly and nice
REV_01422,REV_01422_C03,5.0,Service,Positive,Aspect: Service [SEP] Service was really amazing thank you very much shivam thanks for your Service
REV_01426,REV_01426_C01,5.0,General Experience,Positive,Aspect: General Experience [SEP] It was a great experience
REV_01426,REV_01426_C02,5.0,Service,Positive,"Aspect: Service [SEP] Staff was really friendly,customer-centric and brisk service was provided"
REV_01426,REV_01426_C04,5.0,General Experience,Positive,Aspect: General Experience [SEP] Had just the most amazing experience visiting here for the second time
REV_01441,REV_01441_C01,5.0,Food,Positive,Aspect: Food [SEP] Very delicious food with lot of varieties for non vegetarian
REV_01443,REV_01443_C01,5.0,Food,Positive,Aspect: Food [SEP] Excellent food and excellent service by Nandan and santun and C2 we are fully happy to there service also again visit soon and
REV_01443,REV_01443_C01,5.0,Service,Positive,Aspect: Service [SEP] Excellent food and excellent service by Nandan and santun and C2 we are fully happy to there service also again visit soon and
REV_01443,REV_01443_C03,5.0,Service,Positive,Aspect: Service [SEP] manager is very friendly
REV_01445,REV_01445_C03,5.0,Food,Positive,Aspect: Food [SEP] Rahamat was assigned for all the food orders and was amazing at service
REV_01445,REV_01445_C03,5.0,Service,Positive,Aspect: Service [SEP] Rahamat was assigned for all the food orders and was amazing at service
REV_01448,REV_01448_C02,4.0,Food,Positive,"Aspect: Food [SEP] Usually the starters are so delicious , we get tummyfull with that only , still we hop on to the meal :D"
REV_01448,REV_01448_C03,4.0,Food,Positive,Aspect: Food [SEP] Also good liquors available
REV_01448,REV_01448_C04,4.0,Ambience,Positive,Aspect: Ambience [SEP] With good crowd
REV_01448,REV_01448_C06,4.0,Ambience,Negative,"Aspect: Ambience [SEP] As there are grills on evry table and giant grill in the pantry, the temperature should be regulated or get little more cold to balance thr heat of grill"
REV_01448,REV_01448_C06,4.0,Food,Negative,"Aspect: Food [SEP] As there are grills on evry table and giant grill in the pantry, the temperature should be regulated or get little more cold to balance thr heat of grill"
REV_01463,REV_01463_C01,5.0,General Experience,Positive,Aspect: General Experience [SEP] Very good experience
REV_01463,REV_01463_C02,5.0,General Experience,Positive,"Aspect: General Experience [SEP] great dinner,,,,awesome experience"
REV_01463,REV_01463_C03,5.0,General Experience,Positive,Aspect: General Experience [SEP] Shantanu and situ was great
REV_01463,REV_01463_C04,5.0,General Experience,Positive,Aspect: General Experience [SEP] come again
REV_01463,REV_01463_C06,5.0,General Experience,Positive,Aspect: General Experience [SEP] keep it up
REV_01463,REV_01463_C07,5.0,General Experience,Positive,Aspect: General Experience [SEP] great team
REV_01465,REV_01465_C01,5.0,Service,Positive,"Aspect: Service [SEP] Excellent service by shantanu , situ"
REV_01465,REV_01465_C02,5.0,Food,Positive,Aspect: Food [SEP] Excellent food its a great experience all together
REV_01465,REV_01465_C02,5.0,General Experience,Positive,Aspect: General Experience [SEP] Excellent food its a great experience all together
REV_01465,REV_01465_C04,5.0,General Experience,Positive,Aspect: General Experience [SEP] Looking forward to see visit again
REV_01477,REV_01477_C02,5.0,Food,Positive,Aspect: Food [SEP] The food was absolutely stupendous and staff was very welcoming
REV_01477,REV_01477_C02,5.0,Service,Positive,Aspect: Service [SEP] The food was absolutely stupendous and staff was very welcoming
REV_01477,REV_01477_C05,5.0,General Experience,Positive,Aspect: General Experience [SEP] Keep up the good work
REV_01485,REV_01485_C01,5.0,General Experience,Positive,Aspect: General Experience [SEP] Shantanu Ali and team given me a great experience for my 1st time experience in AB's
REV_01485,REV_01485_C02,5.0,General Experience,Positive,Aspect: General Experience [SEP] I suggest my friends to visit and I refer you all who read this approach them for your great experience
REV_01489,REV_01489_C01,5.0,Food,Positive,Aspect: Food [SEP] foood was very tasty and very goos service
REV_01489,REV_01489_C01,5.0,Service,Positive,Aspect: Service [SEP] foood was very tasty and very goos service
REV_01489,REV_01489_C02,5.0,Service,Positive,"Aspect: Service [SEP] would love to appreciate the service by Surajit ,IIjual and mahali"
REV_01489,REV_01489_C04,5.0,General Experience,Positive,Aspect: General Experience [SEP] Keep it up
REV_01496,REV_01496_C01,5.0,Food,Positive,Aspect: Food [SEP] Food is pretty good here
REV_01496,REV_01496_C02,5.0,Service,Positive,Aspect: Service [SEP] the service is just awesome
REV_01496,REV_01496_C05,5.0,General Experience,Positive,Aspect: General Experience [SEP] It is that good
REV_01496,REV_01496_C06,5.0,Food,Positive,Aspect: Food [SEP] Food made by Chef pankaj is excellent
REV_01500,REV_01500_C01,4.0,Ambience,Positive,Aspect: Ambience [SEP] Good atmosphere to eat with relax
REV_01500,REV_01500_C02,4.0,Food,Positive,Aspect: Food [SEP] tastes good
REV_01500,REV_01500_C03,4.0,Food,Positive,Aspect: Food [SEP] quality is good
REV_01500,REV_01500_C04,4.0,General Experience,Positive,Aspect: General Experience [SEP] good serving and serving people
REV_01500,REV_01500_C05,4.0,General Experience,Positive,Aspect: General Experience [SEP] good experience every time when I go KFC
REV_01500,REV_01500_C06,4.0,Food,Positive,Aspect: Food [SEP] wings are my ever favorite from KFC
REV_01512,REV_01512_C01,1.0,Price / Value,Positive,"Aspect: Price / Value [SEP] on March 20th 2019, I've ordered 3 8 piece Smoky Grilled, which is worth of 1,857 rupees through Zomato"
REV_01512,REV_01512_C08,1.0,General Experience,Negative,"Aspect: General Experience [SEP] I would really not recommend orders from this place, as the customer treatment is pathetic"
REV_01512,REV_01512_C09,1.0,Food,Positive,"Aspect: Food [SEP] Since this is a corporate order, i strongly recommend my Food committee not to order anything from KFC in bulk"
REV_01512,REV_01512_C09,1.0,General Experience,Positive,"Aspect: General Experience [SEP] Since this is a corporate order, i strongly recommend my Food committee not to order anything from KFC in bulk"
REV_01512,REV_01512_C09,1.0,Service,Positive,"Aspect: Service [SEP] Since this is a corporate order, i strongly recommend my Food committee not to order anything from KFC in bulk"
REV_01516,REV_01516_C03,4.0,Food,Positive,"Aspect: Food [SEP] Cheap, tasty and especially good for cheat days"
REV_01516,REV_01516_C03,4.0,Price / Value,Positive,"Aspect: Price / Value [SEP] Cheap, tasty and especially good for cheat days"
REV_01550,REV_01550_C01,4.0,Food,Positive,Aspect: Food [SEP] KFC has to be good
REV_01550,REV_01550_C02,4.0,Food,Positive,Aspect: Food [SEP] If not good its not KFC at all :p
REV_01550,REV_01550_C03,4.0,Food,Positive,Aspect: Food [SEP] Nobody cn resist those juicy chicken legs
REV_01550,REV_01550_C04,4.0,Food,Positive,Aspect: Food [SEP] I love the popcorn chicken and smoky grills
REV_01562,REV_01562_C01,1.0,Food,Negative,Aspect: Food [SEP] The smoky grilled are the worst chicken I ever tasted
REV_01565,REV_01565_C01,5.0,General Experience,Positive,Aspect: General Experience [SEP] v good
REV_01581,REV_01581_C01,5.0,Service,Positive,Aspect: Service [SEP] delivery was fast and perfect :)
REV_01582,REV_01582_C01,1.0,General Experience,Negative,Aspect: General Experience [SEP] worst
REV_01590,REV_01590_C02,4.0,General Experience,Positive,Aspect: General Experience [SEP] Veg thalis here are amazing
REV_01590,REV_01590_C03,4.0,Food,Positive,Aspect: Food [SEP] And paneer lababdar is just finger licking
REV_01594,REV_01594_C03,5.0,Food,Positive,Aspect: Food [SEP] I strongly recommend to all the city dwellers to stop by through this unique chain at affordable price with premium quality service
REV_01594,REV_01594_C03,5.0,General Experience,Positive,Aspect: General Experience [SEP] I strongly recommend to all the city dwellers to stop by through this unique chain at affordable price with premium quality service
REV_01594,REV_01594_C03,5.0,Price / Value,Positive,Aspect: Price / Value [SEP] I strongly recommend to all the city dwellers to stop by through this unique chain at affordable price with premium quality service
REV_01594,REV_01594_C03,5.0,Service,Positive,Aspect: Service [SEP] I strongly recommend to all the city dwellers to stop by through this unique chain at affordable price with premium quality service
REV_01612,REV_01612_C02,4.0,General Experience,Positive,Aspect: General Experience [SEP] Amazing place to have a typical north Indian types brunch or dinner
REV_01616,REV_01616_C01,3.0,Food,Positive,"Aspect: Food [SEP] Last time I ordered mutton rogan josh from here, it was amazing"
REV_01616,REV_01616_C02,3.0,Food,Positive,"Aspect: Food [SEP] today it was not fresh and only bones, no meat"
REV_01616,REV_01616_C03,3.0,Food,Positive,Aspect: Food [SEP] It’s sad my favourite restaurant is going down in quality
REV_01621,REV_01621_C01,4.0,Food,Positive,Aspect: Food [SEP] Good taste and best place with special thalis
REV_01621,REV_01621_C03,4.0,Food,Positive,Aspect: Food [SEP] One of the good punjabi taste in hyderabad
REV_01632,REV_01632_C06,3.0,Food,Positive,Aspect: Food [SEP] Chola masala : Paneer was dominating the quantity of Chola
REV_01634,REV_01634_C01,1.0,Food,Negative,"Aspect: Food [SEP] Was served very bad quality of chicken, even for the second time"
REV_01634,REV_01634_C01,1.0,Service,Negative,"Aspect: Service [SEP] Was served very bad quality of chicken, even for the second time"
REV_01634,REV_01634_C02,1.0,Ambience,Negative,Aspect: Ambience [SEP] They mixed kebab chicken in butter chicken and 2 to 3 varieties of chicken were mixed and chicken is half cooked and had a very bad smell
REV_01634,REV_01634_C02,1.0,Food,Negative,Aspect: Food [SEP] They mixed kebab chicken in butter chicken and 2 to 3 varieties of chicken were mixed and chicken is half cooked and had a very bad smell
REV_01637,REV_01637_C02,5.0,Food,Positive,Aspect: Food [SEP] We were more than overwhelmed looking at the Quantity and awesome taste of authentic North India
REV_01637,REV_01637_C06,5.0,General Experience,Positive,Aspect: General Experience [SEP] Thanks for such a great offering
REV_01651,REV_01651_C04,5.0,Food,Positive,"Aspect: Food [SEP] Big fan of them, tried their all outlet and I must say good pricing with awesome taste (Without curry leaves :)))) in Hyderabad (No Offence to south indian  food)"
REV_01651,REV_01651_C04,5.0,Price / Value,Positive,"Aspect: Price / Value [SEP] Big fan of them, tried their all outlet and I must say good pricing with awesome taste (Without curry leaves :)))) in Hyderabad (No Offence to south indian  food)"
REV_01653,REV_01653_C03,4.0,General Experience,Positive,Aspect: General Experience [SEP] we ordered their North Indian special thali a few days back
REV_01653,REV_01653_C04,4.0,General Experience,Positive,Aspect: General Experience [SEP] The packaging was good and spillproof and looked appetizing
REV_01653,REV_01653_C07,4.0,Food,Positive,Aspect: Food [SEP] and green mint chutney and A sweet dessert to end the meal with
REV_01653,REV_01653_C08,4.0,Food,Positive,Aspect: Food [SEP] The quantity was more than sufficient for one person
REV_01653,REV_01653_C09,4.0,Food,Positive,Aspect: Food [SEP] Each item was very tasty and Kheer as dessert was the best of all
REV_01653,REV_01653_C10,4.0,Price / Value,Positive,Aspect: Price / Value [SEP] It was decently priced and if combined with any offer of zomato its just great deal
REV_01653,REV_01653_C17,4.0,General Experience,Positive,Aspect: General Experience [SEP] Overall a very good experience
REV_01675,REV_01675_C03,5.0,Food,Positive,Aspect: Food [SEP] It's a must must try when you are in Hyderabad and craving for good North Indian food😊
REV_01679,REV_01679_C01,4.0,General Experience,Positive,Aspect: General Experience [SEP] Must visit place
REV_01679,REV_01679_C02,4.0,Food,Positive,Aspect: Food [SEP] Go there for a great food experience
REV_01679,REV_01679_C02,4.0,General Experience,Positive,Aspect: General Experience [SEP] Go there for a great food experience
REV_01679,REV_01679_C05,4.0,Food,Positive,Aspect: Food [SEP] Loved it for the food
REV_01686,REV_01686_C01,4.0,Food,Positive,Aspect: Food [SEP] One of the best place to have punjabi food
REV_01686,REV_01686_C04,4.0,General Experience,Positive,Aspect: General Experience [SEP] Dal Tadka: Loved it
REV_01686,REV_01686_C05,4.0,Food,Negative,Aspect: Food [SEP] Not very oily and perfect taste
REV_01686,REV_01686_C06,4.0,Food,Positive,Aspect: Food [SEP] Garlic Naan: Good
REV_01688,REV_01688_C03,5.0,Price / Value,Positive,"Aspect: Price / Value [SEP] On such a rare occasion, i commemorate this restaurant with invisible gardens and gold because it definitely is worth spending your hard earned me for a sensation like this"
REV_01688,REV_01688_C05,5.0,Food,Positive,"Aspect: Food [SEP] Spicy, hot and tangy became a common thing"
REV_01688,REV_01688_C08,5.0,General Experience,Positive,Aspect: General Experience [SEP] It was soft and melting in your mouth and i didnt have to be physically placed in lko again
REV_01688,REV_01688_C09,5.0,General Experience,Positive,Aspect: General Experience [SEP] The nuts on top were a nice touch
REV_01688,REV_01688_C11,5.0,Food,Positive,"Aspect: Food [SEP] I still remember the taste in my mouth, tandoori chicken, soft and creamy gravy with warm rice"
REV_01688,REV_01688_C15,5.0,Food,Positive,Aspect: Food [SEP] The gravy enveloping it was amazing
REV_01688,REV_01688_C18,5.0,Food,Positive,"Aspect: Food [SEP] It was sweet, the rice had formed a beautiful serene sort of bond with the milk and the saffron gave it a nice fresh touch"
REV_01690,REV_01690_C01,1.0,General Experience,Negative,Aspect: General Experience [SEP] Terrible
REV_01690,REV_01690_C05,1.0,General Experience,Positive,Aspect: General Experience [SEP] Gave me gas for a good 30 mins
REV_01708,REV_01708_C03,1.0,Food,Positive,"Aspect: Food [SEP] The food is extremely spicy, lacks taste"
REV_01708,REV_01708_C04,1.0,Food,Negative,Aspect: Food [SEP] and the meat that they serve seems stale
REV_01708,REV_01708_C04,1.0,Service,Negative,Aspect: Service [SEP] and the meat that they serve seems stale
REV_01716,REV_01716_C02,2.0,Food,Positive,Aspect: Food [SEP] First i will talk about the quantity it was upto thw mark as per the price of the food abd now coming to the taste
REV_01716,REV_01716_C02,2.0,Price / Value,Positive,Aspect: Price / Value [SEP] First i will talk about the quantity it was upto thw mark as per the price of the food abd now coming to the taste
REV_01716,REV_01716_C04,2.0,Food,Positive,Aspect: Food [SEP] it was not good to eat
REV_01716,REV_01716_C05,2.0,General Experience,Positive,Aspect: General Experience [SEP] Coming to Manchurian i will say it was a average Manchurian and not that good
REV_01720,REV_01720_C01,1.0,Food,Positive,"Aspect: Food [SEP] I ordered Chicken 65 from this restaurant on 19th feb 2019, the quality of the food was not good, i had vomitings immediately after having the food"
REV_01723,REV_01723_C03,5.0,Price / Value,Positive,Aspect: Price / Value [SEP] The best budget restaurant
REV_01743,REV_01743_C01,1.0,Food,Positive,Aspect: Food [SEP] Too spicy
REV_01744,REV_01744_C01,5.0,Food,Positive,Aspect: Food [SEP] too tasty it is
REV_01755,REV_01755_C01,5.0,General Experience,Positive,Aspect: General Experience [SEP] good job
REV_01764,REV_01764_C01,1.0,Food,Negative,Aspect: Food [SEP] Extremely bad taste
REV_01764,REV_01764_C02,1.0,General Experience,Negative,Aspect: General Experience [SEP] Very very vry bad
REV_01785,REV_01785_C01,5.0,Service,Positive,Aspect: Service [SEP] good speed delivery
REV_01787,REV_01787_C01,3.0,Ambience,Positive,"Aspect: Ambience [SEP] I've been to this place about two times and i really liked the ambience, interior will give you feels of london streets"
REV_01787,REV_01787_C02,3.0,Food,Negative,"Aspect: Food [SEP] talking about food, only good thing was lasagna other than that we ordered veg Platter and lasagna rolls which were really bad in taste"
REV_01787,REV_01787_C03,3.0,General Experience,Positive,Aspect: General Experience [SEP] dj was not too good
REV_01797,REV_01797_C05,4.0,Food,Positive,Aspect: Food [SEP] Although the home beer is good
REV_01797,REV_01797_C09,4.0,Ambience,Positive,Aspect: Ambience [SEP] Ambience 5/5
REV_01797,REV_01797_C10,4.0,Food,Neutral,Aspect: Food [SEP] Food 3/5
REV_01797,REV_01797_C11,4.0,Service,Positive,Aspect: Service [SEP] Service 3.5/5
REV_01799,REV_01799_C01,4.0,Food,Positive,Aspect: Food [SEP] This place is sooo good in everything food
REV_01799,REV_01799_C04,4.0,Price / Value,Positive,Aspect: Price / Value [SEP] Totally worth the visit
REV_01800,REV_01800_C02,5.0,Food,Negative,Aspect: Food [SEP] this is not good very bad proper dressing is olive oil & mustard sauce
REV_01800,REV_01800_C03,5.0,Food,Positive,Aspect: Food [SEP] giving me tomoto sauce dressing services is good bikash shoo you gave good beer was a very good beer thanks for bikash
REV_01800,REV_01800_C04,5.0,Ambience,Positive,Aspect: Ambience [SEP] ambience is good
REV_01810,REV_01810_C04,5.0,Food,Positive,"Aspect: Food [SEP] The food we ordered was chicken lasagna and veg lasagna, pink pasta and spicy chicken rice of which all were good"
REV_01810,REV_01810_C06,5.0,Ambience,Positive,Aspect: Ambience [SEP] In weekdays the place is lightly crowded which makes it a nice place for dates or for Hangouts
REV_01810,REV_01810_C06,5.0,General Experience,Positive,Aspect: General Experience [SEP] In weekdays the place is lightly crowded which makes it a nice place for dates or for Hangouts
REV_01814,REV_01814_C01,4.0,Ambience,Positive,Aspect: Ambience [SEP] The place is decent and not heavily crowded
REV_01814,REV_01814_C02,4.0,Ambience,Positive,Aspect: Ambience [SEP] The ambience and staff courteousness is good
REV_01814,REV_01814_C02,4.0,Service,Positive,Aspect: Service [SEP] The ambience and staff courteousness is good
REV_01814,REV_01814_C04,4.0,Food,Positive,Aspect: Food [SEP] The mocktails and onion rings were good
REV_01814,REV_01814_C05,4.0,Food,Negative,Aspect: Food [SEP] However the dumplings are very poor in taste that we had to send them back
REV_01819,REV_01819_C01,1.0,Food,Negative,Aspect: Food [SEP] Definitely one of the worst places to go for food
REV_01819,REV_01819_C04,1.0,Food,Negative,Aspect: Food [SEP] You get a stale lump of so something covered in a sauce that's possibly cooked and stored for days
REV_01828,REV_01828_C02,4.0,General Experience,Positive,Aspect: General Experience [SEP] besides nice place to hangout
REV_01828,REV_01828_C03,4.0,Ambience,Positive,Aspect: Ambience [SEP] ambiance is great and view from it is nice
REV_01830,REV_01830_C02,2.0,Food,Positive,Aspect: Food [SEP] food is amazing
REV_01850,REV_01850_C01,5.0,General Experience,Positive,Aspect: General Experience [SEP] An amazing place for partying and that much needed respite after a tiring day of work
REV_01850,REV_01850_C02,5.0,General Experience,Positive,Aspect: General Experience [SEP] 10Downing is the brand well known across the breadth and width of the country offers exciting pub lunches and some awesome parties
REV_01850,REV_01850_C07,5.0,Food,Positive,"Aspect: Food [SEP] Overall it is a gem of a place with amazing views,great food choices and a decent collection of drinks to offer you a complete package"
REV_01852,REV_01852_C01,5.0,Food,Positive,Aspect: Food [SEP] Ask me about good food
REV_01852,REV_01852_C07,5.0,General Experience,Negative,"Aspect: General Experience [SEP] Cons: Wine options are bad, that's the only thing I actually regret"
REV_01852,REV_01852_C08,5.0,Food,Positive,"Aspect: Food [SEP] But, If you love beer, you'll get lucky"
REV_01864,REV_01864_C05,3.0,General Experience,Positive,Aspect: General Experience [SEP] Good
REV_01864,REV_01864_C07,3.0,General Experience,Negative,Aspect: General Experience [SEP] can be better
REV_01864,REV_01864_C08,3.0,Ambience,Positive,Aspect: Ambience [SEP] Very nice ambience
REV_01864,REV_01864_C11,3.0,Service,Positive,Aspect: Service [SEP] Service is good until the clock ticks 11
REV_01872,REV_01872_C01,5.0,Ambience,Positive,Aspect: Ambience [SEP] Great cool place
REV_01872,REV_01872_C03,5.0,Food,Positive,Aspect: Food [SEP] This place has great food and even better brewed beer
REV_01883,REV_01883_C05,5.0,Food,Positive,Aspect: Food [SEP] The service was good starting from the starters to the drinks and main course and finally the desserts
REV_01883,REV_01883_C05,5.0,Service,Positive,Aspect: Service [SEP] The service was good starting from the starters to the drinks and main course and finally the desserts
REV_01891,REV_01891_C01,1.0,Service,Negative,Aspect: Service [SEP] Service is too bad
REV_01891,REV_01891_C02,1.0,Ambience,Negative,Aspect: Ambience [SEP] ambience is not bad
REV_01891,REV_01891_C06,1.0,Food,Negative,Aspect: Food [SEP] Chicken is better out that 2/5 byt remaining are worst
REV_01897,REV_01897_C01,2.0,Food,Negative,Aspect: Food [SEP] Below average food and quantity is also below average
REV_01897,REV_01897_C03,2.0,Food,Negative,Aspect: Food [SEP] i ordered some Qubani sweet is also below average
REV_01899,REV_01899_C01,5.0,Food,Positive,Aspect: Food [SEP] The best restaurant to taste grill chicken and combination of butter nan and chicken butter masala goes crazy
REV_01906,REV_01906_C01,5.0,General Experience,Positive,Aspect: General Experience [SEP] very good
REV_01910,REV_01910_C03,2.0,General Experience,Positive,"Aspect: General Experience [SEP] panneer 65 it's test not good , it is very dray"
REV_01919,REV_01919_C01,5.0,Food,Positive,"Aspect: Food [SEP] Somewhere i feel like this n shah competes with each other, one triesto deliver the best carrying both quality and quantity"
REV_01928,REV_01928_C01,1.0,Food,Negative,"Aspect: Food [SEP] This food is very worst I have no words to Say this is too much yach , you people are like begger for money and also I want to let you know that I am never going to order from you soon"
REV_01928,REV_01928_C01,1.0,Price / Value,Negative,"Aspect: Price / Value [SEP] This food is very worst I have no words to Say this is too much yach , you people are like begger for money and also I want to let you know that I am never going to order from you soon"
REV_01928,REV_01928_C01,1.0,Service,Negative,"Aspect: Service [SEP] This food is very worst I have no words to Say this is too much yach , you people are like begger for money and also I want to let you know that I am never going to order from you soon"
REV_01930,REV_01930_C03,3.0,General Experience,Positive,Aspect: General Experience [SEP] It was juciy and tender
REV_01935,REV_01935_C01,1.0,Food,Negative,Aspect: Food [SEP] Worst Biryani I have ever tasted
REV_01935,REV_01935_C02,1.0,General Experience,Positive,Aspect: General Experience [SEP] Experience was not at all good
REV_01935,REV_01935_C04,1.0,Ambience,Positive,Aspect: Ambience [SEP] Ambience is also not that good
REV_01935,REV_01935_C05,1.0,General Experience,Neutral,Aspect: General Experience [SEP] Okayish
REV_01950,REV_01950_C01,5.0,Service,Positive,Aspect: Service [SEP] delivery on time
REV_01969,REV_01969_C03,3.0,Food,Positive,Aspect: Food [SEP] Sometimes I had amazing Biryani with prompt service and sometimes a disappointing one
REV_01969,REV_01969_C03,3.0,Service,Positive,Aspect: Service [SEP] Sometimes I had amazing Biryani with prompt service and sometimes a disappointing one
REV_01971,REV_01971_C02,2.0,Food,Positive,"Aspect: Food [SEP] In Biryani, the pane-er is not fresh and predestined"
REV_01977,REV_01977_C01,2.0,Food,Positive,Aspect: Food [SEP] We have ordered multiple times Mutton jumbo packs here at that time Biryani was good and tasty
REV_01977,REV_01977_C02,2.0,Food,Negative,Aspect: Food [SEP] But today's Mutton jumbo pack is worst and very spicy
REV_01981,REV_01981_C01,4.0,Service,Positive,Aspect: Service [SEP] good service
REV_01985,REV_01985_C03,4.0,Food,Positive,Aspect: Food [SEP] The taste was amazing and te only issue was packaging of the order
REV_01985,REV_01985_C03,4.0,Service,Positive,Aspect: Service [SEP] The taste was amazing and te only issue was packaging of the order
REV_01989,REV_01989_C02,5.0,General Experience,Positive,Aspect: General Experience [SEP] Tastes really good and was fulfilling too
REV_01995,REV_01995_C01,3.0,General Experience,Positive,Aspect: General Experience [SEP] I would recommend this place for ordering purpose
REV_01995,REV_01995_C02,3.0,Food,Positive,Aspect: Food [SEP] The food is good in taste
REV_01995,REV_01995_C04,3.0,Food,Positive,Aspect: Food [SEP] Good north indian food
REV_02003,REV_02003_C10,5.0,General Experience,Positive,Aspect: General Experience [SEP] even i loved aloo ki sabzi and kachori
REV_02003,REV_02003_C12,5.0,Food,Positive,Aspect: Food [SEP] the place has been renovated and its nice to be there and have the real taste of punjab
REV_02003,REV_02003_C14,5.0,Service,Positive,Aspect: Service [SEP] 13 Dhaba rocks and i love their hospitality
REV_02003,REV_02003_C15,5.0,Ambience,Positive,"Aspect: Ambience [SEP] these people never deny you for anything (like extra pyaaz, achaar or raita)which makes it more friendly and comfortable"
REV_02003,REV_02003_C15,5.0,Service,Positive,"Aspect: Service [SEP] these people never deny you for anything (like extra pyaaz, achaar or raita)which makes it more friendly and comfortable"
REV_02003,REV_02003_C17,5.0,Price / Value,Positive,"Aspect: Price / Value [SEP] the way they show generosity in serving these asks without a frown for money, make them very very friendly and makes people to go there more"
REV_02003,REV_02003_C17,5.0,Service,Positive,"Aspect: Service [SEP] the way they show generosity in serving these asks without a frown for money, make them very very friendly and makes people to go there more"
REV_02007,REV_02007_C02,1.0,Food,Negative,"Aspect: Food [SEP] Kulcha, full raw from both sides and no pickle and onions provided"
REV_02007,REV_02007_C03,1.0,Service,Negative,Aspect: Service [SEP] Highly disappointed and will not prefer to order again as this is the 4-5th time this happened
REV_02026,REV_02026_C01,4.0,Food,Positive,"Aspect: Food [SEP] One of the best dhabas located in the centre of the city,must try for all the punjabi food lovers ,the taste of parathas mouth watering and they have the best lassi"
REV_02026,REV_02026_C03,4.0,Ambience,Positive,Aspect: Ambience [SEP] service is also quick to the amount of crowd they handle
REV_02026,REV_02026_C03,4.0,Service,Positive,Aspect: Service [SEP] service is also quick to the amount of crowd they handle
REV_02030,REV_02030_C06,5.0,General Experience,Positive,Aspect: General Experience [SEP] Love this place
REV_02033,REV_02033_C01,2.0,General Experience,Negative,Aspect: General Experience [SEP] Poori was very oily
REV_02050,REV_02050_C01,5.0,Service,Positive,Aspect: Service [SEP] on time delivery
REV_02061,REV_02061_C01,4.0,Food,Positive,Aspect: Food [SEP] Decent food with good quality
REV_02061,REV_02061_C02,4.0,General Experience,Positive,"Aspect: General Experience [SEP] Dal makhani, aaloo gobhi are good"
REV_02061,REV_02061_C03,4.0,Food,Positive,"Aspect: Food [SEP] Amongst the bread, stuffed kulcha and lachcha paratha are nice"
REV_02061,REV_02061_C04,4.0,Food,Positive,Aspect: Food [SEP] It's a pocket friendly place and the quantity served is good enough
REV_02061,REV_02061_C04,4.0,Price / Value,Positive,Aspect: Price / Value [SEP] It's a pocket friendly place and the quantity served is good enough
REV_02061,REV_02061_C04,4.0,Service,Positive,Aspect: Service [SEP] It's a pocket friendly place and the quantity served is good enough
REV_02075,REV_02075_C04,2.0,General Experience,Positive,Aspect: General Experience [SEP] Panner makhani is also not al good
REV_02079,REV_02079_C01,5.0,Food,Positive,Aspect: Food [SEP] Fast delivery and taste is really superb
REV_02079,REV_02079_C01,5.0,Service,Positive,Aspect: Service [SEP] Fast delivery and taste is really superb
REV_02083,REV_02083_C01,1.0,Food,Negative,Aspect: Food [SEP] Very bad taste including Vegetarian and Non-Vegetarian
REV_02083,REV_02083_C02,1.0,Food,Negative,Aspect: Food [SEP] Deserts were stale
REV_02083,REV_02083_C05,1.0,Service,Negative,Aspect: Service [SEP] and very bad service
REV_02087,REV_02087_C01,2.0,General Experience,Positive,Aspect: General Experience [SEP] Bad experience
REV_02101,REV_02101_C02,1.0,Food,Negative,Aspect: Food [SEP] they sent stale stinky paneer tikka which had to be thrown in the dustbin
REV_02101,REV_02101_C03,1.0,General Experience,Negative,Aspect: General Experience [SEP] Extremely disappointed
REV_02101,REV_02101_C05,1.0,Price / Value,Negative,Aspect: Price / Value [SEP] not worth it
REV_02105,REV_02105_C06,4.0,General Experience,Positive,"Aspect: General Experience [SEP] but luckily I did not experience that tonight (might be due to the lesser rush on a weekday night), rather I found the service quite good"
REV_02105,REV_02105_C06,4.0,Service,Positive,"Aspect: Service [SEP] but luckily I did not experience that tonight (might be due to the lesser rush on a weekday night), rather I found the service quite good"
REV_02105,REV_02105_C07,4.0,Food,Positive,Aspect: Food [SEP] The quantity of the dishes served did justice to the term value for money
REV_02105,REV_02105_C07,4.0,Price / Value,Positive,Aspect: Price / Value [SEP] The quantity of the dishes served did justice to the term value for money
REV_02105,REV_02105_C07,4.0,Service,Positive,Aspect: Service [SEP] The quantity of the dishes served did justice to the term value for money
REV_02109,REV_02109_C03,1.0,Service,Positive,Aspect: Service [SEP] after 20 mins of waiting for water and asking a few times for someone to take the order we decided to leave when no one came
REV_02109,REV_02109_C06,1.0,General Experience,Positive,Aspect: General Experience [SEP] Had heard good things
REV_02114,REV_02114_C01,5.0,Ambience,Positive,"Aspect: Ambience [SEP] One of the few places in Hyderabad to boast of delicious cuisines, amazing ambienence and splendid live music"
REV_02114,REV_02114_C01,5.0,Food,Positive,"Aspect: Food [SEP] One of the few places in Hyderabad to boast of delicious cuisines, amazing ambienence and splendid live music"
REV_02125,REV_02125_C01,2.0,General Experience,Positive,Aspect: General Experience [SEP] They said it's one of the best buffets in the city and my experience says otherwise
REV_02125,REV_02125_C05,2.0,General Experience,Positive,Aspect: General Experience [SEP] Huge disappointment this one was
REV_02125,REV_02125_C12,2.0,Food,Negative,Aspect: Food [SEP] Below average spread and taste
REV_02125,REV_02125_C17,2.0,General Experience,Negative,Aspect: General Experience [SEP] May be i visited this on restaurent's bad day
REV_02125,REV_02125_C18,2.0,General Experience,Negative,Aspect: General Experience [SEP] But it was a bad lunch day for me and my friends
REV_02125,REV_02125_C19,2.0,General Experience,Positive,"Aspect: General Experience [SEP] We just know how to have fun in the crisis,good for us,otherwise you can land up in a huge disappointment"
REV_02127,REV_02127_C02,5.0,Food,Positive,Aspect: Food [SEP] staff and delicious food and drink
REV_02127,REV_02127_C02,5.0,Service,Positive,Aspect: Service [SEP] staff and delicious food and drink
REV_02160,REV_02160_C03,4.0,Ambience,Positive,"Aspect: Ambience [SEP] While the lunch buffet was simply ginormous, with it being impossible to even taste all the dishes, the dinner was apt for a quiet, relaxed evening with some amazing continental food"
REV_02160,REV_02160_C03,4.0,Food,Positive,"Aspect: Food [SEP] While the lunch buffet was simply ginormous, with it being impossible to even taste all the dishes, the dinner was apt for a quiet, relaxed evening with some amazing continental food"
REV_02168,REV_02168_C05,3.0,Food,Neutral,"Aspect: Food [SEP] In any case, I ordered a stater (shanghai rolls) which was average and finally went ahead and ordered Sushi for myself & wife and a pizza for my daughter"
REV_02168,REV_02168_C06,3.0,General Experience,Positive,Aspect: General Experience [SEP] The sushi was good
REV_02168,REV_02168_C07,3.0,Food,Positive,Aspect: Food [SEP] not as good as the one I had tried at Mamagoto (my fav place for asian cuisine)
REV_02168,REV_02168_C10,3.0,Food,Positive,Aspect: Food [SEP] I also tried their creme brulee (best of the lot) which was really nice except for the tangy fruits that they put as a topping
REV_02168,REV_02168_C11,3.0,Food,Positive,"Aspect: Food [SEP] In my opinion, they ought to get rid of those toppings and keep it simple as it was quite delicious by itself"
REV_02168,REV_02168_C13,3.0,Service,Negative,Aspect: Service [SEP] for their really slow service (and zomato has for some reason gotten rid of decimal ratings)
REV_02168,REV_02168_C14,3.0,General Experience,Positive,"Aspect: General Experience [SEP] All in all, an average place to try out"
REV_02168,REV_02168_C16,3.0,Ambience,Neutral,Aspect: Ambience [SEP] Ambiance: 3/5
REV_02168,REV_02168_C17,3.0,Food,Positive,Aspect: Food [SEP] Food: 3.5/5
REV_02168,REV_02168_C18,3.0,Service,Negative,Aspect: Service [SEP] Service: 2.5/5
REV_02179,REV_02179_C02,3.0,Ambience,Positive,Aspect: Ambience [SEP] Ambiance is pretty amazing so is the live music of here
REV_02179,REV_02179_C03,3.0,Food,Positive,Aspect: Food [SEP] But the food is not as great as you expect from such restaurants
REV_02179,REV_02179_C04,3.0,Food,Positive,Aspect: Food [SEP] Desserts are good and there is also a quite descent range in it
REV_02181,REV_02181_C04,5.0,Food,Negative,Aspect: Food [SEP] Choice of menu is less and am sure they are clear about their strengths and they have curated the menu accordingly
REV_02181,REV_02181_C06,5.0,Food,Positive,"Aspect: Food [SEP] We ordered a Chicken starter which is very flavourful from the first bite and meat is juicy, succulent and fresh"
REV_02181,REV_02181_C07,5.0,Food,Positive,Aspect: Food [SEP] Chicken noodles is very subtle and at the same time very tasty
REV_02181,REV_02181_C08,5.0,Food,Positive,Aspect: Food [SEP] Noodles looked freshly boiled and the veggies are as fresh as they can be
REV_02181,REV_02181_C11,5.0,Food,Positive,Aspect: Food [SEP] It was served with a green pickle which is super spicy (a pinch of it can actually make you cry) and pickled ginger
REV_02181,REV_02181_C11,5.0,Service,Positive,Aspect: Service [SEP] It was served with a green pickle which is super spicy (a pinch of it can actually make you cry) and pickled ginger
REV_02181,REV_02181_C17,5.0,Food,Positive,Aspect: Food [SEP] both of them tasted good
REV_02181,REV_02181_C19,5.0,Food,Positive,Aspect: Food [SEP] Overall it was a nice dinner on an occasion of birthday
REV_02187,REV_02187_C01,5.0,Food,Positive,Aspect: Food [SEP] Nice place wing n food really good
REV_02187,REV_02187_C01,5.0,General Experience,Positive,Aspect: General Experience [SEP] Nice place wing n food really good
REV_02187,REV_02187_C02,5.0,Food,Positive,Aspect: Food [SEP] Sauce were very tasty we had some iced coffee and the ultimate nachos were awesome and thank you very much mr praveen yadav helped us a lot and was very friendly with us
REV_02187,REV_02187_C02,5.0,Service,Positive,Aspect: Service [SEP] Sauce were very tasty we had some iced coffee and the ultimate nachos were awesome and thank you very much mr praveen yadav helped us a lot and was very friendly with us
REV_02195,REV_02195_C02,5.0,Food,Positive,Aspect: Food [SEP] Basil grilled fish was really good and chicken pizza was perfect with thin crust and my favourite cheesecake bites
REV_02195,REV_02195_C04,5.0,Food,Positive,Aspect: Food [SEP] blazin sauce and should try it for spicy thrill
REV_02201,REV_02201_C01,5.0,Service,Positive,Aspect: Service [SEP] Great staff #Bharathi has given her best in her service
REV_02201,REV_02201_C02,5.0,Food,Positive,Aspect: Food [SEP] Good food and great service
REV_02201,REV_02201_C02,5.0,Service,Positive,Aspect: Service [SEP] Good food and great service
REV_02209,REV_02209_C01,5.0,General Experience,Positive,Aspect: General Experience [SEP] Nice place for a team parties
REV_02209,REV_02209_C02,5.0,Food,Positive,"Aspect: Food [SEP] Wings are excellent ,tried with different sauces like Thai curry and spicy garlic which I liked most"
REV_02209,REV_02209_C03,5.0,Service,Positive,"Aspect: Service [SEP] Place was really cheerful with plenty of screens and polite staff adds to it , sunny served us and given good time"
REV_02214,REV_02214_C01,5.0,General Experience,Positive,Aspect: General Experience [SEP] It's good place
REV_02214,REV_02214_C02,5.0,General Experience,Positive,Aspect: General Experience [SEP] Had a good gaming experience
REV_02214,REV_02214_C04,5.0,General Experience,Positive,Aspect: General Experience [SEP] Also gaming experience is amazing on x box
REV_02225,REV_02225_C01,5.0,General Experience,Positive,Aspect: General Experience [SEP] It was nice experience here
REV_02228,REV_02228_C01,5.0,General Experience,Positive,Aspect: General Experience [SEP] I loved this place
REV_02228,REV_02228_C02,5.0,Service,Positive,Aspect: Service [SEP] Akhil had been a very friendly person who came up with good suggestions
REV_02228,REV_02228_C03,5.0,Ambience,Positive,Aspect: Ambience [SEP] Ambience is very good with screens casting IPL
REV_02231,REV_02231_C02,5.0,Food,Positive,Aspect: Food [SEP] food is awesome
REV_02231,REV_02231_C05,5.0,General Experience,Positive,Aspect: General Experience [SEP] Loved it
REV_02246,REV_02246_C02,5.0,General Experience,Positive,Aspect: General Experience [SEP] You guys are simply AWESOME
REV_02246,REV_02246_C03,5.0,General Experience,Positive,Aspect: General Experience [SEP] I love everything about this place
REV_02246,REV_02246_C06,5.0,Service,Positive,Aspect: Service [SEP] Love you guys for your hospitality
REV_02246,REV_02246_C08,5.0,General Experience,Positive,"Aspect: General Experience [SEP] Once again, you guys are super awesome"
REV_02248,REV_02248_C01,5.0,General Experience,Positive,Aspect: General Experience [SEP] Great place to watch all your sports screenings
REV_02248,REV_02248_C02,5.0,Food,Positive,Aspect: Food [SEP] Huge screens and great food with lovely hospitality
REV_02248,REV_02248_C02,5.0,Service,Positive,Aspect: Service [SEP] Huge screens and great food with lovely hospitality
REV_02248,REV_02248_C03,5.0,Food,Positive,Aspect: Food [SEP] Great collection of food and drinks
REV_02248,REV_02248_C05,5.0,General Experience,Positive,Aspect: General Experience [SEP] Must visit place thanks to Kaushik for his service
REV_02248,REV_02248_C05,5.0,Service,Positive,Aspect: Service [SEP] Must visit place thanks to Kaushik for his service
REV_02260,REV_02260_C01,5.0,Food,Positive,"Aspect: Food [SEP] Wonderful place,excellent wings especially spicy garlic , Sunny's service was great"
REV_02260,REV_02260_C01,5.0,Service,Positive,"Aspect: Service [SEP] Wonderful place,excellent wings especially spicy garlic , Sunny's service was great"
REV_02260,REV_02260_C02,5.0,General Experience,Positive,Aspect: General Experience [SEP] great place to have fin
REV_02268,REV_02268_C03,5.0,General Experience,Positive,Aspect: General Experience [SEP] Thanks alot for the this awesome experience we enjoyed a lot
REV_02272,REV_02272_C01,5.0,General Experience,Positive,Aspect: General Experience [SEP] The place is great
REV_02272,REV_02272_C02,5.0,Food,Positive,Aspect: Food [SEP] Love the wings
REV_02272,REV_02272_C03,5.0,Service,Positive,Aspect: Service [SEP] A very prompt and customer friendly staff
REV_02272,REV_02272_C04,5.0,Food,Positive,Aspect: Food [SEP] Tried Hot BBQ and Hot sauces both were awesome
REV_02279,REV_02279_C01,4.0,General Experience,Positive,Aspect: General Experience [SEP] Had a great time here
REV_02279,REV_02279_C02,4.0,Food,Positive,"Aspect: Food [SEP] I really love blazing sauce, that's the spiciest thing I've had, ever"
REV_02281,REV_02281_C01,5.0,General Experience,Positive,Aspect: General Experience [SEP] Awesome place to hand out with friends especially during IPL season
REV_02281,REV_02281_C02,5.0,Ambience,Positive,Aspect: Ambience [SEP] The environment is awesome
REV_02281,REV_02281_C03,5.0,Food,Positive,Aspect: Food [SEP] the food is great
REV_02281,REV_02281_C05,5.0,General Experience,Positive,Aspect: General Experience [SEP] Had an awesome time
REV_02283,REV_02283_C01,5.0,Food,Positive,Aspect: Food [SEP] The place I prefer most for good taste and enjoyment
REV_02316,REV_02316_C03,4.0,Food,Negative,"Aspect: Food [SEP] Taste is good , I am only disappointed with the brownie its more like chocolate sponge cake"
REV_02316,REV_02316_C04,4.0,Food,Positive,Aspect: Food [SEP] The portion size is appreciable for the price
REV_02316,REV_02316_C04,4.0,Price / Value,Positive,Aspect: Price / Value [SEP] The portion size is appreciable for the price
REV_02316,REV_02316_C05,4.0,Price / Value,Positive,"Aspect: Price / Value [SEP] Looking for budget ice cream , this place is great for it"
REV_02318,REV_02318_C01,5.0,Ambience,Positive,"Aspect: Ambience [SEP] Great place to hangout, chilling, great ambience, Good Service, fresh fruit ice creams"
REV_02318,REV_02318_C01,5.0,Food,Positive,"Aspect: Food [SEP] Great place to hangout, chilling, great ambience, Good Service, fresh fruit ice creams"
REV_02318,REV_02318_C01,5.0,General Experience,Positive,"Aspect: General Experience [SEP] Great place to hangout, chilling, great ambience, Good Service, fresh fruit ice creams"
REV_02318,REV_02318_C01,5.0,Service,Positive,"Aspect: Service [SEP] Great place to hangout, chilling, great ambience, Good Service, fresh fruit ice creams"
REV_02318,REV_02318_C02,5.0,Food,Positive,"Aspect: Food [SEP] Specially fruit poison ice cream, Thick shakes are amazing"
REV_02331,REV_02331_C01,5.0,Service,Positive,Aspect: Service [SEP] very quick the delivery boy was
REV_02338,REV_02338_C01,5.0,General Experience,Positive,Aspect: General Experience [SEP] straw is not good
REV_02362,REV_02362_C01,2.0,General Experience,Neutral,Aspect: General Experience [SEP] average
REV_02366,REV_02366_C01,5.0,Service,Positive,Aspect: Service [SEP] quick delivery
REV_02369,REV_02369_C04,1.0,Food,Negative,Aspect: Food [SEP] My friends experience after having those starters was horrible
REV_02369,REV_02369_C04,1.0,General Experience,Negative,Aspect: General Experience [SEP] My friends experience after having those starters was horrible
REV_02373,REV_02373_C05,3.0,Ambience,Positive,Aspect: Ambience [SEP] I liked the ambiance and open terrace
REV_02379,REV_02379_C02,5.0,Ambience,Positive,Aspect: Ambience [SEP] This place has a nice rooftop sitting area and also a dance floor
REV_02379,REV_02379_C03,5.0,Service,Positive,Aspect: Service [SEP] Excellent service
REV_02391,REV_02391_C02,4.0,Ambience,Positive,Aspect: Ambience [SEP] Music is good
REV_02395,REV_02395_C05,1.0,Service,Positive,Aspect: Service [SEP] Service was not good too
REV_02395,REV_02395_C06,1.0,Price / Value,Negative,Aspect: Price / Value [SEP] Cocktails were costly
REV_02395,REV_02395_C07,1.0,Food,Positive,Aspect: Food [SEP] they don't taste good at all
REV_02400,REV_02400_C04,1.0,Food,Positive,Aspect: Food [SEP] they are not hot and even chicken is smelling foul and is not fresh
REV_02409,REV_02409_C01,3.0,Food,Negative,"Aspect: Food [SEP] Food is horrible , cost( both bar and food ) are too costly and the taste of food don't justify the price"
REV_02409,REV_02409_C01,3.0,Price / Value,Negative,"Aspect: Price / Value [SEP] Food is horrible , cost( both bar and food ) are too costly and the taste of food don't justify the price"
REV_02409,REV_02409_C02,3.0,Ambience,Positive,"Aspect: Ambience [SEP] but ambiance is okay , music is nice"
REV_02409,REV_02409_C03,3.0,General Experience,Positive,Aspect: General Experience [SEP] Good place for drinking
REV_02411,REV_02411_C01,3.0,Ambience,Positive,"Aspect: Ambience [SEP] been here couple of times on weekdays, it has both open area and closed area too the ambience was nice"
REV_02411,REV_02411_C03,3.0,General Experience,Positive,Aspect: General Experience [SEP] DJ was good
REV_02411,REV_02411_C06,3.0,Food,Negative,Aspect: Food [SEP] After spending some time felt its too cold outside so asked if I can go to closed area
REV_02411,REV_02411_C08,3.0,Food,Positive,Aspect: Food [SEP] Food:4/5
REV_02411,REV_02411_C09,3.0,Ambience,Positive,Aspect: Ambience [SEP] Ambience:4.5/5
REV_02411,REV_02411_C11,3.0,Service,Neutral,Aspect: Service [SEP] Service:3/5
REV_02413,REV_02413_C01,1.0,General Experience,Positive,Aspect: General Experience [SEP] Went to skyhy with great expectations
REV_02413,REV_02413_C02,1.0,Food,Negative,Aspect: Food [SEP] pathetic service and very bad food quality
REV_02413,REV_02413_C02,1.0,Service,Negative,Aspect: Service [SEP] pathetic service and very bad food quality
REV_02413,REV_02413_C05,1.0,General Experience,Negative,"Aspect: General Experience [SEP] Very disappointed,will not prefer to return again"
REV_02416,REV_02416_C03,5.0,General Experience,Positive,"Aspect: General Experience [SEP] If you have good company and want to have relaxed drinking experience, go before 7 pm"
REV_02432,REV_02432_C01,4.0,Ambience,Positive,Aspect: Ambience [SEP] Great ambience and perfect roof top bar
REV_02432,REV_02432_C02,4.0,Price / Value,Positive,Aspect: Price / Value [SEP] Good service and decent variety of liquor and super pocket friendly
REV_02432,REV_02432_C02,4.0,Service,Positive,Aspect: Service [SEP] Good service and decent variety of liquor and super pocket friendly
REV_02432,REV_02432_C03,4.0,General Experience,Positive,Aspect: General Experience [SEP] Must visit to unwind
REV_02434,REV_02434_C01,5.0,Service,Positive,Aspect: Service [SEP] The place is cool and the person who served us (Sahoo) is too good
REV_02434,REV_02434_C02,5.0,General Experience,Positive,Aspect: General Experience [SEP] Nice place to visit again and chill out
REV_02434,REV_02434_C03,5.0,General Experience,Positive,Aspect: General Experience [SEP] Nice place to hang out with friends
REV_02454,REV_02454_C01,4.0,Ambience,Positive,"Aspect: Ambience [SEP] Nice ambience, great service by Sahu Bhaiya"
REV_02454,REV_02454_C01,4.0,Service,Positive,"Aspect: Service [SEP] Nice ambience, great service by Sahu Bhaiya"
REV_02454,REV_02454_C03,4.0,Ambience,Positive,Aspect: Ambience [SEP] the place is great and less crowded even on weekends
REV_02458,REV_02458_C02,5.0,Food,Positive,Aspect: Food [SEP] I drink Martin's cocktail it was very good
REV_02458,REV_02458_C03,5.0,Service,Positive,Aspect: Service [SEP] Service is good
REV_02458,REV_02458_C04,5.0,Food,Positive,Aspect: Food [SEP] Food also good
REV_02458,REV_02458_C05,5.0,Ambience,Positive,Aspect: Ambience [SEP] Superb DJ
REV_02465,REV_02465_C01,2.0,Ambience,Positive,Aspect: Ambience [SEP] TLDR : an avg place with  moderately expensive drinks  ( a LIT in pictures at 550  ) A nice club with good ambiance
REV_02465,REV_02465_C01,2.0,Price / Value,Positive,Aspect: Price / Value [SEP] TLDR : an avg place with  moderately expensive drinks  ( a LIT in pictures at 550  ) A nice club with good ambiance
REV_02465,REV_02465_C04,2.0,Food,Negative,Aspect: Food [SEP] The chicken wings were undercooked
REV_02465,REV_02465_C05,2.0,Ambience,Positive,Aspect: Ambience [SEP] The only good thing about the place was the energetic DJ with crazy numbers & the dance floor
REV_02465,REV_02465_C06,2.0,Food,Positive,Aspect: Food [SEP] The staff were not friendly because they tried to stop me & another blogger from taking pictures & videos of the place multiple times after even mentioning that we were lifetstyle/food bloggers (maybe they might have had a misconception initially )
REV_02465,REV_02465_C06,2.0,Service,Positive,Aspect: Service [SEP] The staff were not friendly because they tried to stop me & another blogger from taking pictures & videos of the place multiple times after even mentioning that we were lifetstyle/food bloggers (maybe they might have had a misconception initially )
REV_02467,REV_02467_C01,4.0,Ambience,Positive,"Aspect: Ambience [SEP] Nice place, good location"
REV_02467,REV_02467_C01,4.0,General Experience,Positive,"Aspect: General Experience [SEP] Nice place, good location"
REV_02467,REV_02467_C03,4.0,Service,Positive,Aspect: Service [SEP] and very good service by Sahoo
REV_02469,REV_02469_C01,1.0,General Experience,Negative,Aspect: General Experience [SEP] A very bad experience
REV_02469,REV_02469_C03,1.0,General Experience,Negative,Aspect: General Experience [SEP] but the staff made sure that we had the worst experience
REV_02469,REV_02469_C03,1.0,Service,Negative,Aspect: Service [SEP] but the staff made sure that we had the worst experience
REV_02469,REV_02469_C04,1.0,Food,Negative,"Aspect: Food [SEP] The food was cold, served very late"
REV_02469,REV_02469_C04,1.0,Service,Negative,"Aspect: Service [SEP] The food was cold, served very late"
REV_02469,REV_02469_C05,1.0,Food,Negative,Aspect: Food [SEP] Drinks were of bad quality
REV_02469,REV_02469_C06,1.0,Service,Negative,Aspect: Service [SEP] Staff behavior was also very bad
REV_02473,REV_02473_C02,5.0,General Experience,Positive,Aspect: General Experience [SEP] surely one of my favourite place
REV_02473,REV_02473_C03,5.0,Service,Positive,Aspect: Service [SEP] Ramakanth working here had always been helpful and prompt at service
REV_02473,REV_02473_C04,5.0,General Experience,Positive,Aspect: General Experience [SEP] keep it up
REV_02479,REV_02479_C03,4.0,General Experience,Positive,Aspect: General Experience [SEP] weekends it’s good
REV_02479,REV_02479_C04,4.0,Ambience,Positive,Aspect: Ambience [SEP] Good food good ambience
REV_02479,REV_02479_C04,4.0,Food,Positive,Aspect: Food [SEP] Good food good ambience
REV_02491,REV_02491_C03,5.0,Food,Positive,Aspect: Food [SEP] But to my surprise they had a great menu
REV_02491,REV_02491_C04,5.0,Food,Positive,Aspect: Food [SEP] the food was amazing
REV_02491,REV_02491_C05,5.0,Food,Positive,Aspect: Food [SEP] The pizzas were light and tasty and all the starters were quite good
REV_02491,REV_02491_C06,5.0,Ambience,Positive,Aspect: Ambience [SEP] By 10pm the ambience was quite electric and we had a great time
REV_02491,REV_02491_C06,5.0,General Experience,Positive,Aspect: General Experience [SEP] By 10pm the ambience was quite electric and we had a great time
REV_02495,REV_02495_C04,4.0,Price / Value,Positive,Aspect: Price / Value [SEP] Didn't cost us a lot so would say it's reasonable
REV_02495,REV_02495_C05,4.0,Ambience,Positive,Aspect: Ambience [SEP] Particularly loved the ambience
REV_02495,REV_02495_C07,4.0,Service,Negative,Aspect: Service [SEP] The service is a little slow
REV_02500,REV_02500_C01,1.0,Service,Negative,Aspect: Service [SEP] Very poor service I went in day time and took 40 min to serve nachos
REV_02500,REV_02500_C02,1.0,Food,Negative,Aspect: Food [SEP] Food taste very poor
REV_02509,REV_02509_C03,5.0,Ambience,Negative,"Aspect: Ambience [SEP] Located on roof top in Indra Nagar , you get a good view of tall office buildings that have crowded Gachibowlli and Hi-Tech City"
REV_02509,REV_02509_C07,5.0,Ambience,Positive,"Aspect: Ambience [SEP] The staff is courteous and prompt , despite the high density of crowd that gathers here during weekends"
REV_02509,REV_02509_C07,5.0,Service,Positive,"Aspect: Service [SEP] The staff is courteous and prompt , despite the high density of crowd that gathers here during weekends"
REV_02509,REV_02509_C11,5.0,General Experience,Positive,Aspect: General Experience [SEP] Keep up the good work Tiki Shack
REV_02511,REV_02511_C03,4.0,Ambience,Positive,"Aspect: Ambience [SEP] It's a rooftop bar, hence the ambience was pretty amazing"
REV_02511,REV_02511_C08,4.0,Food,Positive,Aspect: Food [SEP] Yummy cheese filled balls with right amount of spices and jalapenos
REV_02511,REV_02511_C12,4.0,General Experience,Positive,Aspect: General Experience [SEP] Overall it was a good experience
REV_02513,REV_02513_C04,1.0,Service,Negative,Aspect: Service [SEP] Irony service was really bad
REV_02534,REV_02534_C02,1.0,General Experience,Negative,Aspect: General Experience [SEP] Extremely disappointed
REV_02558,REV_02558_C01,5.0,Food,Positive,"Aspect: Food [SEP] Good food, great staff-ask for lama(darjeeling), Alcohol prices-decent"
REV_02558,REV_02558_C01,5.0,Price / Value,Positive,"Aspect: Price / Value [SEP] Good food, great staff-ask for lama(darjeeling), Alcohol prices-decent"
REV_02558,REV_02558_C01,5.0,Service,Positive,"Aspect: Service [SEP] Good food, great staff-ask for lama(darjeeling), Alcohol prices-decent"
REV_02558,REV_02558_C05,5.0,General Experience,Positive,Aspect: General Experience [SEP] Must visit if you're a partyholic
REV_02565,REV_02565_C01,2.0,Service,Negative,Aspect: Service [SEP] Service was too slow
REV_02569,REV_02569_C01,4.0,Ambience,Positive,"Aspect: Ambience [SEP] Ambience is bit cozy, music is too loud"
REV_02569,REV_02569_C02,4.0,Food,Positive,Aspect: Food [SEP] The food is good
REV_02569,REV_02569_C03,4.0,Service,Negative,Aspect: Service [SEP] service is little slow
REV_02569,REV_02569_C05,4.0,Ambience,Positive,Aspect: Ambience [SEP] It need some modifications in ambience then sure it will be great place to hangout
REV_02569,REV_02569_C05,4.0,General Experience,Positive,Aspect: General Experience [SEP] It need some modifications in ambience then sure it will be great place to hangout
REV_02573,REV_02573_C01,5.0,General Experience,Positive,Aspect: General Experience [SEP] This place never disappoints me
REV_02573,REV_02573_C03,5.0,Ambience,Positive,Aspect: Ambience [SEP] They have both outdoor and indoor seating with good music
REV_02579,REV_02579_C01,5.0,General Experience,Positive,Aspect: General Experience [SEP] Good place
REV_02579,REV_02579_C02,5.0,General Experience,Positive,Aspect: General Experience [SEP] Nice joint to hang with friends
REV_02579,REV_02579_C05,5.0,General Experience,Positive,Aspect: General Experience [SEP] Another good hangout place in city
REV_02591,REV_02591_C01,1.0,Service,Negative,Aspect: Service [SEP] Worst customer service ever
REV_02591,REV_02591_C02,1.0,General Experience,Positive,Aspect: General Experience [SEP] I hope this place closes for good
REV_02591,REV_02591_C03,1.0,General Experience,Positive,Aspect: General Experience [SEP] They only destroy any good day you think to visit there
REV_02595,REV_02595_C01,1.0,General Experience,Positive,Aspect: General Experience [SEP] The place was good
REV_02595,REV_02595_C02,1.0,Ambience,Positive,"Aspect: Ambience [SEP] the ambience felt nice until a few friends and I went out for a smoke and wanted to sit at the lounge just for a smoke, whole the so called ""supervisor"" came along and asked us to leave because the seats were reserved, we were ready to leave"
REV_02595,REV_02595_C05,1.0,Service,Positive,Aspect: Service [SEP] The people who work here have no concept of good customer service or politeness
REV_02600,REV_02600_C03,5.0,Service,Positive,Aspect: Service [SEP] Staff is super friendly and they won't have nonsense rules for stags too
REV_02600,REV_02600_C05,5.0,Ambience,Positive,Aspect: Ambience [SEP] Good ambiance with nice terrace
REV_02600,REV_02600_C07,5.0,Price / Value,Positive,Aspect: Price / Value [SEP] Great value for money
REV_02609,REV_02609_C03,2.0,Service,Negative,"Aspect: Service [SEP] They have just two attendant in total to take your order and service time is very poor, I almost forgot I ordered something"
REV_02609,REV_02609_C04,2.0,Food,Negative,Aspect: Food [SEP] The taste is not worth the wait and the DJ makes it even more worse by his songs
REV_02609,REV_02609_C04,2.0,Price / Value,Negative,Aspect: Price / Value [SEP] The taste is not worth the wait and the DJ makes it even more worse by his songs
REV_02609,REV_02609_C04,2.0,Service,Negative,Aspect: Service [SEP] The taste is not worth the wait and the DJ makes it even more worse by his songs
REV_02611,REV_02611_C02,1.0,Ambience,Positive,Aspect: Ambience [SEP] Ambience is pretty good 4* for that
REV_02611,REV_02611_C04,1.0,Service,Neutral,Aspect: Service [SEP] Service is okay too 3* for that
REV_02611,REV_02611_C07,1.0,Service,Negative,Aspect: Service [SEP] Overall 1* for poor post order served service
REV_02614,REV_02614_C01,3.0,Ambience,Positive,"Aspect: Ambience [SEP] Food, drinks and music all is good"
REV_02614,REV_02614_C01,3.0,Food,Positive,"Aspect: Food [SEP] Food, drinks and music all is good"
REV_02614,REV_02614_C04,3.0,Ambience,Positive,Aspect: Ambience [SEP] The ambience is great
REV_02614,REV_02614_C05,3.0,Ambience,Positive,Aspect: Ambience [SEP] The view is superb
REV_02646,REV_02646_C02,1.0,Service,Negative,Aspect: Service [SEP] The service is pathetic
REV_02658,REV_02658_C02,1.0,Service,Negative,Aspect: Service [SEP] The service there is pathetic
REV_02667,REV_02667_C01,5.0,General Experience,Positive,Aspect: General Experience [SEP] Nice place
REV_02667,REV_02667_C05,5.0,Food,Positive,Aspect: Food [SEP] the food was always good
REV_02667,REV_02667_C06,5.0,Food,Positive,"Aspect: Food [SEP] Specially love the pizzas , Chinese starters and chef special here"
REV_02667,REV_02667_C12,5.0,General Experience,Positive,Aspect: General Experience [SEP] Great place to hang out with friends😋
REV_02673,REV_02673_C01,5.0,General Experience,Positive,Aspect: General Experience [SEP] Had A very nice experience with my friends at 3bs gochibowli
REV_02673,REV_02673_C03,5.0,General Experience,Positive,Aspect: General Experience [SEP] He is very nice guys
REV_02673,REV_02673_C04,5.0,Food,Positive,Aspect: Food [SEP] All food are very nice
REV_02687,REV_02687_C01,5.0,Ambience,Positive,"Aspect: Ambience [SEP] Good food, nice ambience"
REV_02687,REV_02687_C01,5.0,Food,Positive,"Aspect: Food [SEP] Good food, nice ambience"
REV_02687,REV_02687_C02,5.0,General Experience,Positive,Aspect: General Experience [SEP] A good place for a quite lunch
REV_02687,REV_02687_C04,5.0,General Experience,Positive,Aspect: General Experience [SEP] A good place for medium budget
REV_02687,REV_02687_C04,5.0,Price / Value,Positive,Aspect: Price / Value [SEP] A good place for medium budget
REV_02687,REV_02687_C05,5.0,Service,Positive,Aspect: Service [SEP] The servers were really nice especially Akash was very polite
REV_02691,REV_02691_C01,5.0,Ambience,Positive,Aspect: Ambience [SEP] Very good food with great ambience
REV_02691,REV_02691_C01,5.0,Food,Positive,Aspect: Food [SEP] Very good food with great ambience
REV_02691,REV_02691_C02,5.0,Service,Positive,Aspect: Service [SEP] specially Govind's service was extremely good with very good behaviour who had a very good attitude throughout our dinner
REV_02695,REV_02695_C01,5.0,Food,Positive,Aspect: Food [SEP] Food is great
REV_02695,REV_02695_C02,5.0,Service,Positive,Aspect: Service [SEP] Service from Govind is great
REV_02695,REV_02695_C03,5.0,Food,Positive,Aspect: Food [SEP] I loved their mango icecream and special pan ice cream
REV_02695,REV_02695_C04,5.0,Food,Positive,Aspect: Food [SEP] starters are very tasty and maincource also
REV_02695,REV_02695_C05,5.0,Service,Positive,Aspect: Service [SEP] service was mainly very friendly
REV_02700,REV_02700_C01,5.0,Food,Positive,Aspect: Food [SEP] Food is very tasty
REV_02700,REV_02700_C02,5.0,Service,Positive,Aspect: Service [SEP] service is excellent
REV_02700,REV_02700_C06,5.0,Food,Positive,Aspect: Food [SEP] They are very good at serving food for us
REV_02700,REV_02700_C07,5.0,General Experience,Positive,Aspect: General Experience [SEP] We recommend this restaurant at Gachibowli
REV_02709,REV_02709_C01,5.0,Food,Negative,"Aspect: Food [SEP] Good hospitality ,tasty food,need to improve choices in complimentary drinks"
REV_02709,REV_02709_C01,5.0,Service,Negative,"Aspect: Service [SEP] Good hospitality ,tasty food,need to improve choices in complimentary drinks"
REV_02709,REV_02709_C02,5.0,General Experience,Positive,Aspect: General Experience [SEP] Services offered by SHIVAM are excellent
REV_02709,REV_02709_C03,5.0,Food,Positive,Aspect: Food [SEP] best place to spend time with buddies with good food
REV_02711,REV_02711_C01,5.0,Service,Positive,Aspect: Service [SEP] Excellent service by Govind
REV_02711,REV_02711_C02,5.0,Food,Positive,"Aspect: Food [SEP] Great starters, good environment"
REV_02711,REV_02711_C03,5.0,General Experience,Positive,Aspect: General Experience [SEP] Overall a great experience
REV_02713,REV_02713_C01,5.0,Service,Positive,Aspect: Service [SEP] Service provided by the Govind is excellent and he is nice talktive
REV_02713,REV_02713_C02,5.0,General Experience,Positive,Aspect: General Experience [SEP] he maintaince good interaction with customers
REV_02713,REV_02713_C03,5.0,General Experience,Positive,Aspect: General Experience [SEP] Hid nature toward customers is good 😃😃👌👍
REV_02715,REV_02715_C01,1.0,Service,Negative,Aspect: Service [SEP] Worst maintenance(PFA) and pathetic service
REV_02732,REV_02732_C03,5.0,Food,Positive,Aspect: Food [SEP] The food was amazing and all stars for this place and gobind
REV_02734,REV_02734_C01,5.0,General Experience,Positive,Aspect: General Experience [SEP] Awesome place to enjoy with friends
REV_02734,REV_02734_C02,5.0,Service,Positive,Aspect: Service [SEP] Especially these guys ( shivam and govind ) here are such polite people
REV_02746,REV_02746_C02,5.0,General Experience,Positive,Aspect: General Experience [SEP] Your way of treating us is really good
REV_02746,REV_02746_C04,5.0,General Experience,Positive,Aspect: General Experience [SEP] We will surely visit again
REV_02754,REV_02754_C01,5.0,General Experience,Positive,"Aspect: General Experience [SEP] Had a very good time at this place, mr"
REV_02754,REV_02754_C02,5.0,Food,Positive,"Aspect: Food [SEP] suraj was very friendly and and polite with his fast service, really appreciate the staff, the starters were amazing and the potato starter was out of the world"
REV_02754,REV_02754_C02,5.0,Service,Positive,"Aspect: Service [SEP] suraj was very friendly and and polite with his fast service, really appreciate the staff, the starters were amazing and the potato starter was out of the world"
REV_02765,REV_02765_C01,5.0,Service,Positive,Aspect: Service [SEP] Excellent serving and very good hospitality and polite
REV_02765,REV_02765_C02,5.0,Food,Positive,Aspect: Food [SEP] the food was also served specially if any dish wasnt likely to theor taste they prepared according to ones own tastes that was a very good one
REV_02765,REV_02765_C02,5.0,Service,Positive,Aspect: Service [SEP] the food was also served specially if any dish wasnt likely to theor taste they prepared according to ones own tastes that was a very good one
REV_02767,REV_02767_C02,1.0,General Experience,Negative,Aspect: General Experience [SEP] it was a horrible experience
REV_02767,REV_02767_C04,1.0,Food,Positive,Aspect: Food [SEP] The food did not taste good
REV_02767,REV_02767_C06,1.0,Price / Value,Negative,Aspect: Price / Value [SEP] Felt it was not worth for the money spend
REV_02769,REV_02769_C01,2.0,Food,Positive,Aspect: Food [SEP] First the price is too high and the quantity I'm getting is lower than the expectation
REV_02769,REV_02769_C01,2.0,Price / Value,Positive,Aspect: Price / Value [SEP] First the price is too high and the quantity I'm getting is lower than the expectation
REV_02769,REV_02769_C03,2.0,Food,Positive,Aspect: Food [SEP] And about the taste it's good
REV_02769,REV_02769_C06,2.0,General Experience,Negative,Aspect: General Experience [SEP] I would not recommend you to eat
REV_02773,REV_02773_C07,1.0,General Experience,Negative,Aspect: General Experience [SEP] Very disappointing
REV_02781,REV_02781_C01,1.0,Food,Negative,Aspect: Food [SEP] Worst biryani
REV_02781,REV_02781_C03,1.0,Food,Negative,Aspect: Food [SEP] Very Very less quantity
REV_02781,REV_02781_C04,1.0,Price / Value,Positive,Aspect: Price / Value [SEP] Price is very high
REV_02781,REV_02781_C05,1.0,Food,Negative,Aspect: Food [SEP] Worst biryani
REV_02781,REV_02781_C07,1.0,Food,Negative,Aspect: Food [SEP] Very Very less quantity
REV_02781,REV_02781_C08,1.0,Price / Value,Positive,Aspect: Price / Value [SEP] Price is very high
REV_02781,REV_02781_C09,1.0,Food,Negative,Aspect: Food [SEP] Worst biryani
REV_02781,REV_02781_C11,1.0,Food,Negative,Aspect: Food [SEP] Very Very less quantity
REV_02781,REV_02781_C12,1.0,Price / Value,Positive,Aspect: Price / Value [SEP] Price is very high
REV_02787,REV_02787_C01,1.0,Food,Negative,Aspect: Food [SEP] Very less quantity
REV_02795,REV_02795_C01,3.0,Food,Positive,Aspect: Food [SEP] The only biryani which tasted a little sweet to me
REV_02795,REV_02795_C05,3.0,General Experience,Positive,"Aspect: General Experience [SEP] Similarly, the packaging is great and garnished with nuts and looks very rich"
REV_02800,REV_02800_C01,2.5,Food,Positive,Aspect: Food [SEP] Biryani is good
REV_02800,REV_02800_C06,2.5,Service,Negative,Aspect: Service [SEP] very poor service
REV_02809,REV_02809_C01,5.0,Food,Positive,Aspect: Food [SEP] One of the best place to have biryani in the city this Is one if the beat place to have biryani in Hyderabad
REV_02809,REV_02809_C03,5.0,Food,Positive,Aspect: Food [SEP] All the biryani were very good
REV_02809,REV_02809_C04,5.0,General Experience,Positive,Aspect: General Experience [SEP] Nice place to hangout here
REV_02809,REV_02809_C05,5.0,General Experience,Positive,Aspect: General Experience [SEP] I recommend this place to everyone
REV_02809,REV_02809_C06,5.0,Ambience,Positive,Aspect: Ambience [SEP] Ambiance 5/5
REV_02809,REV_02809_C07,5.0,Food,Positive,Aspect: Food [SEP] Food 5/5
REV_02813,REV_02813_C02,1.0,General Experience,Negative,Aspect: General Experience [SEP] it was worst
REV_02813,REV_02813_C03,1.0,Food,Negative,Aspect: Food [SEP] Taste is too bad 👎
REV_02813,REV_02813_C04,1.0,General Experience,Positive,Aspect: General Experience [SEP] Packing is too good
REV_02813,REV_02813_C05,1.0,Food,Negative,Aspect: Food [SEP] taste is too bad
REV_02816,REV_02816_C02,5.0,Food,Negative,"Aspect: Food [SEP] We ordered Lazeez Bhuna Murgh Biryani, Quantity and taste & fragrance is good(flavorsome and non spicy), price is on the higher side"
REV_02816,REV_02816_C02,5.0,Price / Value,Negative,"Aspect: Price / Value [SEP] We ordered Lazeez Bhuna Murgh Biryani, Quantity and taste & fragrance is good(flavorsome and non spicy), price is on the higher side"
REV_02816,REV_02816_C03,5.0,Price / Value,Positive,Aspect: Price / Value [SEP] totally worth it
REV_02816,REV_02816_C04,5.0,Food,Positive,"Aspect: Food [SEP] What I really loved is, received a complimentary dessert (gulab jamun) the presentation and packaging was amazing"
REV_02819,REV_02819_C02,4.0,Food,Positive,Aspect: Food [SEP] 😯 The food was packed very well
REV_02819,REV_02819_C03,4.0,General Experience,Positive,Aspect: General Experience [SEP] the Gulab jamun in the box has truly surprised me
REV_02819,REV_02819_C05,4.0,Food,Positive,Aspect: Food [SEP] As I’m a native from Hyd I like the biryani to be having dum and spicy
REV_02819,REV_02819_C06,4.0,Food,Negative,Aspect: Food [SEP] The biryani was less spicey
REV_02819,REV_02819_C07,4.0,General Experience,Positive,Aspect: General Experience [SEP] was good
REV_02819,REV_02819_C08,4.0,General Experience,Positive,"Aspect: General Experience [SEP] If few more pieces of meat were added, it would have been great"
REV_02819,REV_02819_C09,4.0,Price / Value,Negative,Aspect: Price / Value [SEP] A bit pricey though
REV_02832,REV_02832_C06,4.0,Food,Positive,Aspect: Food [SEP] but this one had spices which tasted sweet
REV_02832,REV_02832_C07,4.0,Food,Positive,Aspect: Food [SEP] So it was basically a SWEET Biriyani
REV_02832,REV_02832_C09,4.0,General Experience,Positive,Aspect: General Experience [SEP] but were good
REV_02832,REV_02832_C11,4.0,Food,Positive,"Aspect: Food [SEP] If you have a sweet tooth in main courses too, then you can go for this Biriyani"
REV_02834,REV_02834_C01,4.0,Food,Positive,Aspect: Food [SEP] need more quantity
REV_02846,REV_02846_C02,2.0,Food,Negative,Aspect: Food [SEP] biryani quality not good
REV_02858,REV_02858_C01,5.0,General Experience,Positive,Aspect: General Experience [SEP] We loved your biryanis
REV_02858,REV_02858_C02,5.0,Food,Positive,Aspect: Food [SEP] The two accompanying complimentary side dish (raita and gulab jamun) were delicious as well
REV_02867,REV_02867_C01,5.0,Service,Positive,Aspect: Service [SEP] Gautam's service is very good
REV_02869,REV_02869_C01,5.0,General Experience,Positive,Aspect: General Experience [SEP] It is good
REV_02869,REV_02869_C02,5.0,Food,Positive,Aspect: Food [SEP] i want some spicy if it is spicy it tooooo goood and as per cost qty also good its yummy
REV_02869,REV_02869_C02,5.0,Price / Value,Positive,Aspect: Price / Value [SEP] i want some spicy if it is spicy it tooooo goood and as per cost qty also good its yummy
REV_02873,REV_02873_C01,1.0,Food,Positive,"Aspect: Food [SEP] The Maggie masala is put alot in the Maggie, could you please make good Maggie rather than making it very spicy"
REV_02873,REV_02873_C02,1.0,Food,Negative,Aspect: Food [SEP] The masala makes it too spicy and tastes raw
REV_02873,REV_02873_C03,1.0,Food,Positive,Aspect: Food [SEP] Please improve on the taste
REV_02881,REV_02881_C03,4.0,Food,Positive,Aspect: Food [SEP] It tasted pretty good and the quantity was also sufficient
REV_02887,REV_02887_C03,4.0,Food,Positive,Aspect: Food [SEP] Good in taste and pocket friendly
REV_02887,REV_02887_C03,4.0,Price / Value,Positive,Aspect: Price / Value [SEP] Good in taste and pocket friendly
REV_02887,REV_02887_C03,4.0,Service,Positive,Aspect: Service [SEP] Good in taste and pocket friendly
REV_02887,REV_02887_C04,4.0,Food,Negative,Aspect: Food [SEP] Not a fan of spicy food so wish a little less spice is given in them
REV_02891,REV_02891_C02,3.0,General Experience,Positive,Aspect: General Experience [SEP] Well who doesnt love Maggi and thats what draws you towards the outlet
REV_02891,REV_02891_C10,3.0,General Experience,Positive,Aspect: General Experience [SEP] definitely worth a try
REV_02891,REV_02891_C10,3.0,Price / Value,Positive,Aspect: Price / Value [SEP] definitely worth a try
REV_02891,REV_02891_C11,3.0,Food,Positive,Aspect: Food [SEP] Chicken fried Maggi is my personal favorite
REV_02891,REV_02891_C12,3.0,Service,Positive,"Aspect: Service [SEP] Overall a nice small joint to satisfy your maggi cravings, would suggest order online if you live closeby"
REV_02891,REV_02891_C14,3.0,Food,Neutral,Aspect: Food [SEP] Food 3
REV_02891,REV_02891_C15,3.0,Price / Value,Positive,Aspect: Price / Value [SEP] Value for Money 4
REV_02895,REV_02895_C01,3.0,Food,Positive,Aspect: Food [SEP] Too spicy
REV_02909,REV_02909_C04,1.0,Food,Positive,"Aspect: Food [SEP] Moreover, quality wasn't good either"
REV_02912,REV_02912_C03,3.0,Ambience,Positive,Aspect: Ambience [SEP] Always crowded with majority of the IT people nearby and all other food delivery agents waiting to take parcel
REV_02912,REV_02912_C03,3.0,Food,Positive,Aspect: Food [SEP] Always crowded with majority of the IT people nearby and all other food delivery agents waiting to take parcel
REV_02912,REV_02912_C03,3.0,Service,Positive,Aspect: Service [SEP] Always crowded with majority of the IT people nearby and all other food delivery agents waiting to take parcel
REV_02912,REV_02912_C12,3.0,Food,Positive,Aspect: Food [SEP] But the taste was really good and one could feel all the butter & cheese in the maggi
REV_02912,REV_02912_C13,3.0,Price / Value,Positive,Aspect: Price / Value [SEP] Good cost effective outlet for the love of Maggi Noodles
REV_02917,REV_02917_C01,4.0,Food,Positive,Aspect: Food [SEP] We can get a very good Maggi here I had eaten double chicken fried Maggi here it was very good for taste and look good for our eyes it was the best snack to eat
REV_02932,REV_02932_C02,1.0,Food,Negative,"Aspect: Food [SEP] Could never expect a simple dish as Maggi to be bland, over-cooked and tasteless"
REV_02934,REV_02934_C03,1.0,General Experience,Positive,Aspect: General Experience [SEP] I didnt liked it
REV_02951,REV_02951_C01,1.0,Food,Negative,Aspect: Food [SEP] taste was too bad
REV_02951,REV_02951_C03,1.0,Price / Value,Negative,Aspect: Price / Value [SEP] it was a waste of money
REV_02964,REV_02964_C01,1.0,Service,Positive,Aspect: Service [SEP] The delivery is fast
REV_02964,REV_02964_C05,1.0,Food,Positive,Aspect: Food [SEP] It was very very spicy
REV_02964,REV_02964_C09,1.0,Service,Negative,Aspect: Service [SEP] the worst zomato order ever.😤😡😡
REV_02978,REV_02978_C11,1.0,General Experience,Negative,Aspect: General Experience [SEP] The complete team of 40 was disappointed
REV_02980,REV_02980_C01,4.0,Food,Positive,Aspect: Food [SEP] I got a lot of stuff which are cooked in pot those are simply awesome i really loved the starters very much and mainly the pulavs are superr
REV_02986,REV_02986_C03,5.0,General Experience,Positive,Aspect: General Experience [SEP] We were looking for a good banquet or Restaurant in Gachibowli area to celebrate our 10th Marriage anniversary
REV_02986,REV_02986_C15,5.0,Food,Positive,Aspect: Food [SEP] Food was great
REV_02994,REV_02994_C01,4.0,Ambience,Positive,"Aspect: Ambience [SEP] Really loved the ambience, great music and of course the FOOD"
REV_02994,REV_02994_C01,4.0,Food,Positive,"Aspect: Food [SEP] Really loved the ambience, great music and of course the FOOD"
REV_02994,REV_02994_C02,4.0,Food,Negative,Aspect: Food [SEP] Agreed the menu is pretty simple (less variety)
REV_02994,REV_02994_C03,4.0,Food,Positive,Aspect: Food [SEP] the food tastes yummy
REV_02994,REV_02994_C06,4.0,Price / Value,Positive,Aspect: Price / Value [SEP] This place is worth your wallet
REV_02999,REV_02999_C02,3.0,Food,Positive,Aspect: Food [SEP] Quantity is huge
REV_02999,REV_02999_C04,3.0,Food,Positive,Aspect: Food [SEP] The chicken pieces were not nice and I got some bones and cartilage in some of those
REV_03008,REV_03008_C02,1.0,Food,Negative,Aspect: Food [SEP] back and I swear to God the food was pathetic
REV_03008,REV_03008_C03,1.0,Food,Negative,Aspect: Food [SEP] The starters they server were cold and even after calling out the waiter multiple times there wasn't a positive response
REV_03008,REV_03008_C03,1.0,Service,Negative,Aspect: Service [SEP] The starters they server were cold and even after calling out the waiter multiple times there wasn't a positive response
REV_03008,REV_03008_C05,1.0,Food,Negative,Aspect: Food [SEP] not tasty
REV_03008,REV_03008_C06,1.0,Ambience,Positive,Aspect: Ambience [SEP] The ambience is good though
REV_03008,REV_03008_C09,1.0,General Experience,Negative,Aspect: General Experience [SEP] I wish you guys could improve and we would try here again
REV_03010,REV_03010_C01,1.0,Service,Negative,Aspect: Service [SEP] Worst service provided
REV_03010,REV_03010_C04,1.0,Price / Value,Negative,"Aspect: Price / Value [SEP] From the time they started taking the order til the time of the bill the waiters were so unpleasant,so unhappy,so irritating(especially a lady there) OMG that lady started giving rude replies when we asked for service"
REV_03010,REV_03010_C04,1.0,Service,Negative,"Aspect: Service [SEP] From the time they started taking the order til the time of the bill the waiters were so unpleasant,so unhappy,so irritating(especially a lady there) OMG that lady started giving rude replies when we asked for service"
REV_03010,REV_03010_C06,1.0,Food,Negative,"Aspect: Food [SEP] Food wasn't that great, it's not worth that price"
REV_03010,REV_03010_C06,1.0,Price / Value,Negative,"Aspect: Price / Value [SEP] Food wasn't that great, it's not worth that price"
REV_03010,REV_03010_C07,1.0,General Experience,Negative,Aspect: General Experience [SEP] Overall experience was horrible😑#Totally unhappy# Never recommend anyone who opts for a good lunch or dinner
REV_03012,REV_03012_C02,4.0,Ambience,Positive,Aspect: Ambience [SEP] Ambience was good
REV_03012,REV_03012_C04,4.0,Food,Positive,Aspect: Food [SEP] We have ordered starter as pot pourri chepa and special chicken biryani boneless
REV_03012,REV_03012_C07,4.0,Food,Positive,Aspect: Food [SEP] Fish was too soft inside and crispy outside just like we desired it to be
REV_03012,REV_03012_C08,4.0,Food,Positive,Aspect: Food [SEP] Special chicken biryani boneless was not in the menu
REV_03012,REV_03012_C10,4.0,Food,Positive,Aspect: Food [SEP] It tasted good as well
REV_03012,REV_03012_C11,4.0,Service,Positive,Aspect: Service [SEP] Service was nice
REV_03012,REV_03012_C13,4.0,Food,Positive,"Aspect: Food [SEP] It was really a good try with zomato GOLD ,as special chicken biryani was complimentary"
REV_03015,REV_03015_C01,4.0,Food,Positive,Aspect: Food [SEP] Pot Pourri does maintain good food hiegene
REV_03015,REV_03015_C02,4.0,Food,Positive,Aspect: Food [SEP] I have ordered Paneer sticks twice from here and love the taste
REV_03015,REV_03015_C03,4.0,Food,Positive,"Aspect: Food [SEP] Had ordered chicken biryani as well, was Okayish as not that spicy"
REV_03030,REV_03030_C01,2.0,Food,Positive,Aspect: Food [SEP] Food: Extremely spicy
REV_03030,REV_03030_C02,2.0,Food,Positive,"Aspect: Food [SEP] Noodles were made in Andhra style, were very spicy and had whole red chillies in it"
REV_03030,REV_03030_C04,2.0,Food,Negative,"Aspect: Food [SEP] Service: Bad, takes forever to bring food"
REV_03030,REV_03030_C04,2.0,Service,Negative,"Aspect: Service [SEP] Service: Bad, takes forever to bring food"
REV_03032,REV_03032_C01,5.0,General Experience,Positive,Aspect: General Experience [SEP] Good to check in there
REV_03032,REV_03032_C04,5.0,Food,Positive,Aspect: Food [SEP] Have a good team lunch
REV_03052,REV_03052_C01,5.0,Food,Positive,Aspect: Food [SEP] Excellent taste and awesome food
REV_03052,REV_03052_C03,5.0,Food,Positive,Aspect: Food [SEP] Its good for veg and non veg food
REV_03052,REV_03052_C04,5.0,Ambience,Positive,Aspect: Ambience [SEP] Places is nice with good ambience
REV_03056,REV_03056_C06,4.0,General Experience,Positive,Aspect: General Experience [SEP] All the items were good
REV_03056,REV_03056_C09,4.0,General Experience,Positive,Aspect: General Experience [SEP] Overall experience: very good
REV_03065,REV_03065_C02,4.0,Service,Positive,"Aspect: Service [SEP] We were served by Papu, he did great service"
REV_03065,REV_03065_C03,4.0,Food,Positive,"Aspect: Food [SEP] We ordered all south Indian dishes, each of them were tasty"
REV_03067,REV_03067_C04,3.0,Food,Positive,Aspect: Food [SEP] But quantity was pretty good
REV_03067,REV_03067_C05,3.0,Food,Positive,Aspect: Food [SEP] Mamsam pulav was very good to taste and the spiciness was perfect and quantity was very high
REV_03067,REV_03067_C08,3.0,Service,Positive,Aspect: Service [SEP] And service was not so fast
REV_03068,REV_03068_C01,4.0,Food,Positive,"Aspect: Food [SEP] Living in Manikonda, this has been our go-to place for good mughlai food"
REV_03068,REV_03068_C05,4.0,Food,Negative,Aspect: Food [SEP] Large fragrant rice which are flaky and yet not oily provide a perfect blend with juicy chicken pieces
REV_03068,REV_03068_C08,4.0,Food,Positive,Aspect: Food [SEP] The quantity is definitely something where even 4 people can easily enjoy a meal
REV_03068,REV_03068_C10,4.0,Food,Positive,Aspect: Food [SEP] it was delicious
REV_03068,REV_03068_C11,4.0,Food,Positive,"Aspect: Food [SEP] Creamy texture with generous chunks of mutton and a small spicy kick to the taste, something which I really prefer in my haleem"
REV_03068,REV_03068_C16,4.0,Price / Value,Positive,Aspect: Price / Value [SEP] Value for money
REV_03078,REV_03078_C03,4.0,Food,Positive,Aspect: Food [SEP] believe me restaurant famous for haleem also makes veg items delicious
REV_03080,REV_03080_C02,1.0,General Experience,Negative,Aspect: General Experience [SEP] It's a very bad experience ordering from pista house
REV_03080,REV_03080_C03,1.0,Food,Positive,Aspect: Food [SEP] The food is good
REV_03080,REV_03080_C04,1.0,Service,Negative,"Aspect: Service [SEP] but service is very slow, pathetic and bad"
REV_03086,REV_03086_C04,2.0,Service,Negative,Aspect: Service [SEP] Pathetic service
REV_03090,REV_03090_C02,4.0,General Experience,Positive,Aspect: General Experience [SEP] I am in love with their biriyani
REV_03090,REV_03090_C03,4.0,Service,Positive,Aspect: Service [SEP] And the amount they serve is awesome
REV_03090,REV_03090_C04,4.0,Food,Positive,Aspect: Food [SEP] The preparation of food is so good
REV_03090,REV_03090_C06,4.0,General Experience,Positive,Aspect: General Experience [SEP] I would recommend you to have biriyani from this place
REV_03094,REV_03094_C02,4.0,Food,Positive,Aspect: Food [SEP] The waiting line outside the restaurant did give a glimpse of the amazing food they serve
REV_03094,REV_03094_C02,4.0,Service,Positive,Aspect: Service [SEP] The waiting line outside the restaurant did give a glimpse of the amazing food they serve
REV_03094,REV_03094_C05,4.0,Food,Positive,Aspect: Food [SEP] the service was very quick and food was great
REV_03094,REV_03094_C05,4.0,Service,Positive,Aspect: Service [SEP] the service was very quick and food was great
REV_03109,REV_03109_C02,4.0,General Experience,Positive,Aspect: General Experience [SEP] Both the items were very good
REV_03109,REV_03109_C03,4.0,Food,Positive,Aspect: Food [SEP] Quantity was enough for 3 people
REV_03109,REV_03109_C04,4.0,Service,Positive,Aspect: Service [SEP] delivery was quick
REV_03111,REV_03111_C01,4.0,Food,Positive,Aspect: Food [SEP] This place was recommended by a local friend after learning that I do not favor spicy biriyani
REV_03111,REV_03111_C01,4.0,General Experience,Positive,Aspect: General Experience [SEP] This place was recommended by a local friend after learning that I do not favor spicy biriyani
REV_03111,REV_03111_C04,4.0,Food,Positive,"Aspect: Food [SEP] Good packaging, prompt delivery, good taste"
REV_03111,REV_03111_C04,4.0,Service,Positive,"Aspect: Service [SEP] Good packaging, prompt delivery, good taste"
REV_03131,REV_03131_C02,4.0,Food,Positive,"Aspect: Food [SEP] now it sells a hell lot of thing and the best part is that they sell a delicacy that is Special Biriyani which consists of mutton, chicken, fish and yes it will be tough for even 3 people to complete it"
REV_03131,REV_03131_C04,4.0,Service,Positive,Aspect: Service [SEP] Service-4/5
REV_03131,REV_03131_C05,4.0,Ambience,Positive,Aspect: Ambience [SEP] Ambiance-4.5/5
REV_03131,REV_03131_C06,4.0,Food,Positive,Aspect: Food [SEP] Food-5/5
REV_03145,REV_03145_C01,5.0,Food,Positive,Aspect: Food [SEP] This place serves the best Chicken and Mutton Biryaani in entire Hyderabad
REV_03153,REV_03153_C01,1.0,Food,Negative,Aspect: Food [SEP] Very bad service and not that great food
REV_03153,REV_03153_C01,1.0,Service,Negative,Aspect: Service [SEP] Very bad service and not that great food
REV_03153,REV_03153_C03,1.0,Service,Negative,Aspect: Service [SEP] Very poor service
REV_03153,REV_03153_C04,1.0,Food,Negative,Aspect: Food [SEP] Even the taste of the food was really bad
REV_03153,REV_03153_C05,1.0,General Experience,Positive,Aspect: General Experience [SEP] Nothing great
REV_03166,REV_03166_C04,4.0,Service,Positive,Aspect: Service [SEP] When I entered the place it was packed with people in queue waiting to be seated
REV_03166,REV_03166_C05,4.0,Food,Positive,"Aspect: Food [SEP] Coming to the food, I totally loved their Malai Chicken and Pathar ka gosht"
REV_03166,REV_03166_C06,4.0,Food,Positive,Aspect: Food [SEP] Juicy and tender
REV_03166,REV_03166_C07,4.0,Food,Positive,Aspect: Food [SEP] Their Haleem was yummy too
REV_03166,REV_03166_C08,4.0,General Experience,Positive,Aspect: General Experience [SEP] I ended up trying their bakery section and wasn't disappointed either
REV_03166,REV_03166_C09,4.0,Food,Positive,Aspect: Food [SEP] The desserts like dry fruit kheer and mulberry cream bowl was amazing and we had party in our mouths
REV_03166,REV_03166_C11,4.0,Food,Positive,"Aspect: Food [SEP] Good food & quantity, along with great prices is a steal deal combination and would definitely be here soon"
REV_03166,REV_03166_C11,4.0,Price / Value,Positive,"Aspect: Price / Value [SEP] Good food & quantity, along with great prices is a steal deal combination and would definitely be here soon"
REV_03180,REV_03180_C01,3.0,Service,Positive,Aspect: Service [SEP] Was really waiting to visit this place after all the good reviews
REV_03180,REV_03180_C02,3.0,Food,Negative,Aspect: Food [SEP] Was quite disappointed with the food and the menu of the buffet
REV_03180,REV_03180_C06,3.0,Food,Negative,"Aspect: Food [SEP] chicken was very dry , same case with the fish starter just horrible"
REV_03186,REV_03186_C03,5.0,Food,Positive,"Aspect: Food [SEP] Tasty, delicious,mouth watering 4+4 starters were served which were amazing"
REV_03186,REV_03186_C03,5.0,Service,Positive,"Aspect: Service [SEP] Tasty, delicious,mouth watering 4+4 starters were served which were amazing"
REV_03186,REV_03186_C04,5.0,Food,Positive,"Aspect: Food [SEP] A paradise for Biryani lovers, never expected Biryani in main course would be this amazing anywhere else"
REV_03186,REV_03186_C05,5.0,Food,Positive,"Aspect: Food [SEP] The varieties in desserts is quite different here, which included 'KA' for all-"
REV_03186,REV_03186_C08,5.0,Ambience,Positive,Aspect: Ambience [SEP] Ambience-4/5
REV_03186,REV_03186_C10,5.0,General Experience,Positive,Aspect: General Experience [SEP] Would definitely visit again😁
REV_03190,REV_03190_C01,1.0,Ambience,Negative,"Aspect: Ambience [SEP] The place is overrated, we went on a Friday afternoon, it was too crowded, had to wait for 15 mins to get a table, once we got the table, order was taken after 15 mins which made it 30 mins of waiting, we had to run behind the waiter to take the order, order was then taken, we had Apollo fish, kung pao chicken and juicy mutton mandi, the fish tasted good, chicken was not cooked properly, coming to mandi, it tasted like we were having boiled mutton with rice, wasn't great at all"
REV_03190,REV_03190_C01,1.0,Food,Negative,"Aspect: Food [SEP] The place is overrated, we went on a Friday afternoon, it was too crowded, had to wait for 15 mins to get a table, once we got the table, order was taken after 15 mins which made it 30 mins of waiting, we had to run behind the waiter to take the order, order was then taken, we had Apollo fish, kung pao chicken and juicy mutton mandi, the fish tasted good, chicken was not cooked properly, coming to mandi, it tasted like we were having boiled mutton with rice, wasn't great at all"
REV_03190,REV_03190_C01,1.0,Service,Negative,"Aspect: Service [SEP] The place is overrated, we went on a Friday afternoon, it was too crowded, had to wait for 15 mins to get a table, once we got the table, order was taken after 15 mins which made it 30 mins of waiting, we had to run behind the waiter to take the order, order was then taken, we had Apollo fish, kung pao chicken and juicy mutton mandi, the fish tasted good, chicken was not cooked properly, coming to mandi, it tasted like we were having boiled mutton with rice, wasn't great at all"
REV_03190,REV_03190_C03,1.0,Price / Value,Negative,"Aspect: Price / Value [SEP] Not at all worth, checked the review and took my friends there who were really disappointed"
REV_03194,REV_03194_C01,1.0,General Experience,Negative,Aspect: General Experience [SEP] It such a worst experience will never come back again
REV_03208,REV_03208_C07,5.0,Food,Positive,Aspect: Food [SEP] Arabian chicken soup was soo good and very soothing to the taste buds
REV_03208,REV_03208_C19,5.0,Food,Positive,"Aspect: Food [SEP] Among these my favourite are paneer Papdi kekab which has a crisp outer coating,also loved the murgh aachari tikka"
REV_03208,REV_03208_C25,5.0,Food,Positive,Aspect: Food [SEP] Mutton juicy Mandi
REV_03208,REV_03208_C30,5.0,Food,Positive,"Aspect: Food [SEP] but a decent one, thought loved the chicken tikka masala and veg Manchurian fried rice"
REV_03208,REV_03208_C31,5.0,Food,Positive,Aspect: Food [SEP] Not to miss their KitKat shake it was really tasty
REV_03208,REV_03208_C37,5.0,General Experience,Positive,Aspect: General Experience [SEP] Loved the gulab jamun and khaddu ka kheer
REV_03208,REV_03208_C38,5.0,Ambience,Positive,Aspect: Ambience [SEP] Over all a Decent place to visit with some good ambience
REV_03210,REV_03210_C03,5.0,Food,Positive,Aspect: Food [SEP] Extremely Delicious and my favorite was the Chilly Paneer
REV_03210,REV_03210_C05,5.0,Food,Positive,Aspect: Food [SEP] The Chilly Basil Prawns were really good and perfect in every way
REV_03210,REV_03210_C06,5.0,Food,Positive,Aspect: Food [SEP] The showstoppers were the Mutton Juicy Mandi and the Fish Mandi
REV_03210,REV_03210_C09,5.0,Food,Positive,"Aspect: Food [SEP] The Desserts, well we tried them all like the Apricot Delight , Shahi Tukda, kaddu ki kheer and my personal favourite Gulab Jamun"
REV_03210,REV_03210_C10,5.0,Food,Positive,Aspect: Food [SEP] The Awesome dish unknown to people who visit this place is the Kitkat Shake
REV_03210,REV_03210_C12,5.0,General Experience,Positive,Aspect: General Experience [SEP] Highly recommend this place to everyone
REV_03212,REV_03212_C16,1.0,General Experience,Positive,Aspect: General Experience [SEP] It was dry and not good
REV_03212,REV_03212_C21,1.0,General Experience,Negative,Aspect: General Experience [SEP] Highly disappointed
REV_03218,REV_03218_C02,2.0,Food,Positive,Aspect: Food [SEP] really need to take a look into this and improve on both quality and quantity of pieces instead of just increasing prices in the menu
REV_03218,REV_03218_C02,2.0,Price / Value,Positive,Aspect: Price / Value [SEP] really need to take a look into this and improve on both quality and quantity of pieces instead of just increasing prices in the menu
REV_03231,REV_03231_C06,5.0,Ambience,Positive,Aspect: Ambience [SEP] The ambience is good
REV_03231,REV_03231_C08,5.0,Food,Positive,Aspect: Food [SEP] Now coming to the food I felt the food was mostly good with only some exceptions
REV_03231,REV_03231_C16,5.0,Service,Positive,Aspect: Service [SEP] The pahadi kababs they serve here is really good
REV_03231,REV_03231_C17,5.0,Food,Positive,Aspect: Food [SEP] The flavouring was fresh and chicken was tender and easily coming apart with a slight touch of the fork
REV_03231,REV_03231_C20,5.0,Food,Positive,Aspect: Food [SEP] The batter and it's seasoning was good
REV_03231,REV_03231_C22,5.0,Food,Negative,Aspect: Food [SEP] the paneer was bland which spoils an otherwise great dish
REV_03231,REV_03231_C25,5.0,Food,Positive,Aspect: Food [SEP] Dragon chicken and Hariyali Fish Tikka both were amazing
REV_03231,REV_03231_C27,5.0,Food,Positive,Aspect: Food [SEP] Golden Fried prawns were good
REV_03231,REV_03231_C29,5.0,General Experience,Positive,Aspect: General Experience [SEP] It was good
REV_03231,REV_03231_C31,5.0,Food,Positive,Aspect: Food [SEP] Golden fried Baby corn was also good
REV_03231,REV_03231_C32,5.0,Food,Negative,Aspect: Food [SEP] Chilli Paneer was disappointing
REV_03231,REV_03231_C33,5.0,Food,Positive,Aspect: Food [SEP] The paneer was not soft and the dish just did work out
REV_03231,REV_03231_C34,5.0,Food,Positive,Aspect: Food [SEP] Lahori Chicken Kabab was also pretty good
REV_03231,REV_03231_C37,5.0,Food,Positive,Aspect: Food [SEP] I feel this is a dish that one person might love
REV_03231,REV_03231_C42,5.0,Food,Positive,Aspect: Food [SEP] What if you are a sweet filled mushroom kinda person
REV_03231,REV_03231_C44,5.0,Food,Positive,Aspect: Food [SEP] The juicy mutton mandi was good
REV_03231,REV_03231_C45,5.0,Food,Positive,Aspect: Food [SEP] my favourite has to be the Chicken Mandi
REV_03231,REV_03231_C49,5.0,Food,Positive,Aspect: Food [SEP] The Fish mandi was also served with a very tasty fried fish piece
REV_03231,REV_03231_C49,5.0,Service,Positive,Aspect: Service [SEP] The Fish mandi was also served with a very tasty fried fish piece
REV_03231,REV_03231_C50,5.0,General Experience,Positive,Aspect: General Experience [SEP] The fish was very flavourful and is definitely worth a try
REV_03231,REV_03231_C50,5.0,Price / Value,Positive,Aspect: Price / Value [SEP] The fish was very flavourful and is definitely worth a try
REV_03231,REV_03231_C53,5.0,General Experience,Positive,Aspect: General Experience [SEP] I loved the KitKat Milkshake the most
REV_03231,REV_03231_C55,5.0,Food,Positive,Aspect: Food [SEP] The milkshakes are good
REV_03231,REV_03231_C59,5.0,General Experience,Positive,Aspect: General Experience [SEP] The Kaddu ki Kheer was really good
REV_03231,REV_03231_C62,5.0,General Experience,Negative,Aspect: General Experience [SEP] They were not bad
REV_03231,REV_03231_C63,5.0,General Experience,Positive,Aspect: General Experience [SEP] not really good too
REV_03231,REV_03231_C65,5.0,Food,Positive,Aspect: Food [SEP] Overall I would say most of the non veg starters were good and the Mandis too are good
REV_03231,REV_03231_C67,5.0,General Experience,Positive,Aspect: General Experience [SEP] The place is definitely worth a visit
REV_03231,REV_03231_C67,5.0,Price / Value,Positive,Aspect: Price / Value [SEP] The place is definitely worth a visit
REV_03233,REV_03233_C01,3.0,Ambience,Neutral,Aspect: Ambience [SEP] Average food and ambience
REV_03233,REV_03233_C01,3.0,Food,Neutral,Aspect: Food [SEP] Average food and ambience
REV_03233,REV_03233_C02,3.0,Food,Positive,"Aspect: Food [SEP] Though food range is good and has a good pick of Arabic, Indian and Chinese"
REV_03233,REV_03233_C04,3.0,Service,Neutral,Aspect: Service [SEP] Service is OK
REV_03245,REV_03245_C03,2.0,Food,Negative,Aspect: Food [SEP] the chicken biryani was really bad ~ 1/5
REV_03245,REV_03245_C07,2.0,Food,Positive,Aspect: Food [SEP] Even the chicken pieces are not at all tasty
REV_03245,REV_03245_C08,2.0,Ambience,Neutral,"Aspect: Ambience [SEP] The ambiance is average , there are different types of seatings and they had pleasant lighting"
REV_03264,REV_03264_C01,5.0,Food,Positive,Aspect: Food [SEP] This restaurant was too good in serving food
REV_03264,REV_03264_C02,5.0,Food,Positive,Aspect: Food [SEP] both quantity and quality wise
REV_03264,REV_03264_C03,5.0,Food,Positive,Aspect: Food [SEP] All the items we ordered were worth for money specially in terms of quantity
REV_03264,REV_03264_C03,5.0,Price / Value,Positive,Aspect: Price / Value [SEP] All the items we ordered were worth for money specially in terms of quantity
REV_03264,REV_03264_C04,5.0,Ambience,Positive,Aspect: Ambience [SEP] Ambience was good
REV_03264,REV_03264_C08,5.0,Food,Positive,Aspect: Food [SEP] starters were amazing
REV_03264,REV_03264_C09,5.0,Food,Positive,"Aspect: Food [SEP] especially, fish was juicy with smoky flavor"
REV_03264,REV_03264_C10,5.0,Food,Positive,Aspect: Food [SEP] Quantities of both chicken biryani full and fried rice was huge
REV_03264,REV_03264_C13,5.0,Price / Value,Positive,Aspect: Price / Value [SEP] Totally worth the GOLD visit
REV_03266,REV_03266_C01,4.0,Food,Positive,Aspect: Food [SEP] Decent place with decent food items
REV_03266,REV_03266_C04,4.0,Price / Value,Positive,Aspect: Price / Value [SEP] rates are bit high as per me
REV_03266,REV_03266_C05,4.0,Food,Positive,Aspect: Food [SEP] It would be great if the management give a thought on price on food items
REV_03266,REV_03266_C05,4.0,Price / Value,Positive,Aspect: Price / Value [SEP] It would be great if the management give a thought on price on food items
REV_03266,REV_03266_C05,4.0,Service,Positive,Aspect: Service [SEP] It would be great if the management give a thought on price on food items
REV_03272,REV_03272_C04,3.0,Price / Value,Positive,Aspect: Price / Value [SEP] Also drinks are so cheap here
REV_03272,REV_03272_C05,3.0,Price / Value,Neutral,"Aspect: Price / Value [SEP] Service was okay for me, nothing worth mentioning"
REV_03272,REV_03272_C05,3.0,Service,Neutral,"Aspect: Service [SEP] Service was okay for me, nothing worth mentioning"
REV_03272,REV_03272_C06,3.0,Ambience,Positive,Aspect: Ambience [SEP] Music wasn’t that good
REV_03272,REV_03272_C08,3.0,Food,Positive,Aspect: Food [SEP] Not so great food
REV_03272,REV_03272_C09,3.0,General Experience,Positive,Aspect: General Experience [SEP] You got the good and bad about this place
REV_03273,REV_03273_C01,4.0,General Experience,Positive,Aspect: General Experience [SEP] Great place to hangout
REV_03273,REV_03273_C02,4.0,Ambience,Positive,Aspect: Ambience [SEP] Good food + Good drinks + Great DJ + Nice ambience sums up my experience
REV_03273,REV_03273_C02,4.0,Food,Positive,Aspect: Food [SEP] Good food + Good drinks + Great DJ + Nice ambience sums up my experience
REV_03273,REV_03273_C02,4.0,General Experience,Positive,Aspect: General Experience [SEP] Good food + Good drinks + Great DJ + Nice ambience sums up my experience
REV_03273,REV_03273_C04,4.0,General Experience,Positive,Aspect: General Experience [SEP] Would love to visit the place again
REV_03291,REV_03291_C01,1.0,Price / Value,Positive,Aspect: Price / Value [SEP] Manager was so cheap n attitude showing ego to the guest
REV_03291,REV_03291_C01,1.0,Service,Positive,Aspect: Service [SEP] Manager was so cheap n attitude showing ego to the guest
REV_03295,REV_03295_C01,4.0,General Experience,Positive,Aspect: General Experience [SEP] One of d best place
REV_03295,REV_03295_C03,4.0,Ambience,Positive,Aspect: Ambience [SEP] Good music happening place
REV_03295,REV_03295_C06,4.0,Price / Value,Negative,Aspect: Price / Value [SEP] Drinks are not so costly
REV_03295,REV_03295_C07,4.0,General Experience,Positive,Aspect: General Experience [SEP] Good place for ppl wd dancing shoes and ready to burn calories
REV_03300,REV_03300_C07,1.0,General Experience,Negative,Aspect: General Experience [SEP] One of my worst experiences
REV_03311,REV_03311_C07,5.0,General Experience,Positive,Aspect: General Experience [SEP] Best place to hangout🔥
REV_03316,REV_03316_C02,4.0,Ambience,Positive,Aspect: Ambience [SEP] Ambience was good and cozy
REV_03316,REV_03316_C03,4.0,Food,Positive,Aspect: Food [SEP] Food was good
REV_03331,REV_03331_C02,5.0,Ambience,Positive,Aspect: Ambience [SEP] it's a huge place with young IT crowd of hitec city pouring in
REV_03331,REV_03331_C03,5.0,Ambience,Positive,"Aspect: Ambience [SEP] very good place, nice ambience and setting"
REV_03331,REV_03331_C03,5.0,General Experience,Positive,"Aspect: General Experience [SEP] very good place, nice ambience and setting"
REV_03331,REV_03331_C04,5.0,Food,Positive,Aspect: Food [SEP] food is good and the party scene is electrifying
REV_03345,REV_03345_C07,5.0,General Experience,Positive,Aspect: General Experience [SEP] Hop on it's a nice place to hang on for some lazy lunch over and above they do run corporate offers very often which will save our pockets
REV_03353,REV_03353_C01,5.0,General Experience,Positive,Aspect: General Experience [SEP] It is one of the best places we have to visit in Hyderabad
REV_03353,REV_03353_C03,5.0,Ambience,Positive,Aspect: Ambience [SEP] nd ambience was really cozy and great
REV_03357,REV_03357_C03,4.0,Ambience,Positive,Aspect: Ambience [SEP] They are very moderate and Ambiance is very good
REV_03357,REV_03357_C06,4.0,Food,Positive,"Aspect: Food [SEP] Food is nice , DJ is good and with a dance floor this place rocks if you want to go mad and forget yourself dancing"
REV_03364,REV_03364_C01,1.0,Price / Value,Positive,Aspect: Price / Value [SEP] It's a pocket friendly
REV_03364,REV_03364_C01,1.0,Service,Positive,Aspect: Service [SEP] It's a pocket friendly
REV_03366,REV_03366_C01,4.0,General Experience,Positive,Aspect: General Experience [SEP] Place was pretty good
REV_03366,REV_03366_C04,4.0,General Experience,Positive,Aspect: General Experience [SEP] Dance floor is quite good as compared to other places and nice place to party
REV_03366,REV_03366_C05,4.0,Food,Positive,"Aspect: Food [SEP] We loved the food here, not over priced and taste wise it was great"
REV_03366,REV_03366_C09,4.0,General Experience,Positive,Aspect: General Experience [SEP] Otherwise a must visit place :)
REV_03372,REV_03372_C03,3.0,Food,Positive,Aspect: Food [SEP] In both the dishes the fish were not served fresh
REV_03372,REV_03372_C03,3.0,Service,Positive,Aspect: Service [SEP] In both the dishes the fish were not served fresh
REV_03372,REV_03372_C04,3.0,Service,Positive,Aspect: Service [SEP] Service was not that great either as it was the busy hour and only one server was seen trying to serve everyone
REV_03372,REV_03372_C07,3.0,Food,Negative,Aspect: Food [SEP] Food: 2
REV_03372,REV_03372_C08,3.0,Service,Neutral,Aspect: Service [SEP] Service: 3
REV_03372,REV_03372_C09,3.0,Ambience,Positive,Aspect: Ambience [SEP] Ambience: 5
REV_03380,REV_03380_C01,5.0,Ambience,Positive,Aspect: Ambience [SEP] Amazing pool side table was given to us
REV_03380,REV_03380_C02,5.0,Service,Positive,Aspect: Service [SEP] Hospitality of executive Gopal singh is very good as he took feedback frequently and gave us interesting options available
REV_03380,REV_03380_C04,5.0,General Experience,Positive,Aspect: General Experience [SEP] Great place for couple to have dinner
REV_03386,REV_03386_C03,5.0,Food,Positive,Aspect: Food [SEP] The food was good
REV_03386,REV_03386_C06,5.0,Service,Positive,Aspect: Service [SEP] the service was excellent
REV_03386,REV_03386_C07,5.0,General Experience,Positive,Aspect: General Experience [SEP] Would greatly recommend this place to come with your loved ones
REV_03390,REV_03390_C01,5.0,General Experience,Positive,Aspect: General Experience [SEP] Amazing place to be with the one you love on a romantic date
REV_03390,REV_03390_C03,5.0,Food,Positive,Aspect: Food [SEP] The food tasted great
REV_03394,REV_03394_C01,5.0,Food,Positive,Aspect: Food [SEP] This was my first visit to Marriott executive apartments Hyderabad and Here I got one of the best food I ever ate
REV_03394,REV_03394_C02,5.0,Service,Positive,Aspect: Service [SEP] the service provided was amazing
REV_03420,REV_03420_C04,4.0,General Experience,Positive,Aspect: General Experience [SEP] Open 24/7 this rooftop will have you falling in love all around the year
REV_03420,REV_03420_C09,4.0,General Experience,Positive,Aspect: General Experience [SEP] It's decent
REV_03431,REV_03431_C02,3.0,Ambience,Positive,"Aspect: Ambience [SEP] Must say it has a terrific ambience and decor, especially loved the poolside view of the place"
REV_03431,REV_03431_C03,3.0,Food,Negative,Aspect: Food [SEP] but the food is strictly average and their service is terribly slow and a big let down
REV_03431,REV_03431_C03,3.0,Service,Negative,Aspect: Service [SEP] but the food is strictly average and their service is terribly slow and a big let down
REV_03433,REV_03433_C03,5.0,Ambience,Positive,Aspect: Ambience [SEP] We sat on the pool front patio and enjoyed the view with our delicious wine and dinner
REV_03433,REV_03433_C03,5.0,Food,Positive,Aspect: Food [SEP] We sat on the pool front patio and enjoyed the view with our delicious wine and dinner
REV_03453,REV_03453_C01,5.0,General Experience,Positive,Aspect: General Experience [SEP] Awesome experience from the beginning
REV_03453,REV_03453_C04,5.0,Food,Negative,Aspect: Food [SEP] My kid was feeling cold so they bought a shovel that was too kind
REV_03453,REV_03453_C06,5.0,Food,Positive,Aspect: Food [SEP] Ordered Long Island Ice tea which was perfectly mixed and Margarita was Awesome
REV_03453,REV_03453_C09,5.0,Food,Positive,Aspect: Food [SEP] They checked with us every 20 minutes to make sure we had a good time and TASTY food
REV_03453,REV_03453_C09,5.0,General Experience,Positive,Aspect: General Experience [SEP] They checked with us every 20 minutes to make sure we had a good time and TASTY food
REV_03453,REV_03453_C09,5.0,Service,Positive,Aspect: Service [SEP] They checked with us every 20 minutes to make sure we had a good time and TASTY food
REV_03453,REV_03453_C11,5.0,Food,Positive,Aspect: Food [SEP] Definitely going to recommend this place for perfect and tasty food
REV_03453,REV_03453_C11,5.0,General Experience,Positive,Aspect: General Experience [SEP] Definitely going to recommend this place for perfect and tasty food
REV_03464,REV_03464_C02,3.0,Ambience,Positive,Aspect: Ambience [SEP] I must say overall ambience is good
REV_03466,REV_03466_C02,5.0,General Experience,Positive,"Aspect: General Experience [SEP] This place is simply amazing, i was blown away to have found this gem hidden at just over a serciced apartment hotel"
REV_03466,REV_03466_C03,5.0,Ambience,Positive,Aspect: Ambience [SEP] Good food and picturesque view
REV_03466,REV_03466_C03,5.0,Food,Positive,Aspect: Food [SEP] Good food and picturesque view
REV_03468,REV_03468_C02,1.0,Food,Negative,Aspect: Food [SEP] Horrible food
REV_03468,REV_03468_C03,1.0,Food,Positive,Aspect: Food [SEP] Full of spices and oil even after giving specific instructions not to make it spicy
REV_03468,REV_03468_C04,1.0,General Experience,Negative,Aspect: General Experience [SEP] Rotis were raw
REV_03472,REV_03472_C04,1.0,General Experience,Negative,Aspect: General Experience [SEP] Last bling time very very pathetic experience
REV_03472,REV_03472_C09,1.0,Service,Negative,Aspect: Service [SEP] plz plz plz manager be careful to the caser we not have respected hin very pathetic bave
REV_03490,REV_03490_C01,1.0,Food,Negative,"Aspect: Food [SEP] Quantity is very less, from the last two months i have given 3 big orders at that time both quality and quantity is good based on that i have order today again"
REV_03490,REV_03490_C01,1.0,Service,Negative,"Aspect: Service [SEP] Quantity is very less, from the last two months i have given 3 big orders at that time both quality and quantity is good based on that i have order today again"
REV_03490,REV_03490_C02,1.0,General Experience,Negative,Aspect: General Experience [SEP] but now it is disappointed
REV_03498,REV_03498_C01,1.0,General Experience,Negative,Aspect: General Experience [SEP] Not bad
REV_03499,REV_03499_C01,3.0,Food,Negative,Aspect: Food [SEP] curry is very bad
REV_03501,REV_03501_C02,4.0,Food,Positive,Aspect: Food [SEP] QUAMNTITY AND QUALITY IS GOOD
REV_03501,REV_03501_C04,4.0,Food,Positive,Aspect: Food [SEP] MANY ITEMS WITH GOOD TASTE
REV_03501,REV_03501_C05,4.0,Price / Value,Positive,Aspect: Price / Value [SEP] AND LESS PRICE
REV_03504,REV_03504_C01,3.0,Food,Positive,Aspect: Food [SEP] good and tasty
REV_03518,REV_03518_C01,3.0,Service,Negative,Aspect: Service [SEP] worst hospitality they don't even have time to talk to us
REV_03522,REV_03522_C01,5.0,General Experience,Positive,Aspect: General Experience [SEP] nice rider very kind
REV_03530,REV_03530_C01,3.0,Food,Positive,Aspect: Food [SEP] A place for a better and Spicy Biryani in Gachibowli
REV_03530,REV_03530_C05,3.0,Ambience,Negative,Aspect: Ambience [SEP] The restaurant will not be crowded and one also cannot feel that ambience
REV_03540,REV_03540_C01,5.0,Food,Positive,Aspect: Food [SEP] I really had the best food experience in recent times
REV_03540,REV_03540_C01,5.0,General Experience,Positive,Aspect: General Experience [SEP] I really had the best food experience in recent times
REV_03540,REV_03540_C03,5.0,General Experience,Positive,Aspect: General Experience [SEP] Then this restaurant is a must visit
REV_03540,REV_03540_C05,5.0,Food,Positive,Aspect: Food [SEP] biryani delicious
REV_03544,REV_03544_C01,4.0,Ambience,Positive,Aspect: Ambience [SEP] Really impressed with the food and buffet price and good ambience
REV_03544,REV_03544_C01,4.0,Food,Positive,Aspect: Food [SEP] Really impressed with the food and buffet price and good ambience
REV_03544,REV_03544_C01,4.0,Price / Value,Positive,Aspect: Price / Value [SEP] Really impressed with the food and buffet price and good ambience
REV_03544,REV_03544_C03,4.0,General Experience,Positive,Aspect: General Experience [SEP] Looking forward to visit again
REV_03550,REV_03550_C01,5.0,Price / Value,Positive,Aspect: Price / Value [SEP] Best buffer in less price
REV_03550,REV_03550_C02,5.0,Price / Value,Positive,Aspect: Price / Value [SEP] The items available are good in this price range
REV_03550,REV_03550_C03,5.0,Food,Positive,Aspect: Food [SEP] Chicken biryani will be decent enough
REV_03550,REV_03550_C04,5.0,Food,Positive,Aspect: Food [SEP] Apollo fish and chicken starters are good
REV_03552,REV_03552_C03,3.0,Food,Positive,Aspect: Food [SEP] sweet in Taste
REV_03552,REV_03552_C05,3.0,Food,Positive,Aspect: Food [SEP] Paneer 65 and paneer majestic are good in taste
REV_03552,REV_03552_C07,3.0,Food,Positive,Aspect: Food [SEP] Rotis and butternans are very good here
REV_03552,REV_03552_C09,3.0,Food,Positive,Aspect: Food [SEP] not so spicy
REV_03552,REV_03552_C10,3.0,Food,Positive,Aspect: Food [SEP] tasted good
REV_03552,REV_03552_C12,3.0,Food,Negative,Aspect: Food [SEP] totally disappointed as the chicken was fried too much and biryani rice is okay in taste
REV_03552,REV_03552_C13,3.0,General Experience,Positive,Aspect: General Experience [SEP] Sides are good
REV_03552,REV_03552_C15,3.0,Service,Positive,Aspect: Service [SEP] Staffa nd service are good
REV_03552,REV_03552_C16,3.0,Food,Positive,Aspect: Food [SEP] Price s of dishes is reasonable
REV_03552,REV_03552_C16,3.0,Price / Value,Positive,Aspect: Price / Value [SEP] Price s of dishes is reasonable
REV_03562,REV_03562_C02,4.0,Price / Value,Positive,Aspect: Price / Value [SEP] Specially buffet is good they are providing varieties of item with less money
REV_03566,REV_03566_C02,4.0,Price / Value,Positive,Aspect: Price / Value [SEP] The restaurant is great value for money 🍱💵
REV_03566,REV_03566_C03,4.0,Food,Positive,Aspect: Food [SEP] Apart from combo the other dishes are also tasty
REV_03571,REV_03571_C06,2.0,Food,Positive,Aspect: Food [SEP] I mean neither food is spicy or tasty
REV_03580,REV_03580_C01,4.0,Food,Positive,Aspect: Food [SEP] Good quality food
REV_03582,REV_03582_C01,5.0,Food,Positive,Aspect: Food [SEP] The food was great especially the main course
REV_03582,REV_03582_C04,5.0,General Experience,Positive,Aspect: General Experience [SEP] A must try place for all
REV_03582,REV_03582_C05,5.0,Food,Positive,Aspect: Food [SEP] Cheap and tasty
REV_03582,REV_03582_C05,5.0,Price / Value,Positive,Aspect: Price / Value [SEP] Cheap and tasty
REV_03584,REV_03584_C02,4.0,Price / Value,Positive,Aspect: Price / Value [SEP] I feel that this place serves awesome buffet in very decent price
REV_03584,REV_03584_C06,4.0,General Experience,Positive,Aspect: General Experience [SEP] I loved their fish starter and gulabjamun in desert
REV_03584,REV_03584_C07,4.0,Ambience,Positive,Aspect: Ambience [SEP] Ambiance is good
REV_03604,REV_03604_C02,2.0,Ambience,Positive,Aspect: Ambience [SEP] The ambience was good
REV_03604,REV_03604_C03,2.0,Food,Negative,Aspect: Food [SEP] The food taste and dishes were below average
REV_03604,REV_03604_C05,2.0,Food,Positive,"Aspect: Food [SEP] For Veggie people's, I would recommend not to go this restaurant as they don't have items in Paneer and Mushroom in Veg"
REV_03604,REV_03604_C05,2.0,General Experience,Positive,"Aspect: General Experience [SEP] For Veggie people's, I would recommend not to go this restaurant as they don't have items in Paneer and Mushroom in Veg"
REV_03604,REV_03604_C08,2.0,Food,Positive,"Aspect: Food [SEP] Coconut Barfi, Ice cream was not at all special and seemed to be of low quality, The Pastries tasted as if they are preserved since many days"
REV_03604,REV_03604_C09,2.0,Price / Value,Negative,Aspect: Price / Value [SEP] Overall I would say the buffet is a waste of money in this restaurant
REV_03615,REV_03615_C01,1.0,Food,Negative,Aspect: Food [SEP] The last time i went to this restaurent the food was not so good as it was very salty and service was also very slow
REV_03615,REV_03615_C01,1.0,Service,Negative,Aspect: Service [SEP] The last time i went to this restaurent the food was not so good as it was very salty and service was also very slow
REV_03615,REV_03615_C03,1.0,Food,Negative,Aspect: Food [SEP] Then i called him again for the same reason then he finally got it replaced and gave me the new dish that was also pathetic
REV_03621,REV_03621_C01,4.0,General Experience,Positive,Aspect: General Experience [SEP] This place is a good place to go out with your family
REV_03621,REV_03621_C03,4.0,Ambience,Positive,Aspect: Ambience [SEP] ambience is quite good enough for its price
REV_03621,REV_03621_C03,4.0,Price / Value,Positive,Aspect: Price / Value [SEP] ambience is quite good enough for its price
REV_03623,REV_03623_C01,3.0,Price / Value,Negative,Aspect: Price / Value [SEP] Rate is a bit on the higher side
REV_03627,REV_03627_C01,1.0,Food,Negative,Aspect: Food [SEP] food was bad
REV_03627,REV_03627_C02,1.0,Food,Negative,Aspect: Food [SEP] and very less in quantity
REV_03638,REV_03638_C01,1.0,Food,Negative,Aspect: Food [SEP] The worst biryani i ever had in my life till date
REV_03638,REV_03638_C02,1.0,Food,Positive,"Aspect: Food [SEP] I am sure kritunga biryani tastes good, hope this is zomato fault they have delivered me a local biryani instead kritunga, theres no kritunga cover when i got it, it was packed in a normal cover"
REV_03638,REV_03638_C03,1.0,General Experience,Negative,Aspect: General Experience [SEP] The worst exp i had today
REV_03643,REV_03643_C01,4.0,Food,Positive,"Aspect: Food [SEP] Food for only spicy lovers , be careful my dear mild food people"
REV_03643,REV_03643_C02,4.0,Food,Positive,"Aspect: Food [SEP] Quantity was huge for one person if u r going with biryani, plan for two people"
REV_03648,REV_03648_C01,1.0,General Experience,Positive,Aspect: General Experience [SEP] I’ve been to other kritunga’s many times since 6 years and never was disappointed
REV_03648,REV_03648_C02,1.0,Food,Negative,Aspect: Food [SEP] Ragi sankati one of the benchmark dishes served by kritunga was bad and I’m hesitating to use the word worst
REV_03648,REV_03648_C02,1.0,Service,Negative,Aspect: Service [SEP] Ragi sankati one of the benchmark dishes served by kritunga was bad and I’m hesitating to use the word worst
REV_03648,REV_03648_C03,1.0,Food,Negative,Aspect: Food [SEP] Pulavs weren’t good either keema pulao was below average and veg pulao wasn’t properly cooked
REV_03648,REV_03648_C04,1.0,Service,Positive,Aspect: Service [SEP] After receiving the order and started eating waiter says they ran out of soft drinks which we ordered
REV_03648,REV_03648_C06,1.0,Food,Negative,Aspect: Food [SEP] not good food anymore”
REV_03650,REV_03650_C01,3.0,Food,Positive,Aspect: Food [SEP] Nice Andhra style spicy food in decent price
REV_03650,REV_03650_C01,3.0,Price / Value,Positive,Aspect: Price / Value [SEP] Nice Andhra style spicy food in decent price
REV_03650,REV_03650_C02,3.0,Food,Positive,Aspect: Food [SEP] Please don't visit of you don't like spicy food
REV_03666,REV_03666_C01,4.0,Food,Positive,Aspect: Food [SEP] I have been in kritunga it was awesome I have ordered Keema biryani it was delicious I give 5rating for services
REV_03672,REV_03672_C01,4.0,General Experience,Positive,Aspect: General Experience [SEP] good
REV_03673,REV_03673_C02,4.0,Food,Positive,Aspect: Food [SEP] Food was great
REV_03673,REV_03673_C03,4.0,Service,Negative,Aspect: Service [SEP] service was bit slow for my liking
REV_03673,REV_03673_C05,4.0,Price / Value,Positive,Aspect: Price / Value [SEP] Pricing was reasonable
REV_03685,REV_03685_C01,4.0,Food,Positive,Aspect: Food [SEP] too spicy
REV_03688,REV_03688_C01,5.0,Service,Positive,"Aspect: Service [SEP] Nice delivery boy good communication,Super"
REV_03691,REV_03691_C02,4.0,Food,Positive,Aspect: Food [SEP] but so spicy.__|__
REV_03696,REV_03696_C01,2.0,Food,Negative,Aspect: Food [SEP] no taste
REV_03711,REV_03711_C01,5.0,Service,Positive,Aspect: Service [SEP] very quick delivery
REV_03713,REV_03713_C01,3.0,Food,Positive,Aspect: Food [SEP] very fast delivery and food quality was better
REV_03713,REV_03713_C01,3.0,Service,Positive,Aspect: Service [SEP] very fast delivery and food quality was better
REV_03716,REV_03716_C01,5.0,General Experience,Positive,"Aspect: General Experience [SEP] Yesterday I was here with my two friends, it was raining and weather was amazing"
REV_03716,REV_03716_C03,5.0,Ambience,Positive,"Aspect: Ambience [SEP] It's a must go place guys, I would rather say best place for romantic couples, good view"
REV_03716,REV_03716_C04,5.0,Ambience,Positive,"Aspect: Ambience [SEP] ambience of the restaurant, good yummy yummy food and silent music"
REV_03716,REV_03716_C04,5.0,Food,Positive,"Aspect: Food [SEP] ambience of the restaurant, good yummy yummy food and silent music"
REV_03716,REV_03716_C05,5.0,Food,Positive,Aspect: Food [SEP] The manager and people who were serving here are so polite and humble to suggest food and drinks
REV_03716,REV_03716_C05,5.0,Service,Positive,Aspect: Service [SEP] The manager and people who were serving here are so polite and humble to suggest food and drinks
REV_03716,REV_03716_C06,5.0,General Experience,Positive,Aspect: General Experience [SEP] I would like to visit again soon
REV_03720,REV_03720_C06,3.0,Food,Positive,Aspect: Food [SEP] Chicken is not at all spicy
REV_03726,REV_03726_C04,4.0,Ambience,Positive,Aspect: Ambience [SEP] Ambience was really good
REV_03726,REV_03726_C07,4.0,Food,Positive,Aspect: Food [SEP] Food was good
REV_03726,REV_03726_C08,4.0,Food,Positive,Aspect: Food [SEP] a bit higher on the price looking at portion size
REV_03726,REV_03726_C08,4.0,Price / Value,Positive,Aspect: Price / Value [SEP] a bit higher on the price looking at portion size
REV_03726,REV_03726_C10,4.0,General Experience,Positive,Aspect: General Experience [SEP] The mocktails were nice
REV_03726,REV_03726_C13,4.0,General Experience,Positive,Aspect: General Experience [SEP] That's really good to see
REV_03726,REV_03726_C15,4.0,Food,Positive,Aspect: Food [SEP] They tasted good
REV_03726,REV_03726_C16,4.0,General Experience,Positive,Aspect: General Experience [SEP] Deserts were good
REV_03726,REV_03726_C18,4.0,General Experience,Positive,Aspect: General Experience [SEP] Overall nice experience
REV_03734,REV_03734_C02,5.0,Service,Positive,Aspect: Service [SEP] Staff was very courteous & proactive (special mention:- ankit & vishal)
REV_03734,REV_03734_C04,5.0,Ambience,Positive,Aspect: Ambience [SEP] The interior designing is another remarkable thing to notice
REV_03734,REV_03734_C10,5.0,General Experience,Positive,Aspect: General Experience [SEP] MUST VISIT
REV_03738,REV_03738_C02,5.0,Ambience,Positive,"Aspect: Ambience [SEP] With amazing music, perfect view of the golf course, beautiful seating arrangements and sophisticated ambience made the night worth remembering"
REV_03738,REV_03738_C02,5.0,Price / Value,Positive,"Aspect: Price / Value [SEP] With amazing music, perfect view of the golf course, beautiful seating arrangements and sophisticated ambience made the night worth remembering"
REV_03738,REV_03738_C03,5.0,Food,Positive,Aspect: Food [SEP] The New York cheesecake (with blueberry sauce) was good
REV_03738,REV_03738_C05,5.0,Food,Positive,"Aspect: Food [SEP] We ordered one pizza which, was quite filling and with generous amount of smoked and mozzarella cheese was enough for two"
REV_03738,REV_03738_C09,5.0,Food,Positive,Aspect: Food [SEP] This definitely made our night because it tasted so good
REV_03748,REV_03748_C01,1.0,Food,Positive,Aspect: Food [SEP] Can improve your main course and desserts spread
REV_03748,REV_03748_C03,1.0,Service,Negative,Aspect: Service [SEP] I am giving a 1 because one of your servers' behavior was bad in our office party
REV_03748,REV_03748_C05,1.0,Food,Positive,Aspect: Food [SEP] just because it's a soft drink
REV_03757,REV_03757_C03,5.0,Food,Positive,Aspect: Food [SEP] Food is served good
REV_03757,REV_03757_C03,5.0,Service,Positive,Aspect: Service [SEP] Food is served good
REV_03781,REV_03781_C01,4.0,Ambience,Positive,Aspect: Ambience [SEP] Great ambience
REV_03781,REV_03781_C02,4.0,Service,Positive,Aspect: Service [SEP] Very good service
REV_03781,REV_03781_C03,4.0,General Experience,Positive,Aspect: General Experience [SEP] Its a great place to go out with dates or family
REV_03793,REV_03793_C01,4.0,Ambience,Positive,"Aspect: Ambience [SEP] Ambience is great, so is the food"
REV_03793,REV_03793_C01,4.0,Food,Positive,"Aspect: Food [SEP] Ambience is great, so is the food"
REV_03793,REV_03793_C02,4.0,Service,Positive,Aspect: Service [SEP] Service is very fast
REV_03793,REV_03793_C03,4.0,Service,Positive,Aspect: Service [SEP] Serving people are very polite and are easily approachable
REV_03793,REV_03793_C04,4.0,Food,Positive,Aspect: Food [SEP] Food taste is great
REV_03793,REV_03793_C06,4.0,General Experience,Positive,"Aspect: General Experience [SEP] It would be good if there are some directions put up on the road, it was not easy to find through the map"
REV_03793,REV_03793_C07,4.0,General Experience,Positive,Aspect: General Experience [SEP] I would definitely visit again
REV_03801,REV_03801_C02,3.0,Food,Negative,"Aspect: Food [SEP] However the restaurant did not live up to the high expectations, considering the average food and slow service"
REV_03801,REV_03801_C02,3.0,Service,Negative,"Aspect: Service [SEP] However the restaurant did not live up to the high expectations, considering the average food and slow service"
REV_03801,REV_03801_C03,3.0,Service,Positive,Aspect: Service [SEP] The staff was courteous
REV_03801,REV_03801_C07,3.0,Ambience,Positive,Aspect: Ambience [SEP] Would recommend there to go for the evening view with friends for few drinks
REV_03801,REV_03801_C07,3.0,General Experience,Positive,Aspect: General Experience [SEP] Would recommend there to go for the evening view with friends for few drinks
REV_03812,REV_03812_C01,1.0,Food,Positive,Aspect: Food [SEP] Food and service everything is good
REV_03812,REV_03812_C01,1.0,Service,Positive,Aspect: Service [SEP] Food and service everything is good
REV_03816,REV_03816_C02,4.0,Food,Positive,Aspect: Food [SEP] Loved the food#Deli9
REV_03816,REV_03816_C04,4.0,Food,Positive,Aspect: Food [SEP] A bit overpriced with respect to quantity
REV_03816,REV_03816_C04,4.0,Price / Value,Positive,Aspect: Price / Value [SEP] A bit overpriced with respect to quantity
REV_03820,REV_03820_C01,5.0,Food,Positive,Aspect: Food [SEP] Awesome place with great taste
REV_03820,REV_03820_C01,5.0,General Experience,Positive,Aspect: General Experience [SEP] Awesome place with great taste
REV_03820,REV_03820_C04,5.0,General Experience,Positive,Aspect: General Experience [SEP] Sizzle rs were awesome
REV_03820,REV_03820_C05,5.0,Food,Positive,Aspect: Food [SEP] Desserts are tasty
REV_03820,REV_03820_C06,5.0,Ambience,Positive,Aspect: Ambience [SEP] Ambiance is great you might find prices a bit high
REV_03820,REV_03820_C06,5.0,Price / Value,Positive,Aspect: Price / Value [SEP] Ambiance is great you might find prices a bit high
REV_03826,REV_03826_C01,4.0,General Experience,Positive,Aspect: General Experience [SEP] It is a good place to eat
REV_03826,REV_03826_C03,4.0,Food,Negative,Aspect: Food [SEP] The food is a little expensive
REV_03826,REV_03826_C03,4.0,Price / Value,Negative,Aspect: Price / Value [SEP] The food is a little expensive
REV_03826,REV_03826_C05,4.0,Ambience,Positive,Aspect: Ambience [SEP] Ambience is good enough too
REV_03828,REV_03828_C04,2.0,Food,Negative,Aspect: Food [SEP] They changed their menu and the new taste is not worth it
REV_03828,REV_03828_C04,2.0,Price / Value,Negative,Aspect: Price / Value [SEP] They changed their menu and the new taste is not worth it
REV_03838,REV_03838_C02,4.0,Food,Positive,Aspect: Food [SEP] The food quality is good
REV_03838,REV_03838_C04,4.0,Food,Positive,"Aspect: Food [SEP] Overall, a nice place to have good food if not great :)"
REV_03838,REV_03838_C04,4.0,General Experience,Positive,"Aspect: General Experience [SEP] Overall, a nice place to have good food if not great :)"
REV_03842,REV_03842_C03,5.0,Service,Positive,Aspect: Service [SEP] staff super polite
REV_03858,REV_03858_C01,5.0,Food,Positive,"Aspect: Food [SEP] We were not that hungry, so we ordered veggie 9 burger and veg shawarma wrap and they were good"
REV_03858,REV_03858_C02,5.0,Ambience,Positive,Aspect: Ambience [SEP] Service was pretty quick and ambience was nice
REV_03858,REV_03858_C02,5.0,Service,Positive,Aspect: Service [SEP] Service was pretty quick and ambience was nice
REV_03860,REV_03860_C05,4.0,Price / Value,Positive,Aspect: Price / Value [SEP] Having the same standard stuff will become monotonous for regular customers because they are not very great
REV_03860,REV_03860_C07,4.0,General Experience,Positive,"Aspect: General Experience [SEP] Overall, I always had a good experience at this place"
REV_03860,REV_03860_C08,4.0,Service,Positive,Aspect: Service [SEP] Staff is friendly and patient
REV_03860,REV_03860_C09,4.0,Service,Positive,Aspect: Service [SEP] but not good at suggesting you what to order
REV_03878,REV_03878_C01,5.0,Ambience,Neutral,"Aspect: Ambience [SEP] Decent place to hangout and spend time , good food with a average ambience"
REV_03878,REV_03878_C01,5.0,Food,Neutral,"Aspect: Food [SEP] Decent place to hangout and spend time , good food with a average ambience"
REV_03878,REV_03878_C02,5.0,Ambience,Neutral,"Aspect: Ambience [SEP] Decent place to hangout and spend time , good food with a average ambience"
REV_03878,REV_03878_C02,5.0,Food,Neutral,"Aspect: Food [SEP] Decent place to hangout and spend time , good food with a average ambience"
REV_03880,REV_03880_C01,5.0,Ambience,Positive,Aspect: Ambience [SEP] Excellent place with very good ambiance
REV_03880,REV_03880_C02,5.0,Food,Positive,Aspect: Food [SEP] Great food and especially love the fact their portions are meant for one person so everyone can order what they want
REV_03880,REV_03880_C02,5.0,Service,Positive,Aspect: Service [SEP] Great food and especially love the fact their portions are meant for one person so everyone can order what they want
REV_03892,REV_03892_C03,5.0,Service,Positive,Aspect: Service [SEP] Very good service
REV_03892,REV_03892_C05,5.0,Food,Positive,Aspect: Food [SEP] the main course dishes combinations are good and evethng here to worth trying
REV_03892,REV_03892_C05,5.0,General Experience,Positive,Aspect: General Experience [SEP] the main course dishes combinations are good and evethng here to worth trying
REV_03892,REV_03892_C05,5.0,Price / Value,Positive,Aspect: Price / Value [SEP] the main course dishes combinations are good and evethng here to worth trying
REV_03900,REV_03900_C01,4.0,Food,Positive,Aspect: Food [SEP] Good place to have quick food to satisfy your taste buds
REV_03900,REV_03900_C01,4.0,General Experience,Positive,Aspect: General Experience [SEP] Good place to have quick food to satisfy your taste buds
REV_03900,REV_03900_C01,4.0,Service,Positive,Aspect: Service [SEP] Good place to have quick food to satisfy your taste buds
REV_03900,REV_03900_C02,4.0,Food,Positive,"Aspect: Food [SEP] Been there couple of times with some friends, every time the food is good"
REV_03904,REV_03904_C05,5.0,General Experience,Positive,Aspect: General Experience [SEP] A must visit place for hanging out
REV_03911,REV_03911_C01,5.0,Ambience,Positive,"Aspect: Ambience [SEP] Great ambience, great food"
REV_03911,REV_03911_C01,5.0,Food,Positive,"Aspect: Food [SEP] Great ambience, great food"
REV_03911,REV_03911_C03,5.0,Service,Positive,Aspect: Service [SEP] Easily accessible place with a friendly staff
REV_03914,REV_03914_C01,4.0,Ambience,Positive,"Aspect: Ambience [SEP] It's all about Food, a small and a ambience filled with memories and good times"
REV_03914,REV_03914_C01,4.0,Food,Positive,"Aspect: Food [SEP] It's all about Food, a small and a ambience filled with memories and good times"
REV_03914,REV_03914_C05,4.0,Food,Positive,Aspect: Food [SEP] we like to sit back over the amazing Orange Frioska that they whip up and the Mangalore Fried Chicken
REV_03914,REV_03914_C06,4.0,Food,Positive,"Aspect: Food [SEP] Deli9 bistro has some amazing cakes, Burgers and a whole lot of varities to choose from the Menu"
REV_03914,REV_03914_C07,4.0,General Experience,Positive,Aspect: General Experience [SEP] A Must Visit place
REV_03916,REV_03916_C01,5.0,Food,Positive,Aspect: Food [SEP] One of my favorite restaurants in the locality
REV_03916,REV_03916_C02,5.0,Food,Positive,Aspect: Food [SEP] Great food
REV_03916,REV_03916_C03,5.0,Ambience,Positive,Aspect: Ambience [SEP] Good interiors and good service
REV_03916,REV_03916_C03,5.0,Service,Positive,Aspect: Service [SEP] Good interiors and good service
REV_03916,REV_03916_C04,5.0,Food,Positive,Aspect: Food [SEP] I love their set of menu
REV_03916,REV_03916_C05,5.0,Food,Positive,"Aspect: Food [SEP] The quality, portion size and the taste of food never disappoints"
REV_03920,REV_03920_C02,5.0,Food,Positive,Aspect: Food [SEP] Satisfied with every dish and there are so yummy
REV_03920,REV_03920_C03,5.0,Food,Positive,"Aspect: Food [SEP] We tried club chilly cheese toast,mezze platter,florenten garden,spicy tomato arabiatta,signature mushroom risoto and"
REV_03920,REV_03920_C05,5.0,General Experience,Positive,Aspect: General Experience [SEP] Every thing is great and unique
REV_03920,REV_03920_C06,5.0,Food,Positive,Aspect: Food [SEP] It is not the place for spicy lovers
REV_03920,REV_03920_C07,5.0,Food,Positive,Aspect: Food [SEP] U should visit this place to taste unique and delicious food
REV_03920,REV_03920_C08,5.0,Ambience,Positive,Aspect: Ambience [SEP] Love the ambience too
REV_03934,REV_03934_C01,4.0,Ambience,Positive,Aspect: Ambience [SEP] Food and ambience was great
REV_03934,REV_03934_C01,4.0,Food,Positive,Aspect: Food [SEP] Food and ambience was great
REV_03934,REV_03934_C02,4.0,Service,Negative,Aspect: Service [SEP] But the service was a little bit on the lower side as the person was a bit rude with us
REV_03934,REV_03934_C03,4.0,General Experience,Positive,Aspect: General Experience [SEP] Overall we loved this place ❤️ and it made my bday awesome
REV_03938,REV_03938_C01,4.0,Food,Positive,Aspect: Food [SEP] Very good quality food
REV_03938,REV_03938_C02,4.0,Food,Positive,Aspect: Food [SEP] I tasted the Baby Back Ribs here and they were delicious
REV_03938,REV_03938_C07,4.0,Food,Positive,"Aspect: Food [SEP] Food-wise, a must visit"
REV_03938,REV_03938_C07,4.0,General Experience,Positive,"Aspect: General Experience [SEP] Food-wise, a must visit"
REV_03947,REV_03947_C03,5.0,Ambience,Positive,"Aspect: Ambience [SEP] The place is very cozy and always full of nice, friendly people"
REV_03947,REV_03947_C03,5.0,Service,Positive,"Aspect: Service [SEP] The place is very cozy and always full of nice, friendly people"
REV_03960,REV_03960_C02,2.0,General Experience,Negative,Aspect: General Experience [SEP] But disappointed
REV_03960,REV_03960_C03,2.0,Food,Negative,"Aspect: Food [SEP] Talking about food , the taste was below average"
REV_03960,REV_03960_C04,2.0,Food,Positive,Aspect: Food [SEP] We ordered Pasta and pizzas both were not at all good
REV_03960,REV_03960_C05,2.0,Ambience,Positive,Aspect: Ambience [SEP] The only thing which i liked about this place is the Ambience
REV_03960,REV_03960_C06,2.0,General Experience,Positive,Aspect: General Experience [SEP] It's very decent
REV_03960,REV_03960_C09,2.0,General Experience,Positive,Aspect: General Experience [SEP] Overall Below average experience
REV_03963,REV_03963_C01,5.0,General Experience,Positive,Aspect: General Experience [SEP] Awesome place
REV_03963,REV_03963_C02,5.0,Food,Positive,Aspect: Food [SEP] Food is great and so is the service
REV_03963,REV_03963_C02,5.0,Service,Positive,Aspect: Service [SEP] Food is great and so is the service
REV_03963,REV_03963_C03,5.0,Ambience,Positive,Aspect: Ambience [SEP] Nice view
REV_03965,REV_03965_C07,5.0,Food,Positive,Aspect: Food [SEP] These two dishes have been my favorite and most recommend tough have tried other dishes as well
REV_03965,REV_03965_C07,5.0,General Experience,Positive,Aspect: General Experience [SEP] These two dishes have been my favorite and most recommend tough have tried other dishes as well
REV_03965,REV_03965_C08,5.0,Price / Value,Positive,Aspect: Price / Value [SEP] A friendly staff and zomato gold is a value addition to this place
REV_03965,REV_03965_C08,5.0,Service,Positive,Aspect: Service [SEP] A friendly staff and zomato gold is a value addition to this place
REV_03979,REV_03979_C01,5.0,Ambience,Positive,Aspect: Ambience [SEP] The place is not too huge or classy
REV_03979,REV_03979_C02,5.0,Food,Positive,Aspect: Food [SEP] it is good enough to have a nice peaceful meal
REV_03981,REV_03981_C02,4.0,Food,Positive,Aspect: Food [SEP] We have tried a pizza and ravioli here which was so good
REV_03981,REV_03981_C04,4.0,Ambience,Positive,Aspect: Ambience [SEP] The place has a good ambience
REV_03993,REV_03993_C04,4.0,Food,Positive,Aspect: Food [SEP] Nice variety of international cuisine and deserts
REV_04005,REV_04005_C01,4.0,General Experience,Positive,Aspect: General Experience [SEP] It is a good place
REV_04005,REV_04005_C02,4.0,Food,Positive,Aspect: Food [SEP] Food was good
REV_04005,REV_04005_C03,4.0,Food,Positive,Aspect: Food [SEP] They can increase quantity little bit
REV_04005,REV_04005_C04,4.0,Service,Positive,Aspect: Service [SEP] Service was fast enough
REV_04005,REV_04005_C05,4.0,Ambience,Positive,Aspect: Ambience [SEP] Ambience is good
REV_04005,REV_04005_C06,4.0,General Experience,Positive,Aspect: General Experience [SEP] Overall we liked the place
REV_04012,REV_04012_C01,5.0,General Experience,Positive,Aspect: General Experience [SEP] Very Awesome place for people who loves the Continentals with European
REV_04012,REV_04012_C03,5.0,Food,Positive,Aspect: Food [SEP] My favorite here is English Chese Balls and chese cake
REV_04014,REV_04014_C02,4.0,Food,Positive,Aspect: Food [SEP] Whenever feel like having good Italian food I come over this place and try different dishes
REV_04014,REV_04014_C03,4.0,Food,Positive,"Aspect: Food [SEP] I love their garlic breads , pasta , thin crust pizza , some rice items etc etc"
REV_04014,REV_04014_C04,4.0,Food,Positive,Aspect: Food [SEP] if you love Italian food and cheesy food this is the must try place here
REV_04014,REV_04014_C04,4.0,General Experience,Positive,Aspect: General Experience [SEP] if you love Italian food and cheesy food this is the must try place here
REV_04014,REV_04014_C05,4.0,General Experience,Positive,"Aspect: General Experience [SEP] Recommendation : Do try the blueberry cheese cake (got it eggless here😀) , its really awesome"
REV_04014,REV_04014_C07,4.0,Ambience,Positive,Aspect: Ambience [SEP] Ambiance : 4.0
REV_04014,REV_04014_C08,4.0,Food,Positive,Aspect: Food [SEP] Food : 4.0
REV_04014,REV_04014_C09,4.0,Service,Positive,Aspect: Service [SEP] Service : 4.0
REV_04014,REV_04014_C10,4.0,General Experience,Positive,Aspect: General Experience [SEP] Keep it up👍
REV_04020,REV_04020_C01,5.0,Food,Positive,Aspect: Food [SEP] Totally loved the cookies
REV_04020,REV_04020_C02,5.0,Price / Value,Positive,Aspect: Price / Value [SEP] Amazing cookies with affordable price
REV_04020,REV_04020_C04,5.0,General Experience,Positive,Aspect: General Experience [SEP] Loved them all
REV_04026,REV_04026_C01,5.0,Food,Positive,Aspect: Food [SEP] They had a really amazing burger with a very different taste than usual
REV_04047,REV_04047_C02,1.0,Food,Positive,Aspect: Food [SEP] pastry is not juicy
REV_04047,REV_04047_C03,1.0,Food,Negative,Aspect: Food [SEP] sandwiches are worst here no taste at all
REV_04047,REV_04047_C05,1.0,Price / Value,Positive,"Aspect: Price / Value [SEP] Prices are high , can be lower"
REV_04049,REV_04049_C02,4.0,General Experience,Positive,Aspect: General Experience [SEP] Nice collection of cakes for any events
REV_04051,REV_04051_C04,5.0,Price / Value,Positive,Aspect: Price / Value [SEP] All the items here are pretty good and pocket friendly
REV_04051,REV_04051_C04,5.0,Service,Positive,Aspect: Service [SEP] All the items here are pretty good and pocket friendly
REV_04051,REV_04051_C05,5.0,Food,Positive,Aspect: Food [SEP] My favourite items from this place are:
REV_04051,REV_04051_C06,5.0,Food,Positive,Aspect: Food [SEP] 1) Karachi special pizza 2) Chocolate truffle and fruit cake 3) Creamy Alfredo pasta 4) Chocolate shake 5) Vegetable garden sandwich
REV_04061,REV_04061_C01,1.0,Food,Negative,"Aspect: Food [SEP] it was one of the worst food I had, burger buns were old and so hard, absolutely uneatable, the fried rice was uncooked, again uneatable"
REV_04061,REV_04061_C02,1.0,General Experience,Negative,Aspect: General Experience [SEP] worst experience ever
REV_04061,REV_04061_C04,1.0,Food,Negative,Aspect: Food [SEP] food is pathetic
REV_04061,REV_04061_C05,1.0,General Experience,Positive,Aspect: General Experience [SEP] however zomato has been good
REV_04071,REV_04071_C01,4.0,General Experience,Positive,Aspect: General Experience [SEP] Nice
REV_04077,REV_04077_C01,5.0,Service,Positive,Aspect: Service [SEP] Good behavior of the delivery guy
REV_04084,REV_04084_C01,5.0,Food,Positive,Aspect: Food [SEP] cake was yummy
REV_04086,REV_04086_C01,5.0,General Experience,Positive,Aspect: General Experience [SEP] Awesome
REV_04089,REV_04089_C01,5.0,Service,Positive,Aspect: Service [SEP] on time delivery
REV_04097,REV_04097_C01,1.0,Food,Negative,Aspect: Food [SEP] Worst taste
REV_04098,REV_04098_C02,3.0,Food,Negative,"Aspect: Food [SEP] Stale broccoli, don't know what kind of sauce they used for it"
REV_04102,REV_04102_C01,4.0,General Experience,Positive,Aspect: General Experience [SEP] Want good back grounds for a retro themed photoshoot and
REV_04102,REV_04102_C02,4.0,Food,Positive,"Aspect: Food [SEP] you’re at it , munch on some delicious food"
REV_04102,REV_04102_C07,4.0,Food,Positive,Aspect: Food [SEP] •Chicken pesto sandwich- The sandwiches have a filling of chicken marinated in pesto sauce along with cucumbers and tomatoes
REV_04102,REV_04102_C11,4.0,Food,Positive,"Aspect: Food [SEP] Filled with fresh cream, melted butter and a layer of white sugar, it’s literally addictive"
REV_04102,REV_04102_C13,4.0,Food,Negative,Aspect: Food [SEP] •Cold coffee- The beverage wasn’t cold or strong enough to be called as cold coffee in the first place
REV_04102,REV_04102_C14,4.0,Food,Negative,Aspect: Food [SEP] Would not recommend this drink
REV_04102,REV_04102_C14,4.0,General Experience,Negative,Aspect: General Experience [SEP] Would not recommend this drink
REV_04102,REV_04102_C15,4.0,Food,Positive,Aspect: Food [SEP] •Irani chai- generally Irani chai is suppose to be milky and sweet
REV_04102,REV_04102_C19,4.0,Ambience,Positive,"Aspect: Ambience [SEP] Ambience: Every wall is decorated with vintage posters, articles and artwork, the front panel of the cafe is made of glass which gives a beautiful glowing effect to the space and the green plants add to its beauty"
REV_04108,REV_04108_C01,4.0,Ambience,Positive,Aspect: Ambience [SEP] This place has a eye catching ambience
REV_04108,REV_04108_C02,4.0,Service,Positive,"Aspect: Service [SEP] A small cafe that is best for a quick meeting, short break etc"
REV_04108,REV_04108_C03,4.0,Food,Positive,Aspect: Food [SEP] I tried the pasta that was a bit spicy
REV_04108,REV_04108_C04,4.0,Food,Positive,Aspect: Food [SEP] good in taste
REV_04110,REV_04110_C02,5.0,Food,Positive,Aspect: Food [SEP] Loved their pasta and the jam roll was wow
REV_04116,REV_04116_C01,5.0,Ambience,Positive,"Aspect: Ambience [SEP] Love the ambience, has a rustic feel to it"
REV_04116,REV_04116_C03,5.0,Service,Positive,Aspect: Service [SEP] The service is good
REV_04120,REV_04120_C01,5.0,Food,Positive,Aspect: Food [SEP] Vibrant colors and delicious food
REV_04120,REV_04120_C03,5.0,Ambience,Negative,Aspect: Ambience [SEP] The combination of raw and retro ambience will leave you mesmerized
REV_04129,REV_04129_C02,2.0,Food,Neutral,"Aspect: Food [SEP] But I didnt like the food over there, it was average"
REV_04138,REV_04138_C03,5.0,Service,Positive,Aspect: Service [SEP] The staff is really courteous
REV_04138,REV_04138_C05,5.0,Ambience,Positive,Aspect: Ambience [SEP] Love the ambience of the place
REV_04142,REV_04142_C01,3.0,General Experience,Positive,Aspect: General Experience [SEP] Nice place to go for a casual snacks and smoothies
REV_04142,REV_04142_C04,3.0,Ambience,Positive,Aspect: Ambience [SEP] Dinning space is very good
REV_04152,REV_04152_C04,3.0,Service,Positive,Aspect: Service [SEP] However delivery was quite quick ordered from swiggy
REV_04161,REV_04161_C04,4.0,Service,Positive,Aspect: Service [SEP] Service is also good with prompt and courteous staff
REV_04161,REV_04161_C05,4.0,Food,Positive,"Aspect: Food [SEP] Food presentation is good and taste wise, can't say much as we only tried the Irani chai (which was really good)"
REV_04161,REV_04161_C06,4.0,General Experience,Positive,"Aspect: General Experience [SEP] Overall, a really good experience"
REV_04163,REV_04163_C01,4.0,Price / Value,Positive,Aspect: Price / Value [SEP] It was a payday and was looking for pocket friendly restaurant in Indira Nagar area when we encountered Karachi Cafe
REV_04163,REV_04163_C01,4.0,Service,Positive,Aspect: Service [SEP] It was a payday and was looking for pocket friendly restaurant in Indira Nagar area when we encountered Karachi Cafe
REV_04163,REV_04163_C10,4.0,Food,Positive,Aspect: Food [SEP] Chicken Kabiraji was so tender and delectable that you will just forget about the surroundings and will just relish the flavour of kasundi with the awesomely fried cutlets dipped in beaten egg
REV_04163,REV_04163_C14,4.0,Food,Positive,Aspect: Food [SEP] The quantity was great for two
REV_04163,REV_04163_C15,4.0,General Experience,Positive,Aspect: General Experience [SEP] I would suggest to visit this place with good hopes and do try other items on the list
REV_04163,REV_04163_C16,4.0,Ambience,Positive,Aspect: Ambience [SEP] Ambience: 4.5/5
REV_04163,REV_04163_C17,4.0,Food,Positive,Aspect: Food [SEP] Food: 4/5
REV_04163,REV_04163_C18,4.0,Price / Value,Positive,Aspect: Price / Value [SEP] Budget: Pocket Friendly
REV_04163,REV_04163_C18,4.0,Service,Positive,Aspect: Service [SEP] Budget: Pocket Friendly
REV_04163,REV_04163_C19,4.0,Service,Positive,Aspect: Service [SEP] Service: 4/5
REV_04174,REV_04174_C06,5.0,Service,Positive,Aspect: Service [SEP] The staff is extremely courteous
REV_04174,REV_04174_C10,5.0,Food,Positive,Aspect: Food [SEP] and a sweet lime juice
REV_04174,REV_04174_C11,5.0,Food,Positive,Aspect: Food [SEP] Everything tastes delicious
REV_04174,REV_04174_C13,5.0,Price / Value,Negative,Aspect: Price / Value [SEP] and the prices are a bit on the higher side
REV_04174,REV_04174_C14,5.0,General Experience,Positive,Aspect: General Experience [SEP] but all in all it's totally worth it
REV_04174,REV_04174_C14,5.0,Price / Value,Positive,Aspect: Price / Value [SEP] but all in all it's totally worth it
REV_04196,REV_04196_C02,4.0,Service,Positive,Aspect: Service [SEP] Order from this amazing little eatery
REV_04196,REV_04196_C05,4.0,Food,Positive,Aspect: Food [SEP] Not to mention the place also whips up some amazing shawarma and rice combos
REV_04196,REV_04196_C12,4.0,Food,Positive,Aspect: Food [SEP] But still manages to be one of the best eggless pancakes joint for me
REV_04206,REV_04206_C01,1.0,Food,Positive,Aspect: Food [SEP] Ordered for brownie which was completely dry and was not fresh at all
REV_04206,REV_04206_C02,1.0,Food,Positive,Aspect: Food [SEP] Choco banana Waffle was okay not so good
REV_04206,REV_04206_C03,1.0,Food,Positive,Aspect: Food [SEP] They send the food in big box which looks like will have good quantity
REV_04208,REV_04208_C01,3.0,Service,Positive,Aspect: Service [SEP] Best place to order pan cakes in town
REV_04208,REV_04208_C02,3.0,Food,Positive,Aspect: Food [SEP] I have tried the pan cake with maple syrup and I must confess it was really good
REV_04208,REV_04208_C03,3.0,Price / Value,Positive,Aspect: Price / Value [SEP] The price is also reasonable
REV_04218,REV_04218_C01,4.0,Food,Positive,Aspect: Food [SEP] Food is a bit spicy
REV_04218,REV_04218_C02,4.0,Food,Positive,Aspect: Food [SEP] Otherwise it's quite good and tasty
REV_04218,REV_04218_C03,4.0,Food,Positive,Aspect: Food [SEP] Chicken popcorn were very good and the chicken was soft
REV_04218,REV_04218_C04,4.0,Food,Positive,Aspect: Food [SEP] The rice bowl had a nice combination of ingredients
REV_04237,REV_04237_C03,1.0,General Experience,Negative,"Aspect: General Experience [SEP] Expected a lot more, disappointed"
REV_04239,REV_04239_C03,1.0,General Experience,Negative,Aspect: General Experience [SEP] Had a very bad first experience of the restaurant
REV_04241,REV_04241_C02,1.0,Food,Negative,Aspect: Food [SEP] The fries were damp and cold
REV_04259,REV_04259_C02,5.0,General Experience,Positive,Aspect: General Experience [SEP] and that was really good
REV_04259,REV_04259_C03,5.0,General Experience,Positive,Aspect: General Experience [SEP] The Shawarma is also pretty good
REV_04259,REV_04259_C05,5.0,Food,Positive,Aspect: Food [SEP] but the mini waffle is decent
REV_04261,REV_04261_C01,5.0,General Experience,Positive,Aspect: General Experience [SEP] We visited this place with my friends the place was full with the monster posters the best place for hangout with friends and we recommend this place to all foodies
REV_04272,REV_04272_C01,3.0,Food,Negative,Aspect: Food [SEP] The food was cold
REV_04295,REV_04295_C01,1.0,Service,Negative,Aspect: Service [SEP] Worst service
REV_04295,REV_04295_C02,1.0,Food,Negative,Aspect: Food [SEP] food is not good
REV_04295,REV_04295_C03,1.0,Service,Positive,Aspect: Service [SEP] And people are not polite here
REV_04295,REV_04295_C04,1.0,Service,Negative,Aspect: Service [SEP] Very slow service
REV_04295,REV_04295_C06,1.0,General Experience,Positive,Aspect: General Experience [SEP] Only appearance is good
REV_04305,REV_04305_C01,4.0,Food,Positive,Aspect: Food [SEP] Food here is really good
REV_04305,REV_04305_C03,4.0,General Experience,Positive,Aspect: General Experience [SEP] But in all i had a good time there
REV_04313,REV_04313_C02,4.0,Service,Positive,Aspect: Service [SEP] the service was good
REV_04313,REV_04313_C03,4.0,Ambience,Positive,Aspect: Ambience [SEP] Ambiance is quite good
REV_04313,REV_04313_C04,4.0,Food,Positive,Aspect: Food [SEP] the food is worth the price
REV_04313,REV_04313_C04,4.0,Price / Value,Positive,Aspect: Price / Value [SEP] the food is worth the price
REV_04313,REV_04313_C07,4.0,General Experience,Positive,Aspect: General Experience [SEP] Otherwise a good experience
REV_04317,REV_04317_C01,4.0,Ambience,Positive,"Aspect: Ambience [SEP] They have a good amount of space with decent ambience for large gathering, dance floor and a value for price"
REV_04317,REV_04317_C01,4.0,Price / Value,Positive,"Aspect: Price / Value [SEP] They have a good amount of space with decent ambience for large gathering, dance floor and a value for price"
REV_04317,REV_04317_C03,4.0,Food,Negative,Aspect: Food [SEP] 🙃 I do hate their spicy potato starter as it just burns your taste buds
REV_04317,REV_04317_C04,4.0,Food,Positive,Aspect: Food [SEP] Service is also good and I love their all 99 Tuesday menu for starters and drinks as it’s all the worth
REV_04317,REV_04317_C04,4.0,Price / Value,Positive,Aspect: Price / Value [SEP] Service is also good and I love their all 99 Tuesday menu for starters and drinks as it’s all the worth
REV_04317,REV_04317_C04,4.0,Service,Positive,Aspect: Service [SEP] Service is also good and I love their all 99 Tuesday menu for starters and drinks as it’s all the worth
REV_04317,REV_04317_C06,4.0,Food,Positive,Aspect: Food [SEP] 4 🌟 mostly because the value for tasty food is worth it
REV_04317,REV_04317_C06,4.0,Price / Value,Positive,Aspect: Price / Value [SEP] 4 🌟 mostly because the value for tasty food is worth it
REV_04321,REV_04321_C03,1.0,Food,Positive,"Aspect: Food [SEP] The quality is also not fresh, they are smelly"
REV_04327,REV_04327_C01,1.0,Food,Negative,Aspect: Food [SEP] The food's really below average
REV_04327,REV_04327_C03,1.0,Service,Positive,Aspect: Service [SEP] The service is not at all good
REV_04327,REV_04327_C05,1.0,Food,Negative,"Aspect: Food [SEP] If you are planning to go to this place for food, it's really a horrible idea.👎👎👎"
REV_04336,REV_04336_C09,3.0,Ambience,Positive,Aspect: Ambience [SEP] Ambience is good
REV_04358,REV_04358_C01,5.0,Ambience,Positive,"Aspect: Ambience [SEP] A suppper amazing place with a great food, great music and a beautiful dim light ambience 💕 I went to this place with my friends on my birthday and enjoyed alot"
REV_04358,REV_04358_C01,5.0,Food,Positive,"Aspect: Food [SEP] A suppper amazing place with a great food, great music and a beautiful dim light ambience 💕 I went to this place with my friends on my birthday and enjoyed alot"
REV_04358,REV_04358_C01,5.0,General Experience,Positive,"Aspect: General Experience [SEP] A suppper amazing place with a great food, great music and a beautiful dim light ambience 💕 I went to this place with my friends on my birthday and enjoyed alot"
REV_04358,REV_04358_C02,5.0,Ambience,Positive,Aspect: Ambience [SEP] They had a very good DJ
REV_04358,REV_04358_C03,5.0,Food,Positive,Aspect: Food [SEP] Their crispy corns and munchurian is super tasty
REV_04358,REV_04358_C04,5.0,General Experience,Positive,Aspect: General Experience [SEP] A must visit place for all
REV_04380,REV_04380_C01,1.0,Food,Negative,"Aspect: Food [SEP] Pathetic food, slow service, extremely spicy food"
REV_04380,REV_04380_C01,1.0,Service,Negative,"Aspect: Service [SEP] Pathetic food, slow service, extremely spicy food"
REV_04380,REV_04380_C04,1.0,Food,Negative,Aspect: Food [SEP] Even the fruits were stale
REV_04391,REV_04391_C01,5.0,Ambience,Positive,"Aspect: Ambience [SEP] Ambience- Very relaxing seething and decoration are good ,"
REV_04391,REV_04391_C08,5.0,Service,Positive,Aspect: Service [SEP] Service was very good and impressive👍👏
REV_04391,REV_04391_C09,5.0,Food,Positive,"Aspect: Food [SEP] Now coming to food all the dishes are awesome, Good taste and rich quality"
REV_04391,REV_04391_C10,5.0,Price / Value,Positive,Aspect: Price / Value [SEP] Total value for money
REV_04393,REV_04393_C03,3.0,Food,Positive,Aspect: Food [SEP] and Barbeque Nation- that swing for the fences and end up failing many times- this place has hit a sweet balance between Hospitality and Taste
REV_04393,REV_04393_C03,3.0,Service,Positive,Aspect: Service [SEP] and Barbeque Nation- that swing for the fences and end up failing many times- this place has hit a sweet balance between Hospitality and Taste
REV_04393,REV_04393_C07,3.0,Food,Positive,Aspect: Food [SEP] The starters are awesome here
REV_04393,REV_04393_C17,3.0,Food,Positive,"Aspect: Food [SEP] The desserts are neither too sweet, nor too rich"
REV_04393,REV_04393_C21,3.0,Price / Value,Positive,Aspect: Price / Value [SEP] Definitely worth one visit
REV_04395,REV_04395_C01,3.0,Food,Positive,Aspect: Food [SEP] Veg biryani they serve here is too good and loved it
REV_04395,REV_04395_C01,3.0,Service,Positive,Aspect: Service [SEP] Veg biryani they serve here is too good and loved it
REV_04405,REV_04405_C01,1.0,Ambience,Negative,"Aspect: Ambience [SEP] Today I have received worst biryani, getting some smell, previously I have ordered so many times then it was good, today I don't know what happened"
REV_04405,REV_04405_C01,1.0,Food,Negative,"Aspect: Food [SEP] Today I have received worst biryani, getting some smell, previously I have ordered so many times then it was good, today I don't know what happened"
REV_04407,REV_04407_C01,2.0,Ambience,Negative,"Aspect: Ambience [SEP] The waiters are super slow, the cutlery used in the restaurant are not even clean"
REV_04407,REV_04407_C01,2.0,Service,Negative,"Aspect: Service [SEP] The waiters are super slow, the cutlery used in the restaurant are not even clean"
REV_04407,REV_04407_C10,2.0,Food,Positive,"Aspect: Food [SEP] This place, if it has a target of surviving,needs to improve a lot in terms of food taste, consistency"
REV_04424,REV_04424_C04,5.0,Ambience,Positive,Aspect: Ambience [SEP] food is clean and fresh
REV_04424,REV_04424_C04,5.0,Food,Positive,Aspect: Food [SEP] food is clean and fresh
REV_04424,REV_04424_C06,5.0,General Experience,Positive,Aspect: General Experience [SEP] Good luck and keep going
REV_04426,REV_04426_C04,1.0,Service,Positive,Aspect: Service [SEP] Even after waiting for hours management doesn't respond
REV_04426,REV_04426_C05,1.0,Price / Value,Negative,"Aspect: Price / Value [SEP] If you want to waste money and time,"
REV_04427,REV_04427_C01,5.0,Service,Positive,Aspect: Service [SEP] excellent delivery in time
REV_04441,REV_04441_C01,3.0,Food,Positive,Aspect: Food [SEP] Ordered Chicken russian salad and chicken hot and sour soup
REV_04441,REV_04441_C02,3.0,Food,Positive,"Aspect: Food [SEP] Soup is ok ok, nothing special"
REV_04449,REV_04449_C01,5.0,General Experience,Positive,Aspect: General Experience [SEP] nice
REV_04452,REV_04452_C01,1.0,Food,Negative,Aspect: Food [SEP] Pathetic food
REV_04452,REV_04452_C03,1.0,Food,Positive,"Aspect: Food [SEP] Rice is not fried, it’s just over red in color, no schezuan flavour at all, hardly any mushrooms that too not fresh, not even salt was added"
REV_04463,REV_04463_C01,5.0,Service,Positive,Aspect: Service [SEP] very nice service from delivery guy
REV_04466,REV_04466_C01,5.0,Service,Positive,Aspect: Service [SEP] nice conversation vth delivery person
REV_04479,REV_04479_C03,1.0,General Experience,Positive,Aspect: General Experience [SEP] The so called special 'Raju gari Pulao' was just a nightmare
REV_04479,REV_04479_C04,1.0,General Experience,Negative,Aspect: General Experience [SEP] Don't recommend to anyone
REV_04483,REV_04483_C01,4.0,Service,Positive,Aspect: Service [SEP] One of the best place to serve Andhra delicacies in Hyderabad
REV_04483,REV_04483_C04,4.0,Price / Value,Negative,Aspect: Price / Value [SEP] Little expensive I must say
REV_04483,REV_04483_C05,4.0,General Experience,Positive,Aspect: General Experience [SEP] Overall good place
REV_04491,REV_04491_C01,4.0,Price / Value,Positive,Aspect: Price / Value [SEP] Undoubtedly pocket friendly place
REV_04491,REV_04491_C01,4.0,Service,Positive,Aspect: Service [SEP] Undoubtedly pocket friendly place
REV_04491,REV_04491_C04,4.0,Food,Positive,Aspect: Food [SEP] We also had curd cutlet which was super yummy
REV_04497,REV_04497_C01,3.0,Ambience,Positive,Aspect: Ambience [SEP] Rustic ambience was good
REV_04497,REV_04497_C02,3.0,Food,Neutral,Aspect: Food [SEP] The prawn and crispy veg starters were very average
REV_04497,REV_04497_C03,3.0,Food,Positive,Aspect: Food [SEP] The Andra style curry was good
REV_04497,REV_04497_C04,3.0,Food,Positive,Aspect: Food [SEP] Complimentary laddoo tasted yummy
REV_04497,REV_04497_C05,3.0,General Experience,Positive,Aspect: General Experience [SEP] Overall decent place
REV_04497,REV_04497_C06,3.0,Food,Positive,Aspect: Food [SEP] nothing amazing as far as the food is concerned
REV_04501,REV_04501_C01,5.0,Food,Positive,Aspect: Food [SEP] Heaven for people who love Spicy Food
REV_04501,REV_04501_C02,5.0,Food,Positive,Aspect: Food [SEP] Head here if you have spicy non-veg craving
REV_04504,REV_04504_C01,5.0,Food,Positive,Aspect: Food [SEP] A lot of people suggested this place for some real spicy food
REV_04504,REV_04504_C05,5.0,Food,Positive,Aspect: Food [SEP] Coming the food this tile we we're welcomed with some ghee Mysore pak (yummy)
REV_04504,REV_04504_C06,5.0,Food,Positive,"Aspect: Food [SEP] The staff is really helpful in giving suggestions so we ordered a chicken, fish and mutton biryani /pulao"
REV_04504,REV_04504_C06,5.0,Service,Positive,"Aspect: Service [SEP] The staff is really helpful in giving suggestions so we ordered a chicken, fish and mutton biryani /pulao"
REV_04504,REV_04504_C07,5.0,Food,Positive,"Aspect: Food [SEP] Delicious , full of masalas and tasty"
REV_04506,REV_04506_C01,5.0,Ambience,Positive,Aspect: Ambience [SEP] Great decor
REV_04506,REV_04506_C04,5.0,Food,Positive,Aspect: Food [SEP] Excellent service and a nice place to enjoy food with family
REV_04506,REV_04506_C04,5.0,General Experience,Positive,Aspect: General Experience [SEP] Excellent service and a nice place to enjoy food with family
REV_04506,REV_04506_C04,5.0,Service,Positive,Aspect: Service [SEP] Excellent service and a nice place to enjoy food with family
REV_04520,REV_04520_C09,3.0,Service,Negative,Aspect: Service [SEP] Service is little slow and messy
REV_04520,REV_04520_C11,3.0,Food,Positive,Aspect: Food [SEP] Good place to try the authentic Andhra dishes
REV_04520,REV_04520_C11,3.0,General Experience,Positive,Aspect: General Experience [SEP] Good place to try the authentic Andhra dishes
REV_04522,REV_04522_C01,4.0,Food,Positive,"Aspect: Food [SEP] Wanted to have some good authentic Andhra food and Ulavacharu didn’t disappoint me , loved the food even"
REV_04522,REV_04522_C02,4.0,Food,Positive,Aspect: Food [SEP] it was a bit spicy
REV_04522,REV_04522_C06,4.0,Food,Positive,Aspect: Food [SEP] Overall enjoyed my experience here and would recommend this place to people looking for spicy authentic Andhra food
REV_04522,REV_04522_C06,4.0,General Experience,Positive,Aspect: General Experience [SEP] Overall enjoyed my experience here and would recommend this place to people looking for spicy authentic Andhra food
REV_04524,REV_04524_C01,2.0,Food,Positive,Aspect: Food [SEP] Food isn't great for the price
REV_04524,REV_04524_C01,2.0,Price / Value,Positive,Aspect: Price / Value [SEP] Food isn't great for the price
REV_04524,REV_04524_C03,2.0,General Experience,Positive,Aspect: General Experience [SEP] Not a great place for Vegetarians
REV_04524,REV_04524_C04,2.0,General Experience,Positive,Aspect: General Experience [SEP] Heard good about Non Veg options
REV_04542,REV_04542_C01,4.0,Food,Positive,Aspect: Food [SEP] A nice place to taste some of the local delicacies
REV_04542,REV_04542_C01,4.0,General Experience,Positive,Aspect: General Experience [SEP] A nice place to taste some of the local delicacies
REV_04542,REV_04542_C02,4.0,General Experience,Positive,"Aspect: General Experience [SEP] I really liked the rusty feel this place has, which takes you back in ages"
REV_04542,REV_04542_C03,4.0,General Experience,Positive,Aspect: General Experience [SEP] Loved the started
REV_04542,REV_04542_C05,4.0,General Experience,Positive,"Aspect: General Experience [SEP] Overall, a nice dine out"
REV_04544,REV_04544_C01,4.0,General Experience,Positive,Aspect: General Experience [SEP] This is my favorite restaurant always
REV_04544,REV_04544_C02,4.0,Service,Negative,Aspect: Service [SEP] But i dont know this time the service was very bad
REV_04544,REV_04544_C04,4.0,Service,Negative,Aspect: Service [SEP] very disappointed with the staff need to ask everything thrice and more
REV_04579,REV_04579_C05,2.0,Food,Positive,"Aspect: Food [SEP] The chicken was hard inside (not indicative of fresh chicken), the prawns were sweet and the DimSums had thick coatings"
REV_04591,REV_04591_C02,1.0,Food,Negative,Aspect: Food [SEP] The taste was pathetic
REV_04591,REV_04591_C04,1.0,Food,Positive,"Aspect: Food [SEP] And Honey potato noodles, they have made French fries and put a sweet syrup on it"
REV_04597,REV_04597_C02,4.0,Food,Positive,Aspect: Food [SEP] We have visited it in past and have always loved the food
REV_04597,REV_04597_C03,4.0,Food,Positive,Aspect: Food [SEP] This time we tried some nice salt and pepper vegetable starter which was okish
REV_04597,REV_04597_C04,4.0,Food,Negative,Aspect: Food [SEP] as I found it to be a little bland
REV_04597,REV_04597_C06,4.0,Food,Positive,Aspect: Food [SEP] We tried Veg Manchow soup which was amazing
REV_04597,REV_04597_C08,4.0,Ambience,Positive,Aspect: Ambience [SEP] Ambiance is pretty much simple yet nice
REV_04597,REV_04597_C09,4.0,Food,Positive,Aspect: Food [SEP] Food is amazing
REV_04597,REV_04597_C10,4.0,Service,Positive,Aspect: Service [SEP] Service is good
REV_04597,REV_04597_C11,4.0,Price / Value,Positive,Aspect: Price / Value [SEP] It's definitely worth the money we pay
REV_04601,REV_04601_C02,4.0,Food,Positive,Aspect: Food [SEP] The food was great and value for money
REV_04601,REV_04601_C02,4.0,Price / Value,Positive,Aspect: Price / Value [SEP] The food was great and value for money
REV_04601,REV_04601_C03,4.0,Food,Negative,Aspect: Food [SEP] Quantity is less
REV_04601,REV_04601_C04,4.0,Ambience,Positive,Aspect: Ambience [SEP] Good ambience
REV_04601,REV_04601_C05,4.0,Food,Positive,Aspect: Food [SEP] Quantity 3/5
REV_04601,REV_04601_C07,4.0,Ambience,Positive,Aspect: Ambience [SEP] Ambience 4.5/5
REV_04605,REV_04605_C01,5.0,Ambience,Positive,Aspect: Ambience [SEP] A very cosy outlet for some delicious Chinese indulgence in the city of Hyderabad
REV_04605,REV_04605_C01,5.0,Food,Positive,Aspect: Food [SEP] A very cosy outlet for some delicious Chinese indulgence in the city of Hyderabad
REV_04605,REV_04605_C02,5.0,Food,Positive,Aspect: Food [SEP] The place is ideal for fulfilling the cravings for delicious Chinese food
REV_04621,REV_04621_C02,1.0,Food,Negative,Aspect: Food [SEP] it was one of the worst chicken dishes I have had
REV_04621,REV_04621_C03,1.0,Food,Positive,Aspect: Food [SEP] Chicken was like rubber and they had added so much spices that it was almost bitter
REV_04626,REV_04626_C01,4.0,General Experience,Positive,Aspect: General Experience [SEP] The place was nice
REV_04626,REV_04626_C02,4.0,Food,Positive,Aspect: Food [SEP] The food was tasty
REV_04626,REV_04626_C03,4.0,Ambience,Negative,Aspect: Ambience [SEP] The ambience was not bad either
REV_04626,REV_04626_C05,4.0,General Experience,Positive,Aspect: General Experience [SEP] But overall it was a nice experience
REV_04641,REV_04641_C01,4.0,Ambience,Positive,"Aspect: Ambience [SEP] Pocket friendly, quick service and quiet ambience makes this place a must visit for its Chinese Chopsey, Mee Goreng and Nasi Goreng Nenus"
REV_04641,REV_04641_C01,4.0,General Experience,Positive,"Aspect: General Experience [SEP] Pocket friendly, quick service and quiet ambience makes this place a must visit for its Chinese Chopsey, Mee Goreng and Nasi Goreng Nenus"
REV_04641,REV_04641_C01,4.0,Price / Value,Positive,"Aspect: Price / Value [SEP] Pocket friendly, quick service and quiet ambience makes this place a must visit for its Chinese Chopsey, Mee Goreng and Nasi Goreng Nenus"
REV_04641,REV_04641_C01,4.0,Service,Positive,"Aspect: Service [SEP] Pocket friendly, quick service and quiet ambience makes this place a must visit for its Chinese Chopsey, Mee Goreng and Nasi Goreng Nenus"
REV_04641,REV_04641_C02,4.0,Food,Positive,Aspect: Food [SEP] Serves fresh and good quantity for its price
REV_04641,REV_04641_C02,4.0,Price / Value,Positive,Aspect: Price / Value [SEP] Serves fresh and good quantity for its price
REV_04643,REV_04643_C01,5.0,General Experience,Positive,Aspect: General Experience [SEP] awesome awesome awesome
REV_04674,REV_04674_C01,1.0,Food,Positive,Aspect: Food [SEP] Teriyaki chicken quantity was very little
REV_04679,REV_04679_C01,2.0,Food,Negative,Aspect: Food [SEP] Ok ok food is not that tastey & I will not recommend this place for eating
REV_04679,REV_04679_C01,2.0,General Experience,Negative,Aspect: General Experience [SEP] Ok ok food is not that tastey & I will not recommend this place for eating
REV_04679,REV_04679_C02,2.0,Ambience,Positive,Aspect: Ambience [SEP] Place is not so clean & the kitchen counter is not good
REV_04683,REV_04683_C01,5.0,Food,Positive,Aspect: Food [SEP] The food they prepare is very good than other udipi hotels
REV_04683,REV_04683_C02,5.0,Food,Positive,Aspect: Food [SEP] The way they do parcel and the care they take for taste is good
REV_04683,REV_04683_C03,5.0,Food,Positive,Aspect: Food [SEP] Good food at good price
REV_04683,REV_04683_C03,5.0,Price / Value,Positive,Aspect: Price / Value [SEP] Good food at good price
REV_04689,REV_04689_C02,4.0,Food,Positive,"Aspect: Food [SEP] Most cost effective and tasty, quick fast food on offer"
REV_04689,REV_04689_C02,4.0,Price / Value,Positive,"Aspect: Price / Value [SEP] Most cost effective and tasty, quick fast food on offer"
REV_04689,REV_04689_C02,4.0,Service,Positive,"Aspect: Service [SEP] Most cost effective and tasty, quick fast food on offer"
REV_04689,REV_04689_C19,4.0,Food,Positive,Aspect: Food [SEP] I just loved the Chutney and the sambar taste even
REV_04689,REV_04689_C21,4.0,Food,Positive,Aspect: Food [SEP] Also loved the Kerala Parotta which is a fav dish of mine back home here in Chennai
REV_04701,REV_04701_C02,4.0,Food,Positive,Aspect: Food [SEP] Pick any food item and its delicious
REV_04712,REV_04712_C01,4.0,General Experience,Positive,Aspect: General Experience [SEP] Good place
REV_04712,REV_04712_C05,4.0,General Experience,Positive,Aspect: General Experience [SEP] Sambar was bot good
REV_04712,REV_04712_C06,4.0,General Experience,Positive,Aspect: General Experience [SEP] Chutney was good
REV_04733,REV_04733_C03,1.0,Service,Negative,Aspect: Service [SEP] worst service
REV_04734,REV_04734_C01,5.0,General Experience,Positive,Aspect: General Experience [SEP] very nice
REV_04741,REV_04741_C02,3.0,General Experience,Positive,Aspect: General Experience [SEP] not great
REV_04744,REV_04744_C01,5.0,General Experience,Positive,Aspect: General Experience [SEP] Awesome
REV_04746,REV_04746_C01,3.0,Ambience,Negative,Aspect: Ambience [SEP] The Sambar had a stale smell
REV_04746,REV_04746_C01,3.0,Food,Negative,Aspect: Food [SEP] The Sambar had a stale smell
REV_04750,REV_04750_C01,1.0,Food,Negative,"Aspect: Food [SEP] Horrible Sambhar, It was thick as chutney and had just potatoes for the vegetable bit of it"
REV_04750,REV_04750_C03,1.0,General Experience,Negative,Aspect: General Experience [SEP] sambhar was real bad
REV_04770,REV_04770_C01,1.0,Service,Negative,Aspect: Service [SEP] Very bad service
REV_04776,REV_04776_C02,1.0,Service,Negative,Aspect: Service [SEP] but when it was delivered the onion raita was missing in the delivery for which I had paid 59 rs
REV_04776,REV_04776_C03,1.0,Service,Negative,Aspect: Service [SEP] I am soo disappointed with this order discrprency
REV_04777,REV_04777_C01,1.0,General Experience,Negative,Aspect: General Experience [SEP] I found this place pathetic
REV_04777,REV_04777_C05,1.0,General Experience,Positive,Aspect: General Experience [SEP] I read on zomato reviews that their thali is good
REV_04777,REV_04777_C09,1.0,Food,Negative,Aspect: Food [SEP] Food was pathetic as well
REV_04777,REV_04777_C11,1.0,Food,Negative,Aspect: Food [SEP] And the dishes were either too oily or just bad
REV_04777,REV_04777_C12,1.0,General Experience,Negative,Aspect: General Experience [SEP] Overall this place is very bad and doesn't deserve a visit at all
REV_04779,REV_04779_C04,1.0,Service,Positive,Aspect: Service [SEP] They are very short staffed and the manager is just not polite
REV_04785,REV_04785_C02,3.0,General Experience,Positive,Aspect: General Experience [SEP] Decent place
REV_04785,REV_04785_C06,3.0,Ambience,Positive,Aspect: Ambience [SEP] Decent ambience & Service
REV_04785,REV_04785_C06,3.0,Service,Positive,Aspect: Service [SEP] Decent ambience & Service
REV_04793,REV_04793_C02,4.0,Ambience,Positive,Aspect: Ambience [SEP] Overall decent ambience and decent veg food
REV_04793,REV_04793_C02,4.0,Food,Positive,Aspect: Food [SEP] Overall decent ambience and decent veg food
REV_04793,REV_04793_C03,4.0,Ambience,Positive,Aspect: Ambience [SEP] If looking for a pure veg place with decent ambience then this could be your place
REV_04798,REV_04798_C01,1.0,General Experience,Positive,"Aspect: General Experience [SEP] This place was a good veg eatery earlier, with options of good thali"
REV_04798,REV_04798_C03,1.0,Food,Negative,Aspect: Food [SEP] Food was cold
REV_04798,REV_04798_C04,1.0,Ambience,Negative,"Aspect: Ambience [SEP] service was very slow, dirty tables and wares and Ill maintained wash rooms"
REV_04798,REV_04798_C04,1.0,Service,Negative,"Aspect: Service [SEP] service was very slow, dirty tables and wares and Ill maintained wash rooms"
REV_04807,REV_04807_C01,2.0,Food,Neutral,Aspect: Food [SEP] Average food
REV_04807,REV_04807_C04,2.0,Food,Positive,Aspect: Food [SEP] The menu is also not that special given the name of the restaurant which belies it
REV_04811,REV_04811_C02,4.0,Food,Positive,"Aspect: Food [SEP] the food quantity is good enough, quality is also great"
REV_04811,REV_04811_C04,4.0,Ambience,Positive,"Aspect: Ambience [SEP] ambience is nice, it is an efforable place for families"
REV_04814,REV_04814_C04,3.0,Ambience,Positive,Aspect: Ambience [SEP] The background music on Kanhaiyya was very soothing
REV_04814,REV_04814_C05,3.0,Service,Neutral,Aspect: Service [SEP] Service: Was ok
REV_04814,REV_04814_C07,3.0,Food,Positive,"Aspect: Food [SEP] Food: Food was good, definitely not exceptional"
REV_04814,REV_04814_C09,3.0,Food,Positive,"Aspect: Food [SEP] The poori, poori's sabzi, pachadi, sweet & curd are very tasty"
REV_04814,REV_04814_C10,3.0,Price / Value,Negative,Aspect: Price / Value [SEP] Price: Slightly expensive
REV_04829,REV_04829_C02,2.0,General Experience,Negative,Aspect: General Experience [SEP] Extremely Poor 1*
REV_04829,REV_04829_C05,2.0,Ambience,Neutral,Aspect: Ambience [SEP] Ambience- Average 2*
REV_04829,REV_04829_C06,2.0,General Experience,Positive,Aspect: General Experience [SEP] Overall not a good experience
REV_04831,REV_04831_C02,1.0,Ambience,Positive,"Aspect: Ambience [SEP] The service was horrible, took them 10 minutes to clean our table and another 10 minutes to serve us water"
REV_04831,REV_04831_C02,1.0,Service,Positive,"Aspect: Service [SEP] The service was horrible, took them 10 minutes to clean our table and another 10 minutes to serve us water"
REV_04831,REV_04831_C03,1.0,Food,Negative,"Aspect: Food [SEP] If this wasn't frustrating enough, they took 30 minutes more to get us undercooked food and some of the dishes in the thali were cold"
REV_04831,REV_04831_C03,1.0,Service,Negative,"Aspect: Service [SEP] If this wasn't frustrating enough, they took 30 minutes more to get us undercooked food and some of the dishes in the thali were cold"
REV_04843,REV_04843_C03,2.0,Food,Positive,Aspect: Food [SEP] they only had special navratri thali in their menu for thali so we decided to go with it
REV_04843,REV_04843_C04,2.0,Food,Negative,Aspect: Food [SEP] we were utterly disappointed with the food:
REV_04843,REV_04843_C05,2.0,Food,Positive,"Aspect: Food [SEP] 1) the thali was filled with sambar, green chutney and sweet chutney, 1 peas corn gravy, 1 alloo gravy, mixture, navratan kurma and dry banana veggie, sour curd, samudana vada, samudana khichadi, payasam, fruit salad"
REV_04843,REV_04843_C13,2.0,Food,Positive,Aspect: Food [SEP] only after enquiring abt the items did they mention that there is yet another sweet which they forgot to include
REV_04843,REV_04843_C15,2.0,General Experience,Positive,"Aspect: General Experience [SEP] overall there was absolutely nothing ""special"" about the so-called ""special navratri"" thali"
REV_04851,REV_04851_C01,5.0,Food,Positive,"Aspect: Food [SEP] This is the best veg restaurant in terms of food, neatness and service at Gachibowli region"
REV_04851,REV_04851_C01,5.0,Service,Positive,"Aspect: Service [SEP] This is the best veg restaurant in terms of food, neatness and service at Gachibowli region"
REV_04851,REV_04851_C02,5.0,Service,Positive,Aspect: Service [SEP] People are very polite
REV_04851,REV_04851_C04,5.0,General Experience,Positive,Aspect: General Experience [SEP] Loved it
REV_04855,REV_04855_C01,4.0,Ambience,Positive,Aspect: Ambience [SEP] Decent place with good ambience
REV_04855,REV_04855_C03,4.0,Service,Negative,Aspect: Service [SEP] service is a little slow
REV_04855,REV_04855_C04,4.0,Food,Positive,Aspect: Food [SEP] Quality of food is good
REV_04855,REV_04855_C06,4.0,General Experience,Positive,Aspect: General Experience [SEP] A decent family restraunt
REV_04864,REV_04864_C03,3.0,Service,Positive,Aspect: Service [SEP] the service was polite and prompt
REV_04864,REV_04864_C07,3.0,Food,Positive,Aspect: Food [SEP] The noodles were a little too spicy
REV_04866,REV_04866_C01,4.0,Food,Positive,Aspect: Food [SEP] Food is good in taste
REV_04866,REV_04866_C02,4.0,Food,Positive,Aspect: Food [SEP] Specially the rotis are very soft and crispy
REV_04866,REV_04866_C04,4.0,Service,Positive,Aspect: Service [SEP] Service is quick
REV_04866,REV_04866_C05,4.0,Price / Value,Positive,Aspect: Price / Value [SEP] Overall a value for money
REV_04870,REV_04870_C01,4.0,Food,Positive,Aspect: Food [SEP] If you love butter chicken you can't miss out on this place
REV_04878,REV_04878_C01,1.0,Food,Negative,Aspect: Food [SEP] Worst dal khichdi ever very less quantity
REV_04878,REV_04878_C02,1.0,Food,Positive,Aspect: Food [SEP] Expected a very good taste and quantity
REV_04878,REV_04878_C03,1.0,Food,Negative,Aspect: Food [SEP] Just pathetic service restaurant should check before serving the food
REV_04878,REV_04878_C03,1.0,Service,Negative,Aspect: Service [SEP] Just pathetic service restaurant should check before serving the food
REV_04878,REV_04878_C04,1.0,Food,Negative,Aspect: Food [SEP] If you are going to maintain such poor quality it is not going to work for you
REV_04884,REV_04884_C01,4.0,Food,Positive,Aspect: Food [SEP] Good place to have a good north indian meal
REV_04884,REV_04884_C01,4.0,General Experience,Positive,Aspect: General Experience [SEP] Good place to have a good north indian meal
REV_04884,REV_04884_C03,4.0,Food,Positive,Aspect: Food [SEP] the food tastes really good
REV_04884,REV_04884_C05,4.0,Food,Positive,Aspect: Food [SEP] The service was not so quick and we had to wait our fair share to get our food
REV_04884,REV_04884_C05,4.0,Service,Positive,Aspect: Service [SEP] The service was not so quick and we had to wait our fair share to get our food
REV_04884,REV_04884_C06,4.0,Food,Positive,Aspect: Food [SEP] Paneer lababdar was very tasty and so was the dal makhni
REV_04888,REV_04888_C01,3.0,Food,Positive,Aspect: Food [SEP] Food is good
REV_04888,REV_04888_C05,3.0,Ambience,Negative,Aspect: Ambience [SEP] A little expensive considering the bland ambience and service
REV_04888,REV_04888_C05,3.0,Food,Negative,Aspect: Food [SEP] A little expensive considering the bland ambience and service
REV_04888,REV_04888_C05,3.0,Price / Value,Negative,Aspect: Price / Value [SEP] A little expensive considering the bland ambience and service
REV_04888,REV_04888_C05,3.0,Service,Negative,Aspect: Service [SEP] A little expensive considering the bland ambience and service
REV_04892,REV_04892_C02,5.0,Food,Positive,Aspect: Food [SEP] Finger licking Punjabi food
REV_04892,REV_04892_C03,5.0,Food,Positive,Aspect: Food [SEP] Even a simple dal and roti tastes amazing here
REV_04892,REV_04892_C05,5.0,Food,Positive,Aspect: Food [SEP] Very filling and taste satiating food
REV_04892,REV_04892_C06,5.0,Ambience,Positive,Aspect: Ambience [SEP] Great ambience with Punjabi music on
REV_04892,REV_04892_C07,5.0,Service,Positive,Aspect: Service [SEP] the staff is very courteous as well
REV_04892,REV_04892_C08,5.0,General Experience,Positive,Aspect: General Experience [SEP] You can have absolutely anything here and it would turn out to be good
REV_04892,REV_04892_C09,5.0,General Experience,Positive,Aspect: General Experience [SEP] Love this place 🤟
REV_04907,REV_04907_C03,3.0,Food,Neutral,Aspect: Food [SEP] Food I would say was average
REV_04907,REV_04907_C05,3.0,General Experience,Positive,Aspect: General Experience [SEP] Dal Makhani was awesome
REV_04911,REV_04911_C21,4.0,General Experience,Negative,Aspect: General Experience [SEP] I was vehment about the fact that I wouldn't eat much due to bad health
REV_04911,REV_04911_C23,4.0,General Experience,Positive,Aspect: General Experience [SEP] Evrything about it was so good
REV_04911,REV_04911_C26,4.0,Food,Positive,Aspect: Food [SEP] Quantity :5/5
REV_04911,REV_04911_C27,4.0,Service,Negative,Aspect: Service [SEP] service:-4/5 ( slow service)
REV_04911,REV_04911_C28,4.0,General Experience,Positive,Aspect: General Experience [SEP] I recommend this place
REV_04914,REV_04914_C01,4.0,Food,Positive,Aspect: Food [SEP] Ordered paneer tikka and tastes good and delivered on time
REV_04914,REV_04914_C03,4.0,General Experience,Positive,Aspect: General Experience [SEP] Packaging was not good as some of the tikkas got messed up
REV_04914,REV_04914_C04,4.0,Food,Positive,Aspect: Food [SEP] But overall taste was good
REV_04931,REV_04931_C03,4.0,General Experience,Positive,Aspect: General Experience [SEP] Egg masala was not that great
REV_04942,REV_04942_C02,5.0,Price / Value,Negative,Aspect: Price / Value [SEP] It’s little expensive
REV_04942,REV_04942_C03,5.0,Food,Positive,Aspect: Food [SEP] 10/10 for food for value
REV_04942,REV_04942_C03,5.0,Price / Value,Positive,Aspect: Price / Value [SEP] 10/10 for food for value
REV_04950,REV_04950_C01,5.0,General Experience,Positive,Aspect: General Experience [SEP] very good
REV_04961,REV_04961_C02,5.0,General Experience,Positive,Aspect: General Experience [SEP] this place made me fall in love with it
REV_04961,REV_04961_C03,5.0,Service,Positive,"Aspect: Service [SEP] Service is good, the plates they serve on is very unique"
REV_04965,REV_04965_C01,2.0,Food,Neutral,"Aspect: Food [SEP] Don't order Chicken Biryani Handi, they provide just one chicken piece in handi and the taste was average"
REV_04965,REV_04965_C01,2.0,Service,Neutral,"Aspect: Service [SEP] Don't order Chicken Biryani Handi, they provide just one chicken piece in handi and the taste was average"
REV_04965,REV_04965_C02,2.0,Food,Negative,Aspect: Food [SEP] Rice was not tasty at all
REV_04969,REV_04969_C03,1.0,Food,Negative,"Aspect: Food [SEP] i didn't get chicken piece in the biryani, worst service"
REV_04969,REV_04969_C03,1.0,Service,Negative,"Aspect: Service [SEP] i didn't get chicken piece in the biryani, worst service"
REV_04975,REV_04975_C01,1.0,Food,Negative,Aspect: Food [SEP] Very bad only rice no pieces at all worst don't go for this only one piece tat too bone only waste of money they will give more rice and one bone waste of money v
REV_04975,REV_04975_C01,1.0,Price / Value,Negative,Aspect: Price / Value [SEP] Very bad only rice no pieces at all worst don't go for this only one piece tat too bone only waste of money they will give more rice and one bone waste of money v
REV_04979,REV_04979_C01,4.0,Food,Negative,Aspect: Food [SEP] Little less quantity
REV_04984,REV_04984_C01,3.0,Food,Negative,Aspect: Food [SEP] Ordered bone less mini biryani for 160
REV_04984,REV_04984_C02,3.0,Food,Positive,Aspect: Food [SEP] Taste is good
REV_04984,REV_04984_C03,3.0,Food,Negative,Aspect: Food [SEP] quantity is very less and might be in hurry they have delivered without raita and gravy
REV_04988,REV_04988_C02,1.0,Food,Negative,Aspect: Food [SEP] food taste was horrible
REV_04999,REV_04999_C02,1.0,Ambience,Negative,Aspect: Ambience [SEP] The worst food got bad smell when i opened the parcel
REV_04999,REV_04999_C02,1.0,Food,Negative,Aspect: Food [SEP] The worst food got bad smell when i opened the parcel
REV_04999,REV_04999_C05,1.0,General Experience,Negative,Aspect: General Experience [SEP] worst experience
REV_05019,REV_05019_C01,2.0,Food,Negative,Aspect: Food [SEP] Quantity too less
REV_05020,REV_05020_C01,4.0,Service,Positive,Aspect: Service [SEP] good delivery
REV_05027,REV_05027_C01,5.0,General Experience,Positive,Aspect: General Experience [SEP] Good
REV_05028,REV_05028_C01,5.0,General Experience,Positive,Aspect: General Experience [SEP] good
REV_05030,REV_05030_C01,5.0,Service,Positive,Aspect: Service [SEP] Good delivery time
REV_05039,REV_05039_C01,1.0,Food,Positive,Aspect: Food [SEP] completely dry and not at all tasty it is
REV_05041,REV_05041_C01,1.0,Food,Negative,Aspect: Food [SEP] Really very disappointed with quantity of chicken in the biryani
REV_05044,REV_05044_C02,1.0,Food,Negative,Aspect: Food [SEP] taste is also not good
REV_05052,REV_05052_C01,4.0,Food,Positive,Aspect: Food [SEP] Best place to have biryani in and around Gachibowli
REV_05052,REV_05052_C03,4.0,Ambience,Positive,Aspect: Ambience [SEP] Almost fully crowded on weekends and weekdays both because of the quality and quantity
REV_05052,REV_05052_C03,4.0,Food,Positive,Aspect: Food [SEP] Almost fully crowded on weekends and weekdays both because of the quality and quantity
REV_05056,REV_05056_C04,3.0,Food,Neutral,"Aspect: Food [SEP] However, the taste was quite average"
REV_05056,REV_05056_C07,3.0,Food,Negative,Aspect: Food [SEP] The portion of food served was also less
REV_05056,REV_05056_C07,3.0,Service,Negative,Aspect: Service [SEP] The portion of food served was also less
REV_05064,REV_05064_C01,1.0,General Experience,Negative,Aspect: General Experience [SEP] The worst experience ever had
REV_05070,REV_05070_C06,4.0,Ambience,Positive,Aspect: Ambience [SEP] The ambience of this place is quite good with bright lights all over the place
REV_05070,REV_05070_C07,4.0,Ambience,Positive,Aspect: Ambience [SEP] It was a weekend and there was a pretty good amount of crowd at that time
REV_05070,REV_05070_C12,4.0,Food,Positive,Aspect: Food [SEP] The mango lassi was too sweet
REV_05070,REV_05070_C17,4.0,Food,Positive,"Aspect: Food [SEP] The chicken manchow soup was full of flavour and was served with crispy fried noodles,it tasted delicious"
REV_05070,REV_05070_C17,4.0,Service,Positive,"Aspect: Service [SEP] The chicken manchow soup was full of flavour and was served with crispy fried noodles,it tasted delicious"
REV_05070,REV_05070_C20,4.0,Food,Positive,Aspect: Food [SEP] The fish was well cooked and soft
REV_05070,REV_05070_C22,4.0,Food,Positive,Aspect: Food [SEP] Tender chicken:
REV_05070,REV_05070_C23,4.0,Food,Positive,"Aspect: Food [SEP] This was something very tasty,the chicken was soft,tender and with good amount of spice"
REV_05070,REV_05070_C27,4.0,Food,Positive,"Aspect: Food [SEP] The prawns were juicy,spicy and had great flavour"
REV_05070,REV_05070_C29,4.0,General Experience,Positive,Aspect: General Experience [SEP] They also were good
REV_05070,REV_05070_C30,4.0,General Experience,Positive,Aspect: General Experience [SEP] not that great
REV_05070,REV_05070_C33,4.0,Food,Positive,"Aspect: Food [SEP] The chicken chetinadu,its a spicy chicken curry which was too good"
REV_05070,REV_05070_C35,4.0,Food,Positive,"Aspect: Food [SEP] The ulvacharu chicken,a chicken curry with horse gram soup was outstanding and finger licking good"
REV_05070,REV_05070_C45,4.0,General Experience,Negative,Aspect: General Experience [SEP] The deserts were not that great and had disappointed me
REV_05070,REV_05070_C46,4.0,Food,Positive,Aspect: Food [SEP] Overall the restaurant has good biryani’s and I would suggest everyone to visit this place especially for avakai chicken biryani
REV_05075,REV_05075_C01,5.0,Food,Positive,Aspect: Food [SEP] I liked the flavors of Andhra in their cuisine
REV_05075,REV_05075_C03,5.0,General Experience,Positive,Aspect: General Experience [SEP] I liked biriyani which was plentiful
REV_05075,REV_05075_C04,5.0,Service,Positive,Aspect: Service [SEP] Nice customer service as they were always ready to serve
REV_05075,REV_05075_C05,5.0,Ambience,Positive,Aspect: Ambience [SEP] Good ambience and locality
REV_05075,REV_05075_C06,5.0,General Experience,Positive,Aspect: General Experience [SEP] I loved my experience at this restaurant in Gachibowli
REV_05079,REV_05079_C01,5.0,Food,Positive,Aspect: Food [SEP] We had such delicious dishes every time we went here
REV_05079,REV_05079_C02,5.0,Ambience,Positive,"Aspect: Ambience [SEP] Spicy chicken statters, Mutton biryani, very good ambiance and much more"
REV_05079,REV_05079_C02,5.0,Food,Positive,"Aspect: Food [SEP] Spicy chicken statters, Mutton biryani, very good ambiance and much more"
REV_05081,REV_05081_C01,5.0,General Experience,Positive,Aspect: General Experience [SEP] Good place to dine with family and friends
REV_05081,REV_05081_C02,5.0,Food,Positive,Aspect: Food [SEP] They have great chefs
REV_05081,REV_05081_C03,5.0,Food,Positive,Aspect: Food [SEP] food was very tasty and service was also good
REV_05081,REV_05081_C03,5.0,Service,Positive,Aspect: Service [SEP] food was very tasty and service was also good
REV_05081,REV_05081_C04,5.0,Food,Positive,Aspect: Food [SEP] Especially all chicken items are good
REV_05088,REV_05088_C03,4.0,Food,Positive,"Aspect: Food [SEP] Tried the gongura Biryani, it was great"
REV_05088,REV_05088_C05,4.0,Price / Value,Positive,Aspect: Price / Value [SEP] Its cost effective
REV_05108,REV_05108_C01,4.0,Food,Positive,Aspect: Food [SEP] I love grilled chicken with pudina chutney in this restuarant and also bhimavaram mixed pulao will be super tasty
REV_05108,REV_05108_C03,4.0,Food,Positive,Aspect: Food [SEP] The big team apart from that food be will good for non veg lovers
REV_05123,REV_05123_C03,2.0,Food,Positive,Aspect: Food [SEP] the food is also not so great
REV_05123,REV_05123_C06,2.0,Service,Neutral,Aspect: Service [SEP] Service was also okay
REV_05123,REV_05123_C07,2.0,Service,Negative,Aspect: Service [SEP] Plates were not good condition we have to request 3 times to change plates when asked for ice cream go different order
REV_05139,REV_05139_C01,5.0,Food,Positive,Aspect: Food [SEP] Good food
REV_05143,REV_05143_C01,5.0,Food,Positive,Aspect: Food [SEP] A classy restaurant in Gachibowli area that serves super awesome Hyderabadi food at a very reasonal price
REV_05143,REV_05143_C01,5.0,Price / Value,Positive,Aspect: Price / Value [SEP] A classy restaurant in Gachibowli area that serves super awesome Hyderabadi food at a very reasonal price
REV_05143,REV_05143_C02,5.0,Food,Positive,Aspect: Food [SEP] The waiters are polite and accommodate any special request you have as to how the food has to prepared
REV_05143,REV_05143_C02,5.0,Service,Positive,Aspect: Service [SEP] The waiters are polite and accommodate any special request you have as to how the food has to prepared
REV_05147,REV_05147_C03,2.0,Food,Positive,Aspect: Food [SEP] Not much options and even the food options available were not much delicious
REV_05147,REV_05147_C04,2.0,General Experience,Positive,Aspect: General Experience [SEP] Not a place I would recommend
REV_05153,REV_05153_C03,4.0,Ambience,Positive,"Aspect: Ambience [SEP] Not very crowded on a weekday, nice ambience, clean washrooms, wide options to choose for (drinks and food), decently priced and quick service"
REV_05153,REV_05153_C03,4.0,Food,Positive,"Aspect: Food [SEP] Not very crowded on a weekday, nice ambience, clean washrooms, wide options to choose for (drinks and food), decently priced and quick service"
REV_05153,REV_05153_C03,4.0,Service,Positive,"Aspect: Service [SEP] Not very crowded on a weekday, nice ambience, clean washrooms, wide options to choose for (drinks and food), decently priced and quick service"
REV_05153,REV_05153_C04,4.0,General Experience,Positive,Aspect: General Experience [SEP] qualities we usually look for in any good restaurant
REV_05153,REV_05153_C05,4.0,Food,Positive,"Aspect: Food [SEP] Oh and they have a thing with throwing a desi touch to their dishes, which I liked it"
REV_05153,REV_05153_C11,4.0,General Experience,Positive,"Aspect: General Experience [SEP] Overall, loved my experience"
REV_05161,REV_05161_C01,2.0,General Experience,Negative,Aspect: General Experience [SEP] Disappointed
REV_05161,REV_05161_C03,2.0,Service,Neutral,Aspect: Service [SEP] Service 3/5
REV_05161,REV_05161_C04,2.0,Food,Negative,Aspect: Food [SEP] Food 2/5
REV_05161,REV_05161_C06,2.0,Food,Positive,Aspect: Food [SEP] Paneer butter masala was good
REV_05174,REV_05174_C02,5.0,General Experience,Positive,Aspect: General Experience [SEP] One of the best place to hangout with friends
REV_05174,REV_05174_C04,5.0,Food,Positive,Aspect: Food [SEP] The food is really good in quality
REV_05174,REV_05174_C05,5.0,Ambience,Positive,Aspect: Ambience [SEP] Ambience is decent
REV_05174,REV_05174_C07,5.0,Service,Positive,Aspect: Service [SEP] Service & Staff : service was quick and staff did their best
REV_05174,REV_05174_C08,5.0,Ambience,Positive,Aspect: Ambience [SEP] the music was so good
REV_05174,REV_05174_C09,5.0,General Experience,Positive,"Aspect: General Experience [SEP] So, all in all, we had a very good experience"
REV_05174,REV_05174_C10,5.0,General Experience,Positive,Aspect: General Experience [SEP] keep it up
REV_05185,REV_05185_C04,3.0,Food,Positive,"Aspect: Food [SEP] Food was okay not that great taste, the chicken wings were good though"
REV_05190,REV_05190_C03,4.0,Ambience,Positive,Aspect: Ambience [SEP] The music playlist is good and so is the ambience
REV_05190,REV_05190_C04,4.0,Food,Positive,"Aspect: Food [SEP] Being a vegetarian I'll surely recommend you to try their Stuffed Mushrooms, succulent and delicious"
REV_05190,REV_05190_C04,4.0,General Experience,Positive,"Aspect: General Experience [SEP] Being a vegetarian I'll surely recommend you to try their Stuffed Mushrooms, succulent and delicious"
REV_05190,REV_05190_C05,4.0,General Experience,Positive,Aspect: General Experience [SEP] The Ulte Tawa ka Paratha was pretty good too
REV_05207,REV_05207_C01,4.0,Ambience,Positive,Aspect: Ambience [SEP] Nice ambience
REV_05207,REV_05207_C03,4.0,Food,Positive,Aspect: Food [SEP] Great food
REV_05207,REV_05207_C05,4.0,General Experience,Positive,Aspect: General Experience [SEP] Everything was just awesome
REV_05207,REV_05207_C06,4.0,General Experience,Positive,Aspect: General Experience [SEP] Really liked it
REV_05227,REV_05227_C01,4.0,Ambience,Positive,Aspect: Ambience [SEP] Nice ambience-4/5
REV_05231,REV_05231_C01,1.0,Service,Negative,Aspect: Service [SEP] The service was pathetic
REV_05231,REV_05231_C03,1.0,Food,Negative,Aspect: Food [SEP] The waiter was rude and had no knowledge on the items in the menu
REV_05231,REV_05231_C03,1.0,Service,Negative,Aspect: Service [SEP] The waiter was rude and had no knowledge on the items in the menu
REV_05239,REV_05239_C01,5.0,Food,Positive,Aspect: Food [SEP] superb taste
REV_05239,REV_05239_C02,5.0,Service,Positive,Aspect: Service [SEP] little delay in getting product to deliver
REV_05241,REV_05241_C01,1.0,Food,Negative,"Aspect: Food [SEP] Pathetic customer service,stale food and worst ever experience"
REV_05241,REV_05241_C01,1.0,General Experience,Negative,"Aspect: General Experience [SEP] Pathetic customer service,stale food and worst ever experience"
REV_05241,REV_05241_C01,1.0,Service,Negative,"Aspect: Service [SEP] Pathetic customer service,stale food and worst ever experience"
REV_05253,REV_05253_C01,3.0,General Experience,Positive,"Aspect: General Experience [SEP] In spite of what some other reviewers seem to be feeling, I pretty much liked what they sent"
REV_05253,REV_05253_C03,3.0,Food,Positive,"Aspect: Food [SEP] it was nice, the chicken was delicious, the rice could be a bit more steamed though"
REV_05253,REV_05253_C04,3.0,General Experience,Negative,"Aspect: General Experience [SEP] Overall, not too bad"
REV_05255,REV_05255_C02,4.0,Food,Positive,"Aspect: Food [SEP] It's like addictive,This was my recent favourite, Price wise affordable also quite worth the money,They give both veg and non veg sides along with egg rice, ultimately all sides tastes similar"
REV_05255,REV_05255_C02,4.0,Price / Value,Positive,"Aspect: Price / Value [SEP] It's like addictive,This was my recent favourite, Price wise affordable also quite worth the money,They give both veg and non veg sides along with egg rice, ultimately all sides tastes similar"
REV_05255,REV_05255_C03,4.0,Food,Positive,Aspect: Food [SEP] ive tried almost all the food combos here everything was good
REV_05261,REV_05261_C01,4.0,Food,Positive,Aspect: Food [SEP] A perfect afternoon meal with 200-350 calorie meal good amount of chicken also close to 10-18gm protein it also has bell peppers which will help you have a rainbow diet (the values are) approx)
REV_05269,REV_05269_C04,5.0,Food,Positive,Aspect: Food [SEP] Thanks for serving the good food
REV_05285,REV_05285_C05,1.0,Food,Positive,"Aspect: Food [SEP] , Spicy Level : Sour, Spicy and Curdy, Extra : Egg,  Quantity : Large"
REV_05285,REV_05285_C06,1.0,Food,Positive,"Aspect: Food [SEP] Now I choose an extra egg for the noodles and wanted it to be sour, spicy and curdy"
REV_05285,REV_05285_C07,1.0,Food,Positive,Aspect: Food [SEP] It was neither sour or spicy or curdy or even edible
REV_05285,REV_05285_C09,1.0,General Experience,Positive,Aspect: General Experience [SEP] To quote the great gordon ramsay
REV_05285,REV_05285_C13,1.0,Food,Negative,Aspect: Food [SEP] Everything is just BLAND
REV_05285,REV_05285_C18,1.0,Food,Negative,Aspect: Food [SEP] I threw the entire thing in a bin because its not easy eating bland noodles
REV_05287,REV_05287_C02,1.0,Food,Negative,Aspect: Food [SEP] they didn't provide any ketchup without ketchup how people can eat Gobi Manchuria and onion lemon are also not provided so no taste
REV_05290,REV_05290_C02,1.0,Food,Negative,"Aspect: Food [SEP] Taste is not good, fake chicken wings"
REV_05307,REV_05307_C01,5.0,Service,Positive,Aspect: Service [SEP] Delivery was on time
REV_05331,REV_05331_C01,2.0,Food,Negative,Aspect: Food [SEP] the food was very bad
REV_05338,REV_05338_C01,5.0,General Experience,Positive,Aspect: General Experience [SEP] good
REV_05341,REV_05341_C01,1.0,Food,Negative,Aspect: Food [SEP] the taste is not good just waste of money wan refund
REV_05341,REV_05341_C01,1.0,Price / Value,Negative,Aspect: Price / Value [SEP] the taste is not good just waste of money wan refund
REV_05343,REV_05343_C04,4.0,Food,Positive,"Aspect: Food [SEP] Mushroom soup came with grilled sourdough, everything was good about it"
REV_05343,REV_05343_C06,4.0,Food,Positive,Aspect: Food [SEP] The bread itself we ended up using as garlic bread with our pasta at home which was really good
REV_05343,REV_05343_C10,4.0,Food,Positive,"Aspect: Food [SEP] Death by chocolate was delicious, rich chocolate"
REV_05343,REV_05343_C12,4.0,General Experience,Positive,Aspect: General Experience [SEP] Highly recommend this place
REV_05347,REV_05347_C02,5.0,General Experience,Positive,Aspect: General Experience [SEP] Amazing place for breakfast/brunch
REV_05347,REV_05347_C03,5.0,Food,Positive,"Aspect: Food [SEP] Loved the sour dough bread, hazelnut latte, french toast, pan cakes etc"
REV_05347,REV_05347_C05,5.0,General Experience,Positive,Aspect: General Experience [SEP] loved the time spent here
REV_05353,REV_05353_C02,5.0,Food,Positive,Aspect: Food [SEP] The blueberry topping on my cake was really fresh and delicious
REV_05361,REV_05361_C01,4.0,Food,Positive,"Aspect: Food [SEP] This place has one of the most amazing menu , great choices from pasta,burgers,breakfast option,in house made desserts and customized Gelato"
REV_05361,REV_05361_C03,4.0,Ambience,Positive,Aspect: Ambience [SEP] Plus great Hygiene condition maintained by the kitchen staff
REV_05361,REV_05361_C03,4.0,Service,Positive,Aspect: Service [SEP] Plus great Hygiene condition maintained by the kitchen staff
REV_05361,REV_05361_C06,4.0,Food,Positive,Aspect: Food [SEP] Would love to visit this place again just to try the yummy spread of desserts and gelato
REV_05365,REV_05365_C03,3.0,General Experience,Positive,Aspect: General Experience [SEP] Liked the cinnamon roll over there
REV_05365,REV_05365_C06,3.0,Price / Value,Negative,Aspect: Price / Value [SEP] And yeah it is expensive
REV_05369,REV_05369_C03,3.0,Food,Positive,Aspect: Food [SEP] Caramel and hazelnut latte are good
REV_05369,REV_05369_C06,3.0,General Experience,Positive,Aspect: General Experience [SEP] Shepard's pie seems good
REV_05369,REV_05369_C07,3.0,Price / Value,Negative,Aspect: Price / Value [SEP] is costly
REV_05369,REV_05369_C08,3.0,Food,Negative,Aspect: Food [SEP] Chicken quiche is not good at all
REV_05369,REV_05369_C10,3.0,Food,Positive,Aspect: Food [SEP] Desserts are good specially croissants
REV_05374,REV_05374_C03,3.0,Ambience,Positive,Aspect: Ambience [SEP] This review is not going to be about the food taste and quality and ambiance (which is good as reviewed by numerous others)
REV_05374,REV_05374_C03,3.0,Food,Positive,Aspect: Food [SEP] This review is not going to be about the food taste and quality and ambiance (which is good as reviewed by numerous others)
REV_05374,REV_05374_C05,3.0,Price / Value,Negative,Aspect: Price / Value [SEP] how expensive the place is
REV_05374,REV_05374_C07,3.0,Price / Value,Negative,Aspect: Price / Value [SEP] but they are expensive because they are IN 5 star hotels
REV_05374,REV_05374_C12,3.0,Price / Value,Positive,Aspect: Price / Value [SEP] Value For Money
REV_05406,REV_05406_C02,2.0,General Experience,Negative,Aspect: General Experience [SEP] ut was horrible
REV_05406,REV_05406_C03,2.0,Food,Negative,Aspect: Food [SEP] A cold soggy croissant was delivered which was too low in quality for 200 bucks
REV_05408,REV_05408_C01,5.0,General Experience,Positive,Aspect: General Experience [SEP] A must visit cafe with an amazing range of cakes and gelato
REV_05408,REV_05408_C04,5.0,Service,Positive,Aspect: Service [SEP] Their service is good
REV_05408,REV_05408_C05,5.0,General Experience,Positive,Aspect: General Experience [SEP] I will definitely visit again tho the prices of the cakes are slightly on the higher end
REV_05408,REV_05408_C05,5.0,Price / Value,Positive,Aspect: Price / Value [SEP] I will definitely visit again tho the prices of the cakes are slightly on the higher end
REV_05428,REV_05428_C02,3.0,Food,Positive,Aspect: Food [SEP] Very small portions and not so great taste
REV_05428,REV_05428_C04,3.0,General Experience,Positive,Aspect: General Experience [SEP] Although the presentation was good
REV_05441,REV_05441_C01,1.0,Food,Positive,Aspect: Food [SEP] Portion size vs cost is dismal
REV_05441,REV_05441_C01,1.0,Price / Value,Positive,Aspect: Price / Value [SEP] Portion size vs cost is dismal
REV_05441,REV_05441_C03,1.0,Price / Value,Positive,"Aspect: Price / Value [SEP] Packaging charges very very high, Rs15 for a paper bag size 5.5"" by 7"""
REV_05447,REV_05447_C01,3.0,Price / Value,Negative,"Aspect: Price / Value [SEP] Went for lunch buffet,little disappointed with the spread, at this cost expect little more options"
REV_05447,REV_05447_C02,3.0,Food,Neutral,Aspect: Food [SEP] Taste was okay some of the items were good others were ok ok
REV_05447,REV_05447_C04,3.0,Ambience,Positive,Aspect: Ambience [SEP] Ambience 4/5
REV_05447,REV_05447_C05,3.0,Food,Positive,Aspect: Food [SEP] Food 3.5/5
REV_05447,REV_05447_C06,3.0,Price / Value,Negative,Aspect: Price / Value [SEP] Value for money 2/5
REV_05455,REV_05455_C01,4.0,Food,Positive,Aspect: Food [SEP] Buffet is good
REV_05455,REV_05455_C02,4.0,Price / Value,Negative,Aspect: Price / Value [SEP] though expensive
REV_05455,REV_05455_C03,4.0,Food,Positive,Aspect: Food [SEP] Great service and well spread food range
REV_05455,REV_05455_C03,4.0,Service,Positive,Aspect: Service [SEP] Great service and well spread food range
REV_05455,REV_05455_C04,4.0,Ambience,Positive,Aspect: Ambience [SEP] Decent ambience
REV_05461,REV_05461_C01,5.0,General Experience,Positive,Aspect: General Experience [SEP] I had a great time here
REV_05461,REV_05461_C02,5.0,Food,Positive,Aspect: Food [SEP] Real good spread of food
REV_05461,REV_05461_C04,5.0,General Experience,Positive,Aspect: General Experience [SEP] Overall really nice experience
REV_05461,REV_05461_C05,5.0,Food,Positive,Aspect: Food [SEP] The desserts are excellent and curd items were very tasty
REV_05474,REV_05474_C01,1.0,General Experience,Negative,Aspect: General Experience [SEP] A very good example of a very bad restaurant service
REV_05474,REV_05474_C01,1.0,Service,Negative,Aspect: Service [SEP] A very good example of a very bad restaurant service
REV_05474,REV_05474_C05,1.0,Service,Negative,"Aspect: Service [SEP] To start with Service is so bad here, we had to beg for serving drinking water"
REV_05474,REV_05474_C06,1.0,Food,Negative,Aspect: Food [SEP] The quality of food is ok and fish fry was stale
REV_05474,REV_05474_C08,1.0,General Experience,Negative,"Aspect: General Experience [SEP] To sum up, the experience was terrible and not expected from Sheraton"
REV_05475,REV_05475_C03,1.0,Price / Value,Negative,Aspect: Price / Value [SEP] Inspite of many varities hardly it was worth
REV_05475,REV_05475_C07,1.0,Food,Positive,Aspect: Food [SEP] FEAST tats really disgusting you guys are serving stale and contaminated food on this high cost
REV_05475,REV_05475_C07,1.0,Price / Value,Positive,Aspect: Price / Value [SEP] FEAST tats really disgusting you guys are serving stale and contaminated food on this high cost
REV_05475,REV_05475_C08,1.0,General Experience,Negative,Aspect: General Experience [SEP] Hate to visit ur restaurant
REV_05475,REV_05475_C09,1.0,Food,Negative,Aspect: Food [SEP] That was our last visit to this stale food restaurant
REV_05475,REV_05475_C10,1.0,General Experience,Positive,Aspect: General Experience [SEP] LOOKS ALL OF YOUR GOOD REVIEWS ARE PAID REVIEWS
REV_05475,REV_05475_C11,1.0,General Experience,Negative,Aspect: General Experience [SEP] MY BAD I VISITED YOU ON BASED OF ZOOMATO REVIEWS
REV_05484,REV_05484_C02,4.0,Ambience,Positive,Aspect: Ambience [SEP] very good ambience
REV_05484,REV_05484_C03,4.0,Service,Positive,Aspect: Service [SEP] and good service
REV_05484,REV_05484_C08,4.0,General Experience,Positive,Aspect: General Experience [SEP] good
REV_05484,REV_05484_C09,4.0,Food,Negative,Aspect: Food [SEP] garlic burnt fried rice exlent mutton curry superb
REV_05486,REV_05486_C02,5.0,Service,Positive,Aspect: Service [SEP] Chef Akshay and his staff are so courteous and welcoming and cater to all our requests
REV_05486,REV_05486_C04,5.0,General Experience,Positive,Aspect: General Experience [SEP] Great place for peaceful dinners
REV_05506,REV_05506_C01,5.0,Service,Positive,Aspect: Service [SEP] Very nice and humble staff
REV_05506,REV_05506_C03,5.0,Service,Positive,Aspect: Service [SEP] everything is so god really impressed with the staff behaviour and i would love to come again
REV_05520,REV_05520_C01,5.0,Food,Positive,Aspect: Food [SEP] Great food n service
REV_05520,REV_05520_C01,5.0,Service,Positive,Aspect: Service [SEP] Great food n service
REV_05520,REV_05520_C04,5.0,Food,Positive,Aspect: Food [SEP] the food is delicious
REV_05520,REV_05520_C05,5.0,General Experience,Positive,Aspect: General Experience [SEP] will surely visit again
REV_05528,REV_05528_C01,5.0,General Experience,Positive,Aspect: General Experience [SEP] Had a very good dinner time
REV_05528,REV_05528_C02,5.0,Service,Positive,Aspect: Service [SEP] service is excellent
REV_05532,REV_05532_C01,5.0,Food,Positive,"Aspect: Food [SEP] Food was delicious and it has a large selection of food including Asian, Indian and continental"
REV_05532,REV_05532_C02,5.0,Service,Positive,"Aspect: Service [SEP] Service was great, Viroopa was very professional and did a great job in assisting"
REV_05539,REV_05539_C01,5.0,Service,Positive,Aspect: Service [SEP] Have visited this place couple of times and as always their service is great and very quick
REV_05539,REV_05539_C02,5.0,Service,Positive,Aspect: Service [SEP] Specially their staff is very friendly and caring
REV_05539,REV_05539_C05,5.0,General Experience,Positive,Aspect: General Experience [SEP] The service by Mr Dharma made it even great experience for them as he served their requested order very swiftly and they enjoyed the evening
REV_05539,REV_05539_C05,5.0,Service,Positive,Aspect: Service [SEP] The service by Mr Dharma made it even great experience for them as he served their requested order very swiftly and they enjoyed the evening
REV_05539,REV_05539_C06,5.0,General Experience,Positive,Aspect: General Experience [SEP] Their live counter was something I loved the most
REV_05541,REV_05541_C02,2.0,General Experience,Positive,"Aspect: General Experience [SEP] nothing, i mean nothing in this place was exceptionally good"
REV_05541,REV_05541_C04,2.0,Food,Positive,Aspect: Food [SEP] nothing just made me food good and welcomed
REV_05541,REV_05541_C06,2.0,Food,Positive,Aspect: Food [SEP] I remember nothing from what I ate as extraordinarily good
REV_05541,REV_05541_C10,2.0,Ambience,Positive,Aspect: Ambience [SEP] the place did not even smell good
REV_05543,REV_05543_C02,1.0,General Experience,Negative,Aspect: General Experience [SEP] 2 were burnt
REV_05543,REV_05543_C03,1.0,Food,Negative,Aspect: Food [SEP] Taste was horrible
REV_05543,REV_05543_C06,1.0,Food,Positive,Aspect: Food [SEP] Our order was of much more value and then we had to order again from some place else coz no one will eat burnt food like that
REV_05543,REV_05543_C06,1.0,Price / Value,Positive,Aspect: Price / Value [SEP] Our order was of much more value and then we had to order again from some place else coz no one will eat burnt food like that
REV_05543,REV_05543_C06,1.0,Service,Positive,Aspect: Service [SEP] Our order was of much more value and then we had to order again from some place else coz no one will eat burnt food like that
REV_05543,REV_05543_C07,1.0,Service,Negative,Aspect: Service [SEP] Horrible service by Being Hungry and Zomato
REV_05547,REV_05547_C01,5.0,General Experience,Positive,Aspect: General Experience [SEP] good job
REV_05553,REV_05553_C01,4.0,General Experience,Positive,Aspect: General Experience [SEP] Daal & chapati was good
REV_05553,REV_05553_C04,4.0,Food,Positive,Aspect: Food [SEP] please try to make more tasty
REV_05553,REV_05553_C05,4.0,Service,Positive,Aspect: Service [SEP] Order received on time
REV_05553,REV_05553_C06,4.0,General Experience,Positive,Aspect: General Experience [SEP] Packing was good
REV_05555,REV_05555_C04,4.0,Food,Positive,Aspect: Food [SEP] All starters are simply superb
REV_05555,REV_05555_C05,4.0,General Experience,Positive,Aspect: General Experience [SEP] I liked veg munchurian very much
REV_05555,REV_05555_C06,4.0,Food,Positive,"Aspect: Food [SEP] coming to pulao and Biryanies, chicken items are simply superb"
REV_05555,REV_05555_C07,4.0,General Experience,Negative,Aspect: General Experience [SEP] But in panner and kaju pulao the masala is very less
REV_05555,REV_05555_C09,4.0,Food,Positive,Aspect: Food [SEP] If they would have been added little bit spices it would be great
REV_05565,REV_05565_C01,5.0,Food,Positive,"Aspect: Food [SEP] ordered special chicken biryani and hallelujah, i can feel i'm blessed with one good meal"
REV_05565,REV_05565_C02,5.0,Food,Positive,Aspect: Food [SEP] Thank you so much for this amazing meal and i definitely am ordering from you guys
REV_05566,REV_05566_C01,5.0,Food,Positive,Aspect: Food [SEP] This place serves delicious food with proper blend of spices
REV_05566,REV_05566_C02,5.0,Food,Positive,Aspect: Food [SEP] I prefer non veg food and the taste is truly amazing
REV_05566,REV_05566_C03,5.0,Food,Positive,"Aspect: Food [SEP] Pocket friendly , good food quantity and appreciable staff service"
REV_05566,REV_05566_C03,5.0,Price / Value,Positive,"Aspect: Price / Value [SEP] Pocket friendly , good food quantity and appreciable staff service"
REV_05566,REV_05566_C03,5.0,Service,Positive,"Aspect: Service [SEP] Pocket friendly , good food quantity and appreciable staff service"
REV_05572,REV_05572_C01,1.0,Food,Positive,Aspect: Food [SEP] too much spicy
REV_05572,REV_05572_C03,1.0,General Experience,Positive,Aspect: General Experience [SEP] not good
REV_05574,REV_05574_C01,4.0,Food,Positive,"Aspect: Food [SEP] I Had order Special Non Veg Biryani and Chicken Lollypop, the taste was superb"
REV_05574,REV_05574_C01,4.0,Service,Positive,"Aspect: Service [SEP] I Had order Special Non Veg Biryani and Chicken Lollypop, the taste was superb"
REV_05574,REV_05574_C02,4.0,Food,Positive,Aspect: Food [SEP] They given more chicken boneless pieces in Special Non veg Biryani
REV_05575,REV_05575_C01,1.0,Food,Negative,Aspect: Food [SEP] Worst chicken tengri kabab I ever had
REV_05589,REV_05589_C04,4.0,Food,Positive,Aspect: Food [SEP] but the only one thing that stands out is their Being hungry special chicken biryani
REV_05589,REV_05589_C07,4.0,Food,Positive,Aspect: Food [SEP] So that's the level of love my family has for this biryani
REV_05599,REV_05599_C01,4.0,Food,Negative,Aspect: Food [SEP] Should be bit less oily and spicy
REV_05614,REV_05614_C01,4.0,General Experience,Positive,Aspect: General Experience [SEP] it's nice
REV_05614,REV_05614_C02,4.0,Food,Positive,Aspect: Food [SEP] too spicy
REV_05617,REV_05617_C01,5.0,General Experience,Positive,Aspect: General Experience [SEP] a very good good
REV_05624,REV_05624_C02,5.0,Ambience,Positive,"Aspect: Ambience [SEP] pretty good ambiance to go with friends and it’s very close to DLF , that’s more than require to hang out here"
REV_05628,REV_05628_C01,5.0,General Experience,Positive,Aspect: General Experience [SEP] We have ordered from this place and it has some amazing choices we could choose from
REV_05628,REV_05628_C04,5.0,Food,Positive,Aspect: Food [SEP] The shakes are super yummy and I had my best shakes here
REV_05636,REV_05636_C03,5.0,Food,Positive,Aspect: Food [SEP] The shakes are categorized into premium and classic and each category has lots of flavors to choose from and the taste is amazing
REV_05636,REV_05636_C07,5.0,Food,Positive,Aspect: Food [SEP] But the variety of toppings given makes good sense
REV_05636,REV_05636_C08,5.0,Food,Positive,"Aspect: Food [SEP] Overall, I liked the quality of milk shakes"
REV_05647,REV_05647_C01,5.0,Food,Positive,Aspect: Food [SEP] Great shakes are kind of a given when it comes to Tempteys
REV_05647,REV_05647_C03,5.0,Food,Positive,"Aspect: Food [SEP] Delicious shakes, tried the Coffee Hazelnut, Merry Cherry"
REV_05647,REV_05647_C06,5.0,Food,Positive,"Aspect: Food [SEP] What I did not expect were the amazing fries and wedges, we absolutely cleaned the boxes out"
REV_05647,REV_05647_C07,5.0,Service,Positive,"Aspect: Service [SEP] Service was also impeccable, really quick"
REV_05660,REV_05660_C03,3.0,Food,Neutral,"Aspect: Food [SEP] but it was average in taste, not that good what I expected"
REV_05660,REV_05660_C04,3.0,Food,Positive,Aspect: Food [SEP] So for me my first experience was average for the taste of the shake
REV_05660,REV_05660_C04,3.0,General Experience,Positive,Aspect: General Experience [SEP] So for me my first experience was average for the taste of the shake
REV_05664,REV_05664_C01,3.0,Service,Positive,Aspect: Service [SEP] Usually I order the same shake from this place it used to be so good
REV_05664,REV_05664_C02,3.0,Ambience,Negative,Aspect: Ambience [SEP] Today I felt that the whipped cream being added had very bad smell and taste
REV_05664,REV_05664_C02,3.0,Food,Negative,Aspect: Food [SEP] Today I felt that the whipped cream being added had very bad smell and taste
REV_05669,REV_05669_C01,5.0,General Experience,Positive,Aspect: General Experience [SEP] awesome
REV_05721,REV_05721_C01,5.0,Food,Positive,Aspect: Food [SEP] Awsome food at very reasonable price
REV_05721,REV_05721_C01,5.0,Price / Value,Positive,Aspect: Price / Value [SEP] Awsome food at very reasonable price
REV_05727,REV_05727_C01,5.0,Food,Positive,"Aspect: Food [SEP] Quallity- 5/5: They have a special taste, a special cream which makes it better, burger and sandwich are a must try"
REV_05727,REV_05727_C02,5.0,Food,Positive,Aspect: Food [SEP] Quantity- 5/5:
REV_05727,REV_05727_C04,5.0,Ambience,Negative,"Aspect: Ambience [SEP] i think because of rush , the tables would mostly be dirty other things are good"
REV_05727,REV_05727_C05,5.0,Food,Positive,"Aspect: Food [SEP] Value for money: 6/5, ofcourse it is a value that big burger with 50 rupees is a steal"
REV_05727,REV_05727_C05,5.0,Price / Value,Positive,"Aspect: Price / Value [SEP] Value for money: 6/5, ofcourse it is a value that big burger with 50 rupees is a steal"
REV_05735,REV_05735_C02,4.0,Ambience,Positive,Aspect: Ambience [SEP] It does offer good food and seating
REV_05735,REV_05735_C02,4.0,Food,Positive,Aspect: Food [SEP] It does offer good food and seating
REV_05735,REV_05735_C03,4.0,General Experience,Positive,Aspect: General Experience [SEP] The expense to satisfaction ratio is good
REV_05735,REV_05735_C06,4.0,Food,Positive,Aspect: Food [SEP] It offers good food at relatively low prices
REV_05735,REV_05735_C06,4.0,Price / Value,Positive,Aspect: Price / Value [SEP] It offers good food at relatively low prices
REV_05735,REV_05735_C07,4.0,Ambience,Negative,"Aspect: Ambience [SEP] The place is never too crowded, so one can always manage to find a seat on the first floor"
REV_05735,REV_05735_C09,4.0,Food,Positive,Aspect: Food [SEP] All the items taste good
REV_05735,REV_05735_C10,4.0,Food,Positive,Aspect: Food [SEP] I might specially praise their chicken cheese burger because that is my all time favorite
REV_05739,REV_05739_C06,3.0,Food,Positive,Aspect: Food [SEP] Fresh stuff at pocket friendly prices
REV_05739,REV_05739_C06,3.0,Price / Value,Positive,Aspect: Price / Value [SEP] Fresh stuff at pocket friendly prices
REV_05739,REV_05739_C06,3.0,Service,Positive,Aspect: Service [SEP] Fresh stuff at pocket friendly prices
REV_05743,REV_05743_C02,5.0,Food,Positive,Aspect: Food [SEP] Just amazing taste and it never changes
REV_05743,REV_05743_C03,5.0,Food,Positive,"Aspect: Food [SEP] Their chicken 65, chicken spicy pizza and the pineapple pastry are my most favourite :)"
REV_05748,REV_05748_C03,2.0,Food,Positive,"Aspect: Food [SEP] The patty had a weird cloying, sweet taste"
REV_05748,REV_05748_C05,2.0,Food,Positive,Aspect: Food [SEP] The paneer tikka roll was nice and crispy on the outside
REV_05757,REV_05757_C01,3.5,Price / Value,Positive,Aspect: Price / Value [SEP] Nice pocket friendly place
REV_05757,REV_05757_C01,3.5,Service,Positive,Aspect: Service [SEP] Nice pocket friendly place
REV_05757,REV_05757_C02,3.5,Food,Positive,Aspect: Food [SEP] Burgers and sandwiches are tasty and value for money
REV_05757,REV_05757_C02,3.5,Price / Value,Positive,Aspect: Price / Value [SEP] Burgers and sandwiches are tasty and value for money
REV_05757,REV_05757_C04,3.5,Ambience,Positive,Aspect: Ambience [SEP] The upper section is very nice to spend time chatting and munching
REV_05759,REV_05759_C01,4.5,General Experience,Positive,Aspect: General Experience [SEP] Loved the bakery and their innovative ticker system
REV_05759,REV_05759_C02,4.5,Food,Positive,Aspect: Food [SEP] Good food
REV_05759,REV_05759_C03,4.5,Food,Positive,Aspect: Food [SEP] Fresh and tasty
REV_05761,REV_05761_C01,4.5,Food,Positive,Aspect: Food [SEP] I had a grilled veg sandwich which is very good in taste and had a veg burger too
REV_05761,REV_05761_C02,4.5,General Experience,Positive,Aspect: General Experience [SEP] Both of them really good and cheesy
REV_05761,REV_05761_C04,4.5,General Experience,Positive,Aspect: General Experience [SEP] loved it
REV_05764,REV_05764_C01,5.0,Food,Positive,Aspect: Food [SEP] Today morning me and my friends and had some pastries very good in taste
REV_05764,REV_05764_C02,5.0,Price / Value,Positive,Aspect: Price / Value [SEP] Very decent prices
REV_05764,REV_05764_C03,5.0,Food,Positive,Aspect: Food [SEP] Some black forest I think we had today good taste
REV_05779,REV_05779_C01,5.0,General Experience,Positive,Aspect: General Experience [SEP] Famous bakery which i liked very much
REV_05779,REV_05779_C04,5.0,General Experience,Positive,Aspect: General Experience [SEP] everything good
REV_05781,REV_05781_C02,4.0,Ambience,Positive,Aspect: Ambience [SEP] First floor sitting place is best to have a talk and laughout with frnds
REV_05794,REV_05794_C04,5.0,Food,Positive,Aspect: Food [SEP] taste and prices are really good
REV_05794,REV_05794_C04,5.0,Price / Value,Positive,Aspect: Price / Value [SEP] taste and prices are really good
REV_05815,REV_05815_C05,3.0,Price / Value,Positive,Aspect: Price / Value [SEP] give Thee coz they are pocket friendly
REV_05815,REV_05815_C05,3.0,Service,Positive,Aspect: Service [SEP] give Thee coz they are pocket friendly
REV_05821,REV_05821_C01,5.0,Ambience,Positive,Aspect: Ambience [SEP] Ambience was great
REV_05821,REV_05821_C02,5.0,Food,Positive,Aspect: Food [SEP] food was good too
REV_05821,REV_05821_C03,5.0,Service,Positive,Aspect: Service [SEP] service was pretty fast
REV_05821,REV_05821_C05,5.0,Service,Positive,Aspect: Service [SEP] Pradhan was my appointed guy and he was very respectful and fast in delivering my orders
REV_05827,REV_05827_C01,5.0,Food,Positive,Aspect: Food [SEP] Pour house 7 is an awesome rooftop bar im gachibowli
REV_05827,REV_05827_C04,5.0,Ambience,Positive,Aspect: Ambience [SEP] The DJ was awesome and so was the crowd
REV_05827,REV_05827_C05,5.0,General Experience,Positive,Aspect: General Experience [SEP] Keep up the good work guys
REV_05829,REV_05829_C01,1.0,General Experience,Negative,Aspect: General Experience [SEP] Horrible experience
REV_05829,REV_05829_C02,1.0,Food,Negative,Aspect: Food [SEP] Food was really bad and service was very slow
REV_05829,REV_05829_C02,1.0,Service,Negative,Aspect: Service [SEP] Food was really bad and service was very slow
REV_05835,REV_05835_C01,4.0,Food,Positive,Aspect: Food [SEP] Good food
REV_05835,REV_05835_C03,4.0,Food,Positive,Aspect: Food [SEP] it was so spicy
REV_05835,REV_05835_C04,4.0,General Experience,Positive,Aspect: General Experience [SEP] though I liked it very much
REV_05835,REV_05835_C07,4.0,Service,Positive,Aspect: Service [SEP] the service was good
REV_05848,REV_05848_C01,5.0,Ambience,Positive,"Aspect: Ambience [SEP] So this place is located near ikea above the maruti showroom, gachibowli Been to pour house 7 two days ago& was really good it's an excellent place for party lovers & foodies I had the best time the ambience where it has both indoor and roof top seating and loved the rooftop seating started off with it's delicious mocktails like mojito,pina colada,sunrise"
REV_05848,REV_05848_C01,5.0,Food,Positive,"Aspect: Food [SEP] So this place is located near ikea above the maruti showroom, gachibowli Been to pour house 7 two days ago& was really good it's an excellent place for party lovers & foodies I had the best time the ambience where it has both indoor and roof top seating and loved the rooftop seating started off with it's delicious mocktails like mojito,pina colada,sunrise"
REV_05848,REV_05848_C02,5.0,General Experience,Positive,Aspect: General Experience [SEP] My personal favorite was definitely Pina colada
REV_05848,REV_05848_C03,5.0,Food,Positive,Aspect: Food [SEP] And how can I not mention their mouth water biryani and Kung Pao chicken the kung Pao chicken it's so flavor full at first you'll taste the garlic & then a hit of sweetness Because of it's honey I definitely recommend it to people
REV_05848,REV_05848_C03,5.0,General Experience,Positive,Aspect: General Experience [SEP] And how can I not mention their mouth water biryani and Kung Pao chicken the kung Pao chicken it's so flavor full at first you'll taste the garlic & then a hit of sweetness Because of it's honey I definitely recommend it to people
REV_05848,REV_05848_C04,5.0,Food,Positive,Aspect: Food [SEP] I've watched one of the best sunsets of my life from their rooftop I'm a sucker for good food
REV_05848,REV_05848_C05,5.0,Ambience,Positive,Aspect: Ambience [SEP] good view loved every bit of that place
REV_05848,REV_05848_C06,5.0,General Experience,Positive,Aspect: General Experience [SEP] Its a must visit when you're in Hyderabad
REV_05848,REV_05848_C07,5.0,Ambience,Positive,Aspect: Ambience [SEP] Ambience-5/5
REV_05857,REV_05857_C01,1.0,Food,Negative,Aspect: Food [SEP] BAD food
REV_05857,REV_05857_C02,1.0,Service,Negative,Aspect: Service [SEP] BAD service too
REV_05859,REV_05859_C01,2.0,Ambience,Positive,Aspect: Ambience [SEP] A decent place for party and a cozy climate too
REV_05859,REV_05859_C02,2.0,Food,Positive,Aspect: Food [SEP] Veg manchurian was great and chicken kebabs were fine
REV_05863,REV_05863_C01,1.0,General Experience,Positive,"Aspect: General Experience [SEP] Don't have zero rate here, one I m giving bcoz they welcomed me nice way"
REV_05863,REV_05863_C02,1.0,Food,Negative,"Aspect: Food [SEP] but food was sucks here, we had three starters which were not good at all, chicken starter was smelling may be they use stock or stale chic"
REV_05863,REV_05863_C03,1.0,General Experience,Negative,"Aspect: General Experience [SEP] Not come again here, very bad experience"
REV_05863,REV_05863_C04,1.0,Price / Value,Negative,Aspect: Price / Value [SEP] Total wasting of money
REV_05865,REV_05865_C02,3.0,Service,Positive,Aspect: Service [SEP] service is good
REV_05880,REV_05880_C01,2.0,General Experience,Positive,Aspect: General Experience [SEP] Place looked good when entering
REV_05880,REV_05880_C08,2.0,Ambience,Negative,Aspect: Ambience [SEP] The toilet's location is just bad
REV_05894,REV_05894_C01,1.0,Service,Negative,"Aspect: Service [SEP] March 15th : Had to change my rating to 1 today, the worst service ever"
REV_05894,REV_05894_C07,1.0,General Experience,Negative,Aspect: General Experience [SEP] Poor maintainince of the place adds to everything
REV_05894,REV_05894_C11,1.0,Ambience,Negative,Aspect: Ambience [SEP] The poor manager had to wait tables and supply cutlery to the required people
REV_05894,REV_05894_C11,1.0,Service,Negative,Aspect: Service [SEP] The poor manager had to wait tables and supply cutlery to the required people
REV_05894,REV_05894_C14,1.0,General Experience,Negative,Aspect: General Experience [SEP] It was a really pathetic experience and I would definitely choose a different place next time
REV_05894,REV_05894_C17,1.0,Food,Neutral,"Aspect: Food [SEP] but the white sauce penne pasta was average, I expected it to be more flavorful and have consistent creamy texture"
REV_05894,REV_05894_C19,1.0,Food,Positive,Aspect: Food [SEP] The chicken wings were a little sweet and not that great if you want to have some spicy good to go with your drinks
REV_05894,REV_05894_C20,1.0,General Experience,Positive,Aspect: General Experience [SEP] The only thing I liked about the place was that it stocked Kalhua which was out of stock at almost all other places
REV_05902,REV_05902_C01,5.0,General Experience,Positive,Aspect: General Experience [SEP] Love the place especially on a weekend
REV_05902,REV_05902_C03,5.0,General Experience,Positive,Aspect: General Experience [SEP] but still a good place to hang out
REV_05906,REV_05906_C03,5.0,Food,Positive,Aspect: Food [SEP] Loved the food and everything about the rooftop pub itz juz a minimal place wear it is suitable only for 30 count
REV_05906,REV_05906_C04,5.0,Food,Positive,Aspect: Food [SEP] but diz place has amazing bollywood nights and dj need to appreciate there and kindness towards the customer do visit this and the dancefloor food was really amazing 5⭐️ Pourhouse Bistro
REV_05913,REV_05913_C02,4.0,Ambience,Positive,Aspect: Ambience [SEP] This place is good for night life
REV_05913,REV_05913_C05,4.0,Food,Negative,"Aspect: Food [SEP] The weather was freezing cold, i was craving some hot soup"
REV_05913,REV_05913_C07,4.0,Food,Negative,Aspect: Food [SEP] The soups were perfect for a freezing cold evening
REV_05913,REV_05913_C09,4.0,Food,Positive,Aspect: Food [SEP] Starters were delicious we had
REV_05913,REV_05913_C12,4.0,Food,Positive,Aspect: Food [SEP] Tandoori broccoli was my favourite from this place
REV_05913,REV_05913_C14,4.0,Food,Positive,Aspect: Food [SEP] Finishing with the desserts the hot chocolate brownie with ice cream was too tempting and sweet
REV_05913,REV_05913_C15,4.0,General Experience,Positive,Aspect: General Experience [SEP] Overall a great experience
REV_05913,REV_05913_C16,4.0,Ambience,Positive,Aspect: Ambience [SEP] Surely must visit this place for ambience and their starters
REV_05913,REV_05913_C16,4.0,Food,Positive,Aspect: Food [SEP] Surely must visit this place for ambience and their starters
REV_05913,REV_05913_C16,4.0,General Experience,Positive,Aspect: General Experience [SEP] Surely must visit this place for ambience and their starters
REV_05913,REV_05913_C17,4.0,Ambience,Positive,Aspect: Ambience [SEP] Loved this place and the view
REV_05913,REV_05913_C17,4.0,General Experience,Positive,Aspect: General Experience [SEP] Loved this place and the view
REV_05921,REV_05921_C04,4.0,Ambience,Negative,Aspect: Ambience [SEP] Since it was very crowded the service was delayed too
REV_05921,REV_05921_C04,4.0,Service,Negative,Aspect: Service [SEP] Since it was very crowded the service was delayed too
REV_05921,REV_05921_C05,4.0,General Experience,Positive,Aspect: General Experience [SEP] Overall the place is nice
REV_05927,REV_05927_C01,1.0,General Experience,Positive,Aspect: General Experience [SEP] Great place
REV_05927,REV_05927_C04,1.0,Service,Negative,"Aspect: Service [SEP] Absolutely pathetic hospitality, they lack even the basic human courtesy"
REV_05929,REV_05929_C01,5.0,General Experience,Positive,Aspect: General Experience [SEP] Amazing club
REV_05929,REV_05929_C02,5.0,Ambience,Positive,Aspect: Ambience [SEP] Great lighting and house DJ is fantastic
REV_05929,REV_05929_C03,5.0,Food,Positive,Aspect: Food [SEP] Great food
REV_05929,REV_05929_C04,5.0,Service,Positive,Aspect: Service [SEP] Special mention to Parida our server for the excellent service
REV_05929,REV_05929_C05,5.0,General Experience,Positive,Aspect: General Experience [SEP] Must visit place for all party animals
REV_05935,REV_05935_C01,4.5,Ambience,Positive,"Aspect: Ambience [SEP] Amazing place with good food, music and ambience"
REV_05935,REV_05935_C01,4.5,Food,Positive,"Aspect: Food [SEP] Amazing place with good food, music and ambience"
REV_05935,REV_05935_C01,4.5,General Experience,Positive,"Aspect: General Experience [SEP] Amazing place with good food, music and ambience"
REV_05935,REV_05935_C02,4.5,Service,Positive,Aspect: Service [SEP] Really good service provided by Sarooj and Praveen
REV_05935,REV_05935_C03,4.5,General Experience,Positive,Aspect: General Experience [SEP] A really nice place to kick start your weekend😀
REV_05939,REV_05939_C02,5.0,General Experience,Positive,Aspect: General Experience [SEP] Went there on a Friday night and the place was just amazing
REV_05939,REV_05939_C03,5.0,Ambience,Positive,Aspect: Ambience [SEP] The huge dance floor with the amazing lights set up is the best part about the place
REV_05939,REV_05939_C04,5.0,Ambience,Positive,Aspect: Ambience [SEP] The DJ and great crowd were like a cherry on the icing
REV_05939,REV_05939_C05,5.0,Food,Positive,"Aspect: Food [SEP] The food was good too, so were the drinks"
REV_05939,REV_05939_C06,5.0,General Experience,Positive,"Aspect: General Experience [SEP] This place is definitely a must visit, if you're a party person"
REV_05958,REV_05958_C01,5.0,General Experience,Positive,Aspect: General Experience [SEP] Great place to party
REV_05958,REV_05958_C02,5.0,Ambience,Positive,Aspect: Ambience [SEP] Nice dance floor
REV_05958,REV_05958_C04,5.0,Ambience,Positive,Aspect: Ambience [SEP] Great music
REV_05958,REV_05958_C06,5.0,Food,Positive,Aspect: Food [SEP] Food wise its good
REV_05958,REV_05958_C07,5.0,Service,Positive,Aspect: Service [SEP] Friendly staff and great service
REV_05962,REV_05962_C04,2.0,General Experience,Positive,Aspect: General Experience [SEP] what they delivered was great
REV_05962,REV_05962_C06,2.0,Ambience,Positive,"Aspect: Ambience [SEP] The cinderella mock-tail was insanely sweet, no one at our table could finish it"
REV_05962,REV_05962_C06,2.0,Food,Positive,"Aspect: Food [SEP] The cinderella mock-tail was insanely sweet, no one at our table could finish it"
REV_05962,REV_05962_C08,2.0,Ambience,Positive,Aspect: Ambience [SEP] The dance floor was very active with an amazing DJ
REV_05965,REV_05965_C03,5.0,Ambience,Positive,Aspect: Ambience [SEP] I recommend evryone to visit and enjoy the place whr yu can hve good food and good music together whr yu can chill and dance
REV_05965,REV_05965_C03,5.0,Food,Positive,Aspect: Food [SEP] I recommend evryone to visit and enjoy the place whr yu can hve good food and good music together whr yu can chill and dance
REV_05965,REV_05965_C03,5.0,General Experience,Positive,Aspect: General Experience [SEP] I recommend evryone to visit and enjoy the place whr yu can hve good food and good music together whr yu can chill and dance
REV_05982,REV_05982_C04,5.0,Ambience,Positive,Aspect: Ambience [SEP] The various lights create a different atmosphere and the dj was too good
REV_05982,REV_05982_C05,5.0,Food,Negative,"Aspect: Food [SEP] Coming to food, the price is on the higher side"
REV_05982,REV_05982_C05,5.0,Price / Value,Negative,"Aspect: Price / Value [SEP] Coming to food, the price is on the higher side"
REV_05982,REV_05982_C06,5.0,Food,Positive,Aspect: Food [SEP] quality and taste is great
REV_06002,REV_06002_C01,3.0,Food,Neutral,Aspect: Food [SEP] Food was decent and the starters were average
REV_06002,REV_06002_C03,3.0,Ambience,Neutral,Aspect: Ambience [SEP] Service was ok and the interesting part in the ambience is the roof top lights transforms it's shape with music
REV_06002,REV_06002_C03,3.0,Service,Neutral,Aspect: Service [SEP] Service was ok and the interesting part in the ambience is the roof top lights transforms it's shape with music
REV_06006,REV_06006_C01,5.0,General Experience,Positive,Aspect: General Experience [SEP] Too Good
REV_06006,REV_06006_C03,5.0,General Experience,Positive,Aspect: General Experience [SEP] #DJMERINA is too good
REV_06006,REV_06006_C04,5.0,Ambience,Positive,Aspect: Ambience [SEP] more over pub ambience is also good
REV_06006,REV_06006_C06,5.0,Price / Value,Positive,Aspect: Price / Value [SEP] it's worth for what they charge there
REV_06013,REV_06013_C04,5.0,Service,Positive,Aspect: Service [SEP] The place is best for youngster and the beer freak nice pitcher you would get here & my splz tankx to Vijay Kumar he served super & with splz items
REV_06017,REV_06017_C03,1.0,Food,Positive,Aspect: Food [SEP] I ordered Mushroom masala ( not good in taste) and 3 different types of roti's and in place of roti's they people are delivering white rice
REV_06021,REV_06021_C02,2.0,Food,Positive,Aspect: Food [SEP] Taste was ok quantity was ok
REV_06021,REV_06021_C03,2.0,Food,Negative,Aspect: Food [SEP] completely raw
REV_06021,REV_06021_C04,2.0,General Experience,Positive,Aspect: General Experience [SEP] Dal was good and worthy
REV_06027,REV_06027_C01,1.0,Ambience,Negative,Aspect: Ambience [SEP] Guys to be very frank the foods not good and the oil they used for cooking is not health eventhougj we can smell it in food
REV_06027,REV_06027_C01,1.0,Food,Negative,Aspect: Food [SEP] Guys to be very frank the foods not good and the oil they used for cooking is not health eventhougj we can smell it in food
REV_06029,REV_06029_C01,1.0,Food,Negative,Aspect: Food [SEP] verry bad food
REV_06029,REV_06029_C03,1.0,Food,Negative,Aspect: Food [SEP] and quantity also verry less and onions and lemons also not given
REV_06029,REV_06029_C04,1.0,Price / Value,Negative,Aspect: Price / Value [SEP] dont waste your money
REV_06035,REV_06035_C05,1.0,Food,Negative,Aspect: Food [SEP] Really bad quality food for health
REV_06039,REV_06039_C02,1.0,Food,Positive,Aspect: Food [SEP] food is not hot and not that tasty
REV_06050,REV_06050_C01,5.0,Food,Positive,Aspect: Food [SEP] taste was awesome but
REV_06050,REV_06050_C02,5.0,Food,Negative,Aspect: Food [SEP] quantity was very less
REV_06052,REV_06052_C01,4.0,Food,Negative,Aspect: Food [SEP] We ordered Aloo Jeera and some of the pieces tasted stale
REV_06064,REV_06064_C01,3.0,Food,Positive,Aspect: Food [SEP] paneer too spicy
REV_06064,REV_06064_C02,3.0,Food,Positive,Aspect: Food [SEP] manchurian an naan were great
REV_06072,REV_06072_C01,5.0,Service,Positive,Aspect: Service [SEP] on time delivery
REV_06083,REV_06083_C02,1.0,Service,Negative,Aspect: Service [SEP] worst service of both Santosh dhaba and Zomato
REV_06089,REV_06089_C01,5.0,General Experience,Positive,Aspect: General Experience [SEP] verry good
REV_06095,REV_06095_C02,3.0,Food,Negative,Aspect: Food [SEP] too much raw spices used
REV_06096,REV_06096_C01,3.0,Food,Negative,Aspect: Food [SEP] Quantity is less
REV_06107,REV_06107_C01,5.0,General Experience,Positive,Aspect: General Experience [SEP] My favorite place in hyderabad for chinese
REV_06107,REV_06107_C04,5.0,Food,Positive,"Aspect: Food [SEP] Spring rolls, Manchurian, Schezwan noodles, Soft noodles, Fried rice"
REV_06107,REV_06107_C05,5.0,General Experience,Positive,Aspect: General Experience [SEP] All were amazing
REV_06113,REV_06113_C01,4.0,Food,Positive,"Aspect: Food [SEP] Good food does the justice to your chinese craving,n nothing spellbinding"
REV_06115,REV_06115_C01,4.0,Food,Positive,Aspect: Food [SEP] This place gives you some really good chinese dishes and the portion size per dish is really good
REV_06115,REV_06115_C03,4.0,Service,Positive,Aspect: Service [SEP] The staff is also really helpful and quick with their service
REV_06121,REV_06121_C01,5.0,Food,Positive,Aspect: Food [SEP] Had a great time enjoying the delicious food
REV_06121,REV_06121_C01,5.0,General Experience,Positive,Aspect: General Experience [SEP] Had a great time enjoying the delicious food
REV_06121,REV_06121_C03,5.0,Food,Positive,Aspect: Food [SEP] Each and every item was served and presented very nicely and was delicious
REV_06121,REV_06121_C03,5.0,Service,Positive,Aspect: Service [SEP] Each and every item was served and presented very nicely and was delicious
REV_06121,REV_06121_C04,5.0,General Experience,Positive,Aspect: General Experience [SEP] To all those reading this try ordering the special foods that this place serves to have the best experience of eating out here and most importantly order an egg fu yang for sure to go with the main coarse
REV_06121,REV_06121_C04,5.0,Service,Positive,Aspect: Service [SEP] To all those reading this try ordering the special foods that this place serves to have the best experience of eating out here and most importantly order an egg fu yang for sure to go with the main coarse
REV_06121,REV_06121_C05,5.0,Ambience,Positive,Aspect: Ambience [SEP] Pricing is reasonable considering the food and ambience and a meal at this place will surely fit into the budget
REV_06121,REV_06121_C05,5.0,Food,Positive,Aspect: Food [SEP] Pricing is reasonable considering the food and ambience and a meal at this place will surely fit into the budget
REV_06121,REV_06121_C05,5.0,Price / Value,Positive,Aspect: Price / Value [SEP] Pricing is reasonable considering the food and ambience and a meal at this place will surely fit into the budget
REV_06126,REV_06126_C03,5.0,Service,Positive,Aspect: Service [SEP] And the waiters were attentive and service overall was excellent
REV_06126,REV_06126_C04,5.0,Price / Value,Positive,Aspect: Price / Value [SEP] Value for money 100%
REV_06130,REV_06130_C03,5.0,Ambience,Positive,Aspect: Ambience [SEP] Great ambiance and good hospitality
REV_06130,REV_06130_C03,5.0,Service,Positive,Aspect: Service [SEP] Great ambiance and good hospitality
REV_06130,REV_06130_C04,5.0,Food,Positive,"Aspect: Food [SEP] Chilli garlic prawns,chicken dim sums,Singapore noodles are very good"
REV_06130,REV_06130_C06,5.0,General Experience,Positive,Aspect: General Experience [SEP] Family -friendly restaurant and must visit restaurant
REV_06130,REV_06130_C06,5.0,Service,Positive,Aspect: Service [SEP] Family -friendly restaurant and must visit restaurant
REV_06144,REV_06144_C01,1.0,Food,Positive,Aspect: Food [SEP] The food was good every time
REV_06144,REV_06144_C04,1.0,General Experience,Negative,Aspect: General Experience [SEP] It was very raw
REV_06144,REV_06144_C05,1.0,Food,Negative,Aspect: Food [SEP] And the chicken coriander lemon soup seemed costly and not worthy for price
REV_06144,REV_06144_C05,1.0,Price / Value,Negative,Aspect: Price / Value [SEP] And the chicken coriander lemon soup seemed costly and not worthy for price
REV_06146,REV_06146_C02,3.0,General Experience,Positive,Aspect: General Experience [SEP] both are just not good
REV_06166,REV_06166_C01,2.0,Food,Positive,Aspect: Food [SEP] dint taste good at all
REV_06180,REV_06180_C02,3.0,Ambience,Neutral,Aspect: Ambience [SEP] The ambience was okay and there were probably more waiters than customers
REV_06180,REV_06180_C04,3.0,Food,Positive,"Aspect: Food [SEP] Of the four appetizers we shared, I loved the shrimp"
REV_06180,REV_06180_C05,3.0,General Experience,Positive,Aspect: General Experience [SEP] Fish was good
REV_06180,REV_06180_C12,3.0,Service,Positive,Aspect: Service [SEP] The waiters seemed friendly and were smiling with the women wearing a bright pink lipstick that matched well with their outfits
REV_06188,REV_06188_C01,2.0,Service,Negative,Aspect: Service [SEP] The momos was very bad and even the delivery was very late
REV_06192,REV_06192_C01,3.0,Food,Positive,Aspect: Food [SEP] American choupsey gravy was a bit sweet then it has to be
REV_06207,REV_06207_C01,3.0,Food,Positive,"Aspect: Food [SEP] Here, biriyani taste is nice"
REV_06213,REV_06213_C01,3.0,Ambience,Positive,Aspect: Ambience [SEP] Ambience was quite simple like a Cafe and the order will arrive to your table quick fast
REV_06213,REV_06213_C01,3.0,Service,Positive,Aspect: Service [SEP] Ambience was quite simple like a Cafe and the order will arrive to your table quick fast
REV_06213,REV_06213_C02,3.0,Food,Positive,Aspect: Food [SEP] I have tried only chicken dum biryani (becoz my tummy was full) which was good
REV_06213,REV_06213_C03,3.0,General Experience,Positive,Aspect: General Experience [SEP] not great
REV_06213,REV_06213_C04,3.0,Food,Positive,Aspect: Food [SEP] It can be little more spicy and juicy
REV_06215,REV_06215_C01,5.0,General Experience,Positive,Aspect: General Experience [SEP] Nice
REV_06221,REV_06221_C03,1.0,General Experience,Negative,Aspect: General Experience [SEP] got disappointed
REV_06238,REV_06238_C01,5.0,Service,Positive,Aspect: Service [SEP] Good delivery
REV_06252,REV_06252_C01,5.0,Food,Positive,"Aspect: Food [SEP] Good food awesome ,I ordered Lollipop Biryani"
REV_06254,REV_06254_C01,1.0,Food,Negative,Aspect: Food [SEP] Ordered food was not delivered
REV_06260,REV_06260_C01,4.0,Food,Positive,Aspect: Food [SEP] awesome taste
REV_06260,REV_06260_C02,4.0,General Experience,Negative,Aspect: General Experience [SEP] prawns pieces are less
REV_06265,REV_06265_C01,5.0,General Experience,Positive,Aspect: General Experience [SEP] Good job
REV_06268,REV_06268_C01,2.0,Food,Positive,Aspect: Food [SEP] not so good and it's not so spicy
REV_06273,REV_06273_C01,5.0,Food,Positive,Aspect: Food [SEP] Taste is good
REV_06279,REV_06279_C02,2.0,Service,Negative,Aspect: Service [SEP] Service is below average
REV_06279,REV_06279_C05,2.0,Food,Negative,Aspect: Food [SEP] Food quality is below average
REV_06283,REV_06283_C01,5.0,Ambience,Positive,"Aspect: Ambience [SEP] This is a gem of a place in the busy hitech City, love the live music that happens there on weekends"
REV_06289,REV_06289_C01,1.0,General Experience,Negative,Aspect: General Experience [SEP] Worst experience ever
REV_06289,REV_06289_C03,1.0,Ambience,Negative,Aspect: Ambience [SEP] Pathetic music
REV_06289,REV_06289_C04,1.0,Food,Negative,Aspect: Food [SEP] Starters were cold
REV_06289,REV_06289_C06,1.0,General Experience,Negative,Aspect: General Experience [SEP] It was a group event we all were very disappointing
REV_06291,REV_06291_C03,4.0,Ambience,Positive,Aspect: Ambience [SEP] But loved the ambiance
REV_06297,REV_06297_C02,1.0,Service,Negative,Aspect: Service [SEP] service is super pathetic
REV_06301,REV_06301_C02,5.0,Ambience,Positive,"Aspect: Ambience [SEP] I love the ambience, especially the couches on the mezzanine floor"
REV_06301,REV_06301_C04,5.0,Food,Positive,Aspect: Food [SEP] food is generally good
REV_06305,REV_06305_C03,4.0,Food,Positive,Aspect: Food [SEP] Good pizza
REV_06305,REV_06305_C04,4.0,Food,Positive,Aspect: Food [SEP] and a decent selection of drinks
REV_06323,REV_06323_C01,5.0,General Experience,Positive,"Aspect: General Experience [SEP] Komatose, Holiday Inn, is a place which will guarantee you a great time"
REV_06326,REV_06326_C01,1.0,Service,Negative,Aspect: Service [SEP] Pathetic service
REV_06326,REV_06326_C07,1.0,General Experience,Negative,Aspect: General Experience [SEP] Very poor customer experience and never going to visit this place again in future
REV_06343,REV_06343_C02,5.0,Food,Negative,"Aspect: Food [SEP] Fulfilling every silly need of the customer, absolutely loved the service kudos to the staff, I can't say enough of their service, well done there, a small suggestion add some dishes other than panner in vegetarian(I want you to take this seriously and implement it in the buffet ) other than that no complaints"
REV_06343,REV_06343_C02,5.0,Service,Negative,"Aspect: Service [SEP] Fulfilling every silly need of the customer, absolutely loved the service kudos to the staff, I can't say enough of their service, well done there, a small suggestion add some dishes other than panner in vegetarian(I want you to take this seriously and implement it in the buffet ) other than that no complaints"
REV_06343,REV_06343_C03,5.0,General Experience,Positive,Aspect: General Experience [SEP] You guys are awesome
REV_06343,REV_06343_C06,5.0,General Experience,Positive,Aspect: General Experience [SEP] Great stuff
REV_06351,REV_06351_C01,5.0,Ambience,Positive,Aspect: Ambience [SEP] Great place with nice ambience
REV_06351,REV_06351_C01,5.0,General Experience,Positive,Aspect: General Experience [SEP] Great place with nice ambience
REV_06351,REV_06351_C02,5.0,Food,Positive,Aspect: Food [SEP] Cocktail's was amazing
REV_06351,REV_06351_C03,5.0,Food,Positive,Aspect: Food [SEP] Mouth watering food with neat service
REV_06351,REV_06351_C03,5.0,Service,Positive,Aspect: Service [SEP] Mouth watering food with neat service
REV_06351,REV_06351_C04,5.0,General Experience,Positive,Aspect: General Experience [SEP] Nice place to hangout with friends & family too
REV_06356,REV_06356_C03,1.0,Food,Negative,"Aspect: Food [SEP] Food and drinks: friends has opted for whiskey and myself has ordered for mocktail, requested for less sugar syrup"
REV_06356,REV_06356_C05,1.0,Food,Negative,Aspect: Food [SEP] Food portion was so less that a kid can gulp it at one go
REV_06356,REV_06356_C09,1.0,Service,Positive,"Aspect: Service [SEP] we called them to correct which took good amount of time, least bothered to apologize or explain"
REV_06364,REV_06364_C05,3.0,Food,Positive,Aspect: Food [SEP] Drinks are good
REV_06368,REV_06368_C02,4.0,Food,Positive,Aspect: Food [SEP] the food is great
REV_06368,REV_06368_C03,4.0,Ambience,Positive,Aspect: Ambience [SEP] The music may be loud if you wish to have a good discussion with your folks
REV_06368,REV_06368_C04,4.0,General Experience,Positive,Aspect: General Experience [SEP] overall a nice experience
REV_06375,REV_06375_C01,2.5,Ambience,Positive,"Aspect: Ambience [SEP] Friendly staff, good live music and decent food"
REV_06375,REV_06375_C01,2.5,Food,Positive,"Aspect: Food [SEP] Friendly staff, good live music and decent food"
REV_06375,REV_06375_C01,2.5,Service,Positive,"Aspect: Service [SEP] Friendly staff, good live music and decent food"
REV_06375,REV_06375_C02,2.5,Ambience,Positive,Aspect: Ambience [SEP] You can go enjoy the live music with decent food and drinks
REV_06375,REV_06375_C02,2.5,Food,Positive,Aspect: Food [SEP] You can go enjoy the live music with decent food and drinks
REV_06375,REV_06375_C03,2.5,Ambience,Positive,Aspect: Ambience [SEP] for sure not a place for a great party
REV_06379,REV_06379_C02,3.0,Food,Positive,"Aspect: Food [SEP] It used to be one of my favorite places because of the taste, quantity and pricing"
REV_06379,REV_06379_C02,3.0,Price / Value,Positive,"Aspect: Price / Value [SEP] It used to be one of my favorite places because of the taste, quantity and pricing"
REV_06379,REV_06379_C04,3.0,Food,Positive,Aspect: Food [SEP] Food is no doubt good
REV_06379,REV_06379_C09,3.0,Ambience,Positive,Aspect: Ambience [SEP] I believe the management needs to seriously rethink if increasing prices by almost 50% is really a good decision with no changes in ambience
REV_06379,REV_06379_C09,3.0,Price / Value,Positive,Aspect: Price / Value [SEP] I believe the management needs to seriously rethink if increasing prices by almost 50% is really a good decision with no changes in ambience
REV_06379,REV_06379_C09,3.0,Service,Positive,Aspect: Service [SEP] I believe the management needs to seriously rethink if increasing prices by almost 50% is really a good decision with no changes in ambience
REV_06379,REV_06379_C10,3.0,Ambience,Positive,Aspect: Ambience [SEP] I believe their main USP was good food at affordable prices at a decent ambience
REV_06379,REV_06379_C10,3.0,Food,Positive,Aspect: Food [SEP] I believe their main USP was good food at affordable prices at a decent ambience
REV_06379,REV_06379_C10,3.0,Price / Value,Positive,Aspect: Price / Value [SEP] I believe their main USP was good food at affordable prices at a decent ambience
REV_06379,REV_06379_C14,3.0,Ambience,Positive,"Aspect: Ambience [SEP] and much more to look at such as clean washrooms to use, well dressed waiters"
REV_06389,REV_06389_C02,3.0,Food,Positive,Aspect: Food [SEP] Food 4/5
REV_06389,REV_06389_C04,3.0,Food,Positive,Aspect: Food [SEP] I really liked there Paneer biryani and all starters
REV_06391,REV_06391_C02,5.0,Food,Positive,Aspect: Food [SEP] Food is awesome in terms of taste and quality and quantity also
REV_06391,REV_06391_C03,5.0,Food,Positive,Aspect: Food [SEP] aromas special chicken briyani must try item in menu of you are biryani lover
REV_06391,REV_06391_C04,5.0,Service,Negative,Aspect: Service [SEP] Only one thing service is very slow because of love kitchen.2 hours for lunch or dinner
REV_06391,REV_06391_C06,5.0,General Experience,Positive,Aspect: General Experience [SEP] good
REV_06397,REV_06397_C01,3.0,General Experience,Positive,Aspect: General Experience [SEP] This place started as a great place initially
REV_06397,REV_06397_C02,3.0,Food,Positive,Aspect: Food [SEP] but in recent times the quality and quantity have been reduced
REV_06401,REV_06401_C01,1.0,Food,Positive,"Aspect: Food [SEP] I have ordered today Veg Cantonese pan fried noodles, both noodles and soup are not at all good"
REV_06405,REV_06405_C01,3.0,Ambience,Positive,"Aspect: Ambience [SEP] Ambience: Not great, by seeing photos we expected more out of it"
REV_06405,REV_06405_C08,3.0,Food,Positive,Aspect: Food [SEP] Starters were good they grilled properly baked properly proper taste
REV_06405,REV_06405_C09,3.0,Food,Positive,Aspect: Food [SEP] We ordered some curries and naan again the main course was just about fine not great
REV_06405,REV_06405_C10,3.0,Food,Positive,Aspect: Food [SEP] Overall we only liked starters here
REV_06405,REV_06405_C12,3.0,Food,Negative,Aspect: Food [SEP] Service: It was bit slow we had to wait for quite some time for getting our order at one point we thought that maybe they are outsourcing the food also 😅
REV_06405,REV_06405_C12,3.0,Service,Negative,Aspect: Service [SEP] Service: It was bit slow we had to wait for quite some time for getting our order at one point we thought that maybe they are outsourcing the food also 😅
REV_06405,REV_06405_C14,3.0,Food,Positive,Aspect: Food [SEP] Overall: Place is bit hard to find and food it is not that great it is decent for you to explore
REV_06414,REV_06414_C01,1.0,General Experience,Negative,Aspect: General Experience [SEP] very bad
REV_06418,REV_06418_C02,4.0,Food,Positive,"Aspect: Food [SEP] Amazing food had chefs special kofta curry with peas pulao, it was the best I had after so long time"
REV_06418,REV_06418_C03,4.0,Food,Positive,Aspect: Food [SEP] It is must try place for food
REV_06418,REV_06418_C03,4.0,General Experience,Positive,Aspect: General Experience [SEP] It is must try place for food
REV_06418,REV_06418_C04,4.0,Ambience,Positive,Aspect: Ambience [SEP] Ambiance- okay not great outside sitting is under construction
REV_06418,REV_06418_C06,4.0,General Experience,Positive,Aspect: General Experience [SEP] due to road construction it was not good
REV_06418,REV_06418_C08,4.0,Service,Positive,Aspect: Service [SEP] Services- very good services and staff is very friendly
REV_06419,REV_06419_C03,1.0,General Experience,Negative,Aspect: General Experience [SEP] Serivice is really poor
REV_06419,REV_06419_C05,1.0,Food,Negative,Aspect: Food [SEP] Food 1/5
REV_06419,REV_06419_C06,1.0,Ambience,Negative,Aspect: Ambience [SEP] Ambience 1/5
REV_06419,REV_06419_C07,1.0,Service,Negative,Aspect: Service [SEP] Service 1/5
REV_06423,REV_06423_C02,1.0,Food,Positive,Aspect: Food [SEP] Just avoid this place unless you wanna loose your money for a cheap quality food
REV_06423,REV_06423_C02,1.0,Price / Value,Positive,Aspect: Price / Value [SEP] Just avoid this place unless you wanna loose your money for a cheap quality food
REV_06428,REV_06428_C03,5.0,Price / Value,Positive,Aspect: Price / Value [SEP] Reasonable rates
REV_06428,REV_06428_C04,5.0,Ambience,Positive,Aspect: Ambience [SEP] Ambience:3/5 Taste: 5/5 Service:4/5 Value for Money:5/5
REV_06428,REV_06428_C04,5.0,Food,Positive,Aspect: Food [SEP] Ambience:3/5 Taste: 5/5 Service:4/5 Value for Money:5/5
REV_06428,REV_06428_C04,5.0,Price / Value,Positive,Aspect: Price / Value [SEP] Ambience:3/5 Taste: 5/5 Service:4/5 Value for Money:5/5
REV_06428,REV_06428_C04,5.0,Service,Positive,Aspect: Service [SEP] Ambience:3/5 Taste: 5/5 Service:4/5 Value for Money:5/5
REV_06434,REV_06434_C05,4.0,Food,Positive,"Aspect: Food [SEP] The broccoli , paneer corn kebab , babycorns ,tandoori chicken ,prawns were amazing"
REV_06434,REV_06434_C06,4.0,Food,Negative,Aspect: Food [SEP] I would say stuffed paneer tikka and paneer butter masala could be better
REV_06434,REV_06434_C07,4.0,Food,Positive,Aspect: Food [SEP] The mutton gravy was pretty good too along with chicken biryani
REV_06434,REV_06434_C08,4.0,Food,Positive,"Aspect: Food [SEP] Among the chapatis , Malai methi roti was really really nice"
REV_06441,REV_06441_C01,5.0,General Experience,Positive,Aspect: General Experience [SEP] nice good
REV_06442,REV_06442_C01,3.0,Price / Value,Negative,Aspect: Price / Value [SEP] If you have no value for money then this restaurant is good to waste your money
REV_06442,REV_06442_C02,3.0,General Experience,Positive,Aspect: General Experience [SEP] Reason for giving 3* is due to veg curries which were told be good by my vegan friends
REV_06442,REV_06442_C03,3.0,General Experience,Negative,"Aspect: General Experience [SEP] But, we, non-veg guys were totally disappointed for non-veg curries"
REV_06442,REV_06442_C04,3.0,Food,Negative,Aspect: Food [SEP] It's got no taste at all
REV_06442,REV_06442_C06,3.0,Food,Positive,Aspect: Food [SEP] No spicy at all
REV_06442,REV_06442_C07,3.0,General Experience,Negative,Aspect: General Experience [SEP] Butter rotis were thicker than it usually has to be
REV_06442,REV_06442_C09,3.0,Service,Positive,Aspect: Service [SEP] Service- Good
REV_06442,REV_06442_C10,3.0,Food,Negative,Aspect: Food [SEP] Taste- Below average
REV_06442,REV_06442_C11,3.0,Ambience,Positive,Aspect: Ambience [SEP] Ambiance- Good
REV_06442,REV_06442_C12,3.0,Price / Value,Positive,Aspect: Price / Value [SEP] Cost- High
REV_06447,REV_06447_C01,5.0,Service,Positive,Aspect: Service [SEP] good service
REV_06452,REV_06452_C01,5.0,Service,Positive,Aspect: Service [SEP] good delivery
REV_06469,REV_06469_C01,5.0,Service,Positive,Aspect: Service [SEP] great on time order delivered
REV_06472,REV_06472_C04,5.0,Ambience,Negative,"Aspect: Ambience [SEP] The place is cool, not so noisy, spacious and hygiene"
REV_06472,REV_06472_C05,5.0,Service,Positive,Aspect: Service [SEP] Service is fast
REV_06472,REV_06472_C09,5.0,Food,Positive,Aspect: Food [SEP] The mutton Haleem was delicious
REV_06472,REV_06472_C12,5.0,Food,Positive,Aspect: Food [SEP] The chicken Fahm Mandi was delicious too
REV_06472,REV_06472_C15,5.0,Food,Positive,Aspect: Food [SEP] They give good amount of chicken
REV_06484,REV_06484_C03,3.0,Food,Positive,"Aspect: Food [SEP] the required seasonings are not provided(fried onion which are main in a Mandi) and also I have seen them filling tap water in the bottles and serving the same as bottled water , so watch out at last you can rate the food at 4/5 , seasonings 2/5"
REV_06484,REV_06484_C04,3.0,Ambience,Positive,Aspect: Ambience [SEP] ambience 1/5 at last it is a great place to go with family and friends
REV_06484,REV_06484_C04,3.0,General Experience,Positive,Aspect: General Experience [SEP] ambience 1/5 at last it is a great place to go with family and friends
REV_06490,REV_06490_C03,1.0,Food,Negative,Aspect: Food [SEP] Such a pathetic taste of food that i am never going to order from this joint again
REV_06490,REV_06490_C03,1.0,Service,Negative,Aspect: Service [SEP] Such a pathetic taste of food that i am never going to order from this joint again
REV_06494,REV_06494_C04,5.0,Food,Positive,Aspect: Food [SEP] We were about 10 of us and got a chance to try a lot of starters and they were all good
REV_06494,REV_06494_C07,5.0,Service,Positive,Aspect: Service [SEP] Service is good
REV_06519,REV_06519_C04,5.0,Ambience,Positive,Aspect: Ambience [SEP] The interiors are great
REV_06519,REV_06519_C07,5.0,Food,Positive,Aspect: Food [SEP] Both the quality & quantity you get is amazing for a decent price
REV_06519,REV_06519_C07,5.0,Price / Value,Positive,Aspect: Price / Value [SEP] Both the quality & quantity you get is amazing for a decent price
REV_06519,REV_06519_C09,5.0,Service,Positive,Aspect: Service [SEP] the staff is highly courteous and hospitable
REV_06519,REV_06519_C15,5.0,General Experience,Positive,"Aspect: General Experience [SEP] I highly , highly recommend this place to all my fellow followers"
REV_06548,REV_06548_C01,5.0,Food,Positive,Aspect: Food [SEP] Lebanese grilled chicken is awesome
REV_06554,REV_06554_C01,1.0,Food,Negative,Aspect: Food [SEP] food was really worst taste
REV_06563,REV_06563_C01,1.0,Food,Negative,Aspect: Food [SEP] the chicken was raw
REV_06567,REV_06567_C01,2.0,Price / Value,Positive,Aspect: Price / Value [SEP] price is too high on deserts
REV_06571,REV_06571_C04,5.0,General Experience,Positive,Aspect: General Experience [SEP] 😍 Such a good Singer she is😊😊
REV_06572,REV_06572_C02,5.0,General Experience,Positive,Aspect: General Experience [SEP] Sonalin Priyadarshini has very good voice
REV_06572,REV_06572_C05,5.0,General Experience,Positive,Aspect: General Experience [SEP] nice place nice lightning
REV_06576,REV_06576_C01,4.0,Food,Positive,Aspect: Food [SEP] Food is amazing
REV_06576,REV_06576_C04,4.0,Food,Positive,Aspect: Food [SEP] the food service is amazing
REV_06576,REV_06576_C04,4.0,Service,Positive,Aspect: Service [SEP] the food service is amazing
REV_06576,REV_06576_C05,4.0,Food,Positive,Aspect: Food [SEP] Food: 5/5
REV_06576,REV_06576_C06,4.0,Ambience,Positive,Aspect: Ambience [SEP] Ambience: 4/5
REV_06576,REV_06576_C08,4.0,Service,Positive,Aspect: Service [SEP] Service: 4/5
REV_06582,REV_06582_C01,4.0,Ambience,Positive,"Aspect: Ambience [SEP] Looking for a cool bar close to work, this is the place, went during the IPL season with big screen streaming it live, they have nice collection of beers to try out"
REV_06582,REV_06582_C03,4.0,Food,Positive,Aspect: Food [SEP] Food :3.5/5
REV_06582,REV_06582_C04,4.0,Ambience,Positive,Aspect: Ambience [SEP] Ambience :4/5
REV_06584,REV_06584_C01,5.0,Food,Positive,Aspect: Food [SEP] The food is really good in comparison to other pubs or bars
REV_06584,REV_06584_C02,5.0,Food,Positive,Aspect: Food [SEP] They have an assortment of foreign drinks some of which are really nice
REV_06590,REV_06590_C01,4.0,Ambience,Positive,Aspect: Ambience [SEP] Nice place with good ambience and good staff
REV_06590,REV_06590_C01,4.0,General Experience,Positive,Aspect: General Experience [SEP] Nice place with good ambience and good staff
REV_06590,REV_06590_C01,4.0,Service,Positive,Aspect: Service [SEP] Nice place with good ambience and good staff
REV_06590,REV_06590_C02,4.0,Food,Positive,Aspect: Food [SEP] Tried 2 beer both were good mocktail and cocktail were good
REV_06590,REV_06590_C03,4.0,Food,Positive,Aspect: Food [SEP] Noodles and chicken hongkong was tasty the only flaw for which I give a 4 star is lack of Indian main course dishes in the menu
REV_06594,REV_06594_C02,5.0,Ambience,Positive,Aspect: Ambience [SEP] Soothing music and awesome ambience
REV_06594,REV_06594_C03,5.0,Food,Positive,"Aspect: Food [SEP] The pasta 🍝, non-veg platter were so good and also the Mocktails were good"
REV_06612,REV_06612_C01,5.0,General Experience,Positive,Aspect: General Experience [SEP] Hands down the best Beer in Town 🍺love their cherry beer
REV_06612,REV_06612_C02,5.0,Food,Positive,"Aspect: Food [SEP] Ghee podi idly, butter garlic mushrooms, noodles are my favorite appetizers here"
REV_06614,REV_06614_C01,5.0,Food,Positive,Aspect: Food [SEP] Food taste is good
REV_06614,REV_06614_C02,5.0,Service,Positive,Aspect: Service [SEP] Customer service also good
REV_06614,REV_06614_C03,5.0,Ambience,Positive,Aspect: Ambience [SEP] Ambience and music also nice
REV_06614,REV_06614_C05,5.0,General Experience,Positive,Aspect: General Experience [SEP] Overall it's very good
REV_06619,REV_06619_C01,4.0,Food,Positive,"Aspect: Food [SEP] The best place to chill out with friends , A best place to enjoy the food and alcohol"
REV_06619,REV_06619_C02,4.0,Service,Positive,Aspect: Service [SEP] The staff also good at serving
REV_06619,REV_06619_C03,4.0,Ambience,Positive,Aspect: Ambience [SEP] Best place to hangout
REV_06634,REV_06634_C01,3.0,Ambience,Positive,Aspect: Ambience [SEP] Catchy restaurant name and very good ambiance
REV_06634,REV_06634_C03,3.0,Food,Positive,Aspect: Food [SEP] The spread of the buffet was limited and the taste was good
REV_06634,REV_06634_C04,3.0,Price / Value,Positive,Aspect: Price / Value [SEP] Pricing is also decent
REV_06636,REV_06636_C05,3.0,Service,Positive,Aspect: Service [SEP] Service: The waiters were courteous and gave a good suggestion on what to order and helped
REV_06636,REV_06636_C08,3.0,Ambience,Positive,Aspect: Ambience [SEP] Good parking available here
REV_06636,REV_06636_C10,3.0,Food,Positive,Aspect: Food [SEP] I liked the cheese quality and the toppings were in generous amount
REV_06636,REV_06636_C12,3.0,Food,Positive,Aspect: Food [SEP] Peri peri chicken was pretty good as the flavor was indulging
REV_06636,REV_06636_C15,3.0,Food,Negative,Aspect: Food [SEP] Wings were pretty good and the pastas were less in quantity and wasn’t too good
REV_06636,REV_06636_C17,3.0,Ambience,Positive,Aspect: Ambience [SEP] Really liked the ambience and the decor as well
REV_06636,REV_06636_C21,3.0,Food,Neutral,Aspect: Food [SEP] Food: 3/5
REV_06636,REV_06636_C22,3.0,Ambience,Positive,Aspect: Ambience [SEP] Ambience: 5/5
REV_06636,REV_06636_C23,3.0,Service,Positive,Aspect: Service [SEP] Service: 4/5
REV_06648,REV_06648_C03,3.0,Ambience,Positive,Aspect: Ambience [SEP] We went there thinking it would have good music and nice decor
REV_06667,REV_06667_C05,5.0,Food,Positive,Aspect: Food [SEP] Other dishes were tasty too
REV_06667,REV_06667_C06,5.0,Service,Positive,Aspect: Service [SEP] Liked their service
REV_06667,REV_06667_C08,5.0,General Experience,Positive,Aspect: General Experience [SEP] Overall a good place to enjoy
REV_06669,REV_06669_C08,3.0,Ambience,Positive,Aspect: Ambience [SEP] the ambience is good
REV_06669,REV_06669_C09,3.0,Service,Positive,Aspect: Service [SEP] The staff is friendly
REV_06669,REV_06669_C10,3.0,Food,Positive,Aspect: Food [SEP] the food served is delicious
REV_06669,REV_06669_C10,3.0,Service,Positive,Aspect: Service [SEP] the food served is delicious
REV_06669,REV_06669_C11,3.0,Food,Positive,Aspect: Food [SEP] The Mexican pizza was delicious
REV_06671,REV_06671_C02,5.0,Ambience,Positive,Aspect: Ambience [SEP] Ambiance and food quality is good
REV_06671,REV_06671_C02,5.0,Food,Positive,Aspect: Food [SEP] Ambiance and food quality is good
REV_06671,REV_06671_C05,5.0,Price / Value,Positive,Aspect: Price / Value [SEP] of items also worth the money
REV_06675,REV_06675_C01,5.0,Ambience,Positive,Aspect: Ambience [SEP] Ambiance is good
REV_06675,REV_06675_C02,5.0,Food,Positive,Aspect: Food [SEP] Service is very nice with tasty food
REV_06675,REV_06675_C02,5.0,Service,Positive,Aspect: Service [SEP] Service is very nice with tasty food
REV_06675,REV_06675_C03,5.0,Service,Positive,Aspect: Service [SEP] Raza made sure we get a good service and fulfilled our wishes
REV_06675,REV_06675_C04,5.0,General Experience,Positive,Aspect: General Experience [SEP] A surprise cake for the occasion was nice gesture
REV_06681,REV_06681_C01,5.0,General Experience,Positive,"Aspect: General Experience [SEP] Indigrill serving it's best grill and buffet in HYDERABAD, Overalla had a very good experience here"
REV_06681,REV_06681_C03,5.0,Food,Positive,Aspect: Food [SEP] The foods having really amazing taste
REV_06689,REV_06689_C03,2.0,Food,Positive,Aspect: Food [SEP] Not great spread on the buffet
REV_06689,REV_06689_C04,2.0,Food,Negative,Aspect: Food [SEP] The starters were either too spicy or undercooked
REV_06689,REV_06689_C05,2.0,General Experience,Negative,Aspect: General Experience [SEP] The main course spread was below average
REV_06689,REV_06689_C06,2.0,Food,Negative,Aspect: Food [SEP] The fresh jalebi was a good addition to the otherwise below average dessert spread
REV_06693,REV_06693_C01,5.0,Food,Positive,"Aspect: Food [SEP] Best place to visit n Subhandhu and Aritham n shakil n narender entertain the best, they make sure we taste everything"
REV_06697,REV_06697_C01,5.0,Food,Positive,Aspect: Food [SEP] I would definitely recommend people to come here and have food
REV_06697,REV_06697_C01,5.0,General Experience,Positive,Aspect: General Experience [SEP] I would definitely recommend people to come here and have food
REV_06697,REV_06697_C03,5.0,Food,Positive,Aspect: Food [SEP] Good service and amazing food
REV_06697,REV_06697_C03,5.0,Service,Positive,Aspect: Service [SEP] Good service and amazing food
REV_06697,REV_06697_C04,5.0,General Experience,Positive,Aspect: General Experience [SEP] Good work
REV_06697,REV_06697_C06,5.0,Ambience,Positive,Aspect: Ambience [SEP] Keep up the good taste and Ambience all the best 🤗✌️
REV_06697,REV_06697_C06,5.0,Food,Positive,Aspect: Food [SEP] Keep up the good taste and Ambience all the best 🤗✌️
REV_06702,REV_06702_C01,5.0,Service,Positive,Aspect: Service [SEP] A very active and courteous staff
REV_06702,REV_06702_C03,5.0,Ambience,Positive,Aspect: Ambience [SEP] The ambience was great
REV_06702,REV_06702_C04,5.0,Food,Positive,Aspect: Food [SEP] A great variety in the grill items
REV_06702,REV_06702_C05,5.0,General Experience,Negative,Aspect: General Experience [SEP] the deserts could have been a little less sweeter
REV_06702,REV_06702_C06,5.0,Food,Positive,"Aspect: Food [SEP] The dishes well liked were crispy corn, green apple fox"
REV_06702,REV_06702_C09,5.0,General Experience,Positive,Aspect: General Experience [SEP] Surely would like to visit again expecting the above changes are made
REV_06715,REV_06715_C02,2.0,Service,Positive,Aspect: Service [SEP] As usual it was Soo rush and waiters and staff over there are in hurry to serve us fast and want to throw us out of the restaurant.😐
REV_06715,REV_06715_C15,2.0,Food,Positive,Aspect: Food [SEP] starters were good
REV_06715,REV_06715_C19,2.0,Food,Negative,Aspect: Food [SEP] and not tasty
REV_06715,REV_06715_C21,2.0,Food,Negative,Aspect: Food [SEP] tasteless and curries and other items were not tasty
REV_06715,REV_06715_C22,2.0,Food,Positive,Aspect: Food [SEP] Salads were good
REV_06715,REV_06715_C24,2.0,General Experience,Positive,Aspect: General Experience [SEP] Deserts are good
REV_06715,REV_06715_C29,2.0,Ambience,Neutral,Aspect: Ambience [SEP] Ambience-3/5
REV_06715,REV_06715_C30,2.0,Food,Negative,Aspect: Food [SEP] Food-2/5
REV_06715,REV_06715_C31,2.0,Service,Positive,Aspect: Service [SEP] Service-4/5
REV_06718,REV_06718_C01,4.0,Service,Positive,Aspect: Service [SEP] Subhandu and Narendra provided good service
REV_06718,REV_06718_C03,4.0,Ambience,Positive,Aspect: Ambience [SEP] Ambience was good
REV_06747,REV_06747_C01,5.0,Food,Positive,Aspect: Food [SEP] Food is good and lots of
REV_06747,REV_06747_C03,5.0,Food,Positive,Aspect: Food [SEP] and service is good by suvendu and taste is good with reasonable price
REV_06747,REV_06747_C03,5.0,Price / Value,Positive,Aspect: Price / Value [SEP] and service is good by suvendu and taste is good with reasonable price
REV_06747,REV_06747_C03,5.0,Service,Positive,Aspect: Service [SEP] and service is good by suvendu and taste is good with reasonable price
REV_06747,REV_06747_C04,5.0,Ambience,Positive,Aspect: Ambience [SEP] ambience is really good
REV_06755,REV_06755_C01,5.0,Food,Positive,Aspect: Food [SEP] Great place and great food
REV_06755,REV_06755_C01,5.0,General Experience,Positive,Aspect: General Experience [SEP] Great place and great food
REV_06755,REV_06755_C03,5.0,General Experience,Positive,Aspect: General Experience [SEP] enjoyed every bit
REV_06755,REV_06755_C04,5.0,Service,Positive,Aspect: Service [SEP] Staff is very nice and polite
REV_06755,REV_06755_C05,5.0,General Experience,Positive,Aspect: General Experience [SEP] We’ll come again for sure
REV_06756,REV_06756_C02,5.0,General Experience,Positive,"Aspect: General Experience [SEP] Though reviews were not too good and after mixed feedback from friends, took a chance to visit this place with the team for a team lunch"
REV_06760,REV_06760_C03,4.0,Ambience,Positive,Aspect: Ambience [SEP] Quite a big place with good decor
REV_06760,REV_06760_C04,4.0,Service,Positive,Aspect: Service [SEP] Staff were helpful and service was quick
REV_06760,REV_06760_C05,4.0,Food,Positive,Aspect: Food [SEP] I loved the starters there
REV_06760,REV_06760_C06,4.0,Food,Positive,"Aspect: Food [SEP] Chicken leg kebab, other chicken starter were also very good"
REV_06760,REV_06760_C07,4.0,Food,Positive,"Aspect: Food [SEP] The best was prawns, tandoori prawns were just amazing"
REV_06760,REV_06760_C09,4.0,Food,Positive,"Aspect: Food [SEP] Main course also had good variety from chicken, mutton to fish"
REV_06760,REV_06760_C10,4.0,Food,Positive,Aspect: Food [SEP] Desserts were also good
REV_06760,REV_06760_C11,4.0,General Experience,Positive,Aspect: General Experience [SEP] Loved the galebi and rabdi the most
REV_06767,REV_06767_C01,5.0,Service,Positive,Aspect: Service [SEP] Very polite and professional staff
REV_06767,REV_06767_C02,5.0,Food,Positive,Aspect: Food [SEP] food was served hot fresh and on time
REV_06767,REV_06767_C02,5.0,Service,Positive,Aspect: Service [SEP] food was served hot fresh and on time
REV_06781,REV_06781_C01,4.0,Food,Positive,Aspect: Food [SEP] This is one of the favourite food spots in Jubilee Hills
REV_06781,REV_06781_C04,4.0,Food,Positive,Aspect: Food [SEP] it was really yummy and the best starters I had in recent times and had Aamir’s and Gautam’s Anda Bandi Fried the name itself was catchy
REV_06781,REV_06781_C06,4.0,Food,Positive,Aspect: Food [SEP] was spicy and Yummy
REV_06783,REV_06783_C02,5.0,General Experience,Negative,Aspect: General Experience [SEP] Was total disappointed yesterday night
REV_06783,REV_06783_C04,5.0,Food,Positive,Aspect: Food [SEP] Chicken starter in bean sauce was bitter in taste
REV_06783,REV_06783_C09,5.0,Service,Positive,Aspect: Service [SEP] Hope it would be fixed soon and we will not be disappointed when dining next time with our friends
REV_06793,REV_06793_C05,3.0,Food,Positive,Aspect: Food [SEP] The food is nice
REV_06802,REV_06802_C01,4.0,Ambience,Positive,Aspect: Ambience [SEP] Ambience is not as good as the one in Jubilee hills
REV_06802,REV_06802_C03,4.0,Service,Positive,Aspect: Service [SEP] Courteous staff
REV_06802,REV_06802_C04,4.0,Ambience,Negative,Aspect: Ambience [SEP] Gets a bit crowded towards the weekend so better to book a table prior
REV_06802,REV_06802_C05,4.0,Ambience,Positive,Aspect: Ambience [SEP] They have tie up with zomato for booking table which is good
REV_06811,REV_06811_C01,1.0,Food,Positive,"Aspect: Food [SEP] If you want to taste really bad sushi, this is the best place in town"
REV_06811,REV_06811_C03,1.0,Food,Negative,Aspect: Food [SEP] I repeat they are the best at serving the worst sushi
REV_06816,REV_06816_C02,4.0,Ambience,Positive,"Aspect: Ambience [SEP] Ambience is nice, we were seated by a nice table by the glass wall"
REV_06816,REV_06816_C03,4.0,Service,Positive,Aspect: Service [SEP] Service was very good as we got started with a manager standing close by and ensuring service was happening briskly
REV_06816,REV_06816_C05,4.0,Ambience,Positive,Aspect: Ambience [SEP] The buffet appetizers served at the table were good and served hot
REV_06816,REV_06816_C05,4.0,Service,Positive,Aspect: Service [SEP] The buffet appetizers served at the table were good and served hot
REV_06816,REV_06816_C06,4.0,Food,Neutral,"Aspect: Food [SEP] Veg appetizers were good, chicken was very average and the fish was quite good"
REV_06816,REV_06816_C09,4.0,Food,Positive,Aspect: Food [SEP] We didn't have much appetite after the starters so that was good
REV_06816,REV_06816_C12,4.0,Food,Negative,Aspect: Food [SEP] but kids enjoyed the ice cream cold stone
REV_06816,REV_06816_C13,4.0,General Experience,Positive,Aspect: General Experience [SEP] Overall experience was quite good for all of us
REV_06834,REV_06834_C04,4.0,Food,Positive,Aspect: Food [SEP] and the food was good
REV_06834,REV_06834_C07,4.0,Food,Positive,Aspect: Food [SEP] The Thai Curry was great and the remained for hours in my mouth
REV_06856,REV_06856_C02,2.0,Food,Negative,Aspect: Food [SEP] i was a little disappointed with the food quality
REV_06856,REV_06856_C03,2.0,Food,Positive,Aspect: Food [SEP] Veg food was good
REV_06856,REV_06856_C05,2.0,Ambience,Positive,Aspect: Ambience [SEP] Restaurant had a nice ambience
REV_06869,REV_06869_C01,2.0,General Experience,Negative,Aspect: General Experience [SEP] We went to urban Asia for lunch around 1 30 on a Sunday for ala carte and I certainly would not recommend it for anyone
REV_06869,REV_06869_C02,2.0,Food,Positive,Aspect: Food [SEP] Though the food was good
REV_06869,REV_06869_C03,2.0,Service,Negative,Aspect: Service [SEP] the service was pathetic
REV_06869,REV_06869_C11,2.0,Ambience,Positive,Aspect: Ambience [SEP] Ambience: 3.5/5
REV_06869,REV_06869_C12,2.0,Service,Negative,Aspect: Service [SEP] Service: 0/5
REV_06869,REV_06869_C13,2.0,Price / Value,Negative,Aspect: Price / Value [SEP] Value for money: 2.5/5
REV_06881,REV_06881_C01,3.0,Ambience,Positive,Aspect: Ambience [SEP] Beautiful ambience
REV_06881,REV_06881_C02,3.0,General Experience,Positive,Aspect: General Experience [SEP] The vintage look took me back to some good old days
REV_06883,REV_06883_C04,2.0,Ambience,Positive,Aspect: Ambience [SEP] Ambience is pretty good that has cobination of modern furniture and ancient India decorum
REV_06883,REV_06883_C06,2.0,Food,Negative,Aspect: Food [SEP] Very disappointed with the kind of knowledge they have about their dishes
REV_06883,REV_06883_C10,2.0,General Experience,Positive,Aspect: General Experience [SEP] Plating looks good
REV_06883,REV_06883_C11,2.0,Food,Negative,"Aspect: Food [SEP] tastewise, it was well below average"
REV_06883,REV_06883_C12,2.0,Food,Positive,"Aspect: Food [SEP] The stuffing was too dry, even with the chutney, it doesn't taste good"
REV_06883,REV_06883_C14,2.0,Food,Positive,Aspect: Food [SEP] Quantity was enough to serve two people
REV_06883,REV_06883_C14,2.0,Service,Positive,Aspect: Service [SEP] Quantity was enough to serve two people
REV_06897,REV_06897_C01,3.0,General Experience,Negative,Aspect: General Experience [SEP] #Disappointed
REV_06897,REV_06897_C03,3.0,Food,Negative,Aspect: Food [SEP] Was bit disappointed with the service and food
REV_06897,REV_06897_C03,3.0,Service,Negative,Aspect: Service [SEP] Was bit disappointed with the service and food
REV_06897,REV_06897_C05,3.0,Service,Negative,Aspect: Service [SEP] Which make service bit slow and confused
REV_06897,REV_06897_C08,3.0,General Experience,Positive,Aspect: General Experience [SEP] It's simply confusing and making ur dinning experience not that great
REV_06898,REV_06898_C02,4.0,General Experience,Positive,Aspect: General Experience [SEP] So this is a very interesting place
REV_06898,REV_06898_C04,4.0,General Experience,Positive,Aspect: General Experience [SEP] and first impressions very good
REV_06898,REV_06898_C12,4.0,General Experience,Positive,Aspect: General Experience [SEP] I scanned thru it and they had very good options
REV_06898,REV_06898_C14,4.0,General Experience,Positive,Aspect: General Experience [SEP] Very intriguing
REV_06898,REV_06898_C16,4.0,Ambience,Positive,Aspect: Ambience [SEP] Ambience is very good
REV_06898,REV_06898_C18,4.0,Ambience,Positive,"Aspect: Ambience [SEP] Lighting is good, you get to see what you are eating (i've seen some dont have enough lighting"
REV_06898,REV_06898_C20,4.0,Food,Positive,"Aspect: Food [SEP] Taste was good, as in ok"
REV_06898,REV_06898_C21,4.0,Food,Positive,Aspect: Food [SEP] I've tasted better biryanis at other places
REV_06898,REV_06898_C22,4.0,General Experience,Positive,Aspect: General Experience [SEP] All and all it was a good experience
REV_06898,REV_06898_C23,4.0,General Experience,Neutral,Aspect: General Experience [SEP] Nothing like WOW or Very different
REV_06898,REV_06898_C24,4.0,Food,Positive,"Aspect: Food [SEP] It's a good place, your regular go out and have good food"
REV_06898,REV_06898_C24,4.0,General Experience,Positive,"Aspect: General Experience [SEP] It's a good place, your regular go out and have good food"
REV_06903,REV_06903_C03,2.0,Food,Positive,"Aspect: Food [SEP] Food has fluctuating standards here, for a meal that cost almost 2k for 2 people without drinks one would expect at least some good to come out of the most basic cuisines"
REV_06903,REV_06903_C03,2.0,Price / Value,Positive,"Aspect: Price / Value [SEP] Food has fluctuating standards here, for a meal that cost almost 2k for 2 people without drinks one would expect at least some good to come out of the most basic cuisines"
REV_06903,REV_06903_C04,2.0,Food,Negative,Aspect: Food [SEP] The kadhai paneer which should have been lip smacking and flavourful was totally bland
REV_06903,REV_06903_C06,2.0,Ambience,Positive,"Aspect: Ambience [SEP] The only positive side of this place is the ambiance which is great, authentic artifacts from the past add a good aurora"
REV_06903,REV_06903_C11,2.0,General Experience,Positive,Aspect: General Experience [SEP] unfortunately my experience was so bad that I shall never visit this one again
REV_06914,REV_06914_C02,5.0,Food,Positive,Aspect: Food [SEP] The Starters were very good
REV_06914,REV_06914_C04,5.0,General Experience,Positive,Aspect: General Experience [SEP] Even the main course was good
REV_06914,REV_06914_C05,5.0,Food,Positive,Aspect: Food [SEP] Loved Phirni and Chico Lava cake as well
REV_06914,REV_06914_C06,5.0,General Experience,Negative,"Aspect: General Experience [SEP] However, the ice cream was not good"
REV_06914,REV_06914_C07,5.0,Service,Positive,Aspect: Service [SEP] Staff was courteous as well
REV_06916,REV_06916_C01,5.0,Food,Positive,Aspect: Food [SEP] We had a great time with awesome food and great service by SK Alauddin
REV_06916,REV_06916_C01,5.0,General Experience,Positive,Aspect: General Experience [SEP] We had a great time with awesome food and great service by SK Alauddin
REV_06916,REV_06916_C01,5.0,Service,Positive,Aspect: Service [SEP] We had a great time with awesome food and great service by SK Alauddin
REV_06916,REV_06916_C02,5.0,Food,Positive,"Aspect: Food [SEP] I recommend Thai Coconut Soup, Malaysian Laska, Signature fish Phuket sauce"
REV_06916,REV_06916_C02,5.0,General Experience,Positive,"Aspect: General Experience [SEP] I recommend Thai Coconut Soup, Malaysian Laska, Signature fish Phuket sauce"
REV_06919,REV_06919_C01,1.0,General Experience,Negative,Aspect: General Experience [SEP] Very very bad experience I had
REV_06919,REV_06919_C02,1.0,Service,Positive,Aspect: Service [SEP] Too worst serving which I never experienced in my life and they were not respecting customers in a good manner
REV_06934,REV_06934_C02,4.0,Ambience,Positive,Aspect: Ambience [SEP] I liked the ambiance with lite music
REV_06934,REV_06934_C04,4.0,Price / Value,Positive,Aspect: Price / Value [SEP] Good for families who like to spend with their loved ones
REV_06934,REV_06934_C05,4.0,Food,Positive,"Aspect: Food [SEP] and about food I liked cube corn in veg and fish, chicken & prawns in NV"
REV_06934,REV_06934_C06,4.0,Food,Positive,"Aspect: Food [SEP] I loved the mutton curry, it was so tender and delicious"
REV_06934,REV_06934_C07,4.0,General Experience,Neutral,Aspect: General Experience [SEP] And other items were ok
REV_06934,REV_06934_C08,4.0,Service,Negative,Aspect: Service [SEP] One thing they need to improve is service
REV_06934,REV_06934_C09,4.0,Ambience,Negative,Aspect: Ambience [SEP] though we opted for buffet they were serving starters at table that too with damn slow service and with repeated reminders
REV_06934,REV_06934_C09,4.0,Food,Negative,Aspect: Food [SEP] though we opted for buffet they were serving starters at table that too with damn slow service and with repeated reminders
REV_06934,REV_06934_C09,4.0,Service,Negative,Aspect: Service [SEP] though we opted for buffet they were serving starters at table that too with damn slow service and with repeated reminders
REV_06934,REV_06934_C10,4.0,Ambience,Positive,Aspect: Ambience [SEP] Ambiance 4/5
REV_06934,REV_06934_C11,4.0,Food,Positive,Aspect: Food [SEP] Food 4/5
REV_06934,REV_06934_C12,4.0,Service,Negative,Aspect: Service [SEP] Service 2.5/5
REV_06948,REV_06948_C01,3.0,Food,Positive,"Aspect: Food [SEP] Had been here on my birthday and opted for unlimited dinner and have to say till then my birthday was going great because the food was real disappointment including soup, starters, main course and dessert"
REV_06956,REV_06956_C01,2.0,General Experience,Positive,Aspect: General Experience [SEP] Visited this place for the good experience we hd earlier at their jubilee hills outlet
REV_06956,REV_06956_C02,2.0,General Experience,Negative,Aspect: General Experience [SEP] at yachi bolu it was a disappointing experience
REV_06956,REV_06956_C03,2.0,Food,Positive,"Aspect: Food [SEP] Purina chutney was sour , methi chicken was bitter"
REV_06956,REV_06956_C04,2.0,General Experience,Positive,Aspect: General Experience [SEP] Don't think will visit again
REV_06956,REV_06956_C05,2.0,Service,Neutral,Aspect: Service [SEP] Attitude of service staff was ok
REV_06960,REV_06960_C01,5.0,General Experience,Positive,Aspect: General Experience [SEP] Great place and wonderful service by Dilip
REV_06960,REV_06960_C01,5.0,Service,Positive,Aspect: Service [SEP] Great place and wonderful service by Dilip
REV_06960,REV_06960_C03,5.0,General Experience,Positive,Aspect: General Experience [SEP] Fish was very good
REV_06960,REV_06960_C04,5.0,General Experience,Positive,Aspect: General Experience [SEP] Loved the place
REV_06960,REV_06960_C05,5.0,General Experience,Positive,Aspect: General Experience [SEP] Will visit again for sure
REV_06967,REV_06967_C02,5.0,Food,Positive,Aspect: Food [SEP] Tasted like awesome
REV_06967,REV_06967_C04,5.0,Food,Negative,Aspect: Food [SEP] Desserts are less in number
REV_06969,REV_06969_C01,5.0,Food,Positive,Aspect: Food [SEP] The food is good
REV_06969,REV_06969_C02,5.0,Ambience,Positive,"Aspect: Ambience [SEP] the ambiance is good, we were greeted by Dilip Das"
REV_06969,REV_06969_C03,5.0,General Experience,Positive,Aspect: General Experience [SEP] and he made it an amazing experience for us to dine in over here
REV_06969,REV_06969_C04,5.0,General Experience,Positive,Aspect: General Experience [SEP] Surely would like to come again
REV_06971,REV_06971_C02,4.0,Food,Positive,"Aspect: Food [SEP] Their brownies are to die for , they have a huge variety of cupcakes"
REV_06971,REV_06971_C03,4.0,Food,Positive,Aspect: Food [SEP] my personal favourite have always been the red velvet and chocolate brownies with walnut topping
REV_06983,REV_06983_C01,5.0,Ambience,Positive,Aspect: Ambience [SEP] Their atmosphere is beautiful and the vibe is amazing
REV_06983,REV_06983_C05,5.0,Price / Value,Positive,Aspect: Price / Value [SEP] but definitely worth it
REV_06989,REV_06989_C03,1.0,General Experience,Positive,Aspect: General Experience [SEP] I was attracted towards it good reviews and wanted to give it a shot
REV_06989,REV_06989_C04,1.0,General Experience,Positive,Aspect: General Experience [SEP] But none of the cupcakes were soft
REV_06989,REV_06989_C05,1.0,Food,Negative,Aspect: Food [SEP] The icing on top tasted only sugar and the cream was stale
REV_06989,REV_06989_C08,1.0,Price / Value,Negative,Aspect: Price / Value [SEP] Total waste of money
REV_06993,REV_06993_C01,1.0,Price / Value,Positive,Aspect: Price / Value [SEP] When we order something special for a loved ones birthday apart from the value there are always sentiments attached to it
REV_06993,REV_06993_C01,1.0,Service,Positive,Aspect: Service [SEP] When we order something special for a loved ones birthday apart from the value there are always sentiments attached to it
REV_06993,REV_06993_C10,1.0,Price / Value,Positive,Aspect: Price / Value [SEP] Well since the cake held sentimental value for me I did leave immediately and rushed to the Gachibowli store
REV_06993,REV_06993_C16,1.0,Price / Value,Positive,Aspect: Price / Value [SEP] If they cannot value their customers and have no regard for others time and sentiments I do not think it would ever matter how their product is
REV_06993,REV_06993_C17,1.0,Price / Value,Negative,Aspect: Price / Value [SEP] My sister no longer considers them a role model as she values her customers more than having a fancy store with expensive products
REV_06993,REV_06993_C21,1.0,General Experience,Negative,Aspect: General Experience [SEP] Update: I have a facebook post which certifies that minimum 5 friends of mine have dealt with similar bad experiences
REV_06997,REV_06997_C01,5.0,Food,Positive,Aspect: Food [SEP] I have never denied I have sweet teeth
REV_06997,REV_06997_C06,5.0,Ambience,Positive,"Aspect: Ambience [SEP] Cupcakes that edge sweet without being overpowering so I can share with the ""I don't like desserts that are actually sweet"" crowd"
REV_06997,REV_06997_C06,5.0,Food,Positive,"Aspect: Food [SEP] Cupcakes that edge sweet without being overpowering so I can share with the ""I don't like desserts that are actually sweet"" crowd"
REV_07002,REV_07002_C01,5.0,General Experience,Positive,Aspect: General Experience [SEP] An Al time favorite
REV_07002,REV_07002_C04,5.0,General Experience,Positive,Aspect: General Experience [SEP] great work team
REV_07002,REV_07002_C05,5.0,Price / Value,Negative,Aspect: Price / Value [SEP] expensive
REV_07015,REV_07015_C01,1.5,General Experience,Negative,Aspect: General Experience [SEP] the cake i bought started smelling bad the very nxt day
REV_07035,REV_07035_C01,1.0,Service,Negative,Aspect: Service [SEP] Very poor store management
REV_07047,REV_07047_C01,4.5,Food,Positive,Aspect: Food [SEP] Delicious chocolate brownies
REV_07047,REV_07047_C02,4.5,General Experience,Positive,Aspect: General Experience [SEP] The packaging is awesome too
REV_07047,REV_07047_C07,4.5,Food,Positive,Aspect: Food [SEP] I'm not too good with dessert consistency and stuff
REV_07047,REV_07047_C08,4.5,Food,Positive,Aspect: Food [SEP] but all i can say is this is a place I would definitely recommend for dessert treats and parties
REV_07047,REV_07047_C08,4.5,General Experience,Positive,Aspect: General Experience [SEP] but all i can say is this is a place I would definitely recommend for dessert treats and parties
REV_07047,REV_07047_C09,4.5,Food,Positive,Aspect: Food [SEP] The brownies are moderately sweet and rich and not too moist
REV_07059,REV_07059_C02,1.0,Service,Negative,Aspect: Service [SEP] but banjara hills branch has the worst costumer service that I have ever seen in my life
REV_07059,REV_07059_C04,1.0,Food,Positive,Aspect: Food [SEP] They have great quality in what they serve
REV_07059,REV_07059_C04,1.0,Service,Positive,Aspect: Service [SEP] They have great quality in what they serve
REV_07059,REV_07059_C06,1.0,Service,Positive,Aspect: Service [SEP] My whole party got ruined because of their so called great service
REV_07059,REV_07059_C18,1.0,General Experience,Negative,Aspect: General Experience [SEP] Worst experience
REV_07066,REV_07066_C01,4.5,Food,Positive,"Aspect: Food [SEP] Awesome,delicious,mouth watering  do not know what else i could say for the taste"
REV_07066,REV_07066_C04,4.5,General Experience,Positive,Aspect: General Experience [SEP] one of the best i had
REV_07067,REV_07067_C01,4.5,Food,Positive,Aspect: Food [SEP] Hands down the best cup cakes and brownies in Hyderabad
REV_07067,REV_07067_C02,4.5,Food,Positive,Aspect: Food [SEP] They don't compromise on quality and you can feel that in the rich flavors and amazing taste
REV_07067,REV_07067_C03,4.5,General Experience,Positive,Aspect: General Experience [SEP] We had even ordered a cake from their for one of our directors birthday and good did that cake fly after it was cut
REV_07067,REV_07067_C04,4.5,Price / Value,Negative,Aspect: Price / Value [SEP] Pricing is a bit on the higher side
REV_07067,REV_07067_C05,4.5,Price / Value,Positive,Aspect: Price / Value [SEP] totally worth it
REV_07071,REV_07071_C02,4.0,Ambience,Positive,Aspect: Ambience [SEP] They have such awesome ambience
REV_07075,REV_07075_C02,4.0,Food,Positive,Aspect: Food [SEP] The pizza was awesome along with the dessert
REV_07075,REV_07075_C04,4.0,Food,Positive,Aspect: Food [SEP] The desserts are really good
REV_07081,REV_07081_C01,5.0,Ambience,Positive,Aspect: Ambience [SEP] Quirky interiors + Great food = Perfect
REV_07081,REV_07081_C01,5.0,Food,Positive,Aspect: Food [SEP] Quirky interiors + Great food = Perfect
REV_07081,REV_07081_C04,5.0,Ambience,Positive,Aspect: Ambience [SEP] This place has great interiors and it’s not just about the food here
REV_07081,REV_07081_C04,5.0,Food,Positive,Aspect: Food [SEP] This place has great interiors and it’s not just about the food here
REV_07083,REV_07083_C01,3.0,General Experience,Positive,Aspect: General Experience [SEP] I love this place
REV_07083,REV_07083_C04,3.0,Ambience,Negative,"Aspect: Ambience [SEP] It is just a perfect cafe where u can just sit, talk, sip coffee, enjoy the background songs, not a noisy cafe like some other cafes"
REV_07083,REV_07083_C05,3.0,General Experience,Positive,Aspect: General Experience [SEP] This cafe is definitely going to be my new favourite in the city
REV_07090,REV_07090_C02,5.0,Food,Positive,Aspect: Food [SEP] starts from their coffee to cookies all are awesome
REV_07090,REV_07090_C03,5.0,Ambience,Positive,Aspect: Ambience [SEP] The interior is also good
REV_07090,REV_07090_C04,5.0,Service,Positive,Aspect: Service [SEP] Good & polite staffs
REV_07090,REV_07090_C05,5.0,Ambience,Positive,"Aspect: Ambience [SEP] Nice hangout for couples,groups & family"
REV_07090,REV_07090_C06,5.0,General Experience,Positive,Aspect: General Experience [SEP] Loved it!✌️
REV_07094,REV_07094_C05,3.0,Ambience,Positive,Aspect: Ambience [SEP] Surrounded with some fancy cars and bikes with some great ambience and blood rushing coffee
REV_07094,REV_07094_C07,3.0,Food,Positive,Aspect: Food [SEP] The coffee was good and their food was okish
REV_07094,REV_07094_C09,3.0,General Experience,Positive,Aspect: General Experience [SEP] Really good place for people to hangout and spend some time
REV_07094,REV_07094_C10,3.0,Service,Negative,Aspect: Service [SEP] Service was very poor
REV_07116,REV_07116_C01,4.0,General Experience,Positive,Aspect: General Experience [SEP] Must visit place for supercars and super bike lovers
REV_07116,REV_07116_C04,4.0,Food,Positive,Aspect: Food [SEP] The blackcurrant milkshake tasted really great
REV_07116,REV_07116_C05,4.0,Food,Positive,Aspect: Food [SEP] the pizza didn't taste that good
REV_07116,REV_07116_C06,4.0,Food,Positive,Aspect: Food [SEP] If it was made a little spicy it would be great
REV_07119,REV_07119_C01,3.0,General Experience,Positive,Aspect: General Experience [SEP] The place is good
REV_07119,REV_07119_C03,3.0,Food,Negative,Aspect: Food [SEP] the food is expensive and lacks taste
REV_07119,REV_07119_C03,3.0,Price / Value,Negative,Aspect: Price / Value [SEP] the food is expensive and lacks taste
REV_07153,REV_07153_C01,5.0,General Experience,Positive,Aspect: General Experience [SEP] Very good frappe
REV_07153,REV_07153_C02,5.0,General Experience,Positive,Aspect: General Experience [SEP] Thanks for the good experience
REV_07162,REV_07162_C01,3.0,Ambience,Positive,"Aspect: Ambience [SEP] Nice and relaxed ambience, I won't mind chilling here for some time"
REV_07162,REV_07162_C03,3.0,Food,Neutral,Aspect: Food [SEP] Food is very average
REV_07162,REV_07162_C04,3.0,Service,Neutral,Aspect: Service [SEP] the service is ok
REV_07162,REV_07162_C05,3.0,Food,Negative,Aspect: Food [SEP] hazelnut cold coffee is something you can try
REV_07166,REV_07166_C01,3.0,Ambience,Positive,Aspect: Ambience [SEP] Good ambience
REV_07166,REV_07166_C04,3.0,General Experience,Positive,Aspect: General Experience [SEP] Heard that this place serves good coffee
REV_07166,REV_07166_C05,3.0,Food,Negative,Aspect: Food [SEP] I had cold coffee which was very bad surprisingly
REV_07170,REV_07170_C01,5.0,Food,Positive,"Aspect: Food [SEP] As part of tasting review, ordered masala paneer wrap, jumbo chicken wrap and sigbature rice roasted chicken, you guys rock, well balanced taste , wraps are stuffed with lots of chicken, they are juicy and soft, signature rice is well cooked, packed perfectly, served hot and quick delivered"
REV_07170,REV_07170_C01,5.0,Service,Positive,"Aspect: Service [SEP] As part of tasting review, ordered masala paneer wrap, jumbo chicken wrap and sigbature rice roasted chicken, you guys rock, well balanced taste , wraps are stuffed with lots of chicken, they are juicy and soft, signature rice is well cooked, packed perfectly, served hot and quick delivered"
REV_07180,REV_07180_C01,1.0,General Experience,Negative,Aspect: General Experience [SEP] Very bad experience
REV_07180,REV_07180_C04,1.0,Food,Positive,Aspect: Food [SEP] but i was delivered smoked butter chicken combo under quick meal which costs ₹190
REV_07180,REV_07180_C04,1.0,Price / Value,Positive,Aspect: Price / Value [SEP] but i was delivered smoked butter chicken combo under quick meal which costs ₹190
REV_07180,REV_07180_C04,1.0,Service,Positive,Aspect: Service [SEP] but i was delivered smoked butter chicken combo under quick meal which costs ₹190
REV_07180,REV_07180_C08,1.0,General Experience,Positive,Aspect: General Experience [SEP] and wouldn’t recommend to anyone based on my experience
REV_07182,REV_07182_C01,4.0,Food,Positive,Aspect: Food [SEP] Wraps here are really yummy
REV_07182,REV_07182_C02,4.0,Food,Negative,Aspect: Food [SEP] As cheap as chole wrap and as expensive as paneer wrap
REV_07182,REV_07182_C02,4.0,Price / Value,Negative,Aspect: Price / Value [SEP] As cheap as chole wrap and as expensive as paneer wrap
REV_07182,REV_07182_C03,4.0,Food,Positive,"Aspect: Food [SEP] Be it any level of the wraps, it is yummy"
REV_07182,REV_07182_C04,4.0,Food,Positive,"Aspect: Food [SEP] Moving on to rice, rice feasts are good to go and is very filling too"
REV_07196,REV_07196_C04,4.0,Food,Positive,Aspect: Food [SEP] The singhada aloo parathas were nicely baked and tasted really good
REV_07196,REV_07196_C05,4.0,General Experience,Negative,Aspect: General Experience [SEP] The spices in the parathas were less
REV_07196,REV_07196_C07,4.0,Food,Positive,Aspect: Food [SEP] The paneer makhanwala was creamy and tasty
REV_07196,REV_07196_C08,4.0,Food,Positive,"Aspect: Food [SEP] It was neither too spicy nor too sweet, it had just the right taste and aroma"
REV_07196,REV_07196_C09,4.0,General Experience,Positive,"Aspect: General Experience [SEP] Overall a good experience, definitely recommended"
REV_07212,REV_07212_C01,1.0,Food,Negative,"Aspect: Food [SEP] One of the worst experience I had with Faasos, I placed an order for Royal chicken Rice , the order got accepted and I waited for 2 hours ,called them , asked zomato support and after make me wait for 2 hours Faasos cancelled my order"
REV_07212,REV_07212_C01,1.0,General Experience,Negative,"Aspect: General Experience [SEP] One of the worst experience I had with Faasos, I placed an order for Royal chicken Rice , the order got accepted and I waited for 2 hours ,called them , asked zomato support and after make me wait for 2 hours Faasos cancelled my order"
REV_07212,REV_07212_C01,1.0,Service,Negative,"Aspect: Service [SEP] One of the worst experience I had with Faasos, I placed an order for Royal chicken Rice , the order got accepted and I waited for 2 hours ,called them , asked zomato support and after make me wait for 2 hours Faasos cancelled my order"
REV_07217,REV_07217_C02,4.0,Food,Positive,Aspect: Food [SEP] Cheese melt wrap was yum and Masala wrap was also nice
REV_07217,REV_07217_C03,4.0,Food,Positive,Aspect: Food [SEP] In navratri special I tried Paneer makhanwala Royal navratra meal which was packed nicely
REV_07231,REV_07231_C03,3.0,Food,Negative,Aspect: Food [SEP] The cheesy melt paneer wrap wasn't cheesy at all
REV_07231,REV_07231_C04,3.0,Food,Positive,Aspect: Food [SEP] The jumbo chicken wrap was good quantity wise
REV_07231,REV_07231_C05,3.0,Food,Positive,Aspect: Food [SEP] was very spicy
REV_07233,REV_07233_C01,1.0,Food,Negative,Aspect: Food [SEP] wrost food in my life waste of money
REV_07233,REV_07233_C01,1.0,Price / Value,Negative,Aspect: Price / Value [SEP] wrost food in my life waste of money
REV_07235,REV_07235_C03,4.0,Price / Value,Positive,Aspect: Price / Value [SEP] Great value for money
REV_07235,REV_07235_C05,4.0,General Experience,Positive,Aspect: General Experience [SEP] consistently good
REV_07235,REV_07235_C08,4.0,Ambience,Positive,Aspect: Ambience [SEP] Awesome & hygienic
REV_07254,REV_07254_C02,4.0,Food,Positive,Aspect: Food [SEP] Faasos have always been the first name that comes to mind when it comes to huge sized Appetite fulfilling wraps
REV_07254,REV_07254_C03,4.0,General Experience,Positive,Aspect: General Experience [SEP] I haven't come across any other place which delivers these kind of huge juicy warps with this amount of filling
REV_07254,REV_07254_C04,4.0,Food,Positive,Aspect: Food [SEP] Tried their cheesy chicken jumbo wrap and chicken jumbo wrap and believe me you'll be full to your throat with just one wrap
REV_07254,REV_07254_C05,4.0,Food,Positive,Aspect: Food [SEP] Besides the quantity they also maintain quality with the wraps being flavourful and cheesy 👌👌
REV_07261,REV_07261_C02,5.0,Service,Positive,Aspect: Service [SEP] thanks mallesh such a great work in time delivery
REV_07265,REV_07265_C03,2.0,Food,Negative,Aspect: Food [SEP] I wouldnt say that your food is not tasty
REV_07269,REV_07269_C01,5.0,Service,Positive,Aspect: Service [SEP] Delivery on time
REV_07273,REV_07273_C01,4.0,Food,Positive,Aspect: Food [SEP] I placed an order for Special Chicken Biryani
REV_07273,REV_07273_C01,4.0,Service,Positive,Aspect: Service [SEP] I placed an order for Special Chicken Biryani
REV_07273,REV_07273_C02,4.0,Food,Positive,Aspect: Food [SEP] The taste and the presentation of food is good
REV_07273,REV_07273_C03,4.0,Food,Positive,Aspect: Food [SEP] The chicken pieces are so delicious and the rice is so good
REV_07274,REV_07274_C02,5.0,Food,Positive,Aspect: Food [SEP] find one of the best place for starters and wide range of variety of biryanis must try taste 5/5 quality 5/5 overall 5/5 thanks zomato
REV_07279,REV_07279_C03,4.0,Food,Positive,Aspect: Food [SEP] Tastes smooth and not at all spicy which is good for non spicy lovers and ofcourse chicken too cooked well
REV_07281,REV_07281_C01,4.0,Food,Positive,"Aspect: Food [SEP] I have ordered food from the restaurant in the late night,they have the best biryani specially boneless chicken biryani,mutton keema biryani and kaju biryani are worth to try for,they have a wide spread of biryani still looking forward to try some more"
REV_07281,REV_07281_C01,4.0,Price / Value,Positive,"Aspect: Price / Value [SEP] I have ordered food from the restaurant in the late night,they have the best biryani specially boneless chicken biryani,mutton keema biryani and kaju biryani are worth to try for,they have a wide spread of biryani still looking forward to try some more"
REV_07287,REV_07287_C01,1.0,General Experience,Positive,Aspect: General Experience [SEP] Not so Good
REV_07287,REV_07287_C02,1.0,Food,Neutral,Aspect: Food [SEP] Food is average
REV_07287,REV_07287_C03,1.0,Food,Positive,Aspect: Food [SEP] Quality is not so good
REV_07287,REV_07287_C04,1.0,General Experience,Positive,Aspect: General Experience [SEP] Only packing seems to be good
REV_07302,REV_07302_C01,5.0,General Experience,Positive,Aspect: General Experience [SEP] Good
REV_07303,REV_07303_C01,5.0,General Experience,Positive,Aspect: General Experience [SEP] very good
REV_07304,REV_07304_C02,5.0,Food,Positive,Aspect: Food [SEP] Both was too good we were not able to finish that much quantity
REV_07304,REV_07304_C03,5.0,Price / Value,Positive,Aspect: Price / Value [SEP] Value for money it is
REV_07310,REV_07310_C01,3.0,General Experience,Neutral,Aspect: General Experience [SEP] average
REV_07317,REV_07317_C01,1.0,Food,Negative,"Aspect: Food [SEP] worst chicken I have ever tasted, throwed out some of it actually"
REV_07323,REV_07323_C01,4.0,Food,Positive,Aspect: Food [SEP] food is good
REV_07323,REV_07323_C02,4.0,Food,Negative,Aspect: Food [SEP] but it is in cold condition
REV_07338,REV_07338_C01,5.0,Food,Positive,Aspect: Food [SEP] nice food
REV_07338,REV_07338_C02,5.0,Food,Positive,Aspect: Food [SEP] thank you for the nice food
REV_07344,REV_07344_C01,5.0,Service,Positive,Aspect: Service [SEP] very nice service
REV_07347,REV_07347_C02,4.0,Food,Positive,Aspect: Food [SEP] One of the very few places in the city with amazing cookies and bagels
REV_07347,REV_07347_C04,4.0,Food,Positive,Aspect: Food [SEP] Although the staff is sweet and accommodating
REV_07347,REV_07347_C04,4.0,Service,Positive,Aspect: Service [SEP] Although the staff is sweet and accommodating
REV_07347,REV_07347_C05,4.0,Service,Negative,Aspect: Service [SEP] the service is a little slow at times
REV_07347,REV_07347_C07,4.0,General Experience,Positive,Aspect: General Experience [SEP] We highly recommend this place
REV_07357,REV_07357_C02,4.0,Ambience,Positive,Aspect: Ambience [SEP] The ambience and seating are great
REV_07357,REV_07357_C05,4.0,General Experience,Positive,"Aspect: General Experience [SEP] Still, it's a great place to hangout with friends"
REV_07365,REV_07365_C01,4.0,Food,Positive,Aspect: Food [SEP] They sever a good variety of bread and other baking products
REV_07365,REV_07365_C02,4.0,General Experience,Positive,Aspect: General Experience [SEP] only selected items are good
REV_07369,REV_07369_C01,4.0,General Experience,Positive,Aspect: General Experience [SEP] Spent good time with family
REV_07369,REV_07369_C04,4.0,Ambience,Positive,Aspect: Ambience [SEP] Good ambience
REV_07373,REV_07373_C01,4.0,Food,Positive,Aspect: Food [SEP] Bagels 🥯 is what I have most loved here and the pasta is great as always
REV_07373,REV_07373_C02,4.0,Service,Positive,Aspect: Service [SEP] The staff is friendly and quick
REV_07373,REV_07373_C03,4.0,Price / Value,Negative,Aspect: Price / Value [SEP] Overall it is a bit expensive
REV_07378,REV_07378_C01,2.0,Food,Positive,Aspect: Food [SEP] This place has decent breakfast options
REV_07378,REV_07378_C06,2.0,General Experience,Positive,Aspect: General Experience [SEP] Filter coffee was decent
REV_07378,REV_07378_C07,2.0,General Experience,Positive,Aspect: General Experience [SEP] bitter
REV_07387,REV_07387_C07,1.0,General Experience,Negative,Aspect: General Experience [SEP] All in all sincerely disappointed with the attitude of the staff
REV_07387,REV_07387_C07,1.0,Service,Negative,Aspect: Service [SEP] All in all sincerely disappointed with the attitude of the staff
REV_07389,REV_07389_C03,3.0,Food,Positive,Aspect: Food [SEP] Courteous staff and good food
REV_07389,REV_07389_C03,3.0,Service,Positive,Aspect: Service [SEP] Courteous staff and good food
REV_07389,REV_07389_C04,3.0,Ambience,Positive,Aspect: Ambience [SEP] They have outside seating as well which is decent
REV_07389,REV_07389_C05,3.0,General Experience,Positive,Aspect: General Experience [SEP] Overall a decent place
REV_07391,REV_07391_C01,5.0,Food,Positive,Aspect: Food [SEP] Amazing food
REV_07391,REV_07391_C02,5.0,Food,Positive,Aspect: Food [SEP] A really good variety of muffins in the menu
REV_07391,REV_07391_C05,5.0,Food,Positive,Aspect: Food [SEP] Must visit if you want to just talk and spend some quality time with your friends
REV_07391,REV_07391_C05,5.0,General Experience,Positive,Aspect: General Experience [SEP] Must visit if you want to just talk and spend some quality time with your friends
REV_07391,REV_07391_C07,5.0,General Experience,Positive,Aspect: General Experience [SEP] Will definitely visit again
REV_07409,REV_07409_C01,3.0,Service,Positive,Aspect: Service [SEP] The croissants served with scrambled eggs is an awesome start for the day
REV_07409,REV_07409_C02,3.0,Food,Positive,"Aspect: Food [SEP] The scream led eggs are really nice, soft and delicious"
REV_07409,REV_07409_C03,3.0,Food,Negative,"Aspect: Food [SEP] I was disappointed by the special omelette, which is costlier than the scrambled eggs"
REV_07422,REV_07422_C01,4.0,Food,Positive,Aspect: Food [SEP] Taste was good
REV_07430,REV_07430_C01,5.0,Food,Positive,Aspect: Food [SEP] Hidden away in gachibowli lies this amazing bakery
REV_07430,REV_07430_C03,5.0,Food,Positive,Aspect: Food [SEP] The pastry and the bread are super soft and melts in the mouth
REV_07435,REV_07435_C02,4.0,Food,Positive,Aspect: Food [SEP] and I must say I love what they cook
REV_07435,REV_07435_C03,4.0,Food,Positive,Aspect: Food [SEP] Their bakery is fresh and a pure delight
REV_07435,REV_07435_C04,4.0,Food,Positive,Aspect: Food [SEP] Size of sandwiches is huge
REV_07435,REV_07435_C05,4.0,Food,Positive,Aspect: Food [SEP] omelettes are interesting and tasty
REV_07438,REV_07438_C01,4.0,General Experience,Positive,Aspect: General Experience [SEP] This is an amazing place to hang out with your friends for a coffee
REV_07438,REV_07438_C02,4.0,Food,Positive,Aspect: Food [SEP] their breads are amazing as they bake fresh everyday
REV_07438,REV_07438_C04,4.0,Food,Positive,Aspect: Food [SEP] their donuts are really good specially the salted nuttela and the Elvis donuts
REV_07438,REV_07438_C05,4.0,General Experience,Positive,"Aspect: General Experience [SEP] don’t ever miss their Chennai filter coffee, over all a great place and very customer friendly"
REV_07438,REV_07438_C05,4.0,Service,Positive,"Aspect: Service [SEP] don’t ever miss their Chennai filter coffee, over all a great place and very customer friendly"
REV_07446,REV_07446_C01,1.0,Ambience,Positive,Aspect: Ambience [SEP] I liked the ambience and lighting
REV_07446,REV_07446_C03,1.0,Food,Positive,Aspect: Food [SEP] They made good lasgna
REV_07446,REV_07446_C05,1.0,Service,Negative,Aspect: Service [SEP] Also their services are little slow
REV_07450,REV_07450_C02,5.0,Food,Positive,"Aspect: Food [SEP] Staff are really friendly, help u in choosing a dish when in turmoil"
REV_07450,REV_07450_C02,5.0,Service,Positive,"Aspect: Service [SEP] Staff are really friendly, help u in choosing a dish when in turmoil"
REV_07458,REV_07458_C02,5.0,Food,Positive,Aspect: Food [SEP] Very reasonable and awesome food
REV_07458,REV_07458_C02,5.0,Price / Value,Positive,Aspect: Price / Value [SEP] Very reasonable and awesome food
REV_07458,REV_07458_C03,5.0,Service,Positive,Aspect: Service [SEP] Staff is very friendly
REV_07458,REV_07458_C05,5.0,Ambience,Positive,Aspect: Ambience [SEP] Very nice arrangements
REV_07468,REV_07468_C04,4.0,Price / Value,Positive,Aspect: Price / Value [SEP] It was amazing and worth all the money u pay
REV_07468,REV_07468_C06,4.0,Ambience,Positive,Aspect: Ambience [SEP] Ambience is decent enough
REV_07468,REV_07468_C07,4.0,General Experience,Positive,Aspect: General Experience [SEP] I liked it over all😊
REV_07472,REV_07472_C02,5.0,General Experience,Positive,Aspect: General Experience [SEP] The arrangements was really good
REV_07472,REV_07472_C04,5.0,Ambience,Positive,Aspect: Ambience [SEP] The ambiance of the place is awesome
REV_07477,REV_07477_C03,5.0,Service,Positive,Aspect: Service [SEP] Service was also good
REV_07477,REV_07477_C06,5.0,General Experience,Positive,Aspect: General Experience [SEP] Overall good experience
REV_07478,REV_07478_C01,5.0,General Experience,Positive,Aspect: General Experience [SEP] It's very nice experiance
REV_07478,REV_07478_C02,5.0,Ambience,Positive,Aspect: Ambience [SEP] Very good environment
REV_07478,REV_07478_C03,5.0,Food,Positive,Aspect: Food [SEP] Food is good
REV_07478,REV_07478_C04,5.0,General Experience,Positive,"Aspect: General Experience [SEP] Simply supebb, arrangement is very nice"
REV_07478,REV_07478_C05,5.0,Service,Positive,Aspect: Service [SEP] Very friendly environment
REV_07478,REV_07478_C06,5.0,General Experience,Positive,Aspect: General Experience [SEP] Whole our had enjoyed a lot
REV_07489,REV_07489_C01,4.0,Food,Positive,Aspect: Food [SEP] Great vegetarian food
REV_07489,REV_07489_C02,4.0,Food,Positive,"Aspect: Food [SEP] Either you have food at their outlet or order home or go for their catering services for party, they serve amazing food"
REV_07489,REV_07489_C02,4.0,Service,Positive,"Aspect: Service [SEP] Either you have food at their outlet or order home or go for their catering services for party, they serve amazing food"
REV_07489,REV_07489_C03,4.0,Food,Positive,Aspect: Food [SEP] Food options are decently good and staff is very courteous
REV_07489,REV_07489_C03,4.0,Service,Positive,Aspect: Service [SEP] Food options are decently good and staff is very courteous
REV_07489,REV_07489_C05,4.0,General Experience,Positive,Aspect: General Experience [SEP] Great job Squeeze lime team: Mr
REV_07489,REV_07489_C07,4.0,Food,Positive,Aspect: Food [SEP] Dinesh thanks for great food and excellent coordination
REV_07491,REV_07491_C02,4.0,Ambience,Positive,Aspect: Ambience [SEP] Ambiance was very good
REV_07491,REV_07491_C03,4.0,Food,Positive,Aspect: Food [SEP] Starters served were good especially corn and finger potato which was too crispy and yummy with the mayonnaise
REV_07491,REV_07491_C03,4.0,Service,Positive,Aspect: Service [SEP] Starters served were good especially corn and finger potato which was too crispy and yummy with the mayonnaise
REV_07491,REV_07491_C04,4.0,Food,Neutral,Aspect: Food [SEP] Pizza was average
REV_07491,REV_07491_C05,4.0,Food,Positive,"Aspect: Food [SEP] Main course included was Mushroom fried rice, roti with paneer curry, pasta, noodles and they are all decent"
REV_07491,REV_07491_C06,4.0,Food,Positive,"Aspect: Food [SEP] All in all for the price(299 + tax), this place gave us good food for the buds"
REV_07491,REV_07491_C06,4.0,General Experience,Positive,"Aspect: General Experience [SEP] All in all for the price(299 + tax), this place gave us good food for the buds"
REV_07491,REV_07491_C06,4.0,Price / Value,Positive,"Aspect: Price / Value [SEP] All in all for the price(299 + tax), this place gave us good food for the buds"
REV_07509,REV_07509_C02,3.0,General Experience,Positive,Aspect: General Experience [SEP] everything else good
REV_07548,REV_07548_C04,1.0,Service,Positive,Aspect: Service [SEP] Non friendly staff
REV_07554,REV_07554_C01,4.0,Ambience,Positive,"Aspect: Ambience [SEP] Staff is super friendly and the great ambiance will give you the good feeling, coming to the taste it's good with masala quotients so pretty much indulgence"
REV_07554,REV_07554_C01,4.0,Food,Positive,"Aspect: Food [SEP] Staff is super friendly and the great ambiance will give you the good feeling, coming to the taste it's good with masala quotients so pretty much indulgence"
REV_07554,REV_07554_C01,4.0,Service,Positive,"Aspect: Service [SEP] Staff is super friendly and the great ambiance will give you the good feeling, coming to the taste it's good with masala quotients so pretty much indulgence"
REV_07554,REV_07554_C02,4.0,Price / Value,Positive,Aspect: Price / Value [SEP] Finally could be a 4 of 5 value for your money
REV_07562,REV_07562_C02,2.0,Food,Negative,Aspect: Food [SEP] I was disappointed with taste and quality of the food
REV_07562,REV_07562_C04,2.0,Ambience,Positive,Aspect: Ambience [SEP] Even ambience seemed to be a cheap knockoff
REV_07562,REV_07562_C04,2.0,Price / Value,Positive,Aspect: Price / Value [SEP] Even ambience seemed to be a cheap knockoff
REV_07562,REV_07562_C05,2.0,Service,Neutral,Aspect: Service [SEP] Service was okay
REV_07566,REV_07566_C01,5.0,Food,Positive,Aspect: Food [SEP] Great food
REV_07566,REV_07566_C02,5.0,Ambience,Positive,Aspect: Ambience [SEP] Excellent ambience for a nice quiet dinner for family
REV_07566,REV_07566_C04,5.0,Service,Positive,Aspect: Service [SEP] Excellent customer service
REV_07566,REV_07566_C05,5.0,Service,Positive,Aspect: Service [SEP] Great service by Tapan
REV_07575,REV_07575_C01,1.0,General Experience,Negative,"Aspect: General Experience [SEP] This is the worst place in Zomato gold I ever visited,waste of money"
REV_07575,REV_07575_C01,1.0,Price / Value,Negative,"Aspect: Price / Value [SEP] This is the worst place in Zomato gold I ever visited,waste of money"
REV_07575,REV_07575_C02,1.0,Service,Negative,Aspect: Service [SEP] service is worst
REV_07575,REV_07575_C06,1.0,General Experience,Negative,Aspect: General Experience [SEP] worst worst worst experience
REV_07583,REV_07583_C01,2.0,General Experience,Negative,"Aspect: General Experience [SEP] It was a bad experience on a saturday night after the DJ snake event we were all starving, we ended up this place"
REV_07583,REV_07583_C02,2.0,Food,Positive,"Aspect: Food [SEP] We ordered mutton kheema, Mutton biryani and subz veg biryani which was in lucknowi style and not at all good"
REV_07583,REV_07583_C03,2.0,Food,Negative,Aspect: Food [SEP] Those who prefer hydrabadi style biryani please stay out of this place
REV_07583,REV_07583_C04,2.0,Ambience,Positive,Aspect: Ambience [SEP] Ambience is also not at all good when compared to Bankara Hills Khaan Saab
REV_07583,REV_07583_C05,2.0,General Experience,Positive,"Aspect: General Experience [SEP] Not a place to visit again, so guys think more than twice before visiting this place"
REV_07583,REV_07583_C06,2.0,Service,Neutral,Aspect: Service [SEP] Service 3
REV_07583,REV_07583_C07,2.0,Food,Negative,Aspect: Food [SEP] Food 2
REV_07583,REV_07583_C08,2.0,Ambience,Negative,Aspect: Ambience [SEP] Ambience 2.5
REV_07585,REV_07585_C02,1.0,Ambience,Negative,"Aspect: Ambience [SEP] Pathetic service,foods way costlier than its quality, over hyped description for the decor, I can go on and on"
REV_07585,REV_07585_C02,1.0,Food,Negative,"Aspect: Food [SEP] Pathetic service,foods way costlier than its quality, over hyped description for the decor, I can go on and on"
REV_07585,REV_07585_C02,1.0,Service,Negative,"Aspect: Service [SEP] Pathetic service,foods way costlier than its quality, over hyped description for the decor, I can go on and on"
REV_07589,REV_07589_C02,4.0,Food,Positive,Aspect: Food [SEP] Mutton biryani was really very good
REV_07589,REV_07589_C04,4.0,General Experience,Positive,Aspect: General Experience [SEP] Pieces were also very good
REV_07589,REV_07589_C07,4.0,Service,Positive,Aspect: Service [SEP] Even the service was very good
REV_07589,REV_07589_C09,4.0,Ambience,Positive,Aspect: Ambience [SEP] Ambience-(4/5) It was good
REV_07589,REV_07589_C11,4.0,Food,Positive,Aspect: Food [SEP] The plates n all were good
REV_07589,REV_07589_C12,4.0,Ambience,Positive,Aspect: Ambience [SEP] The lobby had a big elephant and beautiful interiors
REV_07592,REV_07592_C02,4.0,Food,Positive,"Aspect: Food [SEP] Nice place, good food"
REV_07592,REV_07592_C02,4.0,General Experience,Positive,"Aspect: General Experience [SEP] Nice place, good food"
REV_07592,REV_07592_C03,4.0,Ambience,Positive,"Aspect: Ambience [SEP] Ambience- pretty dark, good for dinners, gives you a feel of dinner even at lunch"
REV_07592,REV_07592_C04,4.0,General Experience,Positive,Aspect: General Experience [SEP] But the feel is nice
REV_07592,REV_07592_C07,4.0,Food,Positive,Aspect: Food [SEP] These were delicious
REV_07592,REV_07592_C08,4.0,Food,Positive,Aspect: Food [SEP] Meccai kebab was spicy and okayish
REV_07592,REV_07592_C09,4.0,Food,Positive,Aspect: Food [SEP] You may order if you are a big big fan of the spicy combo of corn kebab
REV_07592,REV_07592_C09,4.0,Service,Positive,Aspect: Service [SEP] You may order if you are a big big fan of the spicy combo of corn kebab
REV_07607,REV_07607_C01,5.0,Food,Positive,Aspect: Food [SEP] Very good food and friendly staff with great manegment
REV_07607,REV_07607_C01,5.0,Service,Positive,Aspect: Service [SEP] Very good food and friendly staff with great manegment
REV_07607,REV_07607_C02,5.0,Food,Positive,Aspect: Food [SEP] the starters were so yummy lal mrichi ka teeka tikka and tundey kebab
REV_07607,REV_07607_C03,5.0,Food,Positive,"Aspect: Food [SEP] Murgh kandhar was delicious , we finished our dinner with gulab jamoon"
REV_07607,REV_07607_C04,5.0,Food,Positive,Aspect: Food [SEP] Overall a best place to visit if you are a kebab fan
REV_07609,REV_07609_C01,5.0,Price / Value,Positive,Aspect: Price / Value [SEP] This place made my visit to Hyderabad worth it
REV_07609,REV_07609_C02,5.0,Food,Positive,Aspect: Food [SEP] Had amazing Tundey kebab along with a Burani parantha
REV_07609,REV_07609_C04,5.0,Service,Positive,Aspect: Service [SEP] Server Santosh was quick and polite
REV_07609,REV_07609_C05,5.0,General Experience,Positive,Aspect: General Experience [SEP] Will come again next time I visit Hyderabad
REV_07629,REV_07629_C02,1.0,General Experience,Negative,Aspect: General Experience [SEP] this is the worst place available in Gachibowli
REV_07629,REV_07629_C04,1.0,Food,Negative,Aspect: Food [SEP] the taste was so bad that we ended up not ordering main course
REV_07633,REV_07633_C07,2.0,Price / Value,Negative,Aspect: Price / Value [SEP] not worth it
REV_07633,REV_07633_C10,2.0,Food,Negative,Aspect: Food [SEP] Highly costly food
REV_07633,REV_07633_C10,2.0,Price / Value,Negative,Aspect: Price / Value [SEP] Highly costly food
REV_07654,REV_07654_C01,3.0,Food,Positive,Aspect: Food [SEP] Food is good
REV_07654,REV_07654_C02,3.0,Food,Positive,Aspect: Food [SEP] Good for ordering for team lunch if you prefer not to go out
REV_07654,REV_07654_C03,3.0,Ambience,Positive,Aspect: Ambience [SEP] Ambience is not very good
REV_07662,REV_07662_C01,4.0,Food,Positive,Aspect: Food [SEP] A decent restaurant among pubs and restaurant in Indira Nagar to have some proper North Indian food
REV_07662,REV_07662_C04,4.0,General Experience,Positive,Aspect: General Experience [SEP] All of them were pretty good
REV_07662,REV_07662_C05,4.0,Price / Value,Positive,Aspect: Price / Value [SEP] It has the complete feel of a family restaurant and the prices are also pretty reasonable
REV_07662,REV_07662_C06,4.0,Food,Positive,Aspect: Food [SEP] The quantity of the food is decent as compared to the price
REV_07662,REV_07662_C06,4.0,Price / Value,Positive,Aspect: Price / Value [SEP] The quantity of the food is decent as compared to the price
REV_07662,REV_07662_C07,4.0,Ambience,Positive,Aspect: Ambience [SEP] The ambiance is nice
REV_07662,REV_07662_C08,4.0,Service,Positive,Aspect: Service [SEP] the staff is courteous
REV_07670,REV_07670_C01,5.0,Food,Positive,Aspect: Food [SEP] Came with coligue for buffet and found the quality of food was very good
REV_07670,REV_07670_C02,5.0,Food,Positive,Aspect: Food [SEP] Buffet spread also good
REV_07670,REV_07670_C04,5.0,Food,Positive,Aspect: Food [SEP] Desserts was amazing
REV_07670,REV_07670_C05,5.0,Service,Positive,Aspect: Service [SEP] Service was very good and teams are attentive
REV_07670,REV_07670_C07,5.0,Price / Value,Positive,Aspect: Price / Value [SEP] Price is pocket friendly
REV_07670,REV_07670_C07,5.0,Service,Positive,Aspect: Service [SEP] Price is pocket friendly
REV_07670,REV_07670_C08,5.0,Food,Positive,Aspect: Food [SEP] Food 5/5
REV_07670,REV_07670_C09,5.0,Service,Positive,Aspect: Service [SEP] Service 5/5
REV_07672,REV_07672_C01,5.0,Food,Positive,Aspect: Food [SEP] Loved the food and very reasonable rates
REV_07672,REV_07672_C01,5.0,Price / Value,Positive,Aspect: Price / Value [SEP] Loved the food and very reasonable rates
REV_07672,REV_07672_C02,5.0,Food,Positive,Aspect: Food [SEP] Food tastes fresh and relish-able
REV_07672,REV_07672_C03,5.0,Food,Positive,Aspect: Food [SEP] Pocket friendly meals & buffet
REV_07672,REV_07672_C03,5.0,Price / Value,Positive,Aspect: Price / Value [SEP] Pocket friendly meals & buffet
REV_07672,REV_07672_C03,5.0,Service,Positive,Aspect: Service [SEP] Pocket friendly meals & buffet
REV_07672,REV_07672_C04,5.0,Food,Positive,Aspect: Food [SEP] Would love to spend my weekends for full appetite Indian snacks and curries
REV_07683,REV_07683_C01,1.0,General Experience,Positive,Aspect: General Experience [SEP] Visited this place for lunch buffet after seeing a lot of good reviews
REV_07683,REV_07683_C03,1.0,Food,Positive,Aspect: Food [SEP] Food was not at all good
REV_07683,REV_07683_C05,1.0,General Experience,Positive,Aspect: General Experience [SEP] none of them was good
REV_07684,REV_07684_C03,4.0,Food,Positive,Aspect: Food [SEP] Kalmi kabab was awesome and juicy
REV_07684,REV_07684_C04,4.0,Food,Positive,Aspect: Food [SEP] I can see a perfect amount of spices are used in that dish and also the chicken meat was tender
REV_07684,REV_07684_C05,4.0,Food,Positive,"Aspect: Food [SEP] Now if I judge their Chicken boneless biryani, it was also as good as Kalmi kabab"
REV_07688,REV_07688_C04,3.0,Food,Neutral,Aspect: Food [SEP] Food was average
REV_07693,REV_07693_C03,4.0,General Experience,Positive,Aspect: General Experience [SEP] and always had a good experience
REV_07693,REV_07693_C06,4.0,Food,Positive,"Aspect: Food [SEP] Would recommend broccoli corn nuggets, crispy vegetables, veg manchurian dry and all the fried rice varieties"
REV_07693,REV_07693_C06,4.0,General Experience,Positive,"Aspect: General Experience [SEP] Would recommend broccoli corn nuggets, crispy vegetables, veg manchurian dry and all the fried rice varieties"
REV_07706,REV_07706_C02,4.0,Food,Positive,Aspect: Food [SEP] The food was quite delicious
REV_07706,REV_07706_C04,4.0,General Experience,Positive,Aspect: General Experience [SEP] which was really nice
REV_07706,REV_07706_C05,4.0,Food,Positive,Aspect: Food [SEP] I had also ordered egg spring rolls which were very tasty
REV_07706,REV_07706_C09,4.0,Service,Positive,Aspect: Service [SEP] Staff was very corteous and polite and very attentive
REV_07706,REV_07706_C12,4.0,General Experience,Positive,Aspect: General Experience [SEP] which was quite nice as I am unable to use my CC at a lot of restaurants
REV_07706,REV_07706_C14,4.0,General Experience,Positive,Aspect: General Experience [SEP] This is a nice place to come with family or group of friends
REV_07711,REV_07711_C01,5.0,General Experience,Positive,Aspect: General Experience [SEP] nice
REV_07716,REV_07716_C01,5.0,Service,Positive,Aspect: Service [SEP] good delivery
REV_07727,REV_07727_C01,4.0,General Experience,Positive,Aspect: General Experience [SEP] decent
REV_07747,REV_07747_C01,1.0,Food,Negative,Aspect: Food [SEP] Completely worst dinner
REV_07747,REV_07747_C02,1.0,Food,Negative,Aspect: Food [SEP] the butter Nan the send me is completely worst test and and very thick in size and the Nan is not cook in butter
REV_07749,REV_07749_C02,3.0,General Experience,Positive,Aspect: General Experience [SEP] The briyani was good
REV_07749,REV_07749_C03,3.0,Food,Negative,Aspect: Food [SEP] the paneer was not so fresh and the quantity was very less
REV_07749,REV_07749_C08,3.0,Food,Negative,Aspect: Food [SEP] Very disappointed with the portion of food that they serve
REV_07749,REV_07749_C08,3.0,Service,Negative,Aspect: Service [SEP] Very disappointed with the portion of food that they serve
REV_07749,REV_07749_C09,3.0,Food,Positive,Aspect: Food [SEP] The Raitha was really tasty
REV_07749,REV_07749_C10,3.0,Food,Positive,Aspect: Food [SEP] I hope they increase the portion for the amount they charge
REV_07749,REV_07749_C10,3.0,Price / Value,Positive,Aspect: Price / Value [SEP] I hope they increase the portion for the amount they charge
REV_07759,REV_07759_C07,5.0,General Experience,Positive,Aspect: General Experience [SEP] Overall a good experience
REV_07763,REV_07763_C09,4.0,Food,Positive,Aspect: Food [SEP] Both the Tandoori items were good in both quantity and taste
REV_07763,REV_07763_C12,4.0,Service,Positive,Aspect: Service [SEP] Service was good
REV_07763,REV_07763_C13,4.0,Service,Positive,Aspect: Service [SEP] the staff was very polite
REV_07772,REV_07772_C02,4.0,Food,Positive,Aspect: Food [SEP] Fast delivery and taste good
REV_07772,REV_07772_C02,4.0,Service,Positive,Aspect: Service [SEP] Fast delivery and taste good
REV_07772,REV_07772_C03,4.0,Price / Value,Positive,Aspect: Price / Value [SEP] The price is not that high it's all within the range
REV_07772,REV_07772_C05,4.0,Food,Negative,Aspect: Food [SEP] a little less in rice
REV_07776,REV_07776_C01,5.0,Food,Positive,Aspect: Food [SEP] Good food and excellent service
REV_07776,REV_07776_C01,5.0,Service,Positive,Aspect: Service [SEP] Good food and excellent service
REV_07776,REV_07776_C02,5.0,Food,Positive,Aspect: Food [SEP] the quality of the food was fantastic and they served it well for me I am happy with the way they have provide the delicious food
REV_07776,REV_07776_C02,5.0,Service,Positive,Aspect: Service [SEP] the quality of the food was fantastic and they served it well for me I am happy with the way they have provide the delicious food
REV_07792,REV_07792_C01,5.0,General Experience,Positive,Aspect: General Experience [SEP] nice good
REV_07796,REV_07796_C01,4.0,Food,Positive,Aspect: Food [SEP] Some great Indian food delivered at my doorstep
REV_07796,REV_07796_C02,4.0,Food,Positive,Aspect: Food [SEP] The Paneer Jahangiri is an absolute favourite with me & my dad being Paneer enthusiasts
REV_07796,REV_07796_C03,4.0,Food,Positive,Aspect: Food [SEP] Soft and tenddr Paneer
REV_07796,REV_07796_C05,4.0,Ambience,Positive,"Aspect: Ambience [SEP] Kulchas surprisingly were hot, with a good layering of Masala and were extremely filling"
REV_07796,REV_07796_C06,4.0,General Experience,Positive,Aspect: General Experience [SEP] All in all a good little home delivery experience
REV_07796,REV_07796_C06,4.0,Service,Positive,Aspect: Service [SEP] All in all a good little home delivery experience
REV_07800,REV_07800_C01,1.0,Food,Positive,Aspect: Food [SEP] Ordered Chicken tikha & chicken tandoori biryani  food very oily also requested for less masala still they did not take note I think restaurant guys are very interested in making money than quality
REV_07800,REV_07800_C01,1.0,Price / Value,Positive,Aspect: Price / Value [SEP] Ordered Chicken tikha & chicken tandoori biryani  food very oily also requested for less masala still they did not take note I think restaurant guys are very interested in making money than quality
REV_07800,REV_07800_C02,1.0,Service,Positive,Aspect: Service [SEP] Delivery was quick and good 5* for zomato delivery
REV_07805,REV_07805_C01,5.0,General Experience,Positive,Aspect: General Experience [SEP] good sarvece
REV_07821,REV_07821_C01,4.0,Food,Positive,Aspect: Food [SEP] quantity should be more for starter
REV_07828,REV_07828_C01,3.0,Food,Positive,Aspect: Food [SEP] Taste is good(chicken tikka biryani)
REV_07828,REV_07828_C02,3.0,Food,Positive,Aspect: Food [SEP] As per the quantity not value for money
REV_07828,REV_07828_C02,3.0,Price / Value,Positive,Aspect: Price / Value [SEP] As per the quantity not value for money
REV_07831,REV_07831_C04,4.0,Food,Positive,Aspect: Food [SEP] Food taste was good
REV_07831,REV_07831_C05,4.0,Food,Negative,Aspect: Food [SEP] curries are more oily
REV_07831,REV_07831_C07,4.0,Service,Positive,Aspect: Service [SEP] Service is good
REV_07843,REV_07843_C01,4.0,Food,Positive,Aspect: Food [SEP] Food is good
REV_07866,REV_07866_C01,1.0,General Experience,Negative,Aspect: General Experience [SEP] worst
REV_07872,REV_07872_C01,4.0,General Experience,Positive,Aspect: General Experience [SEP] it was good
REV_07876,REV_07876_C01,5.0,Food,Positive,"Aspect: Food [SEP] Delicious food in terms of taste , quantity , value for money"
REV_07876,REV_07876_C01,5.0,Price / Value,Positive,"Aspect: Price / Value [SEP] Delicious food in terms of taste , quantity , value for money"
REV_07881,REV_07881_C01,5.0,Food,Positive,Aspect: Food [SEP] Delicious food
REV_07887,REV_07887_C01,3.0,General Experience,Negative,Aspect: General Experience [SEP] not bad
REV_07887,REV_07887_C03,3.0,General Experience,Positive,Aspect: General Experience [SEP] other wise good
REV_07904,REV_07904_C01,2.0,General Experience,Positive,Aspect: General Experience [SEP] Not good at all
REV_07904,REV_07904_C02,2.0,Food,Negative,Aspect: Food [SEP] The taste was bad
REV_07915,REV_07915_C01,1.0,General Experience,Negative,Aspect: General Experience [SEP] Very worst place
REV_07915,REV_07915_C02,1.0,General Experience,Positive,Aspect: General Experience [SEP] Had a bad experience
REV_07915,REV_07915_C03,1.0,Food,Positive,Aspect: Food [SEP] Place is filled with mosquitoes and food also very very average
REV_07922,REV_07922_C01,1.0,Food,Negative,Aspect: Food [SEP] Please refund my order amount as the food was pathetic today
REV_07922,REV_07922_C01,1.0,Service,Negative,Aspect: Service [SEP] Please refund my order amount as the food was pathetic today
REV_07922,REV_07922_C02,1.0,Food,Negative,Aspect: Food [SEP] It tasted pathetic
REV_07922,REV_07922_C03,1.0,Food,Negative,Aspect: Food [SEP] it was cold and not eatable at all
REV_07926,REV_07926_C03,3.0,Food,Positive,Aspect: Food [SEP] Food taste wise was good
REV_07930,REV_07930_C01,5.0,Food,Positive,Aspect: Food [SEP] I can say the best mutton dum biryani I have tasted In long time with great salan
REV_07936,REV_07936_C01,4.0,Food,Positive,Aspect: Food [SEP] Me and my friend's where had a get-together at al Saba the biriyani was nice and the chicken also I think we order chicken tikka everything is good
REV_07936,REV_07936_C01,4.0,Service,Positive,Aspect: Service [SEP] Me and my friend's where had a get-together at al Saba the biriyani was nice and the chicken also I think we order chicken tikka everything is good
REV_07944,REV_07944_C01,3.0,Food,Positive,Aspect: Food [SEP] They have really good bryani and starters
REV_07944,REV_07944_C02,3.0,Food,Positive,Aspect: Food [SEP] Overall food quality is good
REV_07944,REV_07944_C04,3.0,Service,Positive,"Aspect: Service [SEP] Staff is good, they will help you in choosing the menus recomendations etc"
REV_07948,REV_07948_C01,4.0,General Experience,Positive,Aspect: General Experience [SEP] good
REV_07961,REV_07961_C03,4.0,Food,Negative,"Aspect: Food [SEP] Non veg did not disappointed me till date no matter is it tandoori, grill or mutton biryani or Haleem"
REV_07961,REV_07961_C09,4.0,Service,Positive,Aspect: Service [SEP] Service : 4/5 (good
REV_07961,REV_07961_C10,4.0,Price / Value,Positive,Aspect: Price / Value [SEP] not great)Cost : 5/5 (I find it value for money)
REV_07961,REV_07961_C11,4.0,Ambience,Negative,Aspect: Ambience [SEP] Ambiance: 2.5/5
REV_07988,REV_07988_C01,4.0,Service,Positive,Aspect: Service [SEP] good service
REV_07992,REV_07992_C01,3.0,Food,Negative,Aspect: Food [SEP] curd rice not good
REV_07996,REV_07996_C01,4.0,Food,Negative,Aspect: Food [SEP] quantity is less
REV_08010,REV_08010_C03,3.0,Food,Negative,Aspect: Food [SEP] The food is mostly try your luck kind of a thing can be extremely tasty one day or totally bland at times specially their mutton biryani and tandoori items
REV_08010,REV_08010_C04,3.0,Price / Value,Positive,Aspect: Price / Value [SEP] Good value for money
REV_08010,REV_08010_C05,3.0,Food,Negative,Aspect: Food [SEP] surely needs to improve on customer service and consistency on quality
REV_08010,REV_08010_C05,3.0,Service,Negative,Aspect: Service [SEP] surely needs to improve on customer service and consistency on quality
REV_08012,REV_08012_C02,4.5,Food,Positive,Aspect: Food [SEP] must visit it if u wanna have a good gravy based n rotis
REV_08012,REV_08012_C02,4.5,General Experience,Positive,Aspect: General Experience [SEP] must visit it if u wanna have a good gravy based n rotis
REV_08012,REV_08012_C04,4.5,Service,Positive,Aspect: Service [SEP] service was quick
REV_08015,REV_08015_C01,3.0,General Experience,Positive,Aspect: General Experience [SEP] Tea was good
REV_08036,REV_08036_C06,3.0,Food,Positive,Aspect: Food [SEP] Good taste for a street level burger place
REV_08044,REV_08044_C01,2.0,Food,Positive,Aspect: Food [SEP] Extremely spicy
REV_08049,REV_08049_C03,4.0,Food,Positive,Aspect: Food [SEP] Their burgers are equally delicious and unique just like their names
REV_08058,REV_08058_C01,5.0,Food,Positive,Aspect: Food [SEP] awsome food and nice delivary guy
REV_08060,REV_08060_C03,4.0,Food,Positive,Aspect: Food [SEP] It's a nice tasting marinade
REV_08060,REV_08060_C05,4.0,Food,Positive,Aspect: Food [SEP] You keep the chicken juicy for that's what makes a burger
REV_08060,REV_08060_C06,4.0,Food,Positive,Aspect: Food [SEP] You'll need someone who understands the timing and temperature to keep the chicken juicy
REV_08065,REV_08065_C01,5.0,Food,Positive,Aspect: Food [SEP] This place is epic for anyone who wants to have a luscious juicy BBQ burger
REV_08065,REV_08065_C04,5.0,Price / Value,Positive,Aspect: Price / Value [SEP] It’s totally worth it
REV_08066,REV_08066_C01,5.0,Food,Positive,"Aspect: Food [SEP] Ordered cosmic and galaxy burgers from this place, the taste was distinctly different and delicious is an understatement"
REV_08066,REV_08066_C03,5.0,Food,Positive,"Aspect: Food [SEP] It was juicy, cheesy and the bread was also fresh"
REV_08066,REV_08066_C05,5.0,General Experience,Positive,Aspect: General Experience [SEP] I am in love with it
REV_08066,REV_08066_C06,5.0,General Experience,Positive,"Aspect: General Experience [SEP] The galaxy one of too much for one, it is that filling"
REV_08066,REV_08066_C09,5.0,General Experience,Positive,Aspect: General Experience [SEP] The packaging was good and simple
REV_08066,REV_08066_C10,5.0,Food,Positive,Aspect: Food [SEP] and the burgers were moderately warm when they were delivered
REV_08066,REV_08066_C11,5.0,General Experience,Positive,Aspect: General Experience [SEP] It was a very good experience😋 please give this place a try
REV_08083,REV_08083_C04,4.0,Food,Positive,Aspect: Food [SEP] but the burger is tasty
REV_08083,REV_08083_C06,4.0,Food,Positive,Aspect: Food [SEP] like i said earlier it tasted good so i am gonna let that slide lol
REV_08094,REV_08094_C01,5.0,General Experience,Positive,Aspect: General Experience [SEP] Very good
REV_08102,REV_08102_C01,1.0,Food,Negative,Aspect: Food [SEP] It was bad burger
REV_08113,REV_08113_C01,2.0,Food,Positive,Aspect: Food [SEP] the item was not fresh prepared
REV_08127,REV_08127_C01,1.0,Food,Negative,"Aspect: Food [SEP] Third class attitude, rude staff, pathetic food is what defines this place"
REV_08127,REV_08127_C01,1.0,Service,Negative,"Aspect: Service [SEP] Third class attitude, rude staff, pathetic food is what defines this place"
REV_08127,REV_08127_C02,1.0,General Experience,Positive,Aspect: General Experience [SEP] Good luck if you happen to stall here by mistake
REV_08135,REV_08135_C01,5.0,Ambience,Positive,Aspect: Ambience [SEP] Peaceful ambience and good food
REV_08135,REV_08135_C01,5.0,Food,Positive,Aspect: Food [SEP] Peaceful ambience and good food
REV_08135,REV_08135_C03,5.0,Food,Positive,Aspect: Food [SEP] Food arrives suprisingly faster and tastes good too
REV_08143,REV_08143_C02,4.0,Food,Negative,"Aspect: Food [SEP] Unlike other speciality restaurants, the preparation is mild, less spicy and less masala"
REV_08143,REV_08143_C03,4.0,Food,Positive,Aspect: Food [SEP] Loved the taste
REV_08143,REV_08143_C04,4.0,Food,Negative,Aspect: Food [SEP] Ordered curd rice which actually is not good
REV_08143,REV_08143_C06,4.0,General Experience,Positive,Aspect: General Experience [SEP] Overall nice dining place in that part of Hyderabad
REV_08148,REV_08148_C01,1.0,General Experience,Negative,Aspect: General Experience [SEP] Very very very very disappointed
REV_08157,REV_08157_C01,5.0,Food,Positive,Aspect: Food [SEP] Super b biryani and also paya is awesome here and coming to non veg starters you will love it great taste with the cool environment
REV_08157,REV_08157_C05,5.0,Food,Positive,Aspect: Food [SEP] Biryani and also pulao will be great than biryani
REV_08161,REV_08161_C03,5.0,Food,Positive,Aspect: Food [SEP] The non-vegetarian items are awesome
REV_08161,REV_08161_C04,5.0,Food,Positive,Aspect: Food [SEP] And the taste is also good
REV_08179,REV_08179_C02,4.0,General Experience,Positive,Aspect: General Experience [SEP] Good to go in the evening
REV_08179,REV_08179_C03,4.0,Food,Positive,Aspect: Food [SEP] Tasty food with decent price
REV_08179,REV_08179_C03,4.0,Price / Value,Positive,Aspect: Price / Value [SEP] Tasty food with decent price
REV_08179,REV_08179_C05,4.0,General Experience,Positive,Aspect: General Experience [SEP] Its nice
REV_08179,REV_08179_C06,4.0,Service,Positive,Aspect: Service [SEP] Good service
REV_08179,REV_08179_C08,4.0,Ambience,Positive,Aspect: Ambience [SEP] Can improve the ambiance by keep it more clean and decorative
REV_08193,REV_08193_C01,2.0,Food,Positive,Aspect: Food [SEP] A different place which used to serve finger licking food
REV_08193,REV_08193_C01,2.0,Service,Positive,Aspect: Service [SEP] A different place which used to serve finger licking food
REV_08193,REV_08193_C02,2.0,Service,Negative,Aspect: Service [SEP] Service is very slow
REV_08193,REV_08193_C03,2.0,Food,Positive,Aspect: Food [SEP] Only instant ice cream is amazing
REV_08201,REV_08201_C01,4.0,General Experience,Positive,"Aspect: General Experience [SEP] It’s situated after icici building,spread into huge place"
REV_08201,REV_08201_C02,4.0,Food,Positive,"Aspect: Food [SEP] Went for lunch here, ordered Masala Kulcha tasted ok, Murgh Malai Kebab was good and kheema Pulao"
REV_08201,REV_08201_C03,4.0,Food,Positive,"Aspect: Food [SEP] which was special dish that day , was good"
REV_08212,REV_08212_C02,1.0,Food,Negative,Aspect: Food [SEP] Worst food ever
REV_08212,REV_08212_C03,1.0,Food,Negative,Aspect: Food [SEP] Too costly for the worst food
REV_08212,REV_08212_C03,1.0,Price / Value,Negative,Aspect: Price / Value [SEP] Too costly for the worst food
REV_08212,REV_08212_C04,1.0,Food,Negative,Aspect: Food [SEP] All the chicken curries are worst and never recommended for anyone
REV_08212,REV_08212_C04,1.0,General Experience,Negative,Aspect: General Experience [SEP] All the chicken curries are worst and never recommended for anyone
REV_08212,REV_08212_C05,1.0,General Experience,Negative,Aspect: General Experience [SEP] Worst experience ever
REV_08213,REV_08213_C01,4.0,Price / Value,Positive,Aspect: Price / Value [SEP] Great value for money spent
REV_08213,REV_08213_C02,4.0,Ambience,Positive,Aspect: Ambience [SEP] Natural ambience
REV_08213,REV_08213_C03,4.0,General Experience,Positive,Aspect: General Experience [SEP] felt happy spending the time
REV_08213,REV_08213_C08,4.0,Ambience,Positive,Aspect: Ambience [SEP] Photographic location
REV_08213,REV_08213_C10,4.0,General Experience,Positive,Aspect: General Experience [SEP] Loved it👌
REV_08215,REV_08215_C02,3.5,Food,Positive,"Aspect: Food [SEP] chicken kebab, chicken drumsticks like tangdi kebabs, fish kebab was all very tasty and good"
REV_08215,REV_08215_C03,3.5,Food,Positive,Aspect: Food [SEP] chicken biryani was not that great
REV_08215,REV_08215_C05,3.5,Food,Positive,Aspect: Food [SEP] Overall a nice place for starters
REV_08215,REV_08215_C05,3.5,General Experience,Positive,Aspect: General Experience [SEP] Overall a nice place for starters
REV_08215,REV_08215_C06,3.5,Ambience,Positive,Aspect: Ambience [SEP] Outside sit out place is good than inside
REV_08217,REV_08217_C02,1.0,General Experience,Negative,Aspect: General Experience [SEP] I am Disappointed
REV_08217,REV_08217_C03,1.0,Food,Negative,Aspect: Food [SEP] The momos were undercooked and dry
REV_08227,REV_08227_C01,4.0,General Experience,Positive,"Aspect: General Experience [SEP] Want to enjoy best steamed momos, this is a must visit place"
REV_08227,REV_08227_C02,4.0,Food,Positive,Aspect: Food [SEP] Chicken or veg they got tasty momos here
REV_08235,REV_08235_C04,2.0,Service,Negative,Aspect: Service [SEP] Delivery was delayed and that made me lil upset
REV_08235,REV_08235_C06,2.0,General Experience,Negative,Aspect: General Experience [SEP] Veg steamed momos:The packaging was real bad and u cud see momos out of the silver foil box
REV_08235,REV_08235_C07,2.0,Food,Negative,Aspect: Food [SEP] The filling of the momo wasnt really pleasing and was not tasty enuf to swat my mood
REV_08235,REV_08235_C08,2.0,Ambience,Negative,Aspect: Ambience [SEP] The veggies seemed to be over burnt and they didnt smell good either
REV_08235,REV_08235_C09,2.0,Food,Positive,Aspect: Food [SEP] The schezwan chutney that they usually setve with momos was more lookinglike tomato ketchup and the quantity was so lil that it cud just suffice 1 momo
REV_08235,REV_08235_C12,2.0,General Experience,Negative,Aspect: General Experience [SEP] Highly disappointing
REV_08243,REV_08243_C01,5.0,General Experience,Positive,Aspect: General Experience [SEP] One of the best momos place in hyderabad
REV_08243,REV_08243_C04,5.0,Food,Positive,Aspect: Food [SEP] Red momos jauce is spicy and many
REV_08243,REV_08243_C05,5.0,General Experience,Positive,Aspect: General Experience [SEP] Momos have good amounrlt of filling with thin outer covering
REV_08243,REV_08243_C06,5.0,Ambience,Positive,Aspect: Ambience [SEP] Packaging is also nice and clean
REV_08245,REV_08245_C01,1.0,Food,Negative,Aspect: Food [SEP] Food quality is very poor
REV_08245,REV_08245_C03,1.0,Food,Negative,Aspect: Food [SEP] this quality of food is very worst
REV_08252,REV_08252_C01,4.0,Food,Positive,"Aspect: Food [SEP] I orderedered fried veg momos from this place which were pretty good, not very spicy, filled with veggies,not too oily"
REV_08252,REV_08252_C02,4.0,Food,Positive,Aspect: Food [SEP] but the quantity was disappointing for the price it came for
REV_08252,REV_08252_C02,4.0,Price / Value,Positive,Aspect: Price / Value [SEP] but the quantity was disappointing for the price it came for
REV_08253,REV_08253_C01,1.0,General Experience,Negative,"Aspect: General Experience [SEP] if there was minus rating, I would have given that"
REV_08253,REV_08253_C02,1.0,Food,Negative,Aspect: Food [SEP] Momos were cold
REV_08257,REV_08257_C03,4.0,General Experience,Positive,Aspect: General Experience [SEP] Filling was good
REV_08257,REV_08257_C04,4.0,Food,Positive,Aspect: Food [SEP] Accompaniments of Mayo and Red chuney were sufficient and tasty
REV_08273,REV_08273_C01,5.0,General Experience,Positive,Aspect: General Experience [SEP] awesome
REV_08285,REV_08285_C01,2.0,Food,Negative,Aspect: Food [SEP] food was cold and seems like prepared few hours ago
REV_08301,REV_08301_C01,1.0,Service,Negative,Aspect: Service [SEP] poor serVice bo chutneys added
REV_08308,REV_08308_C01,1.0,Food,Positive,Aspect: Food [SEP] quantity is very low
REV_08316,REV_08316_C01,1.0,General Experience,Negative,Aspect: General Experience [SEP] The worst experience
REV_08322,REV_08322_C01,3.0,Ambience,Positive,Aspect: Ambience [SEP] Place have good ambience
REV_08322,REV_08322_C04,3.0,Service,Negative,"Aspect: Service [SEP] Service is slow, we have to go to service counter and asked twice for taking order"
REV_08322,REV_08322_C07,3.0,Ambience,Positive,Aspect: Ambience [SEP] Ambience 4/5
REV_08322,REV_08322_C09,3.0,Service,Negative,Aspect: Service [SEP] Service 2/5
REV_08324,REV_08324_C01,3.0,Food,Positive,Aspect: Food [SEP] The food is quite decent here
REV_08330,REV_08330_C01,2.0,General Experience,Negative,Aspect: General Experience [SEP] I'm disappointed after last night's dinner I had here
REV_08330,REV_08330_C03,2.0,General Experience,Negative,"Aspect: General Experience [SEP] While the Dark was awesome, the other two items disappointed me"
REV_08330,REV_08330_C04,2.0,Food,Negative,Aspect: Food [SEP] The Salad had very raw cucumber and it gave me a bad stomach pain from which I'm still suffering
REV_08330,REV_08330_C07,2.0,General Experience,Negative,Aspect: General Experience [SEP] The mint Mojito was a tad bit less disappointing
REV_08334,REV_08334_C06,2.0,Service,Negative,Aspect: Service [SEP] the service was poor and rude
REV_08338,REV_08338_C02,3.0,General Experience,Positive,Aspect: General Experience [SEP] The pic was sooo good
REV_08338,REV_08338_C05,3.0,General Experience,Positive,Aspect: General Experience [SEP] Anywaz it was good
REV_08338,REV_08338_C06,3.0,General Experience,Positive,Aspect: General Experience [SEP] Nice brownie
REV_08340,REV_08340_C03,3.0,General Experience,Positive,Aspect: General Experience [SEP] A good place to date
REV_08340,REV_08340_C05,3.0,Service,Positive,Aspect: Service [SEP] Staff is friendly
REV_08340,REV_08340_C12,3.0,General Experience,Negative,"Aspect: General Experience [SEP] The washroom was bad, no tissues or hand-wash"
REV_08352,REV_08352_C04,3.0,Service,Positive,"Aspect: Service [SEP] but the service is so appalling, probably you’ll die of hunger waiting for your order to arrive"
REV_08352,REV_08352_C09,3.0,Food,Positive,Aspect: Food [SEP] But I’ve heard they have a good offering among sandwiches and nachos
REV_08352,REV_08352_C10,3.0,Food,Positive,Aspect: Food [SEP] So that would keep my review limited only to the sweet dishes
REV_08352,REV_08352_C13,3.0,Price / Value,Negative,Aspect: Price / Value [SEP] The chocolate brownie is really a waste of money: you’ve probably had much better brownies all over Hyderabad
REV_08352,REV_08352_C14,3.0,Food,Positive,Aspect: Food [SEP] Nutella Waffles and Death by Chocolate pancakes: so good
REV_08352,REV_08352_C18,3.0,General Experience,Positive,Aspect: General Experience [SEP] but worth a try
REV_08352,REV_08352_C18,3.0,Price / Value,Positive,Aspect: Price / Value [SEP] but worth a try
REV_08354,REV_08354_C01,2.0,General Experience,Negative,Aspect: General Experience [SEP] Very poor packing
REV_08359,REV_08359_C02,4.0,Service,Positive,Aspect: Service [SEP] Service is good
REV_08367,REV_08367_C06,5.0,Service,Positive,Aspect: Service [SEP] the service was good too
REV_08367,REV_08367_C07,5.0,Price / Value,Positive,Aspect: Price / Value [SEP] The prices were reasonable
REV_08380,REV_08380_C01,5.0,Service,Positive,Aspect: Service [SEP] very good service
REV_08380,REV_08380_C02,5.0,General Experience,Positive,Aspect: General Experience [SEP] very good offers
REV_08384,REV_08384_C09,4.0,General Experience,Positive,"Aspect: General Experience [SEP] Closes at 12 am, hence good place for late night cravings"
REV_08396,REV_08396_C01,3.0,Food,Negative,Aspect: Food [SEP] Quantity was very less
REV_08396,REV_08396_C02,3.0,Food,Positive,Aspect: Food [SEP] quality wise its good
REV_08407,REV_08407_C01,5.0,Food,Positive,"Aspect: Food [SEP] found them on Zomato website, a very interesting to say that this restaurant carved a niche in serving juicy  chicken wings with wide spread of 10 to 12 sauces especially Texas BBQ, Spicy garlic too yummy and spicy like Original hot and Amazon wild comes in to top of mind"
REV_08407,REV_08407_C02,5.0,Food,Positive,Aspect: Food [SEP] Did ordered their bulk wings of 20 pieces and chicken drum sticks tossed with theses sauces were amazing
REV_08407,REV_08407_C03,5.0,Food,Positive,Aspect: Food [SEP] Dyna pasta served here  with white sauce is a perfect balance with a little spicy
REV_08407,REV_08407_C03,5.0,Service,Positive,Aspect: Service [SEP] Dyna pasta served here  with white sauce is a perfect balance with a little spicy
REV_08407,REV_08407_C04,5.0,Food,Positive,Aspect: Food [SEP] Over all they have apt combination of mojitos like lemonade and strawberry one can have a very good combo
REV_08407,REV_08407_C05,5.0,Food,Positive,Aspect: Food [SEP] Biryanis served here us very special like Wings Biryani and drum sticks have a large quantity matched quality as well
REV_08407,REV_08407_C05,5.0,Service,Positive,Aspect: Service [SEP] Biryanis served here us very special like Wings Biryani and drum sticks have a large quantity matched quality as well
REV_08407,REV_08407_C06,5.0,Food,Positive,Aspect: Food [SEP] over all its a best and only to discover a new taste of their popular chicken wings at a very reasonable place
REV_08407,REV_08407_C06,5.0,Price / Value,Positive,Aspect: Price / Value [SEP] over all its a best and only to discover a new taste of their popular chicken wings at a very reasonable place
REV_08417,REV_08417_C05,4.0,Ambience,Positive,Aspect: Ambience [SEP] They have a decent seating arrangement too
REV_08417,REV_08417_C07,4.0,Food,Positive,Aspect: Food [SEP] Among them my favorite are Texas BBQ and Mexican jerk
REV_08417,REV_08417_C11,4.0,Food,Positive,Aspect: Food [SEP] Chicken were well spicy and well with Curry leaves ( Andhra style)
REV_08417,REV_08417_C13,4.0,Ambience,Positive,Aspect: Ambience [SEP] ambience and prices all were decent
REV_08417,REV_08417_C13,4.0,Price / Value,Positive,Aspect: Price / Value [SEP] ambience and prices all were decent
REV_08418,REV_08418_C03,5.0,Food,Positive,Aspect: Food [SEP] I was there with my wife for dinner and we had a delightful time as we both love Chicken Wings
REV_08418,REV_08418_C04,5.0,Food,Positive,Aspect: Food [SEP] The various Sauces on offer is amazing
REV_08418,REV_08418_C06,5.0,General Experience,Positive,"Aspect: General Experience [SEP] I liked BBQ and Original Hot, both were exceptional"
REV_08418,REV_08418_C08,5.0,Food,Positive,"Aspect: Food [SEP] Nuggets were amazing, crispy and soft"
REV_08418,REV_08418_C09,5.0,Food,Positive,Aspect: Food [SEP] Burger and Salad were delicious as well
REV_08418,REV_08418_C10,5.0,Food,Positive,"Aspect: Food [SEP] We had this with a few soft drinks and mocktails, namely Lemonade and Mango"
REV_08418,REV_08418_C11,5.0,General Experience,Positive,Aspect: General Experience [SEP] Both were pretty good
REV_08418,REV_08418_C13,5.0,Service,Positive,Aspect: Service [SEP] Service was great
REV_08420,REV_08420_C01,4.0,Food,Positive,Aspect: Food [SEP] American Wild Wings = Amazing Wings
REV_08420,REV_08420_C04,4.0,Food,Positive,Aspect: Food [SEP] I love wings so wanted to check out this place
REV_08420,REV_08420_C06,4.0,Ambience,Positive,Aspect: Ambience [SEP] Interiors are decent and so is the seating
REV_08420,REV_08420_C10,4.0,Food,Positive,Aspect: Food [SEP] The menu looks quite economical with respect to the portion size of the food and taste
REV_08420,REV_08420_C10,4.0,Price / Value,Positive,Aspect: Price / Value [SEP] The menu looks quite economical with respect to the portion size of the food and taste
REV_08420,REV_08420_C11,4.0,Price / Value,Positive,Aspect: Price / Value [SEP] So it is value for money
REV_08420,REV_08420_C13,4.0,Food,Positive,"Aspect: Food [SEP] Taste, quantity and price are all up to the mark"
REV_08420,REV_08420_C13,4.0,Price / Value,Positive,"Aspect: Price / Value [SEP] Taste, quantity and price are all up to the mark"
REV_08420,REV_08420_C14,4.0,Food,Positive,"Aspect: Food [SEP] I tried their signature sauces for the mains, texas bbq, Pattaya thai, spicy garlic, original hot, Mexican jerk and Amazon wild"
REV_08420,REV_08420_C15,4.0,Food,Positive,"Aspect: Food [SEP] To my surprise all the wings were delicious specially the bbq and original hot, loved them"
REV_08420,REV_08420_C17,4.0,Food,Positive,Aspect: Food [SEP] Among which nuggets were really good
REV_08420,REV_08420_C21,4.0,Food,Positive,Aspect: Food [SEP] The quantity of chicken in the biryani was heavy
REV_08420,REV_08420_C22,4.0,Food,Positive,Aspect: Food [SEP] it tasted good too
REV_08420,REV_08420_C23,4.0,Food,Positive,Aspect: Food [SEP] Also had the chef special gongura chicken which was not on the menu
REV_08420,REV_08420_C27,4.0,Food,Positive,Aspect: Food [SEP] which was tasty and ya tastier than the KFC burger
REV_08420,REV_08420_C28,4.0,Price / Value,Positive,Aspect: Price / Value [SEP] Overall the place is affordable and nice
REV_08420,REV_08420_C29,4.0,Service,Positive,Aspect: Service [SEP] The hospitality was very nice
REV_08420,REV_08420_C32,4.0,Service,Positive,Aspect: Service [SEP] The staff is humble and friendly
REV_08426,REV_08426_C23,5.0,Food,Positive,Aspect: Food [SEP] It tasked good with those chicken and capitata going together
REV_08426,REV_08426_C26,5.0,Food,Positive,Aspect: Food [SEP] Tried their 4 sausages which are super good with those tender chicken
REV_08426,REV_08426_C27,5.0,Food,Positive,Aspect: Food [SEP] Burger section was decent
REV_08426,REV_08426_C28,5.0,Food,Positive,Aspect: Food [SEP] Tried their panner burger which was good
REV_08426,REV_08426_C30,5.0,General Experience,Positive,Aspect: General Experience [SEP] The good experience have a party of full of panner
REV_08426,REV_08426_C31,5.0,Food,Positive,Aspect: Food [SEP] Their menu course was good
REV_08426,REV_08426_C38,5.0,General Experience,Positive,Aspect: General Experience [SEP] All those are good
REV_08426,REV_08426_C41,5.0,Ambience,Positive,Aspect: Ambience [SEP] Ambience : 4/5
REV_08426,REV_08426_C42,5.0,Food,Positive,Aspect: Food [SEP] Food : 4.5/5
REV_08436,REV_08436_C02,5.0,Ambience,Positive,Aspect: Ambience [SEP] ambience is nice
REV_08436,REV_08436_C03,5.0,Food,Positive,Aspect: Food [SEP] serving is good
REV_08436,REV_08436_C04,5.0,General Experience,Positive,Aspect: General Experience [SEP] best place to spend with friends and family in and around gachibowli
REV_08453,REV_08453_C01,5.0,Food,Positive,Aspect: Food [SEP] Trust friendly reception and awesome taste of wings
REV_08453,REV_08453_C01,5.0,Service,Positive,Aspect: Service [SEP] Trust friendly reception and awesome taste of wings
REV_08453,REV_08453_C03,5.0,General Experience,Positive,Aspect: General Experience [SEP] We ordered online also and deliver is pretty good
REV_08461,REV_08461_C01,5.0,Ambience,Positive,"Aspect: Ambience [SEP] Awesome Place, Nice Menu, Great Ambience"
REV_08461,REV_08461_C01,5.0,Food,Positive,"Aspect: Food [SEP] Awesome Place, Nice Menu, Great Ambience"
REV_08461,REV_08461_C01,5.0,General Experience,Positive,"Aspect: General Experience [SEP] Awesome Place, Nice Menu, Great Ambience"
REV_08461,REV_08461_C03,5.0,General Experience,Positive,Aspect: General Experience [SEP] I will come again and again
REV_08461,REV_08461_C04,5.0,General Experience,Positive,Aspect: General Experience [SEP] Great place to have parties and events
REV_08466,REV_08466_C01,5.0,Ambience,Positive,Aspect: Ambience [SEP] Delicious food with pleasant ambiance and good service
REV_08466,REV_08466_C01,5.0,Food,Positive,Aspect: Food [SEP] Delicious food with pleasant ambiance and good service
REV_08466,REV_08466_C01,5.0,Service,Positive,Aspect: Service [SEP] Delicious food with pleasant ambiance and good service
REV_08466,REV_08466_C02,5.0,Food,Positive,Aspect: Food [SEP] Especially French fries and chicken popcorn are awesome and tastefull
REV_08466,REV_08466_C03,5.0,Food,Positive,Aspect: Food [SEP] Chicken wings biriyani is delicious
REV_08475,REV_08475_C01,5.0,Food,Positive,Aspect: Food [SEP] Nice food
REV_08475,REV_08475_C02,5.0,General Experience,Positive,Aspect: General Experience [SEP] Good restaurant and compensate the value for money
REV_08475,REV_08475_C02,5.0,Price / Value,Positive,Aspect: Price / Value [SEP] Good restaurant and compensate the value for money
REV_08484,REV_08484_C02,1.0,General Experience,Negative,Aspect: General Experience [SEP] but no store has ever been this bad
REV_08494,REV_08494_C13,1.0,Food,Positive,Aspect: Food [SEP] I anyway don't eat Dominos pizza given some pretty bad prior experience
REV_08494,REV_08494_C13,1.0,General Experience,Positive,Aspect: General Experience [SEP] I anyway don't eat Dominos pizza given some pretty bad prior experience
REV_08511,REV_08511_C01,5.0,General Experience,Positive,Aspect: General Experience [SEP] very nice
REV_08529,REV_08529_C02,1.0,Service,Negative,Aspect: Service [SEP] Consistently Pathetic service
REV_08534,REV_08534_C01,1.0,Food,Negative,Aspect: Food [SEP] The non veg pizzas are really bad
REV_08541,REV_08541_C01,2.0,Food,Negative,Aspect: Food [SEP] cold pizza served
REV_08541,REV_08541_C01,2.0,Service,Negative,Aspect: Service [SEP] cold pizza served
REV_08550,REV_08550_C01,5.0,General Experience,Positive,Aspect: General Experience [SEP] Awesome
REV_08555,REV_08555_C01,5.0,Food,Positive,Aspect: Food [SEP] Tasty as always
REV_08575,REV_08575_C01,4.0,Price / Value,Positive,Aspect: Price / Value [SEP] Best shawarma served at reasonable price and the mayonnaise is simply awesome
REV_08575,REV_08575_C01,4.0,Service,Positive,Aspect: Service [SEP] Best shawarma served at reasonable price and the mayonnaise is simply awesome
REV_08579,REV_08579_C02,1.0,General Experience,Negative,Aspect: General Experience [SEP] It was the worst experience I had attempted by ordering from here
REV_08579,REV_08579_C03,1.0,Food,Positive,Aspect: Food [SEP] I order special chicken shwarma
REV_08579,REV_08579_C03,1.0,Service,Positive,Aspect: Service [SEP] I order special chicken shwarma
REV_08593,REV_08593_C01,3.0,Food,Negative,Aspect: Food [SEP] bad taste
REV_08606,REV_08606_C01,1.0,Price / Value,Positive,Aspect: Price / Value [SEP] Shawarma tasted so bad and it isn't worth the money
REV_08610,REV_08610_C04,1.0,Service,Negative,Aspect: Service [SEP] Very bad service by Zomato they don't even have courtesy
REV_08610,REV_08610_C05,1.0,Service,Negative,Aspect: Service [SEP] This is by far the worst service by any service provider by all means
REV_08619,REV_08619_C01,2.0,Food,Negative,Aspect: Food [SEP] below average taste
REV_08632,REV_08632_C01,1.0,Food,Negative,"Aspect: Food [SEP] shawarma was very cold, couldn't even eat"
REV_08671,REV_08671_C01,5.0,Ambience,Positive,"Aspect: Ambience [SEP] Nice food , good ambiance and cordial staff"
REV_08671,REV_08671_C01,5.0,Food,Positive,"Aspect: Food [SEP] Nice food , good ambiance and cordial staff"
REV_08671,REV_08671_C01,5.0,Service,Positive,"Aspect: Service [SEP] Nice food , good ambiance and cordial staff"
REV_08671,REV_08671_C02,5.0,General Experience,Positive,Aspect: General Experience [SEP] Love to visit here
REV_08671,REV_08671_C03,5.0,Ambience,Positive,Aspect: Ambience [SEP] Nice music along with football matches that keep you engaged and lure to come again and again
REV_08677,REV_08677_C01,5.0,Ambience,Positive,Aspect: Ambience [SEP] This is a place where u can hangout with friends for complete enjoyment the place is of complete happiness filled with food and good sports especially the food is awesome you can have the tastiest food ever in arena eleven and good ambience
REV_08677,REV_08677_C01,5.0,Food,Positive,Aspect: Food [SEP] This is a place where u can hangout with friends for complete enjoyment the place is of complete happiness filled with food and good sports especially the food is awesome you can have the tastiest food ever in arena eleven and good ambience
REV_08681,REV_08681_C01,5.0,Food,Positive,Aspect: Food [SEP] Very nice place to njy the best food and drinks
REV_08681,REV_08681_C01,5.0,General Experience,Positive,Aspect: General Experience [SEP] Very nice place to njy the best food and drinks
REV_08681,REV_08681_C02,5.0,Service,Positive,Aspect: Service [SEP] Service was very good
REV_08681,REV_08681_C04,5.0,Ambience,Positive,Aspect: Ambience [SEP] Out side view is excellent and specially love the kababs
REV_08694,REV_08694_C04,4.0,Ambience,Positive,"Aspect: Ambience [SEP] Staff were friendly and patient, got a table we requested"
REV_08694,REV_08694_C04,4.0,Service,Positive,"Aspect: Service [SEP] Staff were friendly and patient, got a table we requested"
REV_08694,REV_08694_C06,4.0,Food,Positive,Aspect: Food [SEP] All tasted good
REV_08694,REV_08694_C08,4.0,Food,Positive,Aspect: Food [SEP] don't go with spicy food
REV_08694,REV_08694_C10,4.0,Ambience,Positive,Aspect: Ambience [SEP] Ambaince was good with outdoor and indoor seating
REV_08694,REV_08694_C13,4.0,Food,Negative,Aspect: Food [SEP] They may take quite a time for the dishes
REV_08694,REV_08694_C15,4.0,General Experience,Positive,Aspect: General Experience [SEP] Good thing is that you don't have to turn your head
REV_08695,REV_08695_C02,5.0,Ambience,Positive,"Aspect: Ambience [SEP] Located in the sln terminus mall in level 3, cozy ambience well set up of giant screens and LED screens all over the restaurant as you cannot miss any single action of your sorts"
REV_08695,REV_08695_C03,5.0,Food,Positive,Aspect: Food [SEP] eating the delicious kebabs and sizzlers
REV_08695,REV_08695_C04,5.0,Food,Positive,Aspect: Food [SEP] A pocket friendly restaurant with awesome food menu
REV_08695,REV_08695_C04,5.0,Price / Value,Positive,Aspect: Price / Value [SEP] A pocket friendly restaurant with awesome food menu
REV_08695,REV_08695_C04,5.0,Service,Positive,Aspect: Service [SEP] A pocket friendly restaurant with awesome food menu
REV_08695,REV_08695_C07,5.0,Food,Positive,"Aspect: Food [SEP] My favorites at Arena eleven are the kebab sizzling platters, the assorted sizzling platters are so succulent and tasty with the hot sizzle"
REV_08695,REV_08695_C08,5.0,Food,Positive,Aspect: Food [SEP] I Love the chicken pizza the thin crust and the toppings are really good
REV_08695,REV_08695_C09,5.0,Food,Positive,Aspect: Food [SEP] Thai Green Curry with steam rice are one of my favorite
REV_08695,REV_08695_C11,5.0,Food,Positive,"Aspect: Food [SEP] Chicken tikka biryani is the USP of arena eleven menu, it's really too good in taste and the quality"
REV_08695,REV_08695_C14,5.0,Price / Value,Positive,"Aspect: Price / Value [SEP] Arena eleven has very good and economical lunch buffet, the spread is much worth at price of Rs: 550/-"
REV_08695,REV_08695_C15,5.0,Food,Positive,Aspect: Food [SEP] Rice kheer is my favorite in desserts
REV_08700,REV_08700_C02,3.0,Ambience,Positive,"Aspect: Ambience [SEP] But not to worry as Arena Eleven's here to woo the same crowd, with their delightful sports-themed decor offering big-screen match telecasts for sports and all that coming with a beautiful rooftop ambience"
REV_08700,REV_08700_C05,3.0,Food,Positive,"Aspect: Food [SEP] Sampling their vegetarian appetizer from the a'la carte section, we ended up calling for their Sizzling Veg Tikka Platter and Masala Fries both of which turned out to be pretty good"
REV_08700,REV_08700_C07,3.0,Food,Positive,Aspect: Food [SEP] Veg Shami was something that was absolutely mindblowing with a hint of heat both from chili and pepper with the perfectly soft texture
REV_08700,REV_08700_C08,3.0,Food,Positive,"Aspect: Food [SEP] Masala Fries was just a Indianized version of loaded fries with the crisp potatoes sauted in with onions, ginger and garlic which worked as a good accompaniment for the drinks"
REV_08700,REV_08700_C09,3.0,Food,Positive,"Aspect: Food [SEP] Non vegetarian section had some really nice dishes including the Tangri Kebab, Lemon Pepper Fish Tikka and Honey Chili Chicken Wings which were just perfect for a setting of this kind"
REV_08700,REV_08700_C10,3.0,Food,Positive,"Aspect: Food [SEP] My personal favourite was their Lemon Pepper Fish however, for the juicy and succulent fish chunks giving that lipsmacking balance of citrus and heat from the lemon juice and black pepper marination"
REV_08700,REV_08700_C11,3.0,Food,Positive,"Aspect: Food [SEP] Honey Chili Wings too were pretty good as a finger food having crispy fried wings tossed in a sticky sweet honey chili sauce, probably the best candidate to be had along with a couple of chilled beers"
REV_08700,REV_08700_C14,3.0,Food,Negative,Aspect: Food [SEP] bland pieces of fish with the coating sauce containing just chili without any seasoning
REV_08700,REV_08700_C18,3.0,Food,Positive,"Aspect: Food [SEP] After the disappointment in the starters, it almost came as a surprise how good both the mains were"
REV_08700,REV_08700_C19,3.0,Food,Positive,"Aspect: Food [SEP] Chicken Curry had the home style onion base with juicy boneless chicken bites added, going absolutely well with some hot Tandoori Rotis"
REV_08700,REV_08700_C22,3.0,Food,Negative,"Aspect: Food [SEP] Trying out their Chicken Tikka Pizza from the a'la carte section turned out to be a disaster as the puffy base seemed to be store bought and stale, which definitely didn't justify the price tag for the same"
REV_08700,REV_08700_C22,3.0,Price / Value,Negative,"Aspect: Price / Value [SEP] Trying out their Chicken Tikka Pizza from the a'la carte section turned out to be a disaster as the puffy base seemed to be store bought and stale, which definitely didn't justify the price tag for the same"
REV_08700,REV_08700_C23,3.0,Food,Neutral,Aspect: Food [SEP] The dessert options too gave little to choose from where we went for the Gajar ka Halwa and Rice Kheer both of which were plain simple average
REV_08700,REV_08700_C25,3.0,General Experience,Positive,Aspect: General Experience [SEP] Getting even a glass of water turned out to be a huge task
REV_08700,REV_08700_C30,3.0,Food,Positive,"Aspect: Food [SEP] All in all, if the place provides a run-of-the-mill menu with a some good dishes"
REV_08700,REV_08700_C30,3.0,General Experience,Positive,"Aspect: General Experience [SEP] All in all, if the place provides a run-of-the-mill menu with a some good dishes"
REV_08702,REV_08702_C04,4.0,Ambience,Positive,Aspect: Ambience [SEP] The place is well lit and has a long deck that gives you a beautiful view of the botanical garden
REV_08702,REV_08702_C10,4.0,Food,Positive,Aspect: Food [SEP] Mocktails in most cases were either too sweet or watered down
REV_08702,REV_08702_C16,4.0,Food,Positive,Aspect: Food [SEP] Our first round of the veg sheek kebab was amazing which led us to order more
REV_08702,REV_08702_C16,4.0,Service,Positive,Aspect: Service [SEP] Our first round of the veg sheek kebab was amazing which led us to order more
REV_08702,REV_08702_C17,4.0,Food,Negative,Aspect: Food [SEP] The second round was super disappointing as the kebab was dry and tasteless
REV_08702,REV_08702_C19,4.0,Food,Positive,Aspect: Food [SEP] Soft and juicy chicken marinated well and cooked to perfection in a tandoor
REV_08702,REV_08702_C20,4.0,Food,Positive,Aspect: Food [SEP] The chili fish and fish tikka too were super delicious
REV_08702,REV_08702_C27,4.0,General Experience,Neutral,Aspect: General Experience [SEP] Nothing special
REV_08702,REV_08702_C33,4.0,General Experience,Positive,Aspect: General Experience [SEP] it was not a great decision
REV_08702,REV_08702_C36,4.0,Food,Negative,Aspect: Food [SEP] We ordered a portion of the green curry again which utterly disappointed us by being too sweet
REV_08702,REV_08702_C45,4.0,Service,Positive,Aspect: Service [SEP] Service is decent
REV_08702,REV_08702_C47,4.0,Price / Value,Positive,Aspect: Price / Value [SEP] They have some really pocket friendly happy hours and the place is awesome during sunset
REV_08702,REV_08702_C47,4.0,Service,Positive,Aspect: Service [SEP] They have some really pocket friendly happy hours and the place is awesome during sunset
REV_08702,REV_08702_C49,4.0,Ambience,Positive,Aspect: Ambience [SEP] Ambiance: 4/5
REV_08702,REV_08702_C50,4.0,Service,Positive,Aspect: Service [SEP] Service: 3.5/5
REV_08702,REV_08702_C51,4.0,Price / Value,Positive,Aspect: Price / Value [SEP] Value for Money: 3.5/5
REV_08707,REV_08707_C02,1.0,General Experience,Negative,Aspect: General Experience [SEP] worst possible experience one can possible have
REV_08707,REV_08707_C03,1.0,General Experience,Positive,"Aspect: General Experience [SEP] people pay so much to get a proper experience, nobody comes down to have a bitter experience"
REV_08707,REV_08707_C04,1.0,General Experience,Negative,Aspect: General Experience [SEP] Don't recommend
REV_08714,REV_08714_C04,3.0,General Experience,Negative,Aspect: General Experience [SEP] Mocktails were not good
REV_08718,REV_08718_C01,4.0,General Experience,Positive,Aspect: General Experience [SEP] It's a good place to chill with friends and watch sports
REV_08718,REV_08718_C03,4.0,Food,Neutral,Aspect: Food [SEP] food and beverages are quite reasonable and are above average
REV_08718,REV_08718_C03,4.0,Price / Value,Neutral,Aspect: Price / Value [SEP] food and beverages are quite reasonable and are above average
REV_08730,REV_08730_C01,1.0,General Experience,Negative,Aspect: General Experience [SEP] One of the worst experience I had
REV_08730,REV_08730_C06,1.0,Food,Negative,Aspect: Food [SEP] one of my ordered food was not even provided and what was provided that was stale and when asked manager was very rude with his replies
REV_08730,REV_08730_C06,1.0,Service,Negative,Aspect: Service [SEP] one of my ordered food was not even provided and what was provided that was stale and when asked manager was very rude with his replies
REV_08730,REV_08730_C07,1.0,Price / Value,Negative,"Aspect: Price / Value [SEP] I left the restaurant in the middle as except bira beer everything was pathetic even in last Management guy declined to provide me the bill and was VERY VERY rude, waited for around 15 minutes after paying the amount just to get the bill"
REV_08730,REV_08730_C07,1.0,Service,Negative,"Aspect: Service [SEP] I left the restaurant in the middle as except bira beer everything was pathetic even in last Management guy declined to provide me the bill and was VERY VERY rude, waited for around 15 minutes after paying the amount just to get the bill"
REV_08733,REV_08733_C01,4.0,Food,Positive,Aspect: Food [SEP] Paneer kebab was yummy
REV_08733,REV_08733_C05,4.0,Ambience,Positive,"Aspect: Ambience [SEP] Ambiance was good ,can rate 8/10"
REV_08741,REV_08741_C02,3.0,Ambience,Positive,Aspect: Ambience [SEP] Decent ambience and good music
REV_08741,REV_08741_C04,3.0,Food,Positive,Aspect: Food [SEP] Food was not that great 👎🏻
REV_08744,REV_08744_C01,5.0,General Experience,Positive,Aspect: General Experience [SEP] This is a nice place for family as well as official lunch and dinner
REV_08744,REV_08744_C02,5.0,General Experience,Positive,Aspect: General Experience [SEP] The staffs are very courteous and the manager takes personal care for all the guests which adds to the dining experience
REV_08744,REV_08744_C02,5.0,Service,Positive,Aspect: Service [SEP] The staffs are very courteous and the manager takes personal care for all the guests which adds to the dining experience
REV_08744,REV_08744_C03,5.0,Food,Positive,Aspect: Food [SEP] Food is great
REV_08744,REV_08744_C04,5.0,Food,Negative,Aspect: Food [SEP] Not bland neither too spicy
REV_08748,REV_08748_C01,1.0,Food,Positive,"Aspect: Food [SEP] So, it's our first time in Hyderabad and we thought of having a great meal at Radisson"
REV_08748,REV_08748_C02,1.0,Food,Positive,Aspect: Food [SEP] We visited Cascade and much to our disappointment we found the food not even close to being great
REV_08748,REV_08748_C03,1.0,Food,Negative,Aspect: Food [SEP] The vegetarian spread was very less with just 4 starters and that too of similar type
REV_08748,REV_08748_C05,1.0,General Experience,Negative,Aspect: General Experience [SEP] was also not up to the mark
REV_08748,REV_08748_C06,1.0,General Experience,Positive,Aspect: General Experience [SEP] Thought of making peace with the situation by hoping that the desserts would at least be nice
REV_08748,REV_08748_C07,1.0,General Experience,Positive,Aspect: General Experience [SEP] but they too weren't nice
REV_08748,REV_08748_C08,1.0,General Experience,Negative,Aspect: General Experience [SEP] One of the worst experiences of all times
REV_08748,REV_08748_C10,1.0,General Experience,Positive,Aspect: General Experience [SEP] Definitely not going to visit again
REV_08754,REV_08754_C02,5.0,Service,Positive,Aspect: Service [SEP] the service rendered by the staff members was very courteous and on time
REV_08754,REV_08754_C06,5.0,Service,Positive,"Aspect: Service [SEP] Overall an excellent service, looking forward to joining again with family"
REV_08754,REV_08754_C07,5.0,General Experience,Positive,Aspect: General Experience [SEP] Thank you for all the great work you guys do
REV_08756,REV_08756_C01,5.0,Food,Positive,Aspect: Food [SEP] Great food loved the food 5 star for chef narbu just tooooooo gooood fooooood dil Bhi bhar gaya pet Bhi bhar gaya thumps up for all the theam work thanks
REV_08762,REV_08762_C02,4.0,General Experience,Positive,Aspect: General Experience [SEP] The spread was decent with a few live counters
REV_08762,REV_08762_C03,4.0,Food,Positive,Aspect: Food [SEP] The food was good and the deserts were excellent
REV_08762,REV_08762_C04,4.0,Price / Value,Positive,Aspect: Price / Value [SEP] Definitely worth the money
REV_08784,REV_08784_C01,5.0,Food,Positive,Aspect: Food [SEP] Dinner Buffet has an amazing varieties of veg and non-veg
REV_08784,REV_08784_C02,5.0,Food,Positive,Aspect: Food [SEP] Quality & Quantity of food on offer was good
REV_08784,REV_08784_C03,5.0,Food,Positive,Aspect: Food [SEP] Food was very tasty
REV_08784,REV_08784_C05,5.0,Service,Positive,"Aspect: Service [SEP] Staff were very friendly, polite and respectful"
REV_08784,REV_08784_C06,5.0,General Experience,Positive,Aspect: General Experience [SEP] Overall a great dining experience
REV_08784,REV_08784_C07,5.0,General Experience,Positive,Aspect: General Experience [SEP] I would strongly recommend this place for family and office gatherings
REV_08786,REV_08786_C02,5.0,Food,Positive,Aspect: Food [SEP] We all liked the buffet spread
REV_08786,REV_08786_C03,5.0,Food,Positive,Aspect: Food [SEP] The food was tasty
REV_08786,REV_08786_C04,5.0,Service,Positive,Aspect: Service [SEP] the service was great
REV_08786,REV_08786_C05,5.0,Service,Positive,Aspect: Service [SEP] Staff was polite and eager to help us
REV_08791,REV_08791_C01,5.0,Ambience,Positive,Aspect: Ambience [SEP] Good ambiance
REV_08791,REV_08791_C02,5.0,Food,Positive,"Aspect: Food [SEP] Great food and service, would highly recommend"
REV_08791,REV_08791_C02,5.0,General Experience,Positive,"Aspect: General Experience [SEP] Great food and service, would highly recommend"
REV_08791,REV_08791_C02,5.0,Service,Positive,"Aspect: Service [SEP] Great food and service, would highly recommend"
REV_08791,REV_08791_C05,5.0,Service,Positive,Aspect: Service [SEP] Such friendly staff
REV_08820,REV_08820_C03,3.0,Food,Positive,"Aspect: Food [SEP] A decent place , usual breakfast buffet that you find in such a place"
REV_08820,REV_08820_C04,3.0,Service,Positive,Aspect: Service [SEP] The service is good
REV_08820,REV_08820_C06,3.0,Ambience,Neutral,Aspect: Ambience [SEP] ambience is average
REV_08820,REV_08820_C07,3.0,Ambience,Positive,Aspect: Ambience [SEP] The good part is that the place is spacious
REV_08840,REV_08840_C02,4.0,General Experience,Positive,Aspect: General Experience [SEP] buffet spread was very good
REV_08840,REV_08840_C07,4.0,General Experience,Positive,Aspect: General Experience [SEP] kodi vepudu of non veg stater was good and spice level was also good
REV_08840,REV_08840_C08,4.0,Food,Positive,Aspect: Food [SEP] chicken biryani was also good in taste
REV_08840,REV_08840_C09,4.0,Food,Negative,Aspect: Food [SEP] As it's ramzan season they also served haleem which is not good in taste
REV_08840,REV_08840_C09,4.0,Service,Negative,Aspect: Service [SEP] As it's ramzan season they also served haleem which is not good in taste
REV_08840,REV_08840_C10,4.0,General Experience,Negative,Aspect: General Experience [SEP] disappointed for haleem
REV_08840,REV_08840_C11,4.0,Food,Positive,Aspect: Food [SEP] Coming to starters kubani ka meeta and semiya was good
REV_08840,REV_08840_C12,4.0,General Experience,Positive,Aspect: General Experience [SEP] overall a nice experience!!😊
REV_08842,REV_08842_C01,1.0,General Experience,Negative,"Aspect: General Experience [SEP] Came here for some late night dinner and my experience can be termed ""Pathetic"" to say the least"
REV_08844,REV_08844_C01,3.0,Ambience,Positive,"Aspect: Ambience [SEP] Good ambiance with wide range food options , people having different taste of food can enjoy the place and good for team dinners"
REV_08844,REV_08844_C01,3.0,Food,Positive,"Aspect: Food [SEP] Good ambiance with wide range food options , people having different taste of food can enjoy the place and good for team dinners"
REV_08854,REV_08854_C02,1.0,General Experience,Negative,Aspect: General Experience [SEP] Experience: Very Bad
REV_08854,REV_08854_C03,1.0,Food,Positive,Aspect: Food [SEP] Food: Not Great
REV_08854,REV_08854_C04,1.0,Food,Positive,Aspect: Food [SEP] few dishes are good
REV_08854,REV_08854_C05,1.0,Service,Negative,Aspect: Service [SEP] Service: Worst
REV_08854,REV_08854_C06,1.0,Service,Negative,Aspect: Service [SEP] Management: Rude
REV_08854,REV_08854_C12,1.0,Ambience,Positive,Aspect: Ambience [SEP] Only thing we liked is the place and ambience
REV_08854,REV_08854_C13,1.0,General Experience,Positive,Aspect: General Experience [SEP] I recommend not to prefer this place with family
REV_08854,REV_08854_C14,1.0,General Experience,Negative,Aspect: General Experience [SEP] This management has shown us how a famous brand like Hyatt can also be the worst experience
REV_08854,REV_08854_C14,1.0,Service,Negative,Aspect: Service [SEP] This management has shown us how a famous brand like Hyatt can also be the worst experience
REV_08862,REV_08862_C04,1.0,Food,Positive,Aspect: Food [SEP] We ordered North Indian food which was quite yummy
REV_08862,REV_08862_C05,1.0,Service,Negative,Aspect: Service [SEP] the service was painfully slow
REV_08862,REV_08862_C08,1.0,General Experience,Positive,Aspect: General Experience [SEP] Will recommend others not to visit this place just because of Hyatt tag
REV_08870,REV_08870_C01,5.0,Ambience,Negative,Aspect: Ambience [SEP] Great place and ambience bad service from Tushar was awesome
REV_08870,REV_08870_C01,5.0,General Experience,Negative,Aspect: General Experience [SEP] Great place and ambience bad service from Tushar was awesome
REV_08870,REV_08870_C01,5.0,Service,Negative,Aspect: Service [SEP] Great place and ambience bad service from Tushar was awesome
REV_08870,REV_08870_C02,5.0,General Experience,Positive,Aspect: General Experience [SEP] Keep up the good work
REV_08875,REV_08875_C01,2.0,Food,Negative,Aspect: Food [SEP] Extremely expensive for the food they serve
REV_08875,REV_08875_C01,2.0,Price / Value,Negative,Aspect: Price / Value [SEP] Extremely expensive for the food they serve
REV_08875,REV_08875_C01,2.0,Service,Negative,Aspect: Service [SEP] Extremely expensive for the food they serve
REV_08875,REV_08875_C03,2.0,Food,Negative,Aspect: Food [SEP] the food was just pathetic and over priced
REV_08875,REV_08875_C04,2.0,Food,Positive,Aspect: Food [SEP] I wouldn’t have mind spending if the food was good
REV_08875,REV_08875_C06,2.0,Price / Value,Positive,Aspect: Price / Value [SEP] This place is not at all for wine lovers as they serve the worst wines at sky high prices
REV_08875,REV_08875_C06,2.0,Service,Positive,Aspect: Service [SEP] This place is not at all for wine lovers as they serve the worst wines at sky high prices
REV_08884,REV_08884_C01,1.0,Food,Negative,"Aspect: Food [SEP] Visited this place yesterday after going through some of the very good reviews and I must say it's the worst experience for us, we ordered pizza and it smelled very bad"
REV_08884,REV_08884_C01,1.0,General Experience,Negative,"Aspect: General Experience [SEP] Visited this place yesterday after going through some of the very good reviews and I must say it's the worst experience for us, we ordered pizza and it smelled very bad"
REV_08884,REV_08884_C03,1.0,Food,Negative,Aspect: Food [SEP] again spaghetti was tasteless and bland and had to leave whole dish
REV_08884,REV_08884_C04,1.0,Food,Negative,Aspect: Food [SEP] Didn't expected such a bad quality food from brand like Hyatt and they ended up spoiling our evening
REV_08906,REV_08906_C01,5.0,Ambience,Positive,Aspect: Ambience [SEP] Friendly staff amazing ambience and fantastic food
REV_08906,REV_08906_C01,5.0,Food,Positive,Aspect: Food [SEP] Friendly staff amazing ambience and fantastic food
REV_08906,REV_08906_C01,5.0,Service,Positive,Aspect: Service [SEP] Friendly staff amazing ambience and fantastic food
REV_08906,REV_08906_C02,5.0,General Experience,Positive,Aspect: General Experience [SEP] Went here for breakfast buffet and the experience was amazing
REV_08906,REV_08906_C03,5.0,Food,Positive,Aspect: Food [SEP] The food spread was wide and delicious
REV_08906,REV_08906_C05,5.0,Food,Positive,Aspect: Food [SEP] Quality and taste we're amazing
REV_08906,REV_08906_C06,5.0,General Experience,Positive,Aspect: General Experience [SEP] A must visit in my books
REV_08920,REV_08920_C01,5.0,Food,Positive,"Aspect: Food [SEP] After a not so filling dinner, we headed to Hyatt for desserts"
REV_08920,REV_08920_C04,5.0,Food,Negative,"Aspect: Food [SEP] We ordered a cold coffee, cappuchino and two milkshakes"
REV_08920,REV_08920_C06,5.0,Food,Positive,Aspect: Food [SEP] Loved the flavours and quality of the beverages we ordered
REV_08920,REV_08920_C09,5.0,Ambience,Positive,Aspect: Ambience [SEP] Ambience 5/5
REV_08920,REV_08920_C10,5.0,Food,Positive,Aspect: Food [SEP] Food 5/5
REV_08920,REV_08920_C11,5.0,Price / Value,Negative,"Aspect: Price / Value [SEP] *Costly ofcourse, its HYATT"
REV_08928,REV_08928_C13,5.0,General Experience,Positive,Aspect: General Experience [SEP] and this is what I like this restaurant the best
REV_08928,REV_08928_C17,5.0,Food,Positive,"Aspect: Food [SEP] In addition, they study Korean food or other Asian food and cook for me as special treatment to please me"
REV_08928,REV_08928_C19,5.0,Food,Positive,Aspect: Food [SEP] and they cook some special food as per my special request
REV_08928,REV_08928_C21,5.0,Food,Positive,Aspect: Food [SEP] I strongly recommend everyone that Collage is a place you must have meals during your stay at Hyderabad
REV_08928,REV_08928_C21,5.0,General Experience,Positive,Aspect: General Experience [SEP] I strongly recommend everyone that Collage is a place you must have meals during your stay at Hyderabad
REV_08932,REV_08932_C01,5.0,Food,Positive,"Aspect: Food [SEP] Amazing food, amazing staff"
REV_08932,REV_08932_C01,5.0,Service,Positive,"Aspect: Service [SEP] Amazing food, amazing staff"
REV_08932,REV_08932_C02,5.0,General Experience,Positive,"Aspect: General Experience [SEP] Loved the buffet spread and the sunday brunch was outstanding, one of the best in the city"
REV_08940,REV_08940_C02,4.0,General Experience,Positive,Aspect: General Experience [SEP] it was just awesome
REV_08940,REV_08940_C04,4.0,Ambience,Positive,Aspect: Ambience [SEP] ambience was good and best part of Hyatt was their services which made me bowled
REV_08944,REV_08944_C01,4.0,Food,Positive,Aspect: Food [SEP] The food is toooooooooo good
REV_08944,REV_08944_C02,4.0,Ambience,Positive,Aspect: Ambience [SEP] The interior and the ambiance both are very cozy
REV_08944,REV_08944_C04,4.0,Ambience,Positive,Aspect: Ambience [SEP] The wash basin and toilet should have been as neat and clean as the restaurant
REV_08954,REV_08954_C01,3.0,Food,Negative,Aspect: Food [SEP] Food is not bad
REV_08954,REV_08954_C03,3.0,Service,Negative,Aspect: Service [SEP] Service are very slow n staff will not response properly
REV_08954,REV_08954_C05,3.0,Food,Negative,Aspect: Food [SEP] I ask for northeast food n disappointed
REV_08962,REV_08962_C01,3.0,Food,Positive,Aspect: Food [SEP] The food was delicious
REV_08966,REV_08966_C01,5.0,Food,Positive,Aspect: Food [SEP] One of the best places in and around Hitech City to have good food
REV_08966,REV_08966_C02,5.0,Food,Positive,Aspect: Food [SEP] Price is very decent and main course portions are also very good
REV_08966,REV_08966_C02,5.0,Price / Value,Positive,Aspect: Price / Value [SEP] Price is very decent and main course portions are also very good
REV_08970,REV_08970_C02,5.0,Food,Positive,Aspect: Food [SEP] Great quality and taste
REV_08970,REV_08970_C03,5.0,Food,Positive,Aspect: Food [SEP] Fresh meat served with awesome tasting gravy
REV_08970,REV_08970_C03,5.0,Service,Positive,Aspect: Service [SEP] Fresh meat served with awesome tasting gravy
REV_08975,REV_08975_C02,5.0,Food,Positive,Aspect: Food [SEP] 🍴Kalbi Bokum (Sweet and spicy beef fried with vegetables)
REV_08975,REV_08975_C03,5.0,Food,Positive,"Aspect: Food [SEP] 🍴Butter Pepper Garlic Prawns (Prawns toasted in fresh herbs, lime, pepper and chilly flakes)"
REV_08975,REV_08975_C05,5.0,Food,Positive,Aspect: Food [SEP] 🍽️ Naga Steam Fish (made with Naga bamboo shoot and chillies as well as fresh herbs and tomatoes)
REV_08975,REV_08975_C08,5.0,Food,Positive,"Aspect: Food [SEP] 🍹Summer Time and Summer Lime (Orange juice served with fresh orange, mint and lime, commingled with masala)"
REV_08975,REV_08975_C08,5.0,Service,Positive,"Aspect: Service [SEP] 🍹Summer Time and Summer Lime (Orange juice served with fresh orange, mint and lime, commingled with masala)"
REV_08975,REV_08975_C09,5.0,Food,Positive,Aspect: Food [SEP] 🍹Fresh Lime Soda (sweet)
REV_08975,REV_08975_C12,5.0,Food,Positive,"Aspect: Food [SEP] I trouble her ever so often for being so nitpicky about food, the woman does know good food"
REV_08975,REV_08975_C19,5.0,Food,Positive,"Aspect: Food [SEP] the waiter told me that the #KalbiBokum wasn't too sweet, I could've lived with even lesser sweet and a bit more spicy"
REV_08975,REV_08975_C19,5.0,Service,Positive,"Aspect: Service [SEP] the waiter told me that the #KalbiBokum wasn't too sweet, I could've lived with even lesser sweet and a bit more spicy"
REV_08975,REV_08975_C24,5.0,Food,Negative,"Aspect: Food [SEP] The raw mango slices, the fresh fish, the tangy tomatoes, oh"
REV_08975,REV_08975_C29,5.0,Food,Positive,Aspect: Food [SEP] The quantity of the main courses did that ably and optimally
REV_08984,REV_08984_C03,3.0,Ambience,Negative,"Aspect: Ambience [SEP] First up, we were greeted with a distinct smell of raw pork which was mildly unpleasant"
REV_08984,REV_08984_C04,3.0,Food,Positive,Aspect: Food [SEP] The starters were quite good- spicy chicken momos and the pork preparations (pork belly and some kind of chilly fried pork)
REV_08984,REV_08984_C06,3.0,General Experience,Negative,"Aspect: General Experience [SEP] however, was disappointing, or perhaps we expected something else"
REV_08984,REV_08984_C07,3.0,Food,Negative,Aspect: Food [SEP] The Ramyum noodles tasted like a bland version of Top Ramen and the noodles had a strange texture to them
REV_08984,REV_08984_C09,3.0,Food,Positive,Aspect: Food [SEP] The Teriyaki chicken rice was a tad too sweet for my palette personally
REV_08984,REV_08984_C15,3.0,Price / Value,Positive,Aspect: Price / Value [SEP] Value for money- 3.5/5
REV_08984,REV_08984_C16,3.0,Service,Negative,Aspect: Service [SEP] Service- 2.5
REV_08984,REV_08984_C17,3.0,Ambience,Neutral,Aspect: Ambience [SEP] Ambience- 3/5
REV_08985,REV_08985_C03,3.0,Food,Positive,Aspect: Food [SEP] The drumsticks were good with sauce and best part was chicken teriyaki it was delicious and tasty and the OM rice was okay
REV_08985,REV_08985_C04,3.0,Food,Neutral,Aspect: Food [SEP] Overall food was good and service was okay
REV_08985,REV_08985_C04,3.0,Service,Neutral,Aspect: Service [SEP] Overall food was good and service was okay
REV_08987,REV_08987_C02,5.0,Food,Positive,Aspect: Food [SEP] The food are really delicious and nice place
REV_08987,REV_08987_C02,5.0,General Experience,Positive,Aspect: General Experience [SEP] The food are really delicious and nice place
REV_08987,REV_08987_C03,5.0,Service,Positive,Aspect: Service [SEP] Staff are good and friendly as well
REV_08987,REV_08987_C05,5.0,Ambience,Negative,Aspect: Ambience [SEP] So you have to get more improve deliver food on the table and not letting them wait for so long
REV_08987,REV_08987_C05,5.0,Food,Negative,Aspect: Food [SEP] So you have to get more improve deliver food on the table and not letting them wait for so long
REV_08987,REV_08987_C05,5.0,Service,Negative,Aspect: Service [SEP] So you have to get more improve deliver food on the table and not letting them wait for so long
REV_08987,REV_08987_C06,5.0,Food,Positive,Aspect: Food [SEP] Thank you for give us apportunity to have the good food
REV_08992,REV_08992_C01,5.0,General Experience,Positive,"Aspect: General Experience [SEP] If you live anywhere in Hyderabad and you love eating pork and beef, then this is a good place to try"
REV_08992,REV_08992_C04,5.0,Food,Positive,Aspect: Food [SEP] it is very very spicy because of the BHOOT JOLOKIA
REV_09007,REV_09007_C01,5.0,Food,Positive,Aspect: Food [SEP] The most amazing Naga beef I've ever had
REV_09007,REV_09007_C04,5.0,Food,Positive,Aspect: Food [SEP] Most of the dishes are tasty as hell
REV_09007,REV_09007_C05,5.0,Food,Positive,Aspect: Food [SEP] Portion is kinda small
REV_09007,REV_09007_C07,5.0,Service,Negative,Aspect: Service [SEP] Service is a bit slow
REV_09007,REV_09007_C08,5.0,Service,Negative,Aspect: Service [SEP] One area they really need to improve is to get more and/or better trained staff
REV_09009,REV_09009_C04,5.0,General Experience,Positive,Aspect: General Experience [SEP] The Beef Soba Noddles was also good
REV_09009,REV_09009_C06,5.0,Food,Positive,Aspect: Food [SEP] The portion sizes are a little small
REV_09009,REV_09009_C07,5.0,Price / Value,Positive,Aspect: Price / Value [SEP] but then again the prices are pretty damn cheap as well
REV_09009,REV_09009_C08,5.0,Service,Negative,Aspect: Service [SEP] The one area where they can improve is the speed & efficiency of service
REV_09009,REV_09009_C09,5.0,Service,Negative,"Aspect: Service [SEP] but since it's fairly new & has a very small staff at this point (possibly family run ?), I'm optimistic that they will improve as they mature"
REV_09021,REV_09021_C03,5.0,Food,Positive,Aspect: Food [SEP] I absolutely love their food
REV_09021,REV_09021_C11,5.0,Ambience,Positive,Aspect: Ambience [SEP] Slightly louder music and tea would be great additions
REV_09029,REV_09029_C01,5.0,Service,Positive,"Aspect: Service [SEP] I have been waiting to write a review for Zing's north east kitchen for a real long time and I love what they cook n create, it's a little restaurant on the very opposite side of SLN terminus, Gachibowli"
REV_09029,REV_09029_C02,5.0,Food,Positive,"Aspect: Food [SEP] The food quality is amazing just feels like home, quantity"
REV_09029,REV_09029_C03,5.0,Price / Value,Positive,Aspect: Price / Value [SEP] the price are reasonable
REV_09033,REV_09033_C01,5.0,Food,Positive,Aspect: Food [SEP] I have been looking for good porks in Hyderabad
REV_09033,REV_09033_C03,5.0,Food,Positive,Aspect: Food [SEP] Pocket friendly and delicious food you would find over here
REV_09033,REV_09033_C03,5.0,Price / Value,Positive,Aspect: Price / Value [SEP] Pocket friendly and delicious food you would find over here
REV_09033,REV_09033_C03,5.0,Service,Positive,Aspect: Service [SEP] Pocket friendly and delicious food you would find over here
REV_09033,REV_09033_C04,5.0,Ambience,Positive,"Aspect: Ambience [SEP] Right opposite to SLN terminus, quick service, decent interior and courteous manner"
REV_09033,REV_09033_C04,5.0,Service,Positive,"Aspect: Service [SEP] Right opposite to SLN terminus, quick service, decent interior and courteous manner"
REV_09040,REV_09040_C04,1.0,Food,Positive,"Aspect: Food [SEP] We had ordered pork with bamboo shoot, which I have had quite a lot of time at my hometown (Siliguri), unfortunately, this wasn't nearly as good as I had before"
REV_09040,REV_09040_C10,1.0,Food,Negative,"Aspect: Food [SEP] Either my bad day, or the chef's"
REV_09042,REV_09042_C01,4.0,Food,Positive,Aspect: Food [SEP] This is a small joint for those who love north eastern food
REV_09042,REV_09042_C03,4.0,Food,Positive,Aspect: Food [SEP] I usually have chicken momos from this place as i love it
REV_09042,REV_09042_C05,4.0,Food,Negative,Aspect: Food [SEP] The quantity was a little less and taste-wise it was okayish
REV_09042,REV_09042_C06,4.0,Ambience,Positive,Aspect: Ambience [SEP] The ambience of this place is quite good
REV_09042,REV_09042_C07,4.0,Service,Negative,Aspect: Service [SEP] the service is a bit slow
REV_09042,REV_09042_C09,4.0,General Experience,Positive,"Aspect: General Experience [SEP] Overall, i liked the place"
REV_09044,REV_09044_C03,2.0,Food,Positive,"Aspect: Food [SEP] What once used to have a juicy, creamy filling is now a miser's dab"
REV_09056,REV_09056_C01,5.0,Ambience,Positive,Aspect: Ambience [SEP] Loved the ambience of the place
REV_09056,REV_09056_C03,5.0,Food,Positive,Aspect: Food [SEP] and all of them were delicious
REV_09056,REV_09056_C05,5.0,General Experience,Positive,"Aspect: General Experience [SEP] Also do try Hot Chocolate Orange and Hot Chocolate HazelNut, definitely a must try place for me"
REV_09062,REV_09062_C01,4.0,Price / Value,Negative,Aspect: Price / Value [SEP] Bit Costly
REV_09062,REV_09062_C02,4.0,Food,Positive,Aspect: Food [SEP] but taste wise its good
REV_09062,REV_09062_C04,4.0,General Experience,Positive,Aspect: General Experience [SEP] good variety of items to choose from
REV_09062,REV_09062_C05,4.0,General Experience,Positive,Aspect: General Experience [SEP] Good place to visit
REV_09062,REV_09062_C06,4.0,Ambience,Positive,Aspect: Ambience [SEP] Ambiance is good also
REV_09066,REV_09066_C02,1.0,Food,Positive,"Aspect: Food [SEP] Ordered four donuts, all four were not at all fresh"
REV_09108,REV_09108_C01,1.0,Food,Negative,Aspect: Food [SEP] worst food ever I had
REV_09127,REV_09127_C01,5.0,Service,Positive,Aspect: Service [SEP] Its was very great service from you Dunkin donuts
REV_09127,REV_09127_C02,5.0,Ambience,Positive,Aspect: Ambience [SEP] the ambience was really awesome and the taste was really yummy and we and our friends like visit again
REV_09127,REV_09127_C02,5.0,Food,Positive,Aspect: Food [SEP] the ambience was really awesome and the taste was really yummy and we and our friends like visit again
REV_09127,REV_09127_C02,5.0,General Experience,Positive,Aspect: General Experience [SEP] the ambience was really awesome and the taste was really yummy and we and our friends like visit again
REV_09142,REV_09142_C01,4.0,General Experience,Positive,Aspect: General Experience [SEP] I really liked the donuts
REV_09142,REV_09142_C04,4.0,General Experience,Positive,Aspect: General Experience [SEP] I really nice place to have donuts
REV_09143,REV_09143_C02,1.0,Food,Negative,Aspect: Food [SEP] if you are a big big fan of soyabean then only you'll be able to eat food otherwise they put lot of soyabean oil in everything which make food taste so bad
REV_09147,REV_09147_C01,3.0,General Experience,Positive,Aspect: General Experience [SEP] This place is becoming a nice go to place in the recent times
REV_09147,REV_09147_C02,3.0,Ambience,Positive,"Aspect: Ambience [SEP] Live music, affordable pocket friendly food and good service"
REV_09147,REV_09147_C02,3.0,Food,Positive,"Aspect: Food [SEP] Live music, affordable pocket friendly food and good service"
REV_09147,REV_09147_C02,3.0,Price / Value,Positive,"Aspect: Price / Value [SEP] Live music, affordable pocket friendly food and good service"
REV_09147,REV_09147_C02,3.0,Service,Positive,"Aspect: Service [SEP] Live music, affordable pocket friendly food and good service"
REV_09153,REV_09153_C01,1.0,General Experience,Positive,Aspect: General Experience [SEP] Not good and my experience is not at all good
REV_09153,REV_09153_C04,1.0,Food,Positive,Aspect: Food [SEP] The other food experience is also not good
REV_09153,REV_09153_C04,1.0,General Experience,Positive,Aspect: General Experience [SEP] The other food experience is also not good
REV_09161,REV_09161_C02,4.0,Food,Positive,"Aspect: Food [SEP] its was so yummy,i will like to suggest to give the order from this restaurant"
REV_09161,REV_09161_C02,4.0,Service,Positive,"Aspect: Service [SEP] its was so yummy,i will like to suggest to give the order from this restaurant"
REV_09161,REV_09161_C03,4.0,General Experience,Positive,Aspect: General Experience [SEP] the packing style is also good
REV_09165,REV_09165_C01,1.0,Service,Negative,"Aspect: Service [SEP] Very poor service, we ordered through zomato in this restaurant"
REV_09165,REV_09165_C03,1.0,Service,Negative,Aspect: Service [SEP] Extremely pathetic of this restaurant as well the delivery boy
REV_09169,REV_09169_C01,1.0,Food,Negative,Aspect: Food [SEP] Pathetic quality of food
REV_09169,REV_09169_C02,1.0,Food,Negative,Aspect: Food [SEP] Waste of money and the chur chur naan I ordered was a disaster
REV_09169,REV_09169_C02,1.0,Price / Value,Negative,Aspect: Price / Value [SEP] Waste of money and the chur chur naan I ordered was a disaster
REV_09169,REV_09169_C04,1.0,General Experience,Negative,Aspect: General Experience [SEP] Horrible
REV_09171,REV_09171_C01,5.0,Food,Positive,Aspect: Food [SEP] Awesome food
REV_09178,REV_09178_C01,2.0,Food,Negative,Aspect: Food [SEP] Roti delivered was very bad and was smelly half cooked
REV_09182,REV_09182_C01,5.0,General Experience,Positive,Aspect: General Experience [SEP] very nice
REV_09183,REV_09183_C01,5.0,General Experience,Positive,Aspect: General Experience [SEP] Good
REV_09188,REV_09188_C01,1.0,General Experience,Negative,Aspect: General Experience [SEP] Worst ever litti choka i had
REV_09188,REV_09188_C02,1.0,General Experience,Negative,Aspect: General Experience [SEP] It was literally stinking
REV_09188,REV_09188_C03,1.0,General Experience,Negative,Aspect: General Experience [SEP] Will never recommend anyone in future
REV_09188,REV_09188_C04,1.0,General Experience,Negative,Aspect: General Experience [SEP] Dont even deserve 1 star
REV_09188,REV_09188_C05,1.0,Food,Negative,Aspect: Food [SEP] Food was not properly cooked and oil used was of very poor quality
REV_09188,REV_09188_C06,1.0,Food,Negative,Aspect: Food [SEP] Will prefer mess food over this
REV_09206,REV_09206_C01,5.0,Service,Positive,Aspect: Service [SEP] very great service
REV_09211,REV_09211_C02,4.0,Food,Positive,"Aspect: Food [SEP] I had visited this place to have bihari,s famous litti chokka along with masala sweet lime soda"
REV_09211,REV_09211_C03,4.0,Food,Positive,Aspect: Food [SEP] The litti chokka is very tasty and tastes same like  which i had eaten when i visited patna
REV_09211,REV_09211_C04,4.0,Ambience,Positive,Aspect: Ambience [SEP] Over all   good place with nice music and very good food
REV_09211,REV_09211_C04,4.0,Food,Positive,Aspect: Food [SEP] Over all   good place with nice music and very good food
REV_09211,REV_09211_C04,4.0,General Experience,Positive,Aspect: General Experience [SEP] Over all   good place with nice music and very good food
REV_09227,REV_09227_C01,4.0,Food,Positive,Aspect: Food [SEP] good taste 👍
REV_09233,REV_09233_C01,1.0,Food,Negative,Aspect: Food [SEP] worst chicken lollipop😡😡😡
REV_09237,REV_09237_C01,1.0,Food,Negative,Aspect: Food [SEP] I have ordered Paya shobha soup the worst ever that i have ever eaten they have added some veg soup and added some pieces of mutton do you ever think this is paya soup anfI doubt they have got the order from some other place
REV_09237,REV_09237_C01,1.0,Service,Negative,Aspect: Service [SEP] I have ordered Paya shobha soup the worst ever that i have ever eaten they have added some veg soup and added some pieces of mutton do you ever think this is paya soup anfI doubt they have got the order from some other place
REV_09249,REV_09249_C02,4.0,Food,Positive,Aspect: Food [SEP] I have been here a few times now and experimented a few great dishes
REV_09249,REV_09249_C03,4.0,Food,Positive,Aspect: Food [SEP] They have great Afghani and arabian food
REV_09249,REV_09249_C04,4.0,Food,Positive,Aspect: Food [SEP] their a little pricy and the chinese food is too spicy
REV_09249,REV_09249_C06,4.0,Food,Positive,Aspect: Food [SEP] avoid the Chinese side of the menu(Unless you are a fan of SPICY food)
REV_09255,REV_09255_C04,5.0,Service,Positive,Aspect: Service [SEP] The staff was very courteous and friendly
REV_09263,REV_09263_C01,1.0,Food,Positive,Aspect: Food [SEP] Probably i am having a bad experience with Hyderabad food these days
REV_09263,REV_09263_C01,1.0,General Experience,Positive,Aspect: General Experience [SEP] Probably i am having a bad experience with Hyderabad food these days
REV_09263,REV_09263_C08,1.0,General Experience,Negative,"Aspect: General Experience [SEP] Above all this, it was slightly over burnt and had no butter"
REV_09268,REV_09268_C02,3.0,Service,Positive,Aspect: Service [SEP] Delivery was quick and packaging was perfect
REV_09268,REV_09268_C03,3.0,Food,Positive,"Aspect: Food [SEP] Chicken biryani was good, rice was flavourful"
REV_09268,REV_09268_C05,3.0,Food,Positive,"Aspect: Food [SEP] Shahi Tukda was good, liked the taste"
REV_09268,REV_09268_C08,3.0,Food,Negative,"Aspect: Food [SEP] Murg Malai Kebab was not good though, the chicken kebab pieces were undercooked"
REV_09268,REV_09268_C09,3.0,Food,Negative,Aspect: Food [SEP] The kebab pieces were raw and chewy
REV_09279,REV_09279_C02,5.0,Food,Positive,Aspect: Food [SEP] Delicious 👌Must visit for hyderabadi cuisines
REV_09279,REV_09279_C02,5.0,General Experience,Positive,Aspect: General Experience [SEP] Delicious 👌Must visit for hyderabadi cuisines
REV_09281,REV_09281_C04,5.0,Food,Positive,Aspect: Food [SEP] Gets you in the true feel of trying mouth watering Hyderabadi cuisine
REV_09299,REV_09299_C02,4.0,Ambience,Positive,Aspect: Ambience [SEP] The ambience was nice and looked like a good restaurant
REV_09299,REV_09299_C02,4.0,General Experience,Positive,Aspect: General Experience [SEP] The ambience was nice and looked like a good restaurant
REV_09299,REV_09299_C05,4.0,Food,Positive,Aspect: Food [SEP] The taste was awesome and chicken was properly tandoored
REV_09299,REV_09299_C07,4.0,Food,Positive,"Aspect: Food [SEP] Murg tikka was awesome, it was not too spicy nor too blunt, it was perfect gravy with boneless chicken"
REV_09299,REV_09299_C08,4.0,Food,Negative,Aspect: Food [SEP] Only word of advice for the management is PLEASE STOP APPLYING GST ON PRODUCTS SOLD AT MRP SUCH AS COLD DRINKS AND WATER BOTTLES
REV_09299,REV_09299_C08,4.0,Service,Negative,Aspect: Service [SEP] Only word of advice for the management is PLEASE STOP APPLYING GST ON PRODUCTS SOLD AT MRP SUCH AS COLD DRINKS AND WATER BOTTLES
REV_09299,REV_09299_C10,4.0,Food,Positive,Aspect: Food [SEP] Food:5/5
REV_09299,REV_09299_C11,4.0,Ambience,Positive,Aspect: Ambience [SEP] Ambience:4/5
REV_09299,REV_09299_C14,4.0,Price / Value,Positive,Aspect: Price / Value [SEP] Value for money:3.5/5
REV_09301,REV_09301_C01,5.0,Ambience,Positive,Aspect: Ambience [SEP] Good Food and Great Ambience
REV_09301,REV_09301_C01,5.0,Food,Positive,Aspect: Food [SEP] Good Food and Great Ambience
REV_09313,REV_09313_C01,1.0,Food,Positive,"Aspect: Food [SEP] Food doesn't taste good , zomato delivers spoiled food and they take days long to resolve it"
REV_09321,REV_09321_C01,5.0,Food,Positive,"Aspect: Food [SEP] Murgh mussalam was too delicious,even desserts were worth having"
REV_09321,REV_09321_C01,5.0,Price / Value,Positive,"Aspect: Price / Value [SEP] Murgh mussalam was too delicious,even desserts were worth having"
REV_09321,REV_09321_C02,5.0,General Experience,Positive,Aspect: General Experience [SEP] Overall had a good experience having dinner there
REV_09325,REV_09325_C01,5.0,Ambience,Positive,Aspect: Ambience [SEP] This place is classy with nice interior
REV_09325,REV_09325_C05,5.0,Service,Positive,Aspect: Service [SEP] Keep up the good serve
REV_09332,REV_09332_C03,4.0,Ambience,Positive,Aspect: Ambience [SEP] A quick confirmation via Zomato led to happy welcome as we enjoyed the ambiance and amazing hospitality by the courteous staff
REV_09332,REV_09332_C03,4.0,Service,Positive,Aspect: Service [SEP] A quick confirmation via Zomato led to happy welcome as we enjoyed the ambiance and amazing hospitality by the courteous staff
REV_09332,REV_09332_C08,4.0,Food,Positive,Aspect: Food [SEP] Pathar-Gosht was mouth watering as the aroma of the spices was blended perfectly and not to forget the accurate chunk sized that melted right away in the mouth
REV_09332,REV_09332_C12,4.0,Service,Positive,Aspect: Service [SEP] Prompt service by the staff ensured we had them served on our plats without much waiting time
REV_09332,REV_09332_C13,4.0,Food,Positive,Aspect: Food [SEP] Taste was good as they took care that the Biryani don't fry away our taste buds or bring tears down eye
REV_09332,REV_09332_C14,4.0,Food,Positive,Aspect: Food [SEP] Happy to have tasted an amazing blend of aroma and well coked mutton n chicken pieces
REV_09332,REV_09332_C18,4.0,General Experience,Positive,Aspect: General Experience [SEP] Amazing
REV_09332,REV_09332_C22,4.0,Ambience,Positive,Aspect: Ambience [SEP] My View: An amazing yet serene restaurant to visit with Family and friends
REV_09332,REV_09332_C24,4.0,General Experience,Positive,Aspect: General Experience [SEP] When in Daawat- don't forget to try their Pathar-Gosht and not to forget the Amazing Raan they boast of being their super speciality
REV_09334,REV_09334_C01,2.0,Ambience,Positive,Aspect: Ambience [SEP] the restaurant ambiance was really spacious and cozy
REV_09334,REV_09334_C02,2.0,Food,Positive,Aspect: Food [SEP] But the food was not so good
REV_09334,REV_09334_C03,2.0,Food,Positive,"Aspect: Food [SEP] the starter veg kabab platter, the paneer was really hard only the aloo was good"
REV_09334,REV_09334_C06,2.0,General Experience,Positive,Aspect: General Experience [SEP] not so good to
REV_09334,REV_09334_C07,2.0,Service,Positive,Aspect: Service [SEP] the service was good
REV_09334,REV_09334_C08,2.0,Food,Positive,Aspect: Food [SEP] i forgot to mention the mocktails that were mojito and ginger peach they were a bit to sweet
REV_09336,REV_09336_C01,5.0,General Experience,Positive,"Aspect: General Experience [SEP] My husband and I, visited Zega for their dimsum festival and we were not disappointed"
REV_09336,REV_09336_C02,5.0,Food,Positive,"Aspect: Food [SEP] The service started with a delicious bowl of thukpa, which had a perfect blend of spice"
REV_09336,REV_09336_C02,5.0,Service,Positive,"Aspect: Service [SEP] The service started with a delicious bowl of thukpa, which had a perfect blend of spice"
REV_09336,REV_09336_C03,5.0,Food,Positive,"Aspect: Food [SEP] Followed by an array of dimsums, each being delicious and warm"
REV_09336,REV_09336_C06,5.0,Food,Positive,Aspect: Food [SEP] The dimsums (which we were full after) were followed by the main course which included fried rice/soft noodle with chicken and fish(we did not try the vegetarian dishes)
REV_09336,REV_09336_C10,5.0,Food,Positive,Aspect: Food [SEP] Delicious
REV_09336,REV_09336_C13,5.0,Ambience,Positive,Aspect: Ambience [SEP] Ambience-5/5
REV_09336,REV_09336_C15,5.0,Price / Value,Positive,Aspect: Price / Value [SEP] Value for money-5/5(surprisingly)
REV_09336,REV_09336_C16,5.0,Service,Positive,Aspect: Service [SEP] Service-4.5/5
REV_09336,REV_09336_C17,5.0,General Experience,Positive,Aspect: General Experience [SEP] Will I visit again
REV_09340,REV_09340_C01,2.0,Ambience,Neutral,"Aspect: Ambience [SEP] It's been a very long desire to taste the pan Asian food at Zega, very beautiful place with a spectacular view from the outlet, well balanced ambience with nice live kitchen and interactive bar, coming to the service its seems very low manned for every order we have to stand up and request someone to attend for our request, taste of the food was just ok, need to relook into the clasic dishes, over all it was a very average dining experience at zega"
REV_09340,REV_09340_C01,2.0,Food,Neutral,"Aspect: Food [SEP] It's been a very long desire to taste the pan Asian food at Zega, very beautiful place with a spectacular view from the outlet, well balanced ambience with nice live kitchen and interactive bar, coming to the service its seems very low manned for every order we have to stand up and request someone to attend for our request, taste of the food was just ok, need to relook into the clasic dishes, over all it was a very average dining experience at zega"
REV_09340,REV_09340_C01,2.0,General Experience,Neutral,"Aspect: General Experience [SEP] It's been a very long desire to taste the pan Asian food at Zega, very beautiful place with a spectacular view from the outlet, well balanced ambience with nice live kitchen and interactive bar, coming to the service its seems very low manned for every order we have to stand up and request someone to attend for our request, taste of the food was just ok, need to relook into the clasic dishes, over all it was a very average dining experience at zega"
REV_09340,REV_09340_C01,2.0,Service,Neutral,"Aspect: Service [SEP] It's been a very long desire to taste the pan Asian food at Zega, very beautiful place with a spectacular view from the outlet, well balanced ambience with nice live kitchen and interactive bar, coming to the service its seems very low manned for every order we have to stand up and request someone to attend for our request, taste of the food was just ok, need to relook into the clasic dishes, over all it was a very average dining experience at zega"
REV_09346,REV_09346_C07,4.0,Food,Positive,"Aspect: Food [SEP] Food order was two varieties of veg sushis (the crispy one was very well made), soft noodles"
REV_09346,REV_09346_C07,4.0,Service,Positive,"Aspect: Service [SEP] Food order was two varieties of veg sushis (the crispy one was very well made), soft noodles"
REV_09346,REV_09346_C08,4.0,Food,Positive,"Aspect: Food [SEP] and a coconut based Thai curry (which was neither too sweet nor heavy on the stomach, very well made overall)"
REV_09346,REV_09346_C10,4.0,General Experience,Positive,"Aspect: General Experience [SEP] Overall, worth visiting"
REV_09346,REV_09346_C10,4.0,Price / Value,Positive,"Aspect: Price / Value [SEP] Overall, worth visiting"
REV_09348,REV_09348_C02,5.0,Ambience,Positive,Aspect: Ambience [SEP] My frnds to go to Sheraton gachubowli and party all night ambience is gud all the staff and bartenders are respectful and polite and it’s my regular hangout location with my frnds
REV_09348,REV_09348_C02,5.0,Service,Positive,Aspect: Service [SEP] My frnds to go to Sheraton gachubowli and party all night ambience is gud all the staff and bartenders are respectful and polite and it’s my regular hangout location with my frnds
REV_09354,REV_09354_C01,5.0,Ambience,Positive,Aspect: Ambience [SEP] Amazing place with access to the terrace for a great view
REV_09354,REV_09354_C01,5.0,General Experience,Positive,Aspect: General Experience [SEP] Amazing place with access to the terrace for a great view
REV_09354,REV_09354_C03,5.0,Service,Positive,Aspect: Service [SEP] Wait staff is friendly and polite
REV_09354,REV_09354_C05,5.0,General Experience,Positive,Aspect: General Experience [SEP] A must visit place
REV_09358,REV_09358_C02,5.0,Food,Positive,"Aspect: Food [SEP] Every item we ordered was excellent and the stir fried prawns in Chef’s special sauce, in particular, deserves a special mention"
REV_09358,REV_09358_C04,5.0,Service,Positive,Aspect: Service [SEP] Their dedication towards customer service is truly remarkable and praiseworthy
REV_09362,REV_09362_C05,5.0,Food,Positive,Aspect: Food [SEP] Best hot and sour soup on par with any Chinatown joint across the world
REV_09362,REV_09362_C07,5.0,General Experience,Positive,Aspect: General Experience [SEP] Gyoza is good
REV_09362,REV_09362_C08,5.0,Service,Positive,Aspect: Service [SEP] Heck everything they served was good on my second visit
REV_09362,REV_09362_C09,5.0,Food,Positive,Aspect: Food [SEP] Special shoutout to the lady who mixes the drinks
REV_09362,REV_09362_C17,5.0,Price / Value,Positive,Aspect: Price / Value [SEP] Cost is very reasonable for the place which is a very pleasant surprise
REV_09367,REV_09367_C03,5.0,Ambience,Positive,"Aspect: Ambience [SEP] must visit for foodies , loads of varieties and spoilt for choices , great ambience and food served with loads of Love"
REV_09367,REV_09367_C03,5.0,Food,Positive,"Aspect: Food [SEP] must visit for foodies , loads of varieties and spoilt for choices , great ambience and food served with loads of Love"
REV_09367,REV_09367_C03,5.0,General Experience,Positive,"Aspect: General Experience [SEP] must visit for foodies , loads of varieties and spoilt for choices , great ambience and food served with loads of Love"
REV_09367,REV_09367_C03,5.0,Service,Positive,"Aspect: Service [SEP] must visit for foodies , loads of varieties and spoilt for choices , great ambience and food served with loads of Love"
REV_09376,REV_09376_C01,5.0,General Experience,Positive,"Aspect: General Experience [SEP] It’s been 6 months coming to this place, I loved this place every time I visited, I really need to appreciate to Rubina giving excellent drinks, I visited many places I places in all over the India this is the wonderful places"
REV_09376,REV_09376_C03,5.0,Food,Positive,Aspect: Food [SEP] We love the sauté veg by chef Mohit
REV_09376,REV_09376_C07,5.0,General Experience,Positive,Aspect: General Experience [SEP] Good place to hangout
REV_09380,REV_09380_C01,5.0,Food,Positive,Aspect: Food [SEP] Amazing place the food was amazing loved it
REV_09380,REV_09380_C01,5.0,General Experience,Positive,Aspect: General Experience [SEP] Amazing place the food was amazing loved it
REV_09380,REV_09380_C02,5.0,Food,Positive,Aspect: Food [SEP] the bartender sai was amazing loved his service and very lively the food was amazing
REV_09380,REV_09380_C02,5.0,Service,Positive,Aspect: Service [SEP] the bartender sai was amazing loved his service and very lively the food was amazing
REV_09380,REV_09380_C03,5.0,Food,Positive,Aspect: Food [SEP] Food:4/5
REV_09380,REV_09380_C04,5.0,Service,Positive,Aspect: Service [SEP] Service:5/5
REV_09380,REV_09380_C05,5.0,Ambience,Positive,Aspect: Ambience [SEP] Ambience:4/5
REV_09380,REV_09380_C06,5.0,General Experience,Negative,Aspect: General Experience [SEP] All in all amazing place a lil expensive compared to the other places
REV_09380,REV_09380_C06,5.0,Price / Value,Negative,Aspect: Price / Value [SEP] All in all amazing place a lil expensive compared to the other places
REV_09380,REV_09380_C07,5.0,General Experience,Positive,Aspect: General Experience [SEP] an amazing place
REV_09383,REV_09383_C01,5.0,General Experience,Positive,Aspect: General Experience [SEP] “A good place to have a leisurely time with friends and families
REV_09383,REV_09383_C03,5.0,Service,Positive,Aspect: Service [SEP] Service was polite and friendly mannered
REV_09383,REV_09383_C04,5.0,Service,Positive,Aspect: Service [SEP] The grilled lamb chops are really awesome and excellent service done by Rubina
REV_09383,REV_09383_C05,5.0,General Experience,Positive,Aspect: General Experience [SEP] It’s a really amazing place and highly recommend.👍🏻
REV_09401,REV_09401_C01,5.0,Ambience,Positive,"Aspect: Ambience [SEP] zega is a good place with crazy music perfect place for late night party with friends, good ambience"
REV_09401,REV_09401_C01,5.0,General Experience,Positive,"Aspect: General Experience [SEP] zega is a good place with crazy music perfect place for late night party with friends, good ambience"
REV_09401,REV_09401_C02,5.0,Food,Positive,Aspect: Food [SEP] food was good
REV_09401,REV_09401_C03,5.0,Ambience,Positive,"Aspect: Ambience [SEP] the staff was very nice and warm welcome by Barnali, I mostly liked the rooftop view"
REV_09401,REV_09401_C03,5.0,Service,Positive,"Aspect: Service [SEP] the staff was very nice and warm welcome by Barnali, I mostly liked the rooftop view"
REV_09432,REV_09432_C01,5.0,Ambience,Positive,Aspect: Ambience [SEP] Beautiful place to hangout with friends and best thing about this place is amazing food and their great service and killer view from roof top
REV_09432,REV_09432_C01,5.0,Food,Positive,Aspect: Food [SEP] Beautiful place to hangout with friends and best thing about this place is amazing food and their great service and killer view from roof top
REV_09432,REV_09432_C01,5.0,Service,Positive,Aspect: Service [SEP] Beautiful place to hangout with friends and best thing about this place is amazing food and their great service and killer view from roof top
REV_09441,REV_09441_C02,4.0,Food,Positive,"Aspect: Food [SEP] I really like the quality and quantity that they give in one serving along with the curd, green chutney and pickle and a small butter"
REV_09441,REV_09441_C04,4.0,General Experience,Positive,Aspect: General Experience [SEP] If you are craving for some home style paratas this is a really good place
REV_09455,REV_09455_C01,5.0,Food,Positive,Aspect: Food [SEP] delicious as always
REV_09463,REV_09463_C01,5.0,General Experience,Positive,Aspect: General Experience [SEP] This has become a favourite place to have parathas
REV_09463,REV_09463_C02,5.0,Food,Positive,Aspect: Food [SEP] they serve an Excellent quality with ample quantity of food
REV_09463,REV_09463_C02,5.0,Service,Positive,Aspect: Service [SEP] they serve an Excellent quality with ample quantity of food
REV_09463,REV_09463_C06,5.0,Food,Positive,Aspect: Food [SEP] Packing was perfect and it reached my home hot and fresh
REV_09463,REV_09463_C08,5.0,Service,Positive,Aspect: Service [SEP] Even the green chutney they serve with this was awesome
REV_09463,REV_09463_C09,5.0,General Experience,Negative,Aspect: General Experience [SEP] Those who have complained about less stuffing inside paratha should definitely try this
REV_09463,REV_09463_C10,5.0,General Experience,Positive,"Aspect: General Experience [SEP] For sure, You will not be disappointed"
REV_09468,REV_09468_C01,4.0,General Experience,Positive,Aspect: General Experience [SEP] I had heard a lot about this place and their amazing paranthas so i decided to try myself
REV_09468,REV_09468_C03,4.0,Food,Positive,Aspect: Food [SEP] I loved the food packaging
REV_09468,REV_09468_C05,4.0,Food,Positive,"Aspect: Food [SEP] Coming over to the taste, I would say i loved it"
REV_09468,REV_09468_C07,4.0,Food,Positive,Aspect: Food [SEP] The corn cheese parantha was good too
REV_09468,REV_09468_C10,4.0,General Experience,Positive,Aspect: General Experience [SEP] But I would love to try other paranthas by triptify and wpuld definitely recommend others to try this place
REV_09479,REV_09479_C01,4.0,Ambience,Positive,"Aspect: Ambience [SEP] One of my regular food ordering place and added advantage, fast delivery cause nearby location"
REV_09479,REV_09479_C01,4.0,Food,Positive,"Aspect: Food [SEP] One of my regular food ordering place and added advantage, fast delivery cause nearby location"
REV_09479,REV_09479_C01,4.0,Service,Positive,"Aspect: Service [SEP] One of my regular food ordering place and added advantage, fast delivery cause nearby location"
REV_09479,REV_09479_C04,4.0,Food,Positive,Aspect: Food [SEP] Would recommend this place if you wanna try delicious parathas
REV_09479,REV_09479_C04,4.0,General Experience,Positive,Aspect: General Experience [SEP] Would recommend this place if you wanna try delicious parathas
REV_09481,REV_09481_C01,5.0,General Experience,Positive,Aspect: General Experience [SEP] very nice
REV_09501,REV_09501_C01,5.0,Food,Positive,Aspect: Food [SEP] properly packed yummy food
REV_09518,REV_09518_C01,5.0,General Experience,Positive,Aspect: General Experience [SEP] Good
REV_09520,REV_09520_C04,5.0,Food,Positive,Aspect: Food [SEP] it's fantastic and loved the quality of the food
REV_09526,REV_09526_C01,5.0,Food,Positive,Aspect: Food [SEP] Food was awesome
REV_09530,REV_09530_C01,5.0,Food,Positive,Aspect: Food [SEP] Very good food
REV_09534,REV_09534_C02,5.0,Food,Positive,Aspect: Food [SEP] They have amazing and delicious Chinese food for starters as well as main course
REV_09534,REV_09534_C03,5.0,Service,Positive,Aspect: Service [SEP] Service is good and the people are polite
REV_09534,REV_09534_C04,5.0,Food,Positive,Aspect: Food [SEP] Quality and quantity both were up to the mark
REV_09534,REV_09534_C05,5.0,General Experience,Positive,Aspect: General Experience [SEP] A must visit
REV_09538,REV_09538_C01,4.0,General Experience,Positive,Aspect: General Experience [SEP] It's an good place to try out casual chinese dining
REV_09538,REV_09538_C04,4.0,Food,Positive,Aspect: Food [SEP] Other things in the menu was good too
REV_09538,REV_09538_C05,4.0,General Experience,Neutral,Aspect: General Experience [SEP] could be better
REV_09538,REV_09538_C06,4.0,Food,Positive,Aspect: Food [SEP] Service was fast and the place is quite peaceful to enjoy a meal
REV_09538,REV_09538_C06,4.0,Service,Positive,Aspect: Service [SEP] Service was fast and the place is quite peaceful to enjoy a meal
REV_09552,REV_09552_C01,5.0,Food,Positive,Aspect: Food [SEP] The food is delicious
REV_09552,REV_09552_C02,5.0,Service,Positive,Aspect: Service [SEP] Service is excellent
REV_09552,REV_09552_C04,5.0,General Experience,Positive,Aspect: General Experience [SEP] My favorite Chinese place at Gachibowli
REV_09556,REV_09556_C02,3.0,Ambience,Negative,"Aspect: Ambience [SEP] Nice ambience, less crowded & peaceful environment"
REV_09556,REV_09556_C04,3.0,Food,Negative,"Aspect: Food [SEP] Coming to food as we have kid with us, so the dishes we ordered were of less Spice"
REV_09556,REV_09556_C08,3.0,Food,Negative,"Aspect: Food [SEP] Honey potato was too much on sweeter side than it should be & Babycorn starter has no taste (No salt, No spice)"
REV_09556,REV_09556_C09,3.0,Food,Positive,Aspect: Food [SEP] But again Main course specially Egg fried rice was very nice & tasty (could have ordered a bit more spicy one
REV_09556,REV_09556_C12,3.0,General Experience,Positive,Aspect: General Experience [SEP] Over all good experience
REV_09556,REV_09556_C13,3.0,Food,Negative,Aspect: Food [SEP] but spicy levels are far less :)
REV_09556,REV_09556_C24,3.0,Food,Positive,Aspect: Food [SEP] Tip: Do check for spicy levels before ordering
REV_09565,REV_09565_C02,4.0,General Experience,Positive,Aspect: General Experience [SEP] I absolutely love this place
REV_09565,REV_09565_C03,4.0,Food,Positive,Aspect: Food [SEP] all dishes are awesome
REV_09565,REV_09565_C05,4.0,Service,Positive,Aspect: Service [SEP] Staff is very courteous and knowledgable
REV_09565,REV_09565_C06,4.0,Food,Positive,Aspect: Food [SEP] They will advise you on the quantity correctly
REV_09565,REV_09565_C08,4.0,Ambience,Positive,Aspect: Ambience [SEP] Ambience is also very nice
REV_09565,REV_09565_C09,4.0,Price / Value,Negative,Aspect: Price / Value [SEP] Prices are a bit on the higher side
REV_09576,REV_09576_C01,1.0,Food,Positive,Aspect: Food [SEP] I have been to this place on a sunday with my friends thinking I can have a good meal and spend time with friends
REV_09576,REV_09576_C04,1.0,Food,Positive,Aspect: Food [SEP] The food tasted good
REV_09578,REV_09578_C06,3.0,Food,Positive,Aspect: Food [SEP] Overall it was good to taste in winter evening
REV_09581,REV_09581_C03,2.5,Ambience,Positive,"Aspect: Ambience [SEP] The place is not bad, easy to find, valet and comfortable seating"
REV_09581,REV_09581_C04,2.5,Service,Positive,Aspect: Service [SEP] Service was decent as well
REV_09581,REV_09581_C05,2.5,Food,Neutral,"Aspect: Food [SEP] Food was outrageous, the order was chicken corn & manchow soups which were ok, Prawns and teriyaki chicken which were decent"
REV_09581,REV_09581_C05,2.5,Service,Neutral,"Aspect: Service [SEP] Food was outrageous, the order was chicken corn & manchow soups which were ok, Prawns and teriyaki chicken which were decent"
REV_09581,REV_09581_C08,2.5,Food,Negative,"Aspect: Food [SEP] Baby corn, Brocolli appeared stale and they got a WIERD mushroom"
REV_09581,REV_09581_C11,2.5,General Experience,Negative,Aspect: General Experience [SEP] this was something terrible
REV_09596,REV_09596_C01,4.0,Ambience,Positive,Aspect: Ambience [SEP] Really loved the ambience
REV_09596,REV_09596_C02,4.0,Service,Positive,Aspect: Service [SEP] Staff was very polite
REV_09596,REV_09596_C03,4.0,Food,Positive,Aspect: Food [SEP] Very delicious food served quickly
REV_09596,REV_09596_C03,4.0,Service,Positive,Aspect: Service [SEP] Very delicious food served quickly
REV_09596,REV_09596_C05,4.0,Price / Value,Negative,Aspect: Price / Value [SEP] But very expensive when compared to other restaurants
REV_09598,REV_09598_C01,4.0,Ambience,Positive,Aspect: Ambience [SEP] Good ambience and presentation
REV_09598,REV_09598_C07,4.0,General Experience,Positive,Aspect: General Experience [SEP] Which was a good gesture
REV_09610,REV_09610_C05,4.0,Service,Positive,Aspect: Service [SEP] Staff is courteous
REV_09610,REV_09610_C07,4.0,General Experience,Positive,Aspect: General Experience [SEP] Good option instead of buffets
REV_09610,REV_09610_C08,4.0,General Experience,Positive,Aspect: General Experience [SEP] Every item in the platter is good
REV_09618,REV_09618_C03,4.5,Food,Positive,Aspect: Food [SEP] Every item in the menu is delicious and distinct
REV_09618,REV_09618_C04,4.5,Food,Positive,"Aspect: Food [SEP] The soups, chicken in banana leaves, bamboo rice, veggies with water chestnuts and so much more to love"
REV_09622,REV_09622_C02,3.0,General Experience,Positive,Aspect: General Experience [SEP] Cant say it is bad cant say it is good
REV_09622,REV_09622_C07,3.0,Food,Positive,Aspect: Food [SEP] Another chicken starter it is good
REV_09622,REV_09622_C10,3.0,Food,Positive,Aspect: Food [SEP] Veg noodles is good
