assertion_id,review_id,clause_id,original_row_id,clause_text,original_aspect,original_annotation_status,original_sentiment,corrected_aspect,corrected_annotation_status,corrected_sentiment,action,reason,confidence
REV_00641_C02_A01,REV_00641,REV_00641_C02,640,Good packing,,No Aspect Opinion,Positive,Service,Annotated,Positive,changed,Restored omitted aspect 'Service' and Annotated status for evaluative assertion with existing sentiment 'Positive',high
REV_00822_C07_A01,REV_00822,REV_00822_C07,821,they wouldn't take it back,,No Aspect Opinion,Negative,Service,Annotated,Negative,changed,Restored omitted aspect 'Service' and Annotated status for evaluative assertion with existing sentiment 'Negative',high
REV_00926_C02_A01,REV_00926,REV_00926_C02,925,Always up to my expectations,,No Aspect Opinion,Positive,General Experience,Annotated,Positive,changed,Restored omitted aspect 'General Experience' and Annotated status for evaluative assertion with existing sentiment 'Positive',high
REV_01074_C05_A01,REV_01074,REV_01074_C05,1073,Has never disappointed,,No Aspect Opinion,,General Experience,Annotated,Positive,changed,Reclassified 'No Aspect Opinion' to 'General Experience' with 'Positive' sentiment based on explicit evaluative opinion in text,high
REV_01284_C03_A01,REV_01284,REV_01284_C03,1283,What a disappointment it was,,No Aspect Opinion,Negative,General Experience,Annotated,Negative,changed,Restored omitted aspect 'General Experience' and Annotated status for evaluative assertion with existing sentiment 'Negative',high
REV_01427_C04_A01,REV_01427,REV_01427_C04,1426,Great job,,No Aspect Opinion,Positive,General Experience,Annotated,Positive,changed,Restored omitted aspect 'General Experience' and Annotated status for evaluative assertion with existing sentiment 'Positive',high
REV_01427_C05_A01,REV_01427,REV_01427_C05,1426,Keep it up,,No Aspect Opinion,Positive,General Experience,Annotated,Positive,changed,Restored omitted aspect 'General Experience' and Annotated status for evaluative assertion with existing sentiment 'Positive',high
REV_01651_C05_A01,REV_01651,REV_01651_C05,1650,Best part is that it will not hurt your wallet badly if you compare with Dhaba etd 1956 or other so called north indian restaurant,,No Aspect Opinion,,Price / Value,Annotated,Positive,changed,Reclassified 'No Aspect Opinion' to 'Price / Value' with 'Positive' sentiment based on explicit evaluative opinion in text,high
REV_02132_C17_A01,REV_02132,REV_02132_C17,2131,Main course is also pretty below average,,No Aspect Opinion,Negative,Food,Annotated,Negative,changed,Restored omitted aspect 'Food' and Annotated status for evaluative assertion with existing sentiment 'Negative',high
REV_02328_C12_A01,REV_02328,REV_02328_C12,2327,I wouldn't suggest a visit to this place if you are not ok with this kind of treatment,,No Aspect Opinion,Negative,General Experience,Annotated,Negative,changed,Restored omitted aspect 'General Experience' and Annotated status for evaluative assertion with existing sentiment 'Negative',high
REV_02529_C05_A01,REV_02529,REV_02529_C05,2528,Dj was veryyyy bad,,No Aspect Opinion,Negative,Ambience,Annotated,Negative,changed,Restored omitted aspect 'Ambience' and Annotated status for evaluative assertion with existing sentiment 'Negative',high
REV_02819_C07_A01,REV_02819,REV_02819_C07,2818,was good,,No Aspect Opinion,Positive,General Experience,Annotated,Positive,changed,Restored omitted aspect 'General Experience' and Annotated status for evaluative assertion with existing sentiment 'Positive',high
REV_02819_C08_A01,REV_02819,REV_02819_C08,2818,"If few more pieces of meat were added, it would have been great",,No Aspect Opinion,Positive,General Experience,Annotated,Positive,changed,Restored omitted aspect 'General Experience' and Annotated status for evaluative assertion with existing sentiment 'Positive',high
REV_02912_C10_A01,REV_02912,REV_02912_C10,2911,The maggi was somewhat soggy and some what semi gravyish which I am not that big a fan of,,No Aspect Opinion,,Food,Annotated,Negative,changed,Reclassified 'No Aspect Opinion' to 'Food' with 'Negative' sentiment based on explicit evaluative opinion in text,high
REV_03067_C07_A01,REV_03067,REV_03067_C07,3066,Ambience was ok,,No Aspect Opinion,,Ambience,Annotated,Neutral,changed,Reclassified 'No Aspect Opinion' to 'Ambience' with 'Neutral' sentiment based on explicit evaluative opinion in text,high
REV_03108_C23_A01,REV_03108,REV_03108_C23,3107,The Rice was passable and the Biriyani was fully mixed,,No Aspect Opinion,,Food,Annotated,Neutral,changed,Reclassified 'No Aspect Opinion' to 'Food' with 'Neutral' sentiment based on explicit evaluative opinion in text,high
REV_03108_C35_A01,REV_03108,REV_03108_C35,3107,People will go there by the name and feel bad,,No Aspect Opinion,Negative,Food,Annotated,Negative,changed,Restored omitted aspect 'Food' and Annotated status for evaluative assertion with existing sentiment 'Negative',high
REV_03272_C07_A01,REV_03272,REV_03272_C07,3271,Just loud,,No Aspect Opinion,,Ambience,Annotated,Negative,changed,Reclassified 'No Aspect Opinion' to 'Ambience' with 'Negative' sentiment based on explicit evaluative opinion in text,high
REV_03420_C03_A01,REV_03420,REV_03420_C03,3419,"Evenings here are absolutely beautiful, sunrises and sunsets are magical",,No Aspect Opinion,,Ambience,Annotated,Positive,changed,Reclassified 'No Aspect Opinion' to 'Ambience' with 'Positive' sentiment based on explicit evaluative opinion in text,high
REV_03420_C09_A01,REV_03420,REV_03420_C09,3419,It's decent,,No Aspect Opinion,Positive,Food,Annotated,Positive,changed,Restored omitted aspect 'Food' and Annotated status for evaluative assertion with existing sentiment 'Positive',high
REV_03965_C10_A01,REV_03965,REV_03965_C10,3964,I have been to pizza events where the restaurants where claiming that it's the best pizza in town or money back,,No Aspect Opinion,,Food,Annotated,Positive,changed,Reclassified 'No Aspect Opinion' to 'Food' with 'Positive' sentiment based on explicit evaluative opinion in text,high
REV_03965_C11_A01,REV_03965,REV_03965_C11,3964,Tough I did claim the money back as I feel the best pizza in town is what you get here,,No Aspect Opinion,,Food,Annotated,Positive,changed,Reclassified 'No Aspect Opinion' to 'Food' with 'Positive' sentiment based on explicit evaluative opinion in text,high
REV_04235_C01_A01,REV_04235,REV_04235_C01,4234,Loved it,,No Aspect Opinion,Positive,General Experience,Annotated,Positive,changed,Restored omitted aspect 'General Experience' and Annotated status for evaluative assertion with existing sentiment 'Positive',high
REV_04412_C07_A01,REV_04412,REV_04412_C07,4411,Rolls should be crispy with stuff not coming out,,No Aspect Opinion,,Food,Annotated,Positive,changed,Reclassified 'No Aspect Opinion' to 'Food' with 'Positive' sentiment based on explicit evaluative opinion in text,high
REV_05070_C28_A01,REV_05070,REV_05070_C28,5069,Crispy veg and corn 65 were other vegetarian starters which we had,,No Aspect Opinion,,Food,Annotated,Positive,changed,Reclassified 'No Aspect Opinion' to 'Food' with 'Positive' sentiment based on explicit evaluative opinion in text,high
REV_05070_C29_A01,REV_05070,REV_05070_C29,5069,They also were good,,No Aspect Opinion,Positive,General Experience,Annotated,Positive,changed,Restored omitted aspect 'General Experience' and Annotated status for evaluative assertion with existing sentiment 'Positive',high
REV_05070_C30_A01,REV_05070,REV_05070_C30,5069,not that great,,No Aspect Opinion,Positive,General Experience,Annotated,Positive,changed,Restored omitted aspect 'General Experience' and Annotated status for evaluative assertion with existing sentiment 'Positive',high
REV_05948_C21_A01,REV_05948,REV_05948_C21,5947,and did a decent enough job,,No Aspect Opinion,Positive,Food,Annotated,Positive,changed,Restored omitted aspect 'Food' and Annotated status for evaluative assertion with existing sentiment 'Positive',high
REV_05948_C42_A01,REV_05948,REV_05948_C42,5947,I didn't find the Indian mains anything great,,No Aspect Opinion,Positive,General Experience,Annotated,Positive,changed,Restored omitted aspect 'General Experience' and Annotated status for evaluative assertion with existing sentiment 'Positive',high
REV_05948_C48_A01,REV_05948,REV_05948_C48,5947,but it wasn't great either,,No Aspect Opinion,Negative,Food,Annotated,Negative,changed,Restored omitted aspect 'Food' and Annotated status for evaluative assertion with existing sentiment 'Negative',high
REV_06442_C02_A01,REV_06442,REV_06442_C02,6441,Reason for giving 3* is due to veg curries which were told be good by my vegan friends,,No Aspect Opinion,Positive,Food,Annotated,Positive,changed,Restored omitted aspect 'Food' and Annotated status for evaluative assertion with existing sentiment 'Positive',high
REV_06442_C03_A01,REV_06442,REV_06442_C03,6441,"But, we, non-veg guys were totally disappointed for non-veg curries",,No Aspect Opinion,Negative,Food,Annotated,Negative,changed,Restored omitted aspect 'Food' and Annotated status for evaluative assertion with existing sentiment 'Negative',high
REV_06442_C07_A01,REV_06442,REV_06442_C07,6441,Butter rotis were thicker than it usually has to be,,No Aspect Opinion,Negative,Food,Annotated,Negative,changed,Restored omitted aspect 'Food' and Annotated status for evaluative assertion with existing sentiment 'Negative',high
REV_06572_C02_A01,REV_06572,REV_06572_C02,6571,Sonalin Priyadarshini has very good voice,,No Aspect Opinion,Positive,General Experience,Annotated,Positive,changed,Restored omitted aspect 'General Experience' and Annotated status for evaluative assertion with existing sentiment 'Positive',high
REV_06813_C11_A01,REV_06813,REV_06813_C11,6812,Wasabi needs to be more like the real wasabi,,No Aspect Opinion,Positive,Food,Annotated,Positive,changed,Restored omitted aspect 'Food' and Annotated status for evaluative assertion with existing sentiment 'Positive',high
REV_06813_C14_A01,REV_06813,REV_06813_C14,6812,And you had to ask for the wasabi as well,,No Aspect Opinion,Positive,Service,Annotated,Positive,changed,Restored omitted aspect 'Service' and Annotated status for evaluative assertion with existing sentiment 'Positive',high
REV_06898_C14_A01,REV_06898,REV_06898_C14,6897,Very intriguing,,No Aspect Opinion,Positive,General Experience,Annotated,Positive,changed,Restored omitted aspect 'General Experience' and Annotated status for evaluative assertion with existing sentiment 'Positive',high
REV_06898_C19_A01,REV_06898,REV_06898_C19,6897,"Not talking about Dialogue in the dark here, hehe)",,No Aspect Opinion,,Ambience,Annotated,Negative,changed,Reclassified 'No Aspect Opinion' to 'Ambience' with 'Negative' sentiment based on explicit evaluative opinion in text,high
REV_07478_C04_A01,REV_07478,REV_07478_C04,7477,"Simply supebb, arrangement is very nice",,No Aspect Opinion,Positive,General Experience,Annotated,Positive,changed,Restored omitted aspect 'General Experience' and Annotated status for evaluative assertion with existing sentiment 'Positive',high
REV_07733_C01_A01,REV_07733,REV_07733_C01,7732,gajar halwa was bad,,No Aspect Opinion,Negative,Food,Annotated,Negative,changed,Restored omitted aspect 'Food' and Annotated status for evaluative assertion with existing sentiment 'Negative',high
REV_08066_C06_A01,REV_08066,REV_08066_C06,8065,"The galaxy one of too much for one, it is that filling",,No Aspect Opinion,Positive,Food,Annotated,Positive,changed,Restored omitted aspect 'Food' and Annotated status for evaluative assertion with existing sentiment 'Positive',high
REV_08066_C09_A01,REV_08066,REV_08066_C09,8065,The packaging was good and simple,,No Aspect Opinion,Positive,Service,Annotated,Positive,changed,Restored omitted aspect 'Service' and Annotated status for evaluative assertion with existing sentiment 'Positive',high
REV_08253_C01_A01,REV_08253,REV_08253_C01,8252,"if there was minus rating, I would have given that",,No Aspect Opinion,Negative,General Experience,Annotated,Negative,changed,Restored omitted aspect 'General Experience' and Annotated status for evaluative assertion with existing sentiment 'Negative',high
REV_08694_C15_A01,REV_08694,REV_08694_C15,8693,Good thing is that you don't have to turn your head,,No Aspect Opinion,Positive,General Experience,Annotated,Positive,changed,Restored omitted aspect 'General Experience' and Annotated status for evaluative assertion with existing sentiment 'Positive',high
REV_09142_C01_A01,REV_09142,REV_09142_C01,9141,I really liked the donuts,,No Aspect Opinion,Positive,Food,Annotated,Positive,changed,Restored omitted aspect 'Food' and Annotated status for evaluative assertion with existing sentiment 'Positive',high
REV_09188_C02_A01,REV_09188,REV_09188_C02,9187,It was literally stinking,,No Aspect Opinion,Negative,Food,Annotated,Negative,changed,Restored omitted aspect 'Food' and Annotated status for evaluative assertion with existing sentiment 'Negative',high
REV_09188_C04_A01,REV_09188,REV_09188_C04,9187,Dont even deserve 1 star,,No Aspect Opinion,Negative,General Experience,Annotated,Negative,changed,Restored omitted aspect 'General Experience' and Annotated status for evaluative assertion with existing sentiment 'Negative',high
REV_09629_C09_A01,REV_09629,REV_09629_C09,9628,cabbage cut could have been good,,No Aspect Opinion,Positive,Food,Annotated,Positive,changed,Restored omitted aspect 'Food' and Annotated status for evaluative assertion with existing sentiment 'Positive',high
REV_00005_C03_A01,REV_00005,REV_00005_C03,4,All are good,,No Aspect Opinion,Positive,General Experience,Annotated,Positive,changed,Restored omitted aspect 'General Experience' and Annotated status for evaluative assertion with existing sentiment 'Positive',high
REV_00023_C03_A01,REV_00023,REV_00023_C03,22,Manav and pradeep you were good,,No Aspect Opinion,Positive,General Experience,Annotated,Positive,changed,Restored omitted aspect 'General Experience' and Annotated status for evaluative assertion with existing sentiment 'Positive',high
REV_00027_C01_A01,REV_00027,REV_00027_C01,26,Sonalin has a great voice,,No Aspect Opinion,Positive,General Experience,Annotated,Positive,changed,Restored omitted aspect 'General Experience' and Annotated status for evaluative assertion with existing sentiment 'Positive',high
REV_00041_C04_A01,REV_00041,REV_00041_C04,40,Double metha was just too good,,No Aspect Opinion,Positive,General Experience,Annotated,Positive,changed,Restored omitted aspect 'General Experience' and Annotated status for evaluative assertion with existing sentiment 'Positive',high
REV_00041_C05_A01,REV_00041,REV_00041_C05,40,Overall a worthwhile experience,,No Aspect Opinion,,Price / Value,Annotated,Positive,changed,Reclassified 'No Aspect Opinion' to 'Price / Value' with 'Positive' sentiment based on explicit evaluative opinion in text,high
REV_00105_C06_A01,REV_00105,REV_00105_C06,104,this is the world best biryani,,No Aspect Opinion,,Food,Annotated,Positive,changed,Reclassified 'No Aspect Opinion' to 'Food' with 'Positive' sentiment based on explicit evaluative opinion in text,high
REV_00133_C02_A01,REV_00133,REV_00133_C02,132,Apollo fish is the best one here,,No Aspect Opinion,,Food,Annotated,Positive,changed,Reclassified 'No Aspect Opinion' to 'Food' with 'Positive' sentiment based on explicit evaluative opinion in text,high
REV_00197_C01_A01,REV_00197,REV_00197_C01,196,Experienced the best haleem here,,No Aspect Opinion,,Food,Annotated,Positive,changed,Reclassified 'No Aspect Opinion' to 'Food' with 'Positive' sentiment based on explicit evaluative opinion in text,high
REV_00224_C02_A01,REV_00224,REV_00224_C02,223,Good things first,,No Aspect Opinion,Positive,General Experience,Annotated,Positive,changed,Restored omitted aspect 'General Experience' and Annotated status for evaluative assertion with existing sentiment 'Positive',high
REV_00297_C06_A01,REV_00297,REV_00297_C06,296,"Visited this place for a friends birthday, the complimentary cake & Dance was awesome",,No Aspect Opinion,Positive,General Experience,Annotated,Positive,changed,Restored omitted aspect 'General Experience' and Annotated status for evaluative assertion with existing sentiment 'Positive',high
REV_00299_C12_A01,REV_00299,REV_00299_C12,298,In main course was nice,,No Aspect Opinion,Positive,Food,Annotated,Positive,changed,Restored omitted aspect 'Food' and Annotated status for evaluative assertion with existing sentiment 'Positive',high
REV_00305_C04_A01,REV_00305,REV_00305_C04,304,went with my team they loved it,,No Aspect Opinion,Positive,General Experience,Annotated,Positive,changed,Restored omitted aspect 'General Experience' and Annotated status for evaluative assertion with existing sentiment 'Positive',high
REV_00311_C01_A01,REV_00311,REV_00311_C01,310,Its a worst thing happened with me,,No Aspect Opinion,Negative,Food,Annotated,Negative,changed,Restored omitted aspect 'Food' and Annotated status for evaluative assertion with existing sentiment 'Negative',high
REV_00364_C04_A01,REV_00364,REV_00364_C04,363,It looks and feel extremely unhygienic to the point that we had second thoughts eating there,,No Aspect Opinion,,Ambience,Annotated,Negative,changed,Reclassified 'No Aspect Opinion' to 'Ambience' with 'Negative' sentiment based on explicit evaluative opinion in text,high
REV_00366_C02_A01,REV_00366,REV_00366_C02,365,The food was ok-ish,,No Aspect Opinion,,Food,Annotated,Neutral,changed,Reclassified 'No Aspect Opinion' to 'Food' with 'Neutral' sentiment based on explicit evaluative opinion in text,high
REV_00366_C04_A01,REV_00366,REV_00366_C04,365,Roties were also not that much good,,No Aspect Opinion,Positive,General Experience,Annotated,Positive,changed,Restored omitted aspect 'General Experience' and Annotated status for evaluative assertion with existing sentiment 'Positive',high
REV_00397_C08_A01,REV_00397,REV_00397_C08,396,Pros: Budget friendly,,No Aspect Opinion,,Price / Value,Annotated,Positive,changed,Reclassified 'No Aspect Opinion' to 'Price / Value' with 'Positive' sentiment based on explicit evaluative opinion in text,high
REV_00427_C02_A01,REV_00427,REV_00427_C02,426,Highly recommended to enjoy your Friday evenings,,No Aspect Opinion,,General Experience,Annotated,Positive,changed,Reclassified 'No Aspect Opinion' to 'General Experience' with 'Positive' sentiment based on explicit evaluative opinion in text,high
REV_00513_C03_A01,REV_00513,REV_00513_C03,512,The main course is above average,,No Aspect Opinion,Neutral,Food,Annotated,Neutral,changed,Restored omitted aspect 'Food' and Annotated status for evaluative assertion with existing sentiment 'Neutral',high
REV_00541_C05_A01,REV_00541,REV_00541_C05,540,Hygienic,,No Aspect Opinion,,Ambience,Annotated,Positive,changed,Reclassified 'No Aspect Opinion' to 'Ambience' with 'Positive' sentiment based on explicit evaluative opinion in text,high
REV_00541_C22_A01,REV_00541,REV_00541_C22,540,still nice gesture,,No Aspect Opinion,Positive,General Experience,Annotated,Positive,changed,Restored omitted aspect 'General Experience' and Annotated status for evaluative assertion with existing sentiment 'Positive',high
REV_00545_C02_A01,REV_00545,REV_00545_C02,544,"I was on my trip to Hyderabad, the place is really huge",,No Aspect Opinion,Positive,Food,Annotated,Positive,changed,Restored omitted aspect 'Food' and Annotated status for evaluative assertion with existing sentiment 'Positive',high
REV_00548_C04_A01,REV_00548,REV_00548_C04,547,Alcohol content in drinks are below average,,No Aspect Opinion,Negative,Food,Annotated,Negative,changed,Restored omitted aspect 'Food' and Annotated status for evaluative assertion with existing sentiment 'Negative',high
REV_00586_C02_A01,REV_00586,REV_00586_C02,585,Excellent food and bevs,,No Aspect Opinion,,Food,Annotated,Positive,changed,Reclassified 'No Aspect Opinion' to 'Food' with 'Positive' sentiment based on explicit evaluative opinion in text,high
REV_00586_C08_A01,REV_00586,REV_00586_C08,585,Not so great,,No Aspect Opinion,Positive,General Experience,Annotated,Positive,changed,Restored omitted aspect 'General Experience' and Annotated status for evaluative assertion with existing sentiment 'Positive',high
REV_00649_C06_A01,REV_00649,REV_00649_C06,648,Pomegranate protect was simply amazing,,No Aspect Opinion,Positive,General Experience,Annotated,Positive,changed,Restored omitted aspect 'General Experience' and Annotated status for evaluative assertion with existing sentiment 'Positive',high
REV_00666_C03_A01,REV_00666,REV_00666_C03,665,Loved it,,No Aspect Opinion,Positive,General Experience,Annotated,Positive,changed,Restored omitted aspect 'General Experience' and Annotated status for evaluative assertion with existing sentiment 'Positive',high
REV_00678_C01_A01,REV_00678,REV_00678_C01,677,Excellent food,,No Aspect Opinion,,Food,Annotated,Positive,changed,Reclassified 'No Aspect Opinion' to 'Food' with 'Positive' sentiment based on explicit evaluative opinion in text,high
REV_00697_C15_A01,REV_00697,REV_00697_C15,696,Packaging: Very good as always,,No Aspect Opinion,Positive,General Experience,Annotated,Positive,changed,Restored omitted aspect 'General Experience' and Annotated status for evaluative assertion with existing sentiment 'Positive',high
REV_00711_C01_A01,REV_00711,REV_00711_C01,710,If you want Mouthwatering bites then this for you guys,,No Aspect Opinion,,Food,Annotated,Positive,changed,Reclassified 'No Aspect Opinion' to 'Food' with 'Positive' sentiment based on explicit evaluative opinion in text,high
REV_00727_C03_A01,REV_00727,REV_00727_C03,726,Its an old and good brand,,No Aspect Opinion,Positive,General Experience,Annotated,Positive,changed,Restored omitted aspect 'General Experience' and Annotated status for evaluative assertion with existing sentiment 'Positive',high
REV_00732_C02_A01,REV_00732,REV_00732_C02,731,At olden days it was so good,,No Aspect Opinion,Positive,General Experience,Annotated,Positive,changed,Restored omitted aspect 'General Experience' and Annotated status for evaluative assertion with existing sentiment 'Positive',high
REV_00732_C03_A01,REV_00732,REV_00732_C03,731,now they are giving worst Shawarma,,No Aspect Opinion,Negative,Food,Annotated,Negative,changed,Restored omitted aspect 'Food' and Annotated status for evaluative assertion with existing sentiment 'Negative',high
REV_00763_C11_A01,REV_00763,REV_00763_C11,762,The rumali was rubbery and biting into it was a battle,,No Aspect Opinion,,Food,Annotated,Negative,changed,Reclassified 'No Aspect Opinion' to 'Food' with 'Negative' sentiment based on explicit evaluative opinion in text,high
REV_00782_C01_A01,REV_00782,REV_00782_C01,781,Awesome,,No Aspect Opinion,Positive,General Experience,Annotated,Positive,changed,Restored omitted aspect 'General Experience' and Annotated status for evaluative assertion with existing sentiment 'Positive',high
REV_00810_C01_A01,REV_00810,REV_00810_C01,809,Pathetic restuarant,,No Aspect Opinion,Negative,Food,Annotated,Negative,changed,Restored omitted aspect 'Food' and Annotated status for evaluative assertion with existing sentiment 'Negative',high
REV_00823_C01_A01,REV_00823,REV_00823_C01,822,Love to be here again,,No Aspect Opinion,Positive,General Experience,Annotated,Positive,changed,Restored omitted aspect 'General Experience' and Annotated status for evaluative assertion with existing sentiment 'Positive',high
REV_00904_C03_A01,REV_00904,REV_00904_C03,903,It was so good,,No Aspect Opinion,Positive,General Experience,Annotated,Positive,changed,Restored omitted aspect 'General Experience' and Annotated status for evaluative assertion with existing sentiment 'Positive',high
REV_00922_C03_A01,REV_00922,REV_00922_C03,921,just fell in love with this plc,,No Aspect Opinion,Positive,General Experience,Annotated,Positive,changed,Restored omitted aspect 'General Experience' and Annotated status for evaluative assertion with existing sentiment 'Positive',high
REV_00941_C01_A01,REV_00941,REV_00941_C01,940,I am a huge fan of Cream Stone's Death by Chocolate ice cream,,No Aspect Opinion,Positive,Food,Annotated,Positive,changed,Restored omitted aspect 'Food' and Annotated status for evaluative assertion with existing sentiment 'Positive',high
REV_00945_C04_A01,REV_00945,REV_00945_C04,944,"Damn, it was so amazing",,No Aspect Opinion,Positive,General Experience,Annotated,Positive,changed,Restored omitted aspect 'General Experience' and Annotated status for evaluative assertion with existing sentiment 'Positive',high
REV_00977_C05_A01,REV_00977,REV_00977_C05,976,It's a serious overdose of chocolate with a delectable scoop of icecream with chocolate brownie,,No Aspect Opinion,,Food,Annotated,Positive,changed,Reclassified 'No Aspect Opinion' to 'Food' with 'Positive' sentiment based on explicit evaluative opinion in text,high
REV_00989_C01_A01,REV_00989,REV_00989_C01,988,good,,No Aspect Opinion,Positive,General Experience,Annotated,Positive,changed,Restored omitted aspect 'General Experience' and Annotated status for evaluative assertion with existing sentiment 'Positive',high
REV_01022_C02_A01,REV_01022,REV_01022_C02,1021,"No doubt, the hygiene is well maintained",,No Aspect Opinion,,Ambience,Annotated,Positive,changed,Reclassified 'No Aspect Opinion' to 'Ambience' with 'Positive' sentiment based on explicit evaluative opinion in text,high
REV_01022_C05_A01,REV_01022,REV_01022_C05,1021,Also they dishes are quite overpriced,,No Aspect Opinion,,Price / Value,Annotated,Negative,changed,Reclassified 'No Aspect Opinion' to 'Price / Value' with 'Negative' sentiment based on explicit evaluative opinion in text,high
REV_01040_C05_A01,REV_01040,REV_01040_C05,1039,Gol gappes were good,,No Aspect Opinion,Positive,General Experience,Annotated,Positive,changed,Restored omitted aspect 'General Experience' and Annotated status for evaluative assertion with existing sentiment 'Positive',high
REV_01040_C10_A01,REV_01040,REV_01040_C10,1039,Aloo Tikki was very good,,No Aspect Opinion,Positive,General Experience,Annotated,Positive,changed,Restored omitted aspect 'General Experience' and Annotated status for evaluative assertion with existing sentiment 'Positive',high
REV_01077_C03_A01,REV_01077,REV_01077_C03,1076,These guys are unhygienic and dont take necessary precautions to ensure that they protect the food they prepare from all the insects around the area,,No Aspect Opinion,,Ambience,Annotated,Negative,changed,Reclassified 'No Aspect Opinion' to 'Ambience' with 'Negative' sentiment based on explicit evaluative opinion in text,high
REV_01142_C05_A01,REV_01142,REV_01142_C05,1141,Never disappointed us in any aspect,,No Aspect Opinion,Positive,General Experience,Annotated,Positive,changed,Restored omitted aspect 'General Experience' and Annotated status for evaluative assertion with existing sentiment 'Positive',high
REV_01185_C07_A01,REV_01185,REV_01185_C07,1184,The paneers were too soft for the skewers and kept dropping into the fire,,No Aspect Opinion,Positive,Food,Annotated,Positive,changed,Restored omitted aspect 'Food' and Annotated status for evaluative assertion with existing sentiment 'Positive',high
REV_01196_C01_A01,REV_01196,REV_01196_C01,1195,You guys are really awesome,,No Aspect Opinion,Positive,General Experience,Annotated,Positive,changed,Restored omitted aspect 'General Experience' and Annotated status for evaluative assertion with existing sentiment 'Positive',high
REV_01322_C01_A01,REV_01322,REV_01322_C01,1321,"Good concept, based on some other existing clubs though",,No Aspect Opinion,Positive,General Experience,Annotated,Positive,changed,Restored omitted aspect 'General Experience' and Annotated status for evaluative assertion with existing sentiment 'Positive',high
REV_01365_C03_A01,REV_01365,REV_01365_C03,1364,Good dancefloor,,No Aspect Opinion,Positive,General Experience,Annotated,Positive,changed,Restored omitted aspect 'General Experience' and Annotated status for evaluative assertion with existing sentiment 'Positive',high
REV_01365_C05_A01,REV_01365,REV_01365_C05,1364,Economical menu,,No Aspect Opinion,,Price / Value,Annotated,Positive,changed,Reclassified 'No Aspect Opinion' to 'Price / Value' with 'Positive' sentiment based on explicit evaluative opinion in text,high
REV_01441_C02_A01,REV_01441,REV_01441_C02,1440,Quite delighted by their prompt service,,No Aspect Opinion,,Service,Annotated,Positive,changed,Reclassified 'No Aspect Opinion' to 'Service' with 'Positive' sentiment based on explicit evaluative opinion in text,high
REV_01463_C03_A01,REV_01463,REV_01463_C03,1462,Shantanu and situ was great,,No Aspect Opinion,Positive,General Experience,Annotated,Positive,changed,Restored omitted aspect 'General Experience' and Annotated status for evaluative assertion with existing sentiment 'Positive',high
REV_01463_C04_A01,REV_01463,REV_01463_C04,1462,come again,,No Aspect Opinion,Positive,General Experience,Annotated,Positive,changed,Restored omitted aspect 'General Experience' and Annotated status for evaluative assertion with existing sentiment 'Positive',high
REV_01463_C06_A01,REV_01463,REV_01463_C06,1462,keep it up,,No Aspect Opinion,Positive,General Experience,Annotated,Positive,changed,Restored omitted aspect 'General Experience' and Annotated status for evaluative assertion with existing sentiment 'Positive',high
REV_01477_C05_A01,REV_01477,REV_01477_C05,1476,Keep up the good work,,No Aspect Opinion,Positive,General Experience,Annotated,Positive,changed,Restored omitted aspect 'General Experience' and Annotated status for evaluative assertion with existing sentiment 'Positive',high
REV_01496_C05_A01,REV_01496,REV_01496_C05,1495,It is that good,,No Aspect Opinion,Positive,General Experience,Annotated,Positive,changed,Restored omitted aspect 'General Experience' and Annotated status for evaluative assertion with existing sentiment 'Positive',high
REV_01554_C02_A01,REV_01554,REV_01554_C02,1553,Disappointed,,No Aspect Opinion,Negative,Service,Annotated,Negative,changed,Restored omitted aspect 'Service' and Annotated status for evaluative assertion with existing sentiment 'Negative',high
REV_01565_C01_A01,REV_01565,REV_01565_C01,1564,v good,,No Aspect Opinion,Positive,General Experience,Annotated,Positive,changed,Restored omitted aspect 'General Experience' and Annotated status for evaluative assertion with existing sentiment 'Positive',high
REV_01637_C04_A01,REV_01637,REV_01637_C04,1636,and each and every bit of it was scrumptious,,No Aspect Opinion,,Food,Annotated,Positive,changed,Reclassified 'No Aspect Opinion' to 'Food' with 'Positive' sentiment based on explicit evaluative opinion in text,high
REV_01637_C06_A01,REV_01637,REV_01637_C06,1636,Thanks for such a great offering,,No Aspect Opinion,Positive,General Experience,Annotated,Positive,changed,Restored omitted aspect 'General Experience' and Annotated status for evaluative assertion with existing sentiment 'Positive',high
REV_01655_C03_A01,REV_01655,REV_01655_C03,1654,Ordered special veg dum pulao,,No Aspect Opinion,Positive,Food,Annotated,Positive,changed,Restored omitted aspect 'Food' and Annotated status for evaluative assertion with existing sentiment 'Positive',high
REV_01655_C04_A01,REV_01655,REV_01655_C04,1654,"Rice was well cooked, didn't find lot of veggies though",,No Aspect Opinion,,Food,Annotated,Positive,changed,Reclassified 'No Aspect Opinion' to 'Food' with 'Positive' sentiment based on explicit evaluative opinion in text,high
REV_01686_C04_A01,REV_01686,REV_01686_C04,1685,Dal Tadka: Loved it,,No Aspect Opinion,Positive,General Experience,Annotated,Positive,changed,Restored omitted aspect 'General Experience' and Annotated status for evaluative assertion with existing sentiment 'Positive',high
REV_01688_C09_A01,REV_01688,REV_01688_C09,1687,The nuts on top were a nice touch,,No Aspect Opinion,Positive,General Experience,Annotated,Positive,changed,Restored omitted aspect 'General Experience' and Annotated status for evaluative assertion with existing sentiment 'Positive',high
REV_01688_C16_A01,REV_01688,REV_01688_C16,1687,The thali was so well packed that nothing had spilled out and touched any other item when i opened it,,No Aspect Opinion,,Service,Annotated,Positive,changed,Reclassified 'No Aspect Opinion' to 'Service' with 'Positive' sentiment based on explicit evaluative opinion in text,high
REV_01694_C05_A01,REV_01694,REV_01694_C05,1693,Only the omlet in it was good,,No Aspect Opinion,Positive,General Experience,Annotated,Positive,changed,Restored omitted aspect 'General Experience' and Annotated status for evaluative assertion with existing sentiment 'Positive',high
REV_01716_C05_A01,REV_01716,REV_01716_C05,1715,Coming to Manchurian i will say it was a average Manchurian and not that good,,No Aspect Opinion,Positive,General Experience,Annotated,Positive,changed,Restored omitted aspect 'General Experience' and Annotated status for evaluative assertion with existing sentiment 'Positive',high
REV_01764_C02_A01,REV_01764,REV_01764_C02,1763,Very very vry bad,,No Aspect Opinion,Negative,Food,Annotated,Negative,changed,Restored omitted aspect 'Food' and Annotated status for evaluative assertion with existing sentiment 'Negative',high
REV_01787_C03_A01,REV_01787,REV_01787_C03,1786,dj was not too good,,No Aspect Opinion,Positive,Ambience,Annotated,Positive,changed,Restored omitted aspect 'Ambience' and Annotated status for evaluative assertion with existing sentiment 'Positive',high
REV_01852_C03_A01,REV_01852,REV_01852_C03,1851,Known for it's best taste and quality food,,No Aspect Opinion,,Food,Annotated,Positive,changed,Reclassified 'No Aspect Opinion' to 'Food' with 'Positive' sentiment based on explicit evaluative opinion in text,high
REV_01906_C01_A01,REV_01906,REV_01906_C01,1905,very good,,No Aspect Opinion,Positive,General Experience,Annotated,Positive,changed,Restored omitted aspect 'General Experience' and Annotated status for evaluative assertion with existing sentiment 'Positive',high
REV_01930_C03_A01,REV_01930,REV_01930_C03,1929,It was juciy and tender,,No Aspect Opinion,Positive,Food,Annotated,Positive,changed,Restored omitted aspect 'Food' and Annotated status for evaluative assertion with existing sentiment 'Positive',high
REV_01932_C09_A01,REV_01932,REV_01932_C09,1931,good,,No Aspect Opinion,Positive,General Experience,Annotated,Positive,changed,Restored omitted aspect 'General Experience' and Annotated status for evaluative assertion with existing sentiment 'Positive',high
REV_01935_C05_A01,REV_01935,REV_01935_C05,1934,Okayish,,No Aspect Opinion,Neutral,General Experience,Annotated,Neutral,changed,Restored omitted aspect 'General Experience' and Annotated status for evaluative assertion with existing sentiment 'Neutral',high
REV_01997_C03_A01,REV_01997,REV_01997_C03,1996,HIGHLY DISAPPOINTED,,No Aspect Opinion,Negative,General Experience,Annotated,Negative,changed,Restored omitted aspect 'General Experience' and Annotated status for evaluative assertion with existing sentiment 'Negative',high
REV_02003_C10_A01,REV_02003,REV_02003_C10,2002,even i loved aloo ki sabzi and kachori,,No Aspect Opinion,Positive,General Experience,Annotated,Positive,changed,Restored omitted aspect 'General Experience' and Annotated status for evaluative assertion with existing sentiment 'Positive',high
REV_02101_C01_A01,REV_02101,REV_02101_C01,2100,Ordered Achari Paneer Tikka through Dwight and for a restaurant that claims to be a top notch restaurant and charges exorbitant rates for the same,,No Aspect Opinion,,Price / Value,Annotated,Negative,changed,Reclassified 'No Aspect Opinion' to 'Price / Value' with 'Negative' sentiment based on explicit evaluative opinion in text,high
REV_02101_C03_A01,REV_02101,REV_02101_C03,2100,Extremely disappointed,,No Aspect Opinion,Negative,General Experience,Annotated,Negative,changed,Restored omitted aspect 'General Experience' and Annotated status for evaluative assertion with existing sentiment 'Negative',high
REV_02146_C04_A01,REV_02146,REV_02146_C04,2145,With so many options and none of them were good,,No Aspect Opinion,Positive,General Experience,Annotated,Positive,changed,Restored omitted aspect 'General Experience' and Annotated status for evaluative assertion with existing sentiment 'Positive',high
REV_02148_C13_A01,REV_02148,REV_02148_C13,2147,haha jokes apart they have good variety of deserts,,No Aspect Opinion,Positive,Food,Annotated,Positive,changed,Restored omitted aspect 'Food' and Annotated status for evaluative assertion with existing sentiment 'Positive',high
REV_02148_C15_A01,REV_02148,REV_02148_C15,2147,"cupcakes, were ok ok",,No Aspect Opinion,Neutral,Food,Annotated,Neutral,changed,Restored omitted aspect 'Food' and Annotated status for evaluative assertion with existing sentiment 'Neutral',high
REV_02183_C01_A01,REV_02183,REV_02183_C01,2182,The best place to be if you want to see some sport screening,,No Aspect Opinion,Positive,General Experience,Annotated,Positive,changed,Restored omitted aspect 'General Experience' and Annotated status for evaluative assertion with existing sentiment 'Positive',high
REV_02187_C03_A01,REV_02187,REV_02187_C03,2186,this place is highly recommended,,No Aspect Opinion,,General Experience,Annotated,Positive,changed,Reclassified 'No Aspect Opinion' to 'General Experience' with 'Positive' sentiment based on explicit evaluative opinion in text,high
REV_02193_C03_A01,REV_02193,REV_02193_C03,2192,Highly recommended,,No Aspect Opinion,,General Experience,Annotated,Positive,changed,Reclassified 'No Aspect Opinion' to 'General Experience' with 'Positive' sentiment based on explicit evaluative opinion in text,high
REV_02205_C01_A01,REV_02205,REV_02205_C01,2204,This is a very overhyped and overpriced place,,No Aspect Opinion,,Price / Value,Annotated,Negative,changed,Reclassified 'No Aspect Opinion' to 'Price / Value' with 'Negative' sentiment based on explicit evaluative opinion in text,high
REV_02231_C05_A01,REV_02231,REV_02231_C05,2230,Loved it,,No Aspect Opinion,Positive,General Experience,Annotated,Positive,changed,Restored omitted aspect 'General Experience' and Annotated status for evaluative assertion with existing sentiment 'Positive',high
REV_02246_C02_A01,REV_02246,REV_02246_C02,2245,You guys are simply AWESOME,,No Aspect Opinion,Positive,General Experience,Annotated,Positive,changed,Restored omitted aspect 'General Experience' and Annotated status for evaluative assertion with existing sentiment 'Positive',high
REV_02246_C03_A01,REV_02246,REV_02246_C03,2245,I love everything about this place,,No Aspect Opinion,Positive,General Experience,Annotated,Positive,changed,Restored omitted aspect 'General Experience' and Annotated status for evaluative assertion with existing sentiment 'Positive',high
REV_02260_C03_A01,REV_02260,REV_02260_C03,2259,One time visit is required if u live in Hyderabad,,No Aspect Opinion,,General Experience,Annotated,Neutral,changed,Reclassified 'No Aspect Opinion' to 'General Experience' with 'Neutral' sentiment based on explicit evaluative opinion in text,high
REV_02281_C05_A01,REV_02281,REV_02281_C05,2280,Had an awesome time,,No Aspect Opinion,Positive,General Experience,Annotated,Positive,changed,Restored omitted aspect 'General Experience' and Annotated status for evaluative assertion with existing sentiment 'Positive',high
REV_02338_C01_A01,REV_02338,REV_02338_C01,2337,straw is not good,,No Aspect Opinion,Positive,General Experience,Annotated,Positive,changed,Restored omitted aspect 'General Experience' and Annotated status for evaluative assertion with existing sentiment 'Positive',high
REV_02411_C03_A01,REV_02411,REV_02411_C03,2410,DJ was good,,No Aspect Opinion,Positive,Ambience,Annotated,Positive,changed,Restored omitted aspect 'Ambience' and Annotated status for evaluative assertion with existing sentiment 'Positive',high
REV_02411_C04_A01,REV_02411,REV_02411_C04,2410,The service was fine,,No Aspect Opinion,,Service,Annotated,Neutral,changed,Reclassified 'No Aspect Opinion' to 'Service' with 'Neutral' sentiment based on explicit evaluative opinion in text,high
REV_02413_C01_A01,REV_02413,REV_02413_C01,2412,Went to skyhy with great expectations,,No Aspect Opinion,Positive,General Experience,Annotated,Positive,changed,Restored omitted aspect 'General Experience' and Annotated status for evaluative assertion with existing sentiment 'Positive',high
REV_02446_C01_A01,REV_02446,REV_02446_C01,2445,Very bad place to hang on,,No Aspect Opinion,Negative,General Experience,Annotated,Negative,changed,Restored omitted aspect 'General Experience' and Annotated status for evaluative assertion with existing sentiment 'Negative',high
REV_02467_C05_A01,REV_02467,REV_02467_C05,2466,Will surely come back again,,No Aspect Opinion,,General Experience,Annotated,Positive,changed,Reclassified 'No Aspect Opinion' to 'General Experience' with 'Positive' sentiment based on explicit evaluative opinion in text,high
REV_02473_C04_A01,REV_02473,REV_02473_C04,2472,keep it up,,No Aspect Opinion,Positive,General Experience,Annotated,Positive,changed,Restored omitted aspect 'General Experience' and Annotated status for evaluative assertion with existing sentiment 'Positive',high
REV_02509_C04_A01,REV_02509,REV_02509_C04,2508,The place is dimly lit,,No Aspect Opinion,,Ambience,Annotated,Negative,changed,Reclassified 'No Aspect Opinion' to 'Ambience' with 'Negative' sentiment based on explicit evaluative opinion in text,high
REV_02509_C08_A01,REV_02509,REV_02509_C08,2508,The food is quite affordable and also appeals to the taste buds at the same time,,No Aspect Opinion,,Price / Value,Annotated,Positive,changed,Reclassified 'No Aspect Opinion' to 'Price / Value' with 'Positive' sentiment based on explicit evaluative opinion in text,high
REV_02509_C10_A01,REV_02509,REV_02509_C10,2508,Go in with your friends on a weekend for an affordable menu and feet tapping music,,No Aspect Opinion,,Price / Value,Annotated,Positive,changed,Reclassified 'No Aspect Opinion' to 'Price / Value' with 'Positive' sentiment based on explicit evaluative opinion in text,high
REV_02509_C11_A01,REV_02509,REV_02509_C11,2508,Keep up the good work Tiki Shack,,No Aspect Opinion,Positive,General Experience,Annotated,Positive,changed,Restored omitted aspect 'General Experience' and Annotated status for evaluative assertion with existing sentiment 'Positive',high
REV_02579_C02_A01,REV_02579,REV_02579_C02,2578,Nice joint to hang with friends,,No Aspect Opinion,Positive,General Experience,Annotated,Positive,changed,Restored omitted aspect 'General Experience' and Annotated status for evaluative assertion with existing sentiment 'Positive',high
REV_02581_C03_A01,REV_02581,REV_02581_C03,2580,Mocktails were awesome,,No Aspect Opinion,Positive,General Experience,Annotated,Positive,changed,Restored omitted aspect 'General Experience' and Annotated status for evaluative assertion with existing sentiment 'Positive',high
REV_02591_C03_A01,REV_02591,REV_02591_C03,2590,They only destroy any good day you think to visit there,,No Aspect Opinion,Positive,General Experience,Annotated,Positive,changed,Restored omitted aspect 'General Experience' and Annotated status for evaluative assertion with existing sentiment 'Positive',high
REV_02717_C18_A01,REV_02717,REV_02717_C18,2716,Mushroom wasn't good,,No Aspect Opinion,Positive,General Experience,Annotated,Positive,changed,Restored omitted aspect 'General Experience' and Annotated status for evaluative assertion with existing sentiment 'Positive',high
REV_02717_C22_A01,REV_02717,REV_02717_C22,2716,Crispy corn,,No Aspect Opinion,,Food,Annotated,Positive,changed,Reclassified 'No Aspect Opinion' to 'Food' with 'Positive' sentiment based on explicit evaluative opinion in text,high
REV_02717_C32_A01,REV_02717,REV_02717_C32,2716,Icecream was good,,No Aspect Opinion,Positive,Food,Annotated,Positive,changed,Restored omitted aspect 'Food' and Annotated status for evaluative assertion with existing sentiment 'Positive',high
REV_02758_C06_A01,REV_02758,REV_02758_C06,2757,Good job,,No Aspect Opinion,Positive,General Experience,Annotated,Positive,changed,Restored omitted aspect 'General Experience' and Annotated status for evaluative assertion with existing sentiment 'Positive',high
REV_02773_C07_A01,REV_02773,REV_02773_C07,2772,Very disappointing,,No Aspect Opinion,Negative,Service,Annotated,Negative,changed,Restored omitted aspect 'Service' and Annotated status for evaluative assertion with existing sentiment 'Negative',high
REV_02795_C03_A01,REV_02795,REV_02795_C03,2794,you see some garnishing with pomegranate and then you have mixed feelings,,No Aspect Opinion,Mixed,Food,Annotated,Neutral,changed,Restored omitted aspect 'Food' and Annotated status for evaluative assertion with existing sentiment 'Neutral',high
REV_02813_C02_A01,REV_02813,REV_02813_C02,2812,it was worst,,No Aspect Opinion,Negative,Food,Annotated,Negative,changed,Restored omitted aspect 'Food' and Annotated status for evaluative assertion with existing sentiment 'Negative',high
REV_02813_C04_A01,REV_02813,REV_02813_C04,2812,Packing is too good,,No Aspect Opinion,Positive,Service,Annotated,Positive,changed,Restored omitted aspect 'Service' and Annotated status for evaluative assertion with existing sentiment 'Positive',high
REV_02832_C04_A01,REV_02832,REV_02832_C04,2831,and the flat feature enables the consumer to have each spoon flavourful with no spices left out,,No Aspect Opinion,,Food,Annotated,Positive,changed,Reclassified 'No Aspect Opinion' to 'Food' with 'Positive' sentiment based on explicit evaluative opinion in text,high
REV_02858_C01_A01,REV_02858,REV_02858_C01,2857,We loved your biryanis,,No Aspect Opinion,Positive,General Experience,Annotated,Positive,changed,Restored omitted aspect 'General Experience' and Annotated status for evaluative assertion with existing sentiment 'Positive',high
REV_02879_C03_A01,REV_02879,REV_02879_C03,2878,it was still hot and steamy that way you can be sure that it isn't sticky or soggy,,No Aspect Opinion,,Food,Annotated,Negative,changed,Reclassified 'No Aspect Opinion' to 'Food' with 'Negative' sentiment based on explicit evaluative opinion in text,high
REV_02900_C01_A01,REV_02900,REV_02900_C01,2899,They are preparing good Maggi and their test of Maggi is also good,,No Aspect Opinion,Positive,General Experience,Annotated,Positive,changed,Restored omitted aspect 'General Experience' and Annotated status for evaluative assertion with existing sentiment 'Positive',high
REV_02934_C03_A01,REV_02934,REV_02934_C03,2933,I didnt liked it,,No Aspect Opinion,Positive,General Experience,Annotated,Positive,changed,Restored omitted aspect 'General Experience' and Annotated status for evaluative assertion with existing sentiment 'Positive',high
REV_02978_C11_A01,REV_02978,REV_02978_C11,2977,The complete team of 40 was disappointed,,No Aspect Opinion,Negative,General Experience,Annotated,Negative,changed,Restored omitted aspect 'General Experience' and Annotated status for evaluative assertion with existing sentiment 'Negative',high
REV_02986_C35_A01,REV_02986,REV_02986_C35,2985,HIGHLY RECOMMENDED,,No Aspect Opinion,,General Experience,Annotated,Positive,changed,Reclassified 'No Aspect Opinion' to 'General Experience' with 'Positive' sentiment based on explicit evaluative opinion in text,high
REV_02990_C06_A01,REV_02990,REV_02990_C06,2989,Totally tasteless,,No Aspect Opinion,,Food,Annotated,Negative,changed,Reclassified 'No Aspect Opinion' to 'Food' with 'Negative' sentiment based on explicit evaluative opinion in text,high
REV_03008_C09_A01,REV_03008,REV_03008_C09,3007,I wish you guys could improve and we would try here again,,No Aspect Opinion,Negative,Service,Annotated,Negative,changed,Restored omitted aspect 'Service' and Annotated status for evaluative assertion with existing sentiment 'Negative',high
REV_03012_C01_A01,REV_03012,REV_03012_C01,3011,"Pot pourri is one of the budget friendly restaurants in Gachibowli, Indira Nagar, where we can find Telugu cuisine menu along with North Indian and Chinese one's",,No Aspect Opinion,,Price / Value,Annotated,Positive,changed,Reclassified 'No Aspect Opinion' to 'Price / Value' with 'Positive' sentiment based on explicit evaluative opinion in text,high
REV_03032_C01_A01,REV_03032,REV_03032_C01,3031,Good to check in there,,No Aspect Opinion,Positive,General Experience,Annotated,Positive,changed,Restored omitted aspect 'General Experience' and Annotated status for evaluative assertion with existing sentiment 'Positive',high
REV_03086_C02_A01,REV_03086,REV_03086_C02,3085,"Substandard biryani and kababs, totally dry and tasteless",,No Aspect Opinion,,Food,Annotated,Negative,changed,Reclassified 'No Aspect Opinion' to 'Food' with 'Negative' sentiment based on explicit evaluative opinion in text,high
REV_03090_C02_A01,REV_03090,REV_03090_C02,3089,I am in love with their biriyani,,No Aspect Opinion,Positive,Food,Annotated,Positive,changed,Restored omitted aspect 'Food' and Annotated status for evaluative assertion with existing sentiment 'Positive',high
REV_03133_C04_A01,REV_03133,REV_03133_C04,3132,Prawns were rubbery,,No Aspect Opinion,,Food,Annotated,Negative,changed,Reclassified 'No Aspect Opinion' to 'Food' with 'Negative' sentiment based on explicit evaluative opinion in text,high
REV_03157_C06_A01,REV_03157,REV_03157_C06,3156,Overall ok,,No Aspect Opinion,,General Experience,Annotated,Neutral,changed,Reclassified 'No Aspect Opinion' to 'General Experience' with 'Neutral' sentiment based on explicit evaluative opinion in text,high
REV_03168_C13_A01,REV_03168,REV_03168_C13,3167,It was good not very awesome,,No Aspect Opinion,Positive,General Experience,Annotated,Positive,changed,Restored omitted aspect 'General Experience' and Annotated status for evaluative assertion with existing sentiment 'Positive',high
REV_03172_C05_A01,REV_03172,REV_03172_C05,3171,Liked it,,No Aspect Opinion,Positive,General Experience,Annotated,Positive,changed,Restored omitted aspect 'General Experience' and Annotated status for evaluative assertion with existing sentiment 'Positive',high
REV_03199_C01_A01,REV_03199,REV_03199_C01,3198,Buffet is a disaster,,No Aspect Opinion,,General Experience,Annotated,Negative,changed,Reclassified 'No Aspect Opinion' to 'General Experience' with 'Negative' sentiment based on explicit evaluative opinion in text,high
REV_03208_C18_A01,REV_03208,REV_03208_C18,3207,Crispy corn chilly pepper,,No Aspect Opinion,,Food,Annotated,Positive,changed,Reclassified 'No Aspect Opinion' to 'Food' with 'Positive' sentiment based on explicit evaluative opinion in text,high
REV_03208_C37_A01,REV_03208,REV_03208_C37,3207,Loved the gulab jamun and khaddu ka kheer,,No Aspect Opinion,Positive,General Experience,Annotated,Positive,changed,Restored omitted aspect 'General Experience' and Annotated status for evaluative assertion with existing sentiment 'Positive',high
REV_03210_C02_A01,REV_03210,REV_03210_C02,3209,We started off with Paneer Papdi Kebab and Chilly Paneer with Crispy Corn and Veg Sheek kebab from the Veg starters,,No Aspect Opinion,,Food,Annotated,Positive,changed,Reclassified 'No Aspect Opinion' to 'Food' with 'Positive' sentiment based on explicit evaluative opinion in text,high
REV_03212_C16_A01,REV_03212,REV_03212_C16,3211,It was dry and not good,,No Aspect Opinion,Positive,General Experience,Annotated,Positive,changed,Restored omitted aspect 'General Experience' and Annotated status for evaluative assertion with existing sentiment 'Positive',high
REV_03212_C21_A01,REV_03212,REV_03212_C21,3211,Highly disappointed,,No Aspect Opinion,Negative,General Experience,Annotated,Negative,changed,Restored omitted aspect 'General Experience' and Annotated status for evaluative assertion with existing sentiment 'Negative',high
REV_03231_C07_A01,REV_03231,REV_03231_C07,3230,The place is dimly lit with pretty lamps and decorative lights,,No Aspect Opinion,,Ambience,Annotated,Negative,changed,Reclassified 'No Aspect Opinion' to 'Ambience' with 'Negative' sentiment based on explicit evaluative opinion in text,high
REV_03231_C63_A01,REV_03231,REV_03231_C63,3230,not really good too,,No Aspect Opinion,Positive,General Experience,Annotated,Positive,changed,Restored omitted aspect 'General Experience' and Annotated status for evaluative assertion with existing sentiment 'Positive',high
REV_03281_C08_A01,REV_03281,REV_03281_C08,3280,Great for people who want some fun on weekdays,,No Aspect Opinion,Positive,General Experience,Annotated,Positive,changed,Restored omitted aspect 'General Experience' and Annotated status for evaluative assertion with existing sentiment 'Positive',high
REV_03287_C09_A01,REV_03287,REV_03287_C09,3286,It was all dark,,No Aspect Opinion,,Ambience,Annotated,Negative,changed,Reclassified 'No Aspect Opinion' to 'Ambience' with 'Negative' sentiment based on explicit evaluative opinion in text,high
REV_03295_C01_A01,REV_03295,REV_03295_C01,3294,One of d best place,,No Aspect Opinion,Positive,General Experience,Annotated,Positive,changed,Restored omitted aspect 'General Experience' and Annotated status for evaluative assertion with existing sentiment 'Positive',high
REV_03295_C05_A01,REV_03295,REV_03295_C05,3294,so beware 😊 food was ok ok,,No Aspect Opinion,,Food,Annotated,Neutral,changed,Reclassified 'No Aspect Opinion' to 'Food' with 'Neutral' sentiment based on explicit evaluative opinion in text,high
REV_03313_C13_A01,REV_03313,REV_03313_C13,3312,Drinks are below average,,No Aspect Opinion,Negative,Food,Annotated,Negative,changed,Restored omitted aspect 'Food' and Annotated status for evaluative assertion with existing sentiment 'Negative',high
REV_03333_C04_A01,REV_03333,REV_03333_C04,3332,Too dark for a pub,,No Aspect Opinion,,Ambience,Annotated,Negative,changed,Reclassified 'No Aspect Opinion' to 'Ambience' with 'Negative' sentiment based on explicit evaluative opinion in text,high
REV_03333_C10_A01,REV_03333,REV_03333_C10,3332,Crispy corn made the day ( night,,No Aspect Opinion,,Food,Annotated,Positive,changed,Reclassified 'No Aspect Opinion' to 'Food' with 'Positive' sentiment based on explicit evaluative opinion in text,high
REV_03368_C04_A01,REV_03368,REV_03368_C04,3367,Daal makhani was below average,,No Aspect Opinion,Negative,Food,Annotated,Negative,changed,Restored omitted aspect 'Food' and Annotated status for evaluative assertion with existing sentiment 'Negative',high
REV_03372_C05_A01,REV_03372,REV_03372_C05,3371,Ambience is excellent as one side of the hotel is the botanical garden and the other part is the hi-tech city,,No Aspect Opinion,,Ambience,Annotated,Positive,changed,Reclassified 'No Aspect Opinion' to 'Ambience' with 'Positive' sentiment based on explicit evaluative opinion in text,high
REV_03468_C04_A01,REV_03468,REV_03468_C04,3467,Rotis were raw,,No Aspect Opinion,Negative,Food,Annotated,Negative,changed,Restored omitted aspect 'Food' and Annotated status for evaluative assertion with existing sentiment 'Negative',high
REV_03490_C02_A01,REV_03490,REV_03490_C02,3489,but now it is disappointed,,No Aspect Opinion,Negative,Food,Annotated,Negative,changed,Restored omitted aspect 'Food' and Annotated status for evaluative assertion with existing sentiment 'Negative',high
REV_03552_C13_A01,REV_03552,REV_03552_C13,3551,Sides are good,,No Aspect Opinion,Positive,General Experience,Annotated,Positive,changed,Restored omitted aspect 'General Experience' and Annotated status for evaluative assertion with existing sentiment 'Positive',high
REV_03584_C06_A01,REV_03584,REV_03584_C06,3583,I loved their fish starter and gulabjamun in desert,,No Aspect Opinion,Positive,Food,Annotated,Positive,changed,Restored omitted aspect 'Food' and Annotated status for evaluative assertion with existing sentiment 'Positive',high
REV_03638_C03_A01,REV_03638,REV_03638_C03,3637,The worst exp i had today,,No Aspect Opinion,Negative,Food,Annotated,Negative,changed,Restored omitted aspect 'Food' and Annotated status for evaluative assertion with existing sentiment 'Negative',high
REV_03720_C04_A01,REV_03720,REV_03720_C04,3719,Quite peaceful and lovely ambience 🤩,,No Aspect Opinion,,Ambience,Annotated,Positive,changed,Reclassified 'No Aspect Opinion' to 'Ambience' with 'Positive' sentiment based on explicit evaluative opinion in text,high
REV_03726_C10_A01,REV_03726,REV_03726_C10,3725,The mocktails were nice,,No Aspect Opinion,Positive,Food,Annotated,Positive,changed,Restored omitted aspect 'Food' and Annotated status for evaluative assertion with existing sentiment 'Positive',high
REV_03728_C07_A01,REV_03728,REV_03728_C07,3727,Thats it to the place and good part,,No Aspect Opinion,Positive,General Experience,Annotated,Positive,changed,Restored omitted aspect 'General Experience' and Annotated status for evaluative assertion with existing sentiment 'Positive',high
REV_03728_C09_A01,REV_03728,REV_03728_C09,3727,food was ok,,No Aspect Opinion,,Food,Annotated,Neutral,changed,Reclassified 'No Aspect Opinion' to 'Food' with 'Neutral' sentiment based on explicit evaluative opinion in text,high
REV_03728_C28_A01,REV_03728,REV_03728_C28,3727,Cheesecake was pretty bad,,No Aspect Opinion,Negative,Food,Annotated,Negative,changed,Restored omitted aspect 'Food' and Annotated status for evaluative assertion with existing sentiment 'Negative',high
REV_03742_C01_A01,REV_03742,REV_03742_C01,3741,There were mosquitoes in the restaurant,,No Aspect Opinion,,Ambience,Annotated,Negative,changed,Reclassified 'No Aspect Opinion' to 'Ambience' with 'Negative' sentiment based on explicit evaluative opinion in text,high
REV_03742_C02_A01,REV_03742,REV_03742_C02,3741,The food was ok,,No Aspect Opinion,,Food,Annotated,Neutral,changed,Reclassified 'No Aspect Opinion' to 'Food' with 'Neutral' sentiment based on explicit evaluative opinion in text,high
REV_03764_C14_A01,REV_03764,REV_03764_C14,3763,Do visit this place with your loved ones I bet you will have a perfect date,,No Aspect Opinion,Positive,General Experience,Annotated,Positive,changed,Restored omitted aspect 'General Experience' and Annotated status for evaluative assertion with existing sentiment 'Positive',high
REV_03793_C06_A01,REV_03793,REV_03793_C06,3792,"It would be good if there are some directions put up on the road, it was not easy to find through the map",,No Aspect Opinion,Positive,General Experience,Annotated,Positive,changed,Restored omitted aspect 'General Experience' and Annotated status for evaluative assertion with existing sentiment 'Positive',high
REV_03900_C03_A01,REV_03900,REV_03900_C03,3899,service is prompt,,No Aspect Opinion,,Service,Annotated,Positive,changed,Reclassified 'No Aspect Opinion' to 'Service' with 'Positive' sentiment based on explicit evaluative opinion in text,high
REV_03942_C06_A01,REV_03942,REV_03942_C06,3941,I really liked the way they didn't backout when it came to adding olives and cherry tomatoes,,No Aspect Opinion,Positive,General Experience,Annotated,Positive,changed,Restored omitted aspect 'General Experience' and Annotated status for evaluative assertion with existing sentiment 'Positive',high
REV_04014_C10_A01,REV_04014,REV_04014_C10,4013,Keep it up👍,,No Aspect Opinion,Positive,General Experience,Annotated,Positive,changed,Restored omitted aspect 'General Experience' and Annotated status for evaluative assertion with existing sentiment 'Positive',high
REV_04026_C02_A01,REV_04026,REV_04026_C02,4025,Karachi crispy veg burger had a crispy bread and came with chips,,No Aspect Opinion,,Food,Annotated,Positive,changed,Reclassified 'No Aspect Opinion' to 'Food' with 'Positive' sentiment based on explicit evaluative opinion in text,high
REV_04051_C03_A01,REV_04051,REV_04051_C03,4050,They have scrumptious pasta and pizza as well,,No Aspect Opinion,,Food,Annotated,Positive,changed,Reclassified 'No Aspect Opinion' to 'Food' with 'Positive' sentiment based on explicit evaluative opinion in text,high
REV_04086_C01_A01,REV_04086,REV_04086_C01,4085,Awesome,,No Aspect Opinion,Positive,General Experience,Annotated,Positive,changed,Restored omitted aspect 'General Experience' and Annotated status for evaluative assertion with existing sentiment 'Positive',high
REV_04098_C03_A01,REV_04098,REV_04098_C03,4097,Atleast it was hot and well cooked,,No Aspect Opinion,,Food,Annotated,Positive,changed,Reclassified 'No Aspect Opinion' to 'Food' with 'Positive' sentiment based on explicit evaluative opinion in text,high
REV_04259_C02_A01,REV_04259,REV_04259_C02,4258,and that was really good,,No Aspect Opinion,Positive,General Experience,Annotated,Positive,changed,Restored omitted aspect 'General Experience' and Annotated status for evaluative assertion with existing sentiment 'Positive',high
REV_04259_C03_A01,REV_04259,REV_04259_C03,4258,The Shawarma is also pretty good,,No Aspect Opinion,Positive,General Experience,Annotated,Positive,changed,Restored omitted aspect 'General Experience' and Annotated status for evaluative assertion with existing sentiment 'Positive',high
REV_04326_C02_A01,REV_04326,REV_04326_C02,4325,Place is very noisy,,No Aspect Opinion,,Ambience,Annotated,Negative,changed,Reclassified 'No Aspect Opinion' to 'Ambience' with 'Negative' sentiment based on explicit evaluative opinion in text,high
REV_04336_C07_A01,REV_04336,REV_04336_C07,4335,"Music was too loud, very hard to converse with the team",,No Aspect Opinion,,Ambience,Annotated,Negative,changed,Reclassified 'No Aspect Opinion' to 'Ambience' with 'Negative' sentiment based on explicit evaluative opinion in text,high
REV_04338_C17_A01,REV_04338,REV_04338_C17,4337,"Now when we repeated our starter and ordered crispy potato again, AGAIN for the 3rd time they sent incorrect order and a Non Veg Starter again to us",,No Aspect Opinion,,Food,Annotated,Positive,changed,Reclassified 'No Aspect Opinion' to 'Food' with 'Positive' sentiment based on explicit evaluative opinion in text,high
REV_04424_C06_A01,REV_04424,REV_04424_C06,4423,Good luck and keep going,,No Aspect Opinion,Positive,General Experience,Annotated,Positive,changed,Restored omitted aspect 'General Experience' and Annotated status for evaluative assertion with existing sentiment 'Positive',high
REV_04449_C01_A01,REV_04449,REV_04449_C01,4448,nice,,No Aspect Opinion,Positive,General Experience,Annotated,Positive,changed,Restored omitted aspect 'General Experience' and Annotated status for evaluative assertion with existing sentiment 'Positive',high
REV_04479_C03_A01,REV_04479,REV_04479_C03,4478,The so called special 'Raju gari Pulao' was just a nightmare,,No Aspect Opinion,Positive,Food,Annotated,Positive,changed,Restored omitted aspect 'Food' and Annotated status for evaluative assertion with existing sentiment 'Positive',high
REV_04524_C04_A01,REV_04524,REV_04524_C04,4523,Heard good about Non Veg options,,No Aspect Opinion,Positive,General Experience,Annotated,Positive,changed,Restored omitted aspect 'General Experience' and Annotated status for evaluative assertion with existing sentiment 'Positive',high
REV_04542_C03_A01,REV_04542,REV_04542_C03,4541,Loved the started,,No Aspect Opinion,Positive,General Experience,Annotated,Positive,changed,Restored omitted aspect 'General Experience' and Annotated status for evaluative assertion with existing sentiment 'Positive',high
REV_04556_C15_A01,REV_04556,REV_04556_C15,4555,Pachi Mirchi kodi pulao was awesome,,No Aspect Opinion,Positive,General Experience,Annotated,Positive,changed,Restored omitted aspect 'General Experience' and Annotated status for evaluative assertion with existing sentiment 'Positive',high
REV_04568_C06_A01,REV_04568,REV_04568_C06,4567,"Coming to ragi sankati , it has disappointed me a bit",,No Aspect Opinion,Negative,Food,Annotated,Negative,changed,Restored omitted aspect 'Food' and Annotated status for evaluative assertion with existing sentiment 'Negative',high
REV_04568_C08_A01,REV_04568,REV_04568_C08,4567,it was not bad,,No Aspect Opinion,Negative,Food,Annotated,Negative,changed,Restored omitted aspect 'Food' and Annotated status for evaluative assertion with existing sentiment 'Negative',high
REV_04577_C02_A01,REV_04577,REV_04577_C02,4576,We ordered Godavari royalla vepudu that was good,,No Aspect Opinion,Positive,General Experience,Annotated,Positive,changed,Restored omitted aspect 'General Experience' and Annotated status for evaluative assertion with existing sentiment 'Positive',high
REV_04610_C02_A01,REV_04610,REV_04610_C02,4609,Unhygienic pace,,No Aspect Opinion,,Ambience,Annotated,Negative,changed,Reclassified 'No Aspect Opinion' to 'Ambience' with 'Negative' sentiment based on explicit evaluative opinion in text,high
REV_04619_C03_A01,REV_04619,REV_04619_C03,4618,Ordered honey crispy chicken and butter garlic prawns,,No Aspect Opinion,,Food,Annotated,Positive,changed,Reclassified 'No Aspect Opinion' to 'Food' with 'Positive' sentiment based on explicit evaluative opinion in text,high
REV_04619_C04_A01,REV_04619,REV_04619_C04,4618,They served honey crispy chicken was waiting for butter garlic prawns,,No Aspect Opinion,,Food,Annotated,Positive,changed,Reclassified 'No Aspect Opinion' to 'Food' with 'Positive' sentiment based on explicit evaluative opinion in text,high
REV_04712_C05_A01,REV_04712,REV_04712_C05,4711,Sambar was bot good,,No Aspect Opinion,Positive,General Experience,Annotated,Positive,changed,Restored omitted aspect 'General Experience' and Annotated status for evaluative assertion with existing sentiment 'Positive',high
REV_04712_C06_A01,REV_04712,REV_04712_C06,4711,Chutney was good,,No Aspect Opinion,Positive,General Experience,Annotated,Positive,changed,Restored omitted aspect 'General Experience' and Annotated status for evaluative assertion with existing sentiment 'Positive',high
REV_04734_C01_A01,REV_04734,REV_04734_C01,4733,very nice,,No Aspect Opinion,Positive,General Experience,Annotated,Positive,changed,Restored omitted aspect 'General Experience' and Annotated status for evaluative assertion with existing sentiment 'Positive',high
REV_04750_C03_A01,REV_04750,REV_04750_C03,4749,sambhar was real bad,,No Aspect Opinion,Negative,Food,Annotated,Negative,changed,Restored omitted aspect 'Food' and Annotated status for evaluative assertion with existing sentiment 'Negative',high
REV_04758_C01_A01,REV_04758,REV_04758_C01,4757,Worst,,No Aspect Opinion,Negative,Food,Annotated,Negative,changed,Restored omitted aspect 'Food' and Annotated status for evaluative assertion with existing sentiment 'Negative',high
REV_04789_C02_A01,REV_04789,REV_04789_C02,4788,"Ordered North Indian thali, taste was okay, not an extraordinary thali though",,No Aspect Opinion,,Food,Annotated,Neutral,changed,Reclassified 'No Aspect Opinion' to 'Food' with 'Neutral' sentiment based on explicit evaluative opinion in text,high
REV_04855_C02_A01,REV_04855,REV_04855_C02,4854,A bit overpriced,,No Aspect Opinion,,Price / Value,Annotated,Negative,changed,Reclassified 'No Aspect Opinion' to 'Price / Value' with 'Negative' sentiment based on explicit evaluative opinion in text,high
REV_04892_C08_A01,REV_04892,REV_04892_C08,4891,You can have absolutely anything here and it would turn out to be good,,No Aspect Opinion,Positive,General Experience,Annotated,Positive,changed,Restored omitted aspect 'General Experience' and Annotated status for evaluative assertion with existing sentiment 'Positive',high
REV_04911_C23_A01,REV_04911,REV_04911_C23,4910,Evrything about it was so good,,No Aspect Opinion,Positive,General Experience,Annotated,Positive,changed,Restored omitted aspect 'General Experience' and Annotated status for evaluative assertion with existing sentiment 'Positive',high
REV_04950_C01_A01,REV_04950,REV_04950_C01,4949,very good,,No Aspect Opinion,Positive,General Experience,Annotated,Positive,changed,Restored omitted aspect 'General Experience' and Annotated status for evaluative assertion with existing sentiment 'Positive',high
REV_05027_C01_A01,REV_05027,REV_05027_C01,5026,Good,,No Aspect Opinion,Positive,General Experience,Annotated,Positive,changed,Restored omitted aspect 'General Experience' and Annotated status for evaluative assertion with existing sentiment 'Positive',high
REV_05075_C03_A01,REV_05075,REV_05075_C03,5074,I liked biriyani which was plentiful,,No Aspect Opinion,Positive,General Experience,Annotated,Positive,changed,Restored omitted aspect 'General Experience' and Annotated status for evaluative assertion with existing sentiment 'Positive',high
REV_05161_C01_A01,REV_05161,REV_05161_C01,5160,Disappointed,,No Aspect Opinion,Negative,General Experience,Annotated,Negative,changed,Restored omitted aspect 'General Experience' and Annotated status for evaluative assertion with existing sentiment 'Negative',high
REV_05207_C02_A01,REV_05207,REV_05207_C02,5206,Hospitable staff,,No Aspect Opinion,,Service,Annotated,Positive,changed,Reclassified 'No Aspect Opinion' to 'Service' with 'Positive' sentiment based on explicit evaluative opinion in text,high
REV_05207_C05_A01,REV_05207,REV_05207_C05,5206,Everything was just awesome,,No Aspect Opinion,Positive,General Experience,Annotated,Positive,changed,Restored omitted aspect 'General Experience' and Annotated status for evaluative assertion with existing sentiment 'Positive',high
REV_05207_C06_A01,REV_05207,REV_05207_C06,5206,Really liked it,,No Aspect Opinion,Positive,General Experience,Annotated,Positive,changed,Restored omitted aspect 'General Experience' and Annotated status for evaluative assertion with existing sentiment 'Positive',high
REV_05231_C04_A01,REV_05231,REV_05231_C04,5230,Ambience was fine,,No Aspect Opinion,,Ambience,Annotated,Neutral,changed,Reclassified 'No Aspect Opinion' to 'Ambience' with 'Neutral' sentiment based on explicit evaluative opinion in text,high
REV_05265_C04_A01,REV_05265,REV_05265_C04,5264,"Received it in well packed box, which is sufficient for one foodie",,No Aspect Opinion,,Service,Annotated,Positive,changed,Reclassified 'No Aspect Opinion' to 'Service' with 'Positive' sentiment based on explicit evaluative opinion in text,high
REV_05265_C11_A01,REV_05265,REV_05265_C11,5264,This spoiled the whole taste as at each bite you taste Gobi instead of Manchurian sauce,,No Aspect Opinion,,Food,Annotated,Negative,changed,Reclassified 'No Aspect Opinion' to 'Food' with 'Negative' sentiment based on explicit evaluative opinion in text,high
REV_05283_C03_A01,REV_05283,REV_05283_C03,5282,as earlier the packing is not good,,No Aspect Opinion,Positive,Service,Annotated,Positive,changed,Restored omitted aspect 'Service' and Annotated status for evaluative assertion with existing sentiment 'Positive',high
REV_05285_C12_A01,REV_05285,REV_05285_C12,5284,How did you guys made it so tasteless,,No Aspect Opinion,,Food,Annotated,Negative,changed,Reclassified 'No Aspect Opinion' to 'Food' with 'Negative' sentiment based on explicit evaluative opinion in text,high
REV_05347_C05_A01,REV_05347,REV_05347_C05,5346,loved the time spent here,,No Aspect Opinion,Positive,General Experience,Annotated,Positive,changed,Restored omitted aspect 'General Experience' and Annotated status for evaluative assertion with existing sentiment 'Positive',high
REV_05365_C03_A01,REV_05365,REV_05365_C03,5364,Liked the cinnamon roll over there,,No Aspect Opinion,Positive,General Experience,Annotated,Positive,changed,Restored omitted aspect 'General Experience' and Annotated status for evaluative assertion with existing sentiment 'Positive',high
REV_05386_C07_A01,REV_05386,REV_05386_C07,5385,Potato wedges- Hot and Crispy,,No Aspect Opinion,,Food,Annotated,Positive,changed,Reclassified 'No Aspect Opinion' to 'Food' with 'Positive' sentiment based on explicit evaluative opinion in text,high
REV_05428_C01_A01,REV_05428,REV_05428_C01,5427,I thought this place was extremely overpriced for the taste and portions,,No Aspect Opinion,,Price / Value,Annotated,Negative,changed,Reclassified 'No Aspect Opinion' to 'Price / Value' with 'Negative' sentiment based on explicit evaluative opinion in text,high
REV_05488_C01_A01,REV_05488,REV_05488_C01,5487,I love my stay over here,,No Aspect Opinion,Positive,General Experience,Annotated,Positive,changed,Restored omitted aspect 'General Experience' and Annotated status for evaluative assertion with existing sentiment 'Positive',high
REV_05488_C03_A01,REV_05488,REV_05488_C03,5487,it was so nice,,No Aspect Opinion,Positive,General Experience,Annotated,Positive,changed,Restored omitted aspect 'General Experience' and Annotated status for evaluative assertion with existing sentiment 'Positive',high
REV_05539_C06_A01,REV_05539,REV_05539_C06,5538,Their live counter was something I loved the most,,No Aspect Opinion,Positive,General Experience,Annotated,Positive,changed,Restored omitted aspect 'General Experience' and Annotated status for evaluative assertion with existing sentiment 'Positive',high
REV_05541_C02_A01,REV_05541,REV_05541_C02,5540,"nothing, i mean nothing in this place was exceptionally good",,No Aspect Opinion,Positive,General Experience,Annotated,Positive,changed,Restored omitted aspect 'General Experience' and Annotated status for evaluative assertion with existing sentiment 'Positive',high
REV_05547_C01_A01,REV_05547,REV_05547_C01,5546,good job,,No Aspect Opinion,Positive,General Experience,Annotated,Positive,changed,Restored omitted aspect 'General Experience' and Annotated status for evaluative assertion with existing sentiment 'Positive',high
REV_05553_C01_A01,REV_05553,REV_05553_C01,5552,Daal & chapati was good,,No Aspect Opinion,Positive,General Experience,Annotated,Positive,changed,Restored omitted aspect 'General Experience' and Annotated status for evaluative assertion with existing sentiment 'Positive',high
REV_05553_C06_A01,REV_05553,REV_05553_C06,5552,Packing was good,,No Aspect Opinion,Positive,Service,Annotated,Positive,changed,Restored omitted aspect 'Service' and Annotated status for evaluative assertion with existing sentiment 'Positive',high
REV_05555_C02_A01,REV_05555,REV_05555_C02,5554,The place was very small and congested,,No Aspect Opinion,,Ambience,Annotated,Negative,changed,Reclassified 'No Aspect Opinion' to 'Ambience' with 'Negative' sentiment based on explicit evaluative opinion in text,high
REV_05555_C07_A01,REV_05555,REV_05555_C07,5554,But in panner and kaju pulao the masala is very less,,No Aspect Opinion,Negative,Food,Annotated,Negative,changed,Restored omitted aspect 'Food' and Annotated status for evaluative assertion with existing sentiment 'Negative',high
REV_05572_C03_A01,REV_05572,REV_05572_C03,5571,not good,,No Aspect Opinion,Positive,General Experience,Annotated,Positive,changed,Restored omitted aspect 'General Experience' and Annotated status for evaluative assertion with existing sentiment 'Positive',high
REV_05605_C01_A01,REV_05605,REV_05605_C01,5604,good tast,,No Aspect Opinion,Positive,General Experience,Annotated,Positive,changed,Restored omitted aspect 'General Experience' and Annotated status for evaluative assertion with existing sentiment 'Positive',high
REV_05651_C04_A01,REV_05651,REV_05651_C04,5650,The poppy corn was a nice change of pace,,No Aspect Opinion,Positive,General Experience,Annotated,Positive,changed,Restored omitted aspect 'General Experience' and Annotated status for evaluative assertion with existing sentiment 'Positive',high
REV_05653_C04_A01,REV_05653,REV_05653_C04,5652,"We were served with Poppy Corn & Merry Cherry as a part of their classic shakes, Caramel Brownie, Crunchy Blue & Berry, Mint o fruit from their premium shakes, Coffee Hazelnut & Cookie feast from their Exclusive shakes and Minty Cucumber, poppycorn and blue and berry from their slush sections",,No Aspect Opinion,,Food,Annotated,Positive,changed,Reclassified 'No Aspect Opinion' to 'Food' with 'Positive' sentiment based on explicit evaluative opinion in text,high
REV_05653_C05_A01,REV_05653,REV_05653_C05,5652,"The perfect shakes were: Poppy Corn, Caramel Brownie and Crunchy Blue & Berry",,No Aspect Opinion,,Food,Annotated,Positive,changed,Reclassified 'No Aspect Opinion' to 'Food' with 'Positive' sentiment based on explicit evaluative opinion in text,high
REV_05665_C03_A01,REV_05665,REV_05665_C03,5664,Keep up the good work,,No Aspect Opinion,Positive,General Experience,Annotated,Positive,changed,Restored omitted aspect 'General Experience' and Annotated status for evaluative assertion with existing sentiment 'Positive',high
REV_05669_C01_A01,REV_05669,REV_05669_C01,5668,awesome,,No Aspect Opinion,Positive,General Experience,Annotated,Positive,changed,Restored omitted aspect 'General Experience' and Annotated status for evaluative assertion with existing sentiment 'Positive',high
REV_05721_C05_A01,REV_05721,REV_05721_C05,5720,Best taste food,,No Aspect Opinion,,Food,Annotated,Positive,changed,Reclassified 'No Aspect Opinion' to 'Food' with 'Positive' sentiment based on explicit evaluative opinion in text,high
REV_05806_C03_A01,REV_05806,REV_05806_C03,5805,Really liked the packaging,,No Aspect Opinion,Positive,General Experience,Annotated,Positive,changed,Restored omitted aspect 'General Experience' and Annotated status for evaluative assertion with existing sentiment 'Positive',high
REV_05817_C01_A01,REV_05817,REV_05817_C01,5816,Pocket-friendly place for a quick round of drinks,,No Aspect Opinion,,Price / Value,Annotated,Positive,changed,Reclassified 'No Aspect Opinion' to 'Price / Value' with 'Positive' sentiment based on explicit evaluative opinion in text,high
REV_05817_C06_A01,REV_05817,REV_05817_C06,5816,it lived up to its name with juicy and succulent pieces :-),,No Aspect Opinion,Positive,Food,Annotated,Positive,changed,Restored omitted aspect 'Food' and Annotated status for evaluative assertion with existing sentiment 'Positive',high
REV_05835_C05_A01,REV_05835,REV_05835_C05,5834,I also ordered chicken popcorn which I felt was tasteless,,No Aspect Opinion,,Food,Annotated,Negative,changed,Reclassified 'No Aspect Opinion' to 'Food' with 'Negative' sentiment based on explicit evaluative opinion in text,high
REV_05839_C01_A01,REV_05839,REV_05839_C01,5838,"We ordered strawberry delight , virgin mojito, crispy corn and chicken 65",,No Aspect Opinion,,Food,Annotated,Positive,changed,Reclassified 'No Aspect Opinion' to 'Food' with 'Positive' sentiment based on explicit evaluative opinion in text,high
REV_05839_C02_A01,REV_05839,REV_05839_C02,5838,Crispy corn was too salty and the chicken 65 was not cooked properly,,No Aspect Opinion,,Food,Annotated,Positive,changed,Reclassified 'No Aspect Opinion' to 'Food' with 'Positive' sentiment based on explicit evaluative opinion in text,high
REV_05848_C02_A01,REV_05848,REV_05848_C02,5847,My personal favorite was definitely Pina colada,,No Aspect Opinion,Positive,Food,Annotated,Positive,changed,Restored omitted aspect 'Food' and Annotated status for evaluative assertion with existing sentiment 'Positive',high
REV_05915_C27_A01,REV_05915,REV_05915_C27,5914,the sides were too crispy,,No Aspect Opinion,,Food,Annotated,Positive,changed,Reclassified 'No Aspect Opinion' to 'Food' with 'Positive' sentiment based on explicit evaluative opinion in text,high
REV_05949_C27_A01,REV_05949,REV_05949_C27,5948,not crispy as we got busy catching up the tricks performed by the bartenders,,No Aspect Opinion,,Food,Annotated,Positive,changed,Reclassified 'No Aspect Opinion' to 'Food' with 'Positive' sentiment based on explicit evaluative opinion in text,high
REV_05980_C06_A01,REV_05980,REV_05980_C06,5979,overall I loved prism,,No Aspect Opinion,Positive,General Experience,Annotated,Positive,changed,Restored omitted aspect 'General Experience' and Annotated status for evaluative assertion with existing sentiment 'Positive',high
REV_06006_C03_A01,REV_06006,REV_06006_C03,6005,#DJMERINA is too good,,No Aspect Opinion,Positive,Ambience,Annotated,Positive,changed,Restored omitted aspect 'Ambience' and Annotated status for evaluative assertion with existing sentiment 'Positive',high
REV_06089_C01_A01,REV_06089,REV_06089_C01,6088,verry good,,No Aspect Opinion,Positive,General Experience,Annotated,Positive,changed,Restored omitted aspect 'General Experience' and Annotated status for evaluative assertion with existing sentiment 'Positive',high
REV_06103_C04_A01,REV_06103,REV_06103_C04,6102,Thanks for doc guys I will come again,,No Aspect Opinion,Positive,General Experience,Annotated,Positive,changed,Restored omitted aspect 'General Experience' and Annotated status for evaluative assertion with existing sentiment 'Positive',high
REV_06107_C05_A01,REV_06107,REV_06107_C05,6106,All were amazing,,No Aspect Opinion,Positive,General Experience,Annotated,Positive,changed,Restored omitted aspect 'General Experience' and Annotated status for evaluative assertion with existing sentiment 'Positive',high
REV_06144_C04_A01,REV_06144,REV_06144_C04,6143,It was very raw,,No Aspect Opinion,Negative,Food,Annotated,Negative,changed,Restored omitted aspect 'Food' and Annotated status for evaluative assertion with existing sentiment 'Negative',high
REV_06148_C01_A01,REV_06148,REV_06148_C01,6147,Prompt delivery,,No Aspect Opinion,,Service,Annotated,Positive,changed,Reclassified 'No Aspect Opinion' to 'Service' with 'Positive' sentiment based on explicit evaluative opinion in text,high
REV_06151_C04_A01,REV_06151,REV_06151_C04,6150,I thoroughly enjoyed the food,,No Aspect Opinion,,Food,Annotated,Positive,changed,Reclassified 'No Aspect Opinion' to 'Food' with 'Positive' sentiment based on explicit evaluative opinion in text,high
REV_06180_C05_A01,REV_06180,REV_06180_C05,6179,Fish was good,,No Aspect Opinion,Positive,Food,Annotated,Positive,changed,Restored omitted aspect 'Food' and Annotated status for evaluative assertion with existing sentiment 'Positive',high
REV_06201_C02_A01,REV_06201,REV_06201_C02,6200,Disappointed,,No Aspect Opinion,Negative,Food,Annotated,Negative,changed,Restored omitted aspect 'Food' and Annotated status for evaluative assertion with existing sentiment 'Negative',high
REV_06221_C03_A01,REV_06221,REV_06221_C03,6220,got disappointed,,No Aspect Opinion,Negative,Food,Annotated,Negative,changed,Restored omitted aspect 'Food' and Annotated status for evaluative assertion with existing sentiment 'Negative',high
REV_06237_C01_A01,REV_06237,REV_06237_C01,6236,excellent food,,No Aspect Opinion,,Food,Annotated,Positive,changed,Reclassified 'No Aspect Opinion' to 'Food' with 'Positive' sentiment based on explicit evaluative opinion in text,high
REV_06289_C02_A01,REV_06289,REV_06289_C02,6288,They didn't serve food till 11,,No Aspect Opinion,,Service,Annotated,Negative,changed,Reclassified 'No Aspect Opinion' to 'Service' with 'Negative' sentiment based on explicit evaluative opinion in text,high
REV_06289_C06_A01,REV_06289,REV_06289_C06,6288,It was a group event we all were very disappointing,,No Aspect Opinion,Negative,General Experience,Annotated,Negative,changed,Restored omitted aspect 'General Experience' and Annotated status for evaluative assertion with existing sentiment 'Negative',high
REV_06305_C05_A01,REV_06305,REV_06305_C05,6304,"The music is okay, tends to get a bit too loud later",,No Aspect Opinion,,Ambience,Annotated,Negative,changed,Reclassified 'No Aspect Opinion' to 'Ambience' with 'Negative' sentiment based on explicit evaluative opinion in text,high
REV_06319_C01_A01,REV_06319,REV_06319_C01,6318,Excellent food n drinks,,No Aspect Opinion,,Food,Annotated,Positive,changed,Reclassified 'No Aspect Opinion' to 'Food' with 'Positive' sentiment based on explicit evaluative opinion in text,high
REV_06319_C03_A01,REV_06319,REV_06319_C03,6318,loved it,,No Aspect Opinion,Positive,General Experience,Annotated,Positive,changed,Restored omitted aspect 'General Experience' and Annotated status for evaluative assertion with existing sentiment 'Positive',high
REV_06323_C01_A01,REV_06323,REV_06323_C01,6322,"Komatose, Holiday Inn, is a place which will guarantee you a great time",,No Aspect Opinion,Positive,General Experience,Annotated,Positive,changed,Restored omitted aspect 'General Experience' and Annotated status for evaluative assertion with existing sentiment 'Positive',high
REV_06343_C03_A01,REV_06343,REV_06343_C03,6342,You guys are awesome,,No Aspect Opinion,Positive,General Experience,Annotated,Positive,changed,Restored omitted aspect 'General Experience' and Annotated status for evaluative assertion with existing sentiment 'Positive',high
REV_06343_C06_A01,REV_06343,REV_06343_C06,6342,Great stuff,,No Aspect Opinion,Positive,General Experience,Annotated,Positive,changed,Restored omitted aspect 'General Experience' and Annotated status for evaluative assertion with existing sentiment 'Positive',high
REV_06383_C08_A01,REV_06383,REV_06383_C08,6382,Totally disappointed,,No Aspect Opinion,Negative,General Experience,Annotated,Negative,changed,Restored omitted aspect 'General Experience' and Annotated status for evaluative assertion with existing sentiment 'Negative',high
REV_06389_C03_A01,REV_06389,REV_06389_C03,6388,Price 3/5 overpriced,,No Aspect Opinion,,Price / Value,Annotated,Negative,changed,Reclassified 'No Aspect Opinion' to 'Price / Value' with 'Negative' sentiment based on explicit evaluative opinion in text,high
REV_06391_C06_A01,REV_06391,REV_06391_C06,6390,good,,No Aspect Opinion,Positive,General Experience,Annotated,Positive,changed,Restored omitted aspect 'General Experience' and Annotated status for evaluative assertion with existing sentiment 'Positive',high
REV_06418_C06_A01,REV_06418,REV_06418_C06,6417,due to road construction it was not good,,No Aspect Opinion,Positive,General Experience,Annotated,Positive,changed,Restored omitted aspect 'General Experience' and Annotated status for evaluative assertion with existing sentiment 'Positive',high
REV_06441_C01_A01,REV_06441,REV_06441_C01,6440,nice good,,No Aspect Opinion,Positive,General Experience,Annotated,Positive,changed,Restored omitted aspect 'General Experience' and Annotated status for evaluative assertion with existing sentiment 'Positive',high
REV_06472_C10_A01,REV_06472,REV_06472_C10,6471,I feel this is the best Haleem I had,,No Aspect Opinion,,Food,Annotated,Positive,changed,Reclassified 'No Aspect Opinion' to 'Food' with 'Positive' sentiment based on explicit evaluative opinion in text,high
REV_06498_C04_A01,REV_06498,REV_06498_C04,6497,Even one of the best place to have the Arabian Mandi,,No Aspect Opinion,Positive,General Experience,Annotated,Positive,changed,Restored omitted aspect 'General Experience' and Annotated status for evaluative assertion with existing sentiment 'Positive',high
REV_06512_C02_A01,REV_06512,REV_06512_C02,6511,and food was ok,,No Aspect Opinion,,Food,Annotated,Neutral,changed,Reclassified 'No Aspect Opinion' to 'Food' with 'Neutral' sentiment based on explicit evaluative opinion in text,high
REV_06537_C01_A01,REV_06537,REV_06537_C01,6536,This yum yum tree is peaceful and nice,,No Aspect Opinion,Positive,General Experience,Annotated,Positive,changed,Restored omitted aspect 'General Experience' and Annotated status for evaluative assertion with existing sentiment 'Positive',high
REV_06571_C04_A01,REV_06571,REV_06571_C04,6570,😍 Such a good Singer she is😊😊,,No Aspect Opinion,Positive,General Experience,Annotated,Positive,changed,Restored omitted aspect 'General Experience' and Annotated status for evaluative assertion with existing sentiment 'Positive',high
REV_06598_C06_A01,REV_06598,REV_06598_C06,6597,"The singer sang very good songs, had the mood up",,No Aspect Opinion,Positive,Ambience,Annotated,Positive,changed,Restored omitted aspect 'Ambience' and Annotated status for evaluative assertion with existing sentiment 'Positive',high
REV_06603_C03_A01,REV_06603,REV_06603_C03,6602,Have expected a good ambeince,,No Aspect Opinion,Positive,General Experience,Annotated,Positive,changed,Restored omitted aspect 'General Experience' and Annotated status for evaluative assertion with existing sentiment 'Positive',high
REV_06697_C04_A01,REV_06697,REV_06697_C04,6696,Good work,,No Aspect Opinion,Positive,General Experience,Annotated,Positive,changed,Restored omitted aspect 'General Experience' and Annotated status for evaluative assertion with existing sentiment 'Positive',high
REV_06715_C12_A01,REV_06715,REV_06715_C12,6714,crispy corn and mushroom and on the grill pineapple and paneer,,No Aspect Opinion,,Food,Annotated,Positive,changed,Reclassified 'No Aspect Opinion' to 'Food' with 'Positive' sentiment based on explicit evaluative opinion in text,high
REV_06715_C24_A01,REV_06715,REV_06715_C24,6714,Deserts are good,,No Aspect Opinion,Positive,Food,Annotated,Positive,changed,Restored omitted aspect 'Food' and Annotated status for evaluative assertion with existing sentiment 'Positive',high
REV_06760_C08_A01,REV_06760,REV_06760_C08,6759,"Crispy corn, salsa potato and pineapple were also available",,No Aspect Opinion,,Food,Annotated,Positive,changed,Reclassified 'No Aspect Opinion' to 'Food' with 'Positive' sentiment based on explicit evaluative opinion in text,high
REV_06760_C11_A01,REV_06760,REV_06760_C11,6759,Loved the galebi and rabdi the most,,No Aspect Opinion,Positive,General Experience,Annotated,Positive,changed,Restored omitted aspect 'General Experience' and Annotated status for evaluative assertion with existing sentiment 'Positive',high
REV_06769_C18_A01,REV_06769,REV_06769_C18,6768,their main course spread is huge too,,No Aspect Opinion,Positive,Food,Annotated,Positive,changed,Restored omitted aspect 'Food' and Annotated status for evaluative assertion with existing sentiment 'Positive',high
REV_06769_C22_A01,REV_06769,REV_06769_C22,6768,Gulad jamun and jilebi with rabdi were lip smacking,,No Aspect Opinion,,Food,Annotated,Positive,changed,Reclassified 'No Aspect Opinion' to 'Food' with 'Positive' sentiment based on explicit evaluative opinion in text,high
REV_06783_C02_A01,REV_06783,REV_06783_C02,6782,Was total disappointed yesterday night,,No Aspect Opinion,Negative,General Experience,Annotated,Negative,changed,Restored omitted aspect 'General Experience' and Annotated status for evaluative assertion with existing sentiment 'Negative',high
REV_06816_C14_A01,REV_06816,REV_06816_C14,6815,attentive service always goes a long way and we will be back,,No Aspect Opinion,,Service,Annotated,Positive,changed,Reclassified 'No Aspect Opinion' to 'Service' with 'Positive' sentiment based on explicit evaluative opinion in text,high
REV_06819_C02_A01,REV_06819,REV_06819_C02,6818,Had good time here,,No Aspect Opinion,Positive,General Experience,Annotated,Positive,changed,Restored omitted aspect 'General Experience' and Annotated status for evaluative assertion with existing sentiment 'Positive',high
REV_06871_C05_A01,REV_06871,REV_06871_C05,6870,rest everything went superb,,No Aspect Opinion,Positive,General Experience,Annotated,Positive,changed,Restored omitted aspect 'General Experience' and Annotated status for evaluative assertion with existing sentiment 'Positive',high
REV_06897_C01_A01,REV_06897,REV_06897_C01,6896,#Disappointed,,No Aspect Opinion,Negative,General Experience,Annotated,Negative,changed,Restored omitted aspect 'General Experience' and Annotated status for evaluative assertion with existing sentiment 'Negative',high
REV_06912_C05_A01,REV_06912,REV_06912_C05,6911,Especially the starters are well cooked and served,,No Aspect Opinion,,Food,Annotated,Positive,changed,Reclassified 'No Aspect Opinion' to 'Food' with 'Positive' sentiment based on explicit evaluative opinion in text,high
REV_06936_C02_A01,REV_06936,REV_06936_C02,6935,"Google showed their closing time and we were going to reach at 3.15, so we called to confirm and they were ok",,No Aspect Opinion,Neutral,Food,Annotated,Neutral,changed,Restored omitted aspect 'Food' and Annotated status for evaluative assertion with existing sentiment 'Neutral',high
REV_06969_C04_A01,REV_06969,REV_06969_C04,6968,Surely would like to come again,,No Aspect Opinion,Positive,General Experience,Annotated,Positive,changed,Restored omitted aspect 'General Experience' and Annotated status for evaluative assertion with existing sentiment 'Positive',high
REV_06975_C04_A01,REV_06975,REV_06975_C04,6974,"Well, in a nutshell, they loved it and so did I",,No Aspect Opinion,Positive,General Experience,Annotated,Positive,changed,Restored omitted aspect 'General Experience' and Annotated status for evaluative assertion with existing sentiment 'Positive',high
REV_07002_C01_A01,REV_07002,REV_07002_C01,7001,An Al time favorite,,No Aspect Opinion,Positive,Food,Annotated,Positive,changed,Restored omitted aspect 'Food' and Annotated status for evaluative assertion with existing sentiment 'Positive',high
REV_07192_C01_A01,REV_07192,REV_07192_C01,7191,Was super excited to try out the special Navratri Thali from Faasos,,No Aspect Opinion,Positive,Food,Annotated,Positive,changed,Restored omitted aspect 'Food' and Annotated status for evaluative assertion with existing sentiment 'Positive',high
REV_07201_C15_A01,REV_07201,REV_07201_C15,7200,Keep up the good work,,No Aspect Opinion,Positive,General Experience,Annotated,Positive,changed,Restored omitted aspect 'General Experience' and Annotated status for evaluative assertion with existing sentiment 'Positive',high
REV_07274_C01_A01,REV_07274,REV_07274_C01,7273,One of the best biryani of the this ipl season accidentally order,,No Aspect Opinion,,Food,Annotated,Positive,changed,Reclassified 'No Aspect Opinion' to 'Food' with 'Positive' sentiment based on explicit evaluative opinion in text,high
REV_07287_C01_A01,REV_07287,REV_07287_C01,7286,Not so Good,,No Aspect Opinion,Positive,General Experience,Annotated,Positive,changed,Restored omitted aspect 'General Experience' and Annotated status for evaluative assertion with existing sentiment 'Positive',high
REV_07302_C01_A01,REV_07302,REV_07302_C01,7301,Good,,No Aspect Opinion,Positive,General Experience,Annotated,Positive,changed,Restored omitted aspect 'General Experience' and Annotated status for evaluative assertion with existing sentiment 'Positive',high
REV_07303_C01_A01,REV_07303,REV_07303_C01,7302,very good,,No Aspect Opinion,Positive,General Experience,Annotated,Positive,changed,Restored omitted aspect 'General Experience' and Annotated status for evaluative assertion with existing sentiment 'Positive',high
REV_07328_C01_A01,REV_07328,REV_07328_C01,7327,Worst packing,,No Aspect Opinion,Negative,Service,Annotated,Negative,changed,Restored omitted aspect 'Service' and Annotated status for evaluative assertion with existing sentiment 'Negative',high
REV_07359_C02_A01,REV_07359,REV_07359_C02,7358,Prompt delivery,,No Aspect Opinion,,Service,Annotated,Positive,changed,Reclassified 'No Aspect Opinion' to 'Service' with 'Positive' sentiment based on explicit evaluative opinion in text,high
REV_07365_C02_A01,REV_07365,REV_07365_C02,7364,only selected items are good,,No Aspect Opinion,Positive,General Experience,Annotated,Positive,changed,Restored omitted aspect 'General Experience' and Annotated status for evaluative assertion with existing sentiment 'Positive',high
REV_07394_C02_A01,REV_07394,REV_07394_C02,7393,Loved the old school charm and new age tech enablement,,No Aspect Opinion,Positive,General Experience,Annotated,Positive,changed,Restored omitted aspect 'General Experience' and Annotated status for evaluative assertion with existing sentiment 'Positive',high
REV_07456_C03_A01,REV_07456,REV_07456_C03,7455,It was amazing,,No Aspect Opinion,Positive,General Experience,Annotated,Positive,changed,Restored omitted aspect 'General Experience' and Annotated status for evaluative assertion with existing sentiment 'Positive',high
REV_07468_C05_A01,REV_07468,REV_07468_C05,7467,Its pure veg and being a vegeterian i thoroughly enjoyed the dishes,,No Aspect Opinion,,Food,Annotated,Positive,changed,Reclassified 'No Aspect Opinion' to 'Food' with 'Positive' sentiment based on explicit evaluative opinion in text,high
REV_07489_C05_A01,REV_07489,REV_07489_C05,7488,Great job Squeeze lime team: Mr,,No Aspect Opinion,Positive,General Experience,Annotated,Positive,changed,Restored omitted aspect 'General Experience' and Annotated status for evaluative assertion with existing sentiment 'Positive',high
REV_07509_C02_A01,REV_07509,REV_07509_C02,7508,everything else good,,No Aspect Opinion,Positive,General Experience,Annotated,Positive,changed,Restored omitted aspect 'General Experience' and Annotated status for evaluative assertion with existing sentiment 'Positive',high
REV_07587_C03_A01,REV_07587,REV_07587_C03,7586,Mutton biryani was really delectable,,No Aspect Opinion,,Food,Annotated,Positive,changed,Reclassified 'No Aspect Opinion' to 'Food' with 'Positive' sentiment based on explicit evaluative opinion in text,high
REV_07587_C09_A01,REV_07587,REV_07587_C09,7586,It was little dark,,No Aspect Opinion,,Ambience,Annotated,Negative,changed,Reclassified 'No Aspect Opinion' to 'Ambience' with 'Negative' sentiment based on explicit evaluative opinion in text,high
REV_07589_C04_A01,REV_07589,REV_07589_C04,7588,Pieces were also very good,,No Aspect Opinion,Positive,General Experience,Annotated,Positive,changed,Restored omitted aspect 'General Experience' and Annotated status for evaluative assertion with existing sentiment 'Positive',high
REV_07683_C01_A01,REV_07683,REV_07683_C01,7682,Visited this place for lunch buffet after seeing a lot of good reviews,,No Aspect Opinion,Positive,General Experience,Annotated,Positive,changed,Restored omitted aspect 'General Experience' and Annotated status for evaluative assertion with existing sentiment 'Positive',high
REV_07683_C05_A01,REV_07683,REV_07683_C05,7682,none of them was good,,No Aspect Opinion,Positive,General Experience,Annotated,Positive,changed,Restored omitted aspect 'General Experience' and Annotated status for evaluative assertion with existing sentiment 'Positive',high
REV_07727_C01_A01,REV_07727,REV_07727_C01,7726,decent,,No Aspect Opinion,Positive,Food,Annotated,Positive,changed,Restored omitted aspect 'Food' and Annotated status for evaluative assertion with existing sentiment 'Positive',high
REV_07765_C04_A01,REV_07765,REV_07765_C04,7764,Okayish,,No Aspect Opinion,Neutral,Food,Annotated,Neutral,changed,Restored omitted aspect 'Food' and Annotated status for evaluative assertion with existing sentiment 'Neutral',high
REV_07792_C01_A01,REV_07792,REV_07792_C01,7791,nice good,,No Aspect Opinion,Positive,General Experience,Annotated,Positive,changed,Restored omitted aspect 'General Experience' and Annotated status for evaluative assertion with existing sentiment 'Positive',high
REV_07805_C01_A01,REV_07805,REV_07805_C01,7804,good sarvece,,No Aspect Opinion,Positive,General Experience,Annotated,Positive,changed,Restored omitted aspect 'General Experience' and Annotated status for evaluative assertion with existing sentiment 'Positive',high
REV_07831_C06_A01,REV_07831,REV_07831_C06,7830,Price is average,,No Aspect Opinion,,Price / Value,Annotated,Neutral,changed,Reclassified 'No Aspect Opinion' to 'Price / Value' with 'Neutral' sentiment based on explicit evaluative opinion in text,high
REV_07857_C01_A01,REV_07857,REV_07857_C01,7856,nice,,No Aspect Opinion,Positive,General Experience,Annotated,Positive,changed,Restored omitted aspect 'General Experience' and Annotated status for evaluative assertion with existing sentiment 'Positive',high
REV_07866_C01_A01,REV_07866,REV_07866_C01,7865,worst,,No Aspect Opinion,Negative,Food,Annotated,Negative,changed,Restored omitted aspect 'Food' and Annotated status for evaluative assertion with existing sentiment 'Negative',high
REV_07871_C01_A01,REV_07871,REV_07871_C01,7870,all Nana were burnt,,No Aspect Opinion,Negative,Food,Annotated,Negative,changed,Restored omitted aspect 'Food' and Annotated status for evaluative assertion with existing sentiment 'Negative',high
REV_07887_C03_A01,REV_07887,REV_07887_C03,7886,other wise good,,No Aspect Opinion,Positive,General Experience,Annotated,Positive,changed,Restored omitted aspect 'General Experience' and Annotated status for evaluative assertion with existing sentiment 'Positive',high
REV_07904_C01_A01,REV_07904,REV_07904_C01,7903,Not good at all,,No Aspect Opinion,Positive,General Experience,Annotated,Positive,changed,Restored omitted aspect 'General Experience' and Annotated status for evaluative assertion with existing sentiment 'Positive',high
REV_07948_C01_A01,REV_07948,REV_07948_C01,7947,good,,No Aspect Opinion,Positive,General Experience,Annotated,Positive,changed,Restored omitted aspect 'General Experience' and Annotated status for evaluative assertion with existing sentiment 'Positive',high
REV_07952_C01_A01,REV_07952,REV_07952_C01,7951,good n on time,,No Aspect Opinion,Positive,General Experience,Annotated,Positive,changed,Restored omitted aspect 'General Experience' and Annotated status for evaluative assertion with existing sentiment 'Positive',high
REV_07965_C01_A01,REV_07965,REV_07965_C01,7964,Good job,,No Aspect Opinion,Positive,General Experience,Annotated,Positive,changed,Restored omitted aspect 'General Experience' and Annotated status for evaluative assertion with existing sentiment 'Positive',high
REV_08015_C02_A01,REV_08015,REV_08015_C02,8014,Food was ok,,No Aspect Opinion,,Food,Annotated,Neutral,changed,Reclassified 'No Aspect Opinion' to 'Food' with 'Neutral' sentiment based on explicit evaluative opinion in text,high
REV_08148_C01_A01,REV_08148,REV_08148_C01,8147,Very very very very disappointed,,No Aspect Opinion,Negative,General Experience,Annotated,Negative,changed,Restored omitted aspect 'General Experience' and Annotated status for evaluative assertion with existing sentiment 'Negative',high
REV_08159_C05_A01,REV_08159,REV_08159_C05,8158,price ok,,No Aspect Opinion,,Price / Value,Annotated,Neutral,changed,Reclassified 'No Aspect Opinion' to 'Price / Value' with 'Neutral' sentiment based on explicit evaluative opinion in text,high
REV_08164_C03_A01,REV_08164,REV_08164_C03,8163,service and unhygienic food/ambience describes a holistic and gloomy conditions of the restaurant,,No Aspect Opinion,,Ambience,Annotated,Negative,changed,Reclassified 'No Aspect Opinion' to 'Ambience' with 'Negative' sentiment based on explicit evaluative opinion in text,high
REV_08179_C02_A01,REV_08179,REV_08179_C02,8178,Good to go in the evening,,No Aspect Opinion,Positive,General Experience,Annotated,Positive,changed,Restored omitted aspect 'General Experience' and Annotated status for evaluative assertion with existing sentiment 'Positive',high
REV_08212_C01_A01,REV_08212,REV_08212_C01,8211,It’s a disaster,,No Aspect Opinion,,General Experience,Annotated,Negative,changed,Reclassified 'No Aspect Opinion' to 'General Experience' with 'Negative' sentiment based on explicit evaluative opinion in text,high
REV_08217_C02_A01,REV_08217,REV_08217_C02,8216,I am Disappointed,,No Aspect Opinion,Negative,General Experience,Annotated,Negative,changed,Restored omitted aspect 'General Experience' and Annotated status for evaluative assertion with existing sentiment 'Negative',high
REV_08235_C06_A01,REV_08235,REV_08235_C06,8234,Veg steamed momos:The packaging was real bad and u cud see momos out of the silver foil box,,No Aspect Opinion,Negative,Food,Annotated,Negative,changed,Restored omitted aspect 'Food' and Annotated status for evaluative assertion with existing sentiment 'Negative',high
REV_08235_C12_A01,REV_08235,REV_08235_C12,8234,Highly disappointing,,No Aspect Opinion,Negative,Food,Annotated,Negative,changed,Restored omitted aspect 'Food' and Annotated status for evaluative assertion with existing sentiment 'Negative',high
REV_08243_C01_A01,REV_08243,REV_08243_C01,8242,One of the best momos place in hyderabad,,No Aspect Opinion,Positive,General Experience,Annotated,Positive,changed,Restored omitted aspect 'General Experience' and Annotated status for evaluative assertion with existing sentiment 'Positive',high
REV_08243_C05_A01,REV_08243,REV_08243_C05,8242,Momos have good amounrlt of filling with thin outer covering,,No Aspect Opinion,Positive,Food,Annotated,Positive,changed,Restored omitted aspect 'Food' and Annotated status for evaluative assertion with existing sentiment 'Positive',high
REV_08257_C03_A01,REV_08257,REV_08257_C03,8256,Filling was good,,No Aspect Opinion,Positive,Food,Annotated,Positive,changed,Restored omitted aspect 'Food' and Annotated status for evaluative assertion with existing sentiment 'Positive',high
REV_08267_C01_A01,REV_08267,REV_08267_C01,8266,I loved it,,No Aspect Opinion,Positive,General Experience,Annotated,Positive,changed,Restored omitted aspect 'General Experience' and Annotated status for evaluative assertion with existing sentiment 'Positive',high
REV_08273_C01_A01,REV_08273,REV_08273_C01,8272,awesome,,No Aspect Opinion,Positive,General Experience,Annotated,Positive,changed,Restored omitted aspect 'General Experience' and Annotated status for evaluative assertion with existing sentiment 'Positive',high
REV_08330_C03_A01,REV_08330,REV_08330_C03,8329,"While the Dark was awesome, the other two items disappointed me",,No Aspect Opinion,Negative,Food,Annotated,Negative,changed,Restored omitted aspect 'Food' and Annotated status for evaluative assertion with existing sentiment 'Negative',high
REV_08334_C04_A01,REV_08334,REV_08334_C04,8333,"Very rubbery, was difficult to cut",,No Aspect Opinion,,Food,Annotated,Negative,changed,Reclassified 'No Aspect Opinion' to 'Food' with 'Negative' sentiment based on explicit evaluative opinion in text,high
REV_08338_C02_A01,REV_08338,REV_08338_C02,8337,The pic was sooo good,,No Aspect Opinion,Positive,General Experience,Annotated,Positive,changed,Restored omitted aspect 'General Experience' and Annotated status for evaluative assertion with existing sentiment 'Positive',high
REV_08338_C05_A01,REV_08338,REV_08338_C05,8337,Anywaz it was good,,No Aspect Opinion,Positive,General Experience,Annotated,Positive,changed,Restored omitted aspect 'General Experience' and Annotated status for evaluative assertion with existing sentiment 'Positive',high
REV_08359_C03_A01,REV_08359,REV_08359_C03,8358,it’s unhygienic even,,No Aspect Opinion,,Ambience,Annotated,Negative,changed,Reclassified 'No Aspect Opinion' to 'Ambience' with 'Negative' sentiment based on explicit evaluative opinion in text,high
REV_08380_C02_A01,REV_08380,REV_08380_C02,8379,very good offers,,No Aspect Opinion,Positive,General Experience,Annotated,Positive,changed,Restored omitted aspect 'General Experience' and Annotated status for evaluative assertion with existing sentiment 'Positive',high
REV_08418_C01_A01,REV_08418,REV_08418_C01,8417,American Wild Wings is an affordable version of B-dubs,,No Aspect Opinion,,Price / Value,Annotated,Positive,changed,Reclassified 'No Aspect Opinion' to 'Price / Value' with 'Positive' sentiment based on explicit evaluative opinion in text,high
REV_08426_C38_A01,REV_08426,REV_08426_C38,8425,All those are good,,No Aspect Opinion,Positive,General Experience,Annotated,Positive,changed,Restored omitted aspect 'General Experience' and Annotated status for evaluative assertion with existing sentiment 'Positive',high
REV_08436_C04_A01,REV_08436,REV_08436_C04,8435,best place to spend with friends and family in and around gachibowli,,No Aspect Opinion,Positive,General Experience,Annotated,Positive,changed,Restored omitted aspect 'General Experience' and Annotated status for evaluative assertion with existing sentiment 'Positive',high
REV_08484_C02_A01,REV_08484,REV_08484_C02,8483,but no store has ever been this bad,,No Aspect Opinion,Negative,Food,Annotated,Negative,changed,Restored omitted aspect 'Food' and Annotated status for evaluative assertion with existing sentiment 'Negative',high
REV_08550_C01_A01,REV_08550,REV_08550_C01,8549,Awesome,,No Aspect Opinion,Positive,General Experience,Annotated,Positive,changed,Restored omitted aspect 'General Experience' and Annotated status for evaluative assertion with existing sentiment 'Positive',high
REV_08597_C01_A01,REV_08597,REV_08597_C01,8596,Please be advised of the tasteless crap load sold as shawarma,,No Aspect Opinion,,Food,Annotated,Negative,changed,Reclassified 'No Aspect Opinion' to 'Food' with 'Negative' sentiment based on explicit evaluative opinion in text,high
REV_08621_C01_A01,REV_08621,REV_08621_C01,8620,great as always!🤝,,No Aspect Opinion,Positive,General Experience,Annotated,Positive,changed,Restored omitted aspect 'General Experience' and Annotated status for evaluative assertion with existing sentiment 'Positive',high
REV_08645_C01_A01,REV_08645,REV_08645_C01,8644,horrible shawarma,,No Aspect Opinion,Negative,Food,Annotated,Negative,changed,Restored omitted aspect 'Food' and Annotated status for evaluative assertion with existing sentiment 'Negative',high
REV_08659_C01_A01,REV_08659,REV_08659_C01,8658,Located in midst of SLN terminus this place is a sports bar where you can enjoy a chilled beer along with a good match screening,,No Aspect Opinion,Positive,General Experience,Annotated,Positive,changed,Restored omitted aspect 'General Experience' and Annotated status for evaluative assertion with existing sentiment 'Positive',high
REV_08700_C17_A01,REV_08700,REV_08700_C17,8699,"Each of the diets had two curries on offer with a choice of breads and rice, where the non vegetarian sect had Chicken Curry and Murg Makhani along with some delectable Chicken Tikka Biryani",,No Aspect Opinion,,Food,Annotated,Positive,changed,Reclassified 'No Aspect Opinion' to 'Food' with 'Positive' sentiment based on explicit evaluative opinion in text,high
REV_08702_C23_A01,REV_08702,REV_08702_C23,8701,The roll was passable,,No Aspect Opinion,,Food,Annotated,Neutral,changed,Reclassified 'No Aspect Opinion' to 'Food' with 'Neutral' sentiment based on explicit evaluative opinion in text,high
REV_08702_C27_A01,REV_08702,REV_08702_C27,8701,Nothing special,,No Aspect Opinion,Neutral,Food,Annotated,Neutral,changed,Restored omitted aspect 'Food' and Annotated status for evaluative assertion with existing sentiment 'Neutral',high
REV_08702_C34_A01,REV_08702,REV_08702_C34,8701,"Except a few dishes like the chicken curry and chicken tikka biryani, the rest were tasteless",,No Aspect Opinion,,Food,Annotated,Negative,changed,Reclassified 'No Aspect Opinion' to 'Food' with 'Negative' sentiment based on explicit evaluative opinion in text,high
REV_08714_C04_A01,REV_08714,REV_08714_C04,8713,Mocktails were not good,,No Aspect Opinion,Negative,Food,Annotated,Negative,changed,Restored omitted aspect 'Food' and Annotated status for evaluative assertion with existing sentiment 'Negative',high
REV_08715_C06_A01,REV_08715,REV_08715_C06,8714,average to good,,No Aspect Opinion,Positive,General Experience,Annotated,Positive,changed,Restored omitted aspect 'General Experience' and Annotated status for evaluative assertion with existing sentiment 'Positive',high
REV_08725_C14_A01,REV_08725,REV_08725_C14,8724,Liked it,,No Aspect Opinion,Positive,General Experience,Annotated,Positive,changed,Restored omitted aspect 'General Experience' and Annotated status for evaluative assertion with existing sentiment 'Positive',high
REV_08733_C03_A01,REV_08733,REV_08733_C03,8732,Naans were lip smacking,,No Aspect Opinion,,Food,Annotated,Positive,changed,Reclassified 'No Aspect Opinion' to 'Food' with 'Positive' sentiment based on explicit evaluative opinion in text,high
REV_08748_C05_A01,REV_08748,REV_08748_C05,8747,was also not up to the mark,,No Aspect Opinion,Negative,Food,Annotated,Negative,changed,Restored omitted aspect 'Food' and Annotated status for evaluative assertion with existing sentiment 'Negative',high
REV_08748_C06_A01,REV_08748,REV_08748_C06,8747,Thought of making peace with the situation by hoping that the desserts would at least be nice,,No Aspect Opinion,Positive,Food,Annotated,Positive,changed,Restored omitted aspect 'Food' and Annotated status for evaluative assertion with existing sentiment 'Positive',high
REV_08748_C07_A01,REV_08748,REV_08748_C07,8747,but they too weren't nice,,No Aspect Opinion,Positive,General Experience,Annotated,Positive,changed,Restored omitted aspect 'General Experience' and Annotated status for evaluative assertion with existing sentiment 'Positive',high
REV_08770_C03_A01,REV_08770,REV_08770_C03,8769,very nice gesture on his part,,No Aspect Opinion,Positive,General Experience,Annotated,Positive,changed,Restored omitted aspect 'General Experience' and Annotated status for evaluative assertion with existing sentiment 'Positive',high
REV_08828_C12_A01,REV_08828,REV_08828_C12,8827,In veg crispy veg was a must have,,No Aspect Opinion,,Food,Annotated,Positive,changed,Reclassified 'No Aspect Opinion' to 'Food' with 'Positive' sentiment based on explicit evaluative opinion in text,high
REV_08828_C16_A01,REV_08828,REV_08828_C16,8827,another great spread and good options for veg and non veg,,No Aspect Opinion,Positive,General Experience,Annotated,Positive,changed,Restored omitted aspect 'General Experience' and Annotated status for evaluative assertion with existing sentiment 'Positive',high
REV_08828_C35_A01,REV_08828,REV_08828_C35,8827,A little more organized would be good,,No Aspect Opinion,Positive,General Experience,Annotated,Positive,changed,Restored omitted aspect 'General Experience' and Annotated status for evaluative assertion with existing sentiment 'Positive',high
REV_08848_C02_A01,REV_08848,REV_08848_C02,8847,"however, it turned out to be a disaster",,No Aspect Opinion,,General Experience,Annotated,Negative,changed,Reclassified 'No Aspect Opinion' to 'General Experience' with 'Negative' sentiment based on explicit evaluative opinion in text,high
REV_08862_C03_A01,REV_08862,REV_08862_C03,8861,infested with mosquitoes (last thing that u will expect from Hyatt),,No Aspect Opinion,,Ambience,Annotated,Negative,changed,Reclassified 'No Aspect Opinion' to 'Ambience' with 'Negative' sentiment based on explicit evaluative opinion in text,high
REV_08866_C10_A01,REV_08866,REV_08866_C10,8865,"Next, we found the glasses a little smelly which we asked to be replaced",,No Aspect Opinion,,Food,Annotated,Negative,changed,Reclassified 'No Aspect Opinion' to 'Food' with 'Negative' sentiment based on explicit evaluative opinion in text,high
REV_08866_C19_A01,REV_08866,REV_08866_C19,8865,Loved the ariselu live counter,,No Aspect Opinion,Positive,General Experience,Annotated,Positive,changed,Restored omitted aspect 'General Experience' and Annotated status for evaluative assertion with existing sentiment 'Positive',high
REV_08870_C02_A01,REV_08870,REV_08870_C02,8869,Keep up the good work,,No Aspect Opinion,Positive,General Experience,Annotated,Positive,changed,Restored omitted aspect 'General Experience' and Annotated status for evaluative assertion with existing sentiment 'Positive',high
REV_08884_C02_A01,REV_08884,REV_08884_C02,8883,"Secondly we ordered Caesar salad and chicken was rubbery and we ended up eating only salad then we ordered club sandwich and spaghetti pasta , club sandwich was OK",,No Aspect Opinion,,Food,Annotated,Negative,changed,Reclassified 'No Aspect Opinion' to 'Food' with 'Negative' sentiment based on explicit evaluative opinion in text,high
REV_08942_C03_A01,REV_08942,REV_08942_C03,8941,Truly disappointed to see the brunch at this level,,No Aspect Opinion,Negative,Food,Annotated,Negative,changed,Restored omitted aspect 'Food' and Annotated status for evaluative assertion with existing sentiment 'Negative',high
REV_08956_C22_A01,REV_08956,REV_08956_C22,8955,The taste was fine with the right amount of chilly spiciness,,No Aspect Opinion,,Food,Annotated,Neutral,changed,Reclassified 'No Aspect Opinion' to 'Food' with 'Neutral' sentiment based on explicit evaluative opinion in text,high
REV_08956_C26_A01,REV_08956,REV_08956_C26,8955,Overall fine dining experience:,,No Aspect Opinion,,General Experience,Annotated,Neutral,changed,Reclassified 'No Aspect Opinion' to 'General Experience' with 'Neutral' sentiment based on explicit evaluative opinion in text,high
REV_08966_C03_A01,REV_08966,REV_08966_C03,8965,Would surely come back again,,No Aspect Opinion,,General Experience,Annotated,Positive,changed,Reclassified 'No Aspect Opinion' to 'General Experience' with 'Positive' sentiment based on explicit evaluative opinion in text,high
REV_09091_C02_A01,REV_09091,REV_09091_C02,9090,loved it,,No Aspect Opinion,Positive,General Experience,Annotated,Positive,changed,Restored omitted aspect 'General Experience' and Annotated status for evaluative assertion with existing sentiment 'Positive',high
REV_09106_C01_A01,REV_09106,REV_09106_C01,9105,Awful burger,,No Aspect Opinion,,Food,Annotated,Negative,changed,Reclassified 'No Aspect Opinion' to 'Food' with 'Negative' sentiment based on explicit evaluative opinion in text,high
REV_09119_C11_A01,REV_09119,REV_09119_C11,9118,4/5 ( Nice hangout place near gachibowli ),,No Aspect Opinion,Positive,General Experience,Annotated,Positive,changed,Restored omitted aspect 'General Experience' and Annotated status for evaluative assertion with existing sentiment 'Positive',high
REV_09138_C12_A01,REV_09138,REV_09138_C12,9137,Simple and goody good,,No Aspect Opinion,Positive,General Experience,Annotated,Positive,changed,Restored omitted aspect 'General Experience' and Annotated status for evaluative assertion with existing sentiment 'Positive',high
REV_09138_C24_A01,REV_09138,REV_09138_C24,9137,This one was good,,No Aspect Opinion,Positive,General Experience,Annotated,Positive,changed,Restored omitted aspect 'General Experience' and Annotated status for evaluative assertion with existing sentiment 'Positive',high
REV_09161_C03_A01,REV_09161,REV_09161_C03,9160,the packing style is also good,,No Aspect Opinion,Positive,Service,Annotated,Positive,changed,Restored omitted aspect 'Service' and Annotated status for evaluative assertion with existing sentiment 'Positive',high
REV_09169_C03_A01,REV_09169,REV_09169_C03,9168,"It was so so soggy and made up of such dough and had lumps ,",,No Aspect Opinion,,Food,Annotated,Negative,changed,Reclassified 'No Aspect Opinion' to 'Food' with 'Negative' sentiment based on explicit evaluative opinion in text,high
REV_09216_C01_A01,REV_09216,REV_09216_C01,9215,Aloo curry was old and smelly,,No Aspect Opinion,,Food,Annotated,Negative,changed,Reclassified 'No Aspect Opinion' to 'Food' with 'Negative' sentiment based on explicit evaluative opinion in text,high
REV_09277_C02_A01,REV_09277,REV_09277_C02,9276,I strongly recommend of fine dinner occasions,,No Aspect Opinion,,General Experience,Annotated,Positive,changed,Reclassified 'No Aspect Opinion' to 'General Experience' with 'Positive' sentiment based on explicit evaluative opinion in text,high
REV_09279_C01_A01,REV_09279,REV_09279_C01,9278,One of the best biryani I have ever had❤️Chicken pieces in it r cooked to perfection with the blend of spices,,No Aspect Opinion,,Food,Annotated,Positive,changed,Reclassified 'No Aspect Opinion' to 'Food' with 'Positive' sentiment based on explicit evaluative opinion in text,high
REV_09325_C03_A01,REV_09325,REV_09325_C03,9324,Biryani is lip smacking,,No Aspect Opinion,,Food,Annotated,Positive,changed,Reclassified 'No Aspect Opinion' to 'Food' with 'Positive' sentiment based on explicit evaluative opinion in text,high
REV_09332_C24_A01,REV_09332,REV_09332_C24,9331,When in Daawat- don't forget to try their Pathar-Gosht and not to forget the Amazing Raan they boast of being their super speciality,,No Aspect Opinion,Positive,General Experience,Annotated,Positive,changed,Restored omitted aspect 'General Experience' and Annotated status for evaluative assertion with existing sentiment 'Positive',high
REV_09332_C27_A01,REV_09332,REV_09332_C27,9331,Budget Friendly : 4*,,No Aspect Opinion,,Price / Value,Annotated,Positive,changed,Reclassified 'No Aspect Opinion' to 'Price / Value' with 'Positive' sentiment based on explicit evaluative opinion in text,high
REV_09336_C01_A01,REV_09336,REV_09336_C01,9335,"My husband and I, visited Zega for their dimsum festival and we were not disappointed",,No Aspect Opinion,Positive,General Experience,Annotated,Positive,changed,Restored omitted aspect 'General Experience' and Annotated status for evaluative assertion with existing sentiment 'Positive',high
REV_09336_C12_A01,REV_09336,REV_09336_C12,9335,Worth every penny,,No Aspect Opinion,,Price / Value,Annotated,Positive,changed,Reclassified 'No Aspect Opinion' to 'Price / Value' with 'Positive' sentiment based on explicit evaluative opinion in text,high
REV_09362_C07_A01,REV_09362,REV_09362_C07,9361,Gyoza is good,,No Aspect Opinion,Positive,General Experience,Annotated,Positive,changed,Restored omitted aspect 'General Experience' and Annotated status for evaluative assertion with existing sentiment 'Positive',high
REV_09413_C04_A01,REV_09413,REV_09413_C04,9412,Overall a wonderful experience,,No Aspect Opinion,,General Experience,Annotated,Positive,changed,Reclassified 'No Aspect Opinion' to 'General Experience' with 'Positive' sentiment based on explicit evaluative opinion in text,high
REV_09436_C01_A01,REV_09436,REV_09436_C01,9435,This place might be good,,No Aspect Opinion,Positive,General Experience,Annotated,Positive,changed,Restored omitted aspect 'General Experience' and Annotated status for evaluative assertion with existing sentiment 'Positive',high
REV_09447_C03_A01,REV_09447,REV_09447_C03,9446,gobi Paratha was over roasted and not edible at all,,No Aspect Opinion,,Food,Annotated,Neutral,changed,Reclassified 'No Aspect Opinion' to 'Food' with 'Neutral' sentiment based on explicit evaluative opinion in text,high
REV_09463_C10_A01,REV_09463,REV_09463_C10,9462,"For sure, You will not be disappointed",,No Aspect Opinion,Positive,General Experience,Annotated,Positive,changed,Restored omitted aspect 'General Experience' and Annotated status for evaluative assertion with existing sentiment 'Positive',high
REV_09468_C04_A01,REV_09468,REV_09468_C04,9467,"The chutney, dahi and pickles came is separate containers and the parantha were packed so well and were piping hot",,No Aspect Opinion,,Food,Annotated,Positive,changed,Reclassified 'No Aspect Opinion' to 'Food' with 'Positive' sentiment based on explicit evaluative opinion in text,high
REV_09518_C01_A01,REV_09518,REV_09518_C01,9517,Good,,No Aspect Opinion,Positive,General Experience,Annotated,Positive,changed,Restored omitted aspect 'General Experience' and Annotated status for evaluative assertion with existing sentiment 'Positive',high
REV_09552_C04_A01,REV_09552,REV_09552_C04,9551,My favorite Chinese place at Gachibowli,,No Aspect Opinion,Positive,General Experience,Annotated,Positive,changed,Restored omitted aspect 'General Experience' and Annotated status for evaluative assertion with existing sentiment 'Positive',high
REV_09560_C05_A01,REV_09560,REV_09560_C05,9559,truly amazing,,No Aspect Opinion,Positive,General Experience,Annotated,Positive,changed,Restored omitted aspect 'General Experience' and Annotated status for evaluative assertion with existing sentiment 'Positive',high
REV_09560_C06_A01,REV_09560,REV_09560_C06,9559,Keep up the good work guys,,No Aspect Opinion,Positive,General Experience,Annotated,Positive,changed,Restored omitted aspect 'General Experience' and Annotated status for evaluative assertion with existing sentiment 'Positive',high
REV_09581_C11_A01,REV_09581,REV_09581_C11,9580,this was something terrible,,No Aspect Opinion,Negative,Food,Annotated,Negative,changed,Restored omitted aspect 'Food' and Annotated status for evaluative assertion with existing sentiment 'Negative',high
REV_09622_C06_A01,REV_09622,REV_09622_C06,9621,Prawn is ok and squid is very smelly,,No Aspect Opinion,,Food,Annotated,Negative,changed,Reclassified 'No Aspect Opinion' to 'Food' with 'Negative' sentiment based on explicit evaluative opinion in text,high
REV_09622_C09_A01,REV_09622,REV_09622_C09,9621,Ordered crispy noodles and it is ok and then korean noodles also ok,,No Aspect Opinion,,Food,Annotated,Positive,changed,Reclassified 'No Aspect Opinion' to 'Food' with 'Positive' sentiment based on explicit evaluative opinion in text,high
REV_09630_C01_A01,REV_09630,REV_09630_C01,9629,This place has never disappointed us,,No Aspect Opinion,,General Experience,Annotated,Positive,changed,Reclassified 'No Aspect Opinion' to 'General Experience' with 'Positive' sentiment based on explicit evaluative opinion in text,high
REV_09630_C05_A01,REV_09630,REV_09630_C05,9629,As always it was awesome,,No Aspect Opinion,Positive,General Experience,Annotated,Positive,changed,Restored omitted aspect 'General Experience' and Annotated status for evaluative assertion with existing sentiment 'Positive',high
REV_01074_C03_A01,REV_01074,REV_01074_C03,1073,if you want north Indian style,Ambience,Annotated,,,No Aspect Opinion,,changed,Reclassified factual entity mention / procedural statement without evaluative opinion to 'No Aspect Opinion',high
REV_01516_C02_A01,REV_01516,REV_01516_C02,1515,the place is my backup option plan in case i dont have anywhere to go to or no food at home,Food,Annotated,,,No Aspect Opinion,,changed,Reclassified factual entity mention / procedural statement without evaluative opinion to 'No Aspect Opinion',high
REV_01651_C01_A01,REV_01651,REV_01651_C01,1650,Would you like to feast on North Indian food in Hyderabad,Food,Annotated,,,No Aspect Opinion,,changed,Reclassified factual entity mention / procedural statement without evaluative opinion to 'No Aspect Opinion',high
REV_01651_C02_A01,REV_01651,REV_01651_C02,1650,Are you a foodie or die hard fan of butter chicken,Food,Annotated,,,No Aspect Opinion,,changed,Reclassified factual entity mention / procedural statement without evaluative opinion to 'No Aspect Opinion',high
REV_01651_C03_A01,REV_01651,REV_01651_C03,1650,"Go or order from NorFest, I was deffinitely vow after having sambhar or idli for couple of days when I ordered from this place",Service,Annotated,,,No Aspect Opinion,,changed,Reclassified procedural order / transaction narrative without evaluative opinion to 'No Aspect Opinion',high
REV_02019_C01_A01,REV_02019,REV_02019_C01,2018,did not give paratha as mentioned in menu,Food,Annotated,,Food,Annotated,Negative,changed,Filled omitted sentiment as 'Negative' for aspect 'Food' based on explicit evaluative opinion in clause,high
REV_02132_C20_A01,REV_02132,REV_02132_C20,2131,Deserts- they put some sweets of local shops as deserts,Food,Annotated,,Food,Annotated,Negative,changed,Filled omitted sentiment as 'Negative' for aspect 'Food' based on explicit evaluative opinion in clause,high
REV_02328_C05_A01,REV_02328,REV_02328_C05,2327,He could have told politely that outside food was not allowed,Food,Annotated,,Service,Annotated,Negative,changed,Filled omitted sentiment as 'Negative' for aspect 'Service' based on explicit evaluative opinion in clause,high
REV_02328_C10_A01,REV_02328,REV_02328_C10,2327,Profits should be inversely proportional to manners and hospitality,Service,Annotated,,Service,Annotated,Negative,changed,Filled omitted sentiment as 'Negative' for aspect 'Service' based on explicit evaluative opinion in clause,high
REV_02529_C02_A01,REV_02529,REV_02529_C02,2528,"Our bill was 636, they took 836",Price / Value,Annotated,,Price / Value,Annotated,Negative,changed,Filled omitted sentiment as 'Negative' for aspect 'Price / Value' based on explicit evaluative opinion in clause,high
REV_02529_C02_A02,REV_02529,REV_02529_C02,2528,"Our bill was 636, they took 836",Service,Annotated,,Price / Value,Annotated,Negative,changed,Filled omitted sentiment as 'Negative' for aspect 'Price / Value' based on explicit evaluative opinion in clause,high
REV_02715_C02_A01,REV_02715,REV_02715_C02,2714,They literally throw food in your plate,Food,Annotated,,Service,Annotated,Negative,changed,Filled omitted sentiment as 'Negative' for aspect 'Service' based on explicit evaluative opinion in clause,high
REV_02715_C04_A01,REV_02715,REV_02715_C04,2714,They took 15min to print a bill 😂😂,Price / Value,Annotated,,,No Aspect Opinion,,changed,Reclassified procedural order / transaction narrative without evaluative opinion to 'No Aspect Opinion',high
REV_02715_C04_A02,REV_02715,REV_02715_C04,2714,They took 15min to print a bill 😂😂,Service,Annotated,,,No Aspect Opinion,,changed,Reclassified procedural order / transaction narrative without evaluative opinion to 'No Aspect Opinion',high
REV_02819_C01_A01,REV_02819,REV_02819_C01,2818,First impression when i looked at the box i was like Awee,General Experience,Annotated,,General Experience,Annotated,,unresolved,Genuinely ambiguous / rhetorical statement or insufficient context to definitively infer evaluative sentiment. Left unresolved to prevent fabricating ground truth.,low
REV_02819_C04_A01,REV_02819,REV_02819_C04,2818,"I had ordered chicken biryani for lunch, this order was a delivery one",Food,Annotated,,,No Aspect Opinion,,changed,Reclassified factual entity mention / procedural statement without evaluative opinion to 'No Aspect Opinion',high
REV_02819_C04_A02,REV_02819,REV_02819_C04,2818,"I had ordered chicken biryani for lunch, this order was a delivery one",Service,Annotated,,,No Aspect Opinion,,changed,Reclassified factual entity mention / procedural statement without evaluative opinion to 'No Aspect Opinion',high
REV_02912_C06_A01,REV_02912,REV_02912_C06,2911,Who doesn't like a fancy maggi noodles,Food,Annotated,,,No Aspect Opinion,,changed,Reclassified factual entity mention / procedural statement without evaluative opinion to 'No Aspect Opinion',high
REV_02912_C07_A01,REV_02912,REV_02912_C07,2911,"So one fine night, ordered for a Corn Masala Cheese Butter Maggi through Zomato",Food,Annotated,,,No Aspect Opinion,,changed,Reclassified factual entity mention / procedural statement without evaluative opinion to 'No Aspect Opinion',high
REV_02912_C08_A01,REV_02912,REV_02912_C08,2911,That was the most fanciest name I could find on their menu,Food,Annotated,,Food,Annotated,,unresolved,Genuinely ambiguous / rhetorical statement or insufficient context to definitively infer evaluative sentiment. Left unresolved to prevent fabricating ground truth.,low
REV_02912_C09_A01,REV_02912,REV_02912_C09,2911,The delivery was smooth and the packing was okayish in a plastic box along with a plastic spoon and fork,Service,Annotated,,Service,Annotated,Positive,changed,Filled omitted sentiment as 'Positive' for aspect 'Service' based on explicit evaluative opinion in clause,high
REV_03067_C06_A01,REV_03067,REV_03067_C06,3066,I felt oil is high in both orderes,Food,Annotated,,Food,Annotated,Negative,changed,Filled omitted sentiment as 'Negative' for aspect 'Food' based on explicit evaluative opinion in clause,high
REV_03108_C01_A01,REV_03108,REV_03108_C01,3107,Went for a team lunch,Food,Annotated,,,No Aspect Opinion,,changed,Reclassified factual entity mention / procedural statement without evaluative opinion to 'No Aspect Opinion',high
REV_03108_C03_A01,REV_03108,REV_03108_C03,3107,Ambiance,Ambience,Annotated,,,No Aspect Opinion,,changed,Reclassified factual entity mention / procedural statement without evaluative opinion to 'No Aspect Opinion',high
REV_03108_C08_A01,REV_03108,REV_03108_C08,3107,Food quality,Food,Annotated,,,No Aspect Opinion,,changed,Reclassified factual entity mention / procedural statement without evaluative opinion to 'No Aspect Opinion',high
REV_03108_C11_A01,REV_03108,REV_03108_C11,3107,Devils Chicken,Food,Annotated,,,No Aspect Opinion,,changed,Reclassified factual entity mention / procedural statement without evaluative opinion to 'No Aspect Opinion',high
REV_03108_C13_A01,REV_03108,REV_03108_C13,3107,This was the best dish of the lot,Food,Annotated,,Food,Annotated,Positive,changed,Filled omitted sentiment as 'Positive' for aspect 'Food' based on explicit evaluative opinion in clause,high
REV_03108_C19_A01,REV_03108,REV_03108_C19,3107,"When people go to a Irani style hotel, there are some expectations",General Experience,Annotated,,General Experience,Annotated,,unresolved,Genuinely ambiguous / rhetorical statement or insufficient context to definitively infer evaluative sentiment. Left unresolved to prevent fabricating ground truth.,low
REV_03108_C20_A01,REV_03108,REV_03108_C20,3107,We like Biriyani dum cooked,Food,Annotated,,Food,Annotated,,unresolved,Genuinely ambiguous / rhetorical statement or insufficient context to definitively infer evaluative sentiment. Left unresolved to prevent fabricating ground truth.,low
REV_03108_C21_A01,REV_03108,REV_03108_C21,3107,This particular Biriyani costed 650 and came in a slightly large bowl,Price / Value,Annotated,,,No Aspect Opinion,,changed,Reclassified procedural order / transaction narrative without evaluative opinion to 'No Aspect Opinion',high
REV_03108_C28_A01,REV_03108,REV_03108_C28,3107,The Chicken pieces were only bones,Food,Annotated,,Food,Annotated,,unresolved,Genuinely ambiguous / rhetorical statement or insufficient context to definitively infer evaluative sentiment. Left unresolved to prevent fabricating ground truth.,low
REV_03108_C33_A01,REV_03108,REV_03108_C33,3107,The service took a long time in coming,Service,Annotated,,Service,Annotated,Negative,changed,Filled omitted sentiment as 'Negative' for aspect 'Service' based on explicit evaluative opinion in clause,high
REV_03272_C01_A01,REV_03272,REV_03272_C01,3271,You like crowd,Ambience,Annotated,,Ambience,Annotated,,unresolved,Genuinely ambiguous / rhetorical statement or insufficient context to definitively infer evaluative sentiment. Left unresolved to prevent fabricating ground truth.,low
REV_03272_C10_A01,REV_03272,REV_03272_C10,3271,you decide whether to go or not :),General Experience,Annotated,,General Experience,Annotated,,unresolved,Genuinely ambiguous / rhetorical statement or insufficient context to definitively infer evaluative sentiment. Left unresolved to prevent fabricating ground truth.,low
REV_03420_C01_A01,REV_03420,REV_03420_C01,3419,Hyderabad's best rooftop as of now,General Experience,Annotated,,General Experience,Annotated,Positive,changed,Filled omitted sentiment as 'Positive' for aspect 'General Experience' based on explicit evaluative opinion in clause,high
REV_03420_C02_A01,REV_03420,REV_03420_C02,3419,"With an unparalleled ambience, Mazzo is hands down the prettiest pool side eatery I have visited in town",Ambience,Annotated,,Ambience,Annotated,Positive,changed,Filled omitted sentiment as 'Positive' for aspect 'Ambience' based on explicit evaluative opinion in clause,high
REV_03420_C06_A01,REV_03420,REV_03420_C06,3419,And it's an experience you don't want to miss,General Experience,Annotated,,General Experience,Annotated,Positive,changed,Filled omitted sentiment as 'Positive' for aspect 'General Experience' based on explicit evaluative opinion in clause,high
REV_03420_C08_A01,REV_03420,REV_03420_C08,3419,the food isn't out of this world,Food,Annotated,,Food,Annotated,,unresolved,Genuinely ambiguous / rhetorical statement or insufficient context to definitively infer evaluative sentiment. Left unresolved to prevent fabricating ground truth.,low
REV_03420_C10_A01,REV_03420,REV_03420_C10,3419,A respectable salad bar,Food,Annotated,,Food,Annotated,,unresolved,Genuinely ambiguous / rhetorical statement or insufficient context to definitively infer evaluative sentiment. Left unresolved to prevent fabricating ground truth.,low
REV_03745_C01_A01,REV_03745,REV_03745_C01,3744,We visited the restaurant yesterday,General Experience,Annotated,,,No Aspect Opinion,,changed,Reclassified factual entity mention / procedural statement without evaluative opinion to 'No Aspect Opinion',high
REV_03745_C02_A01,REV_03745,REV_03745_C02,3744,We got outside table as all insides were reserved,Ambience,Annotated,,,No Aspect Opinion,,changed,Reclassified factual entity mention / procedural statement without evaluative opinion to 'No Aspect Opinion',high
REV_03745_C03_A01,REV_03745,REV_03745_C03,3744,"Being 42 degrees outside, they only had fans running in such upscale restaurant and mist fans",Ambience,Annotated,,Ambience,Annotated,Negative,changed,Filled omitted sentiment as 'Negative' for aspect 'Ambience' based on explicit evaluative opinion in clause,high
REV_03745_C04_A01,REV_03745,REV_03745_C04,3744,They are charging 1400 RS for buffet and is considered upscale restaurant,General Experience,Annotated,,,No Aspect Opinion,,changed,Reclassified procedural order / transaction narrative without evaluative opinion to 'No Aspect Opinion',high
REV_03745_C07_A01,REV_03745,REV_03745_C07,3744,I had same experience few months back,General Experience,Annotated,,,No Aspect Opinion,,changed,Reclassified factual entity mention / procedural statement without evaluative opinion to 'No Aspect Opinion',high
REV_03965_C02_A01,REV_03965,REV_03965_C02,3964,my mind like a magnet asks me to get into this cozy bistro,Ambience,Annotated,,Ambience,Annotated,,unresolved,Genuinely ambiguous / rhetorical statement or insufficient context to definitively infer evaluative sentiment. Left unresolved to prevent fabricating ground truth.,low
REV_03965_C03_A01,REV_03965,REV_03965_C03,3964,Each thin slices of pizza wid toppings of olive oil and chilli flakes is all you need for your mid day motivation,Food,Annotated,,Food,Annotated,,unresolved,Genuinely ambiguous / rhetorical statement or insufficient context to definitively infer evaluative sentiment. Left unresolved to prevent fabricating ground truth.,low
REV_03965_C04_A01,REV_03965,REV_03965_C04,3964,Have been to this place couple of times and Everytime tried something new in veg,General Experience,Annotated,,,No Aspect Opinion,,changed,Reclassified procedural order / transaction narrative without evaluative opinion to 'No Aspect Opinion',high
REV_03965_C06_A01,REV_03965,REV_03965_C06,3964,The Spanish rice too has a very authentic taste and was in competition to the pizza to give ultimate pleasure to tell taste buds,Food,Annotated,,Food,Annotated,,unresolved,Genuinely ambiguous / rhetorical statement or insufficient context to definitively infer evaluative sentiment. Left unresolved to prevent fabricating ground truth.,low
REV_03965_C14_A01,REV_03965,REV_03965_C14,3964,I come out happy tummy n happy soul,General Experience,Annotated,,General Experience,Annotated,Positive,changed,Filled omitted sentiment as 'Positive' for aspect 'General Experience' based on explicit evaluative opinion in clause,high
REV_04152_C01_A01,REV_04152,REV_04152_C01,4151,Ordered red sacuce pasta and got white sauce pasta by mistake,Food,Annotated,,,No Aspect Opinion,,changed,Reclassified factual entity mention / procedural statement without evaluative opinion to 'No Aspect Opinion',high
REV_04152_C03_A01,REV_04152,REV_04152_C03,4151,Pasta 5/2.5,Food,Annotated,,,No Aspect Opinion,,changed,Reclassified procedural order / transaction narrative without evaluative opinion to 'No Aspect Opinion',high
REV_04152_C05_A01,REV_04152,REV_04152_C05,4151,also got a refund same time for delivering wrong order,Service,Annotated,,Service,Annotated,Positive,changed,Filled omitted sentiment as 'Positive' for aspect 'Service' based on explicit evaluative opinion in clause,high
REV_04235_C03_A01,REV_04235,REV_04235_C03,4234,"After eating his full course, one still craves to eat more",Food,Annotated,,Food,Annotated,,unresolved,Genuinely ambiguous / rhetorical statement or insufficient context to definitively infer evaluative sentiment. Left unresolved to prevent fabricating ground truth.,low
REV_04327_C02_A01,REV_04327,REV_04327_C02,4326,"Although they've put a lot of items on their menu, all of them lack quality and flavour",Food,Annotated,,Food,Annotated,,unresolved,Genuinely ambiguous / rhetorical statement or insufficient context to definitively infer evaluative sentiment. Left unresolved to prevent fabricating ground truth.,low
REV_04412_C01_A01,REV_04412,REV_04412_C01,4411,Ordered chicken lollipop as a starter,Food,Annotated,,,No Aspect Opinion,,changed,Reclassified factual entity mention / procedural statement without evaluative opinion to 'No Aspect Opinion',high
REV_04412_C05_A01,REV_04412,REV_04412_C05,4411,Chicken seems to be old stock,Food,Annotated,,Food,Annotated,,unresolved,Genuinely ambiguous / rhetorical statement or insufficient context to definitively infer evaluative sentiment. Left unresolved to prevent fabricating ground truth.,low
REV_04504_C03_A01,REV_04504,REV_04504_C03,4503,Nicely done interiors,Ambience,Annotated,,Ambience,Annotated,Positive,changed,Filled omitted sentiment as 'Positive' for aspect 'Ambience' based on explicit evaluative opinion in clause,high
REV_04504_C04_A01,REV_04504,REV_04504_C04,4503,"the antique door and the idol at the entrance, very beautiful and welcoming",Ambience,Annotated,,Ambience,Annotated,Positive,changed,Filled omitted sentiment as 'Positive' for aspect 'Ambience' based on explicit evaluative opinion in clause,high
REV_04504_C08_A01,REV_04504,REV_04504_C08,4503,Nothing to complain about the food,Food,Annotated,,Food,Annotated,,unresolved,Genuinely ambiguous / rhetorical statement or insufficient context to definitively infer evaluative sentiment. Left unresolved to prevent fabricating ground truth.,low
REV_04504_C12_A01,REV_04504,REV_04504_C12,4503,Definitely recommended,General Experience,Annotated,,General Experience,Annotated,,unresolved,Genuinely ambiguous / rhetorical statement or insufficient context to definitively infer evaluative sentiment. Left unresolved to prevent fabricating ground truth.,low
REV_04677_C04_A01,REV_04677,REV_04677_C04,4676,only the thing is thai raosted chiken is filled with a heavy coconut cream,Food,Annotated,,Food,Annotated,,unresolved,Genuinely ambiguous / rhetorical statement or insufficient context to definitively infer evaluative sentiment. Left unresolved to prevent fabricating ground truth.,low
REV_04777_C06_A01,REV_04777,REV_04777_C06,4776,And restaurant's menu on zomato mentioned that thali is available in dinner as well,Food,Annotated,,Food,Annotated,,unresolved,Genuinely ambiguous / rhetorical statement or insufficient context to definitively infer evaluative sentiment. Left unresolved to prevent fabricating ground truth.,low
REV_04777_C07_A01,REV_04777,REV_04777_C07,4776,but on reaching restaurant I found out they are not serving thali in dinner now,Service,Annotated,,Service,Annotated,,unresolved,Genuinely ambiguous / rhetorical statement or insufficient context to definitively infer evaluative sentiment. Left unresolved to prevent fabricating ground truth.,low
REV_04777_C08_A01,REV_04777,REV_04777_C08,4776,I travelled 9km to visit this restaurant,General Experience,Annotated,,General Experience,Annotated,,unresolved,Genuinely ambiguous / rhetorical statement or insufficient context to definitively infer evaluative sentiment. Left unresolved to prevent fabricating ground truth.,low
REV_04777_C10_A01,REV_04777,REV_04777_C10,4776,Tanduri roti that we ordered was made of maida,Food,Annotated,,,No Aspect Opinion,,changed,Reclassified procedural order / transaction narrative without evaluative opinion to 'No Aspect Opinion',high
REV_04777_C13_A01,REV_04777,REV_04777_C13,4776,There are plenty of restaurants all around Hyderabad which are much better than this for half the rate,General Experience,Annotated,,General Experience,Annotated,,unresolved,Genuinely ambiguous / rhetorical statement or insufficient context to definitively infer evaluative sentiment. Left unresolved to prevent fabricating ground truth.,low
REV_04901_C03_A01,REV_04901,REV_04901_C03,4900,have better option nearby,General Experience,Annotated,,General Experience,Annotated,,unresolved,Genuinely ambiguous / rhetorical statement or insufficient context to definitively infer evaluative sentiment. Left unresolved to prevent fabricating ground truth.,low
REV_04901_C04_A01,REV_04901,REV_04901_C04,4900,need better option for punjabi food,Food,Annotated,,Food,Annotated,,unresolved,Genuinely ambiguous / rhetorical statement or insufficient context to definitively infer evaluative sentiment. Left unresolved to prevent fabricating ground truth.,low
REV_04901_C05_A01,REV_04901,REV_04901_C05,4900,world seems really small everywhere you get punjabi food,Food,Annotated,,Food,Annotated,,unresolved,Genuinely ambiguous / rhetorical statement or insufficient context to definitively infer evaluative sentiment. Left unresolved to prevent fabricating ground truth.,low
REV_05070_C03_A01,REV_05070,REV_05070_C03,5069,It has recently opened and serves varieties of biryani and other food dishes,Food,Annotated,,Food,Annotated,,unresolved,Genuinely ambiguous / rhetorical statement or insufficient context to definitively infer evaluative sentiment. Left unresolved to prevent fabricating ground truth.,low
REV_05070_C05_A01,REV_05070,REV_05070_C05,5069,I’ve been here for a dinner session,Food,Annotated,,Food,Annotated,,unresolved,Genuinely ambiguous / rhetorical statement or insufficient context to definitively infer evaluative sentiment. Left unresolved to prevent fabricating ground truth.,low
REV_05070_C09_A01,REV_05070,REV_05070_C09,5069,"They had many varieties of mocktails,out which we ordered the sparkling blue,ginger cola,mango lassi,ginger lemon and ginger mojito",Food,Annotated,,,No Aspect Opinion,,changed,Reclassified procedural order / transaction narrative without evaluative opinion to 'No Aspect Opinion',high
REV_05070_C11_A01,REV_05070,REV_05070_C11,5069,"Almost all the mocktails had mint,lemon and ice which was refreshing",Food,Annotated,,,No Aspect Opinion,,changed,Reclassified procedural order / transaction narrative without evaluative opinion to 'No Aspect Opinion',high
REV_05070_C13_A01,REV_05070,REV_05070_C13,5069,"Then we were served with soups,",Service,Annotated,,,No Aspect Opinion,,changed,Reclassified factual entity mention / procedural statement without evaluative opinion to 'No Aspect Opinion',high
REV_05070_C14_A01,REV_05070,REV_05070_C14,5069,Veg lemon coriander soup,Food,Annotated,,Food,Annotated,,unresolved,Genuinely ambiguous / rhetorical statement or insufficient context to definitively infer evaluative sentiment. Left unresolved to prevent fabricating ground truth.,low
REV_05070_C25_A01,REV_05070,REV_05070_C25,5069,"It is one of the most popular dishes,it was crispy,light and was well presented with coriander garnish",Food,Annotated,,Food,Annotated,Positive,changed,Filled omitted sentiment as 'Positive' for aspect 'Food' based on explicit evaluative opinion in clause,high
REV_05070_C26_A01,REV_05070,REV_05070_C26,5069,The chilli prawns:,Food,Annotated,,Food,Annotated,,unresolved,Genuinely ambiguous / rhetorical statement or insufficient context to definitively infer evaluative sentiment. Left unresolved to prevent fabricating ground truth.,low
REV_05070_C31_A01,REV_05070,REV_05070_C31,5069,Next we were served with main course:,Service,Annotated,,,No Aspect Opinion,,changed,Reclassified procedural order / transaction narrative without evaluative opinion to 'No Aspect Opinion',high
REV_05070_C34_A01,REV_05070,REV_05070_C34,5069,"The other curry’s were chicken tikka masala,tomato cashew nut and ulvacharu chicken",Food,Annotated,,Food,Annotated,,unresolved,Genuinely ambiguous / rhetorical statement or insufficient context to definitively infer evaluative sentiment. Left unresolved to prevent fabricating ground truth.,low
REV_05070_C37_A01,REV_05070,REV_05070_C37,5069,We were then served biryani,Food,Annotated,,,No Aspect Opinion,,changed,Reclassified procedural order / transaction narrative without evaluative opinion to 'No Aspect Opinion',high
REV_05070_C37_A02,REV_05070,REV_05070_C37,5069,We were then served biryani,Service,Annotated,,,No Aspect Opinion,,changed,Reclassified procedural order / transaction narrative without evaluative opinion to 'No Aspect Opinion',high
REV_05070_C41_A01,REV_05070,REV_05070_C41,5069,"Afghani chicken biryani is very different from other biryani,it had unique flavour",Food,Annotated,,,No Aspect Opinion,,changed,Reclassified procedural order / transaction narrative without evaluative opinion to 'No Aspect Opinion',high
REV_05070_C43_A01,REV_05070,REV_05070_C43,5069,"We ended up our meal with deserts,",Food,Annotated,,Food,Annotated,,unresolved,Genuinely ambiguous / rhetorical statement or insufficient context to definitively infer evaluative sentiment. Left unresolved to prevent fabricating ground truth.,low
REV_05236_C01_A01,REV_05236,REV_05236_C01,5235,"I ordered Chilly Oyster Wings- Chicken, Grilled Chicken Teriyaki & Fusilli, Rosemary Chicken n Parmesan Cream Pasta",Food,Annotated,,,No Aspect Opinion,,changed,Reclassified factual entity mention / procedural statement without evaluative opinion to 'No Aspect Opinion',high
REV_05384_C02_A01,REV_05384,REV_05384_C02,5383,service and ambience,Ambience,Annotated,,,No Aspect Opinion,,changed,Reclassified factual entity mention / procedural statement without evaluative opinion to 'No Aspect Opinion',high
REV_05384_C02_A02,REV_05384,REV_05384_C02,5383,service and ambience,Service,Annotated,,,No Aspect Opinion,,changed,Reclassified factual entity mention / procedural statement without evaluative opinion to 'No Aspect Opinion',high
REV_05639_C01_A01,REV_05639,REV_05639_C01,5638,Very smooth delivery and timing,Service,Annotated,,Service,Annotated,Positive,changed,Filled omitted sentiment as 'Positive' for aspect 'Service' based on explicit evaluative opinion in clause,high
REV_05639_C02_A01,REV_05639,REV_05639_C02,5638,Happy with the service :),Service,Annotated,,Service,Annotated,,unresolved,Genuinely ambiguous / rhetorical statement or insufficient context to definitively infer evaluative sentiment. Left unresolved to prevent fabricating ground truth.,low
REV_05785_C02_A01,REV_05785,REV_05785_C02,5784,Ferrerro rocher pastry melts in your mouth like lava,Food,Annotated,,Food,Annotated,,unresolved,Genuinely ambiguous / rhetorical statement or insufficient context to definitively infer evaluative sentiment. Left unresolved to prevent fabricating ground truth.,low
REV_05785_C03_A01,REV_05785,REV_05785_C03,5784,Pleasant place,Ambience,Annotated,,Ambience,Annotated,,unresolved,Genuinely ambiguous / rhetorical statement or insufficient context to definitively infer evaluative sentiment. Left unresolved to prevent fabricating ground truth.,low
REV_05948_C15_A01,REV_05948,REV_05948_C15,5947,"They have an outdoor seating, where the projector is put up for the match screening",Ambience,Annotated,,Ambience,Annotated,,unresolved,Genuinely ambiguous / rhetorical statement or insufficient context to definitively infer evaluative sentiment. Left unresolved to prevent fabricating ground truth.,low
REV_05948_C23_A01,REV_05948,REV_05948_C23,5947,the food on offer didn't impress me much,Food,Annotated,,Food,Annotated,,unresolved,Genuinely ambiguous / rhetorical statement or insufficient context to definitively infer evaluative sentiment. Left unresolved to prevent fabricating ground truth.,low
REV_05948_C24_A01,REV_05948,REV_05948_C24,5947,🔸STARTERS,Food,Annotated,,Food,Annotated,,unresolved,Genuinely ambiguous / rhetorical statement or insufficient context to definitively infer evaluative sentiment. Left unresolved to prevent fabricating ground truth.,low
REV_05948_C29_A01,REV_05948,REV_05948_C29,5947,The paneer was too rubbery in some places,Food,Annotated,,Food,Annotated,Negative,changed,Filled omitted sentiment as 'Negative' for aspect 'Food' based on explicit evaluative opinion in clause,high
REV_05948_C41_A01,REV_05948,REV_05948_C41,5947,And this also goes for the accompanying garlic bread,Food,Annotated,,Food,Annotated,,unresolved,Genuinely ambiguous / rhetorical statement or insufficient context to definitively infer evaluative sentiment. Left unresolved to prevent fabricating ground truth.,low
REV_06254_C02_A01,REV_06254,REV_06254_C02,6253,we ordered fried piece biryani,Food,Annotated,,,No Aspect Opinion,,changed,Reclassified factual entity mention / procedural statement without evaluative opinion to 'No Aspect Opinion',high
REV_06254_C03_A01,REV_06254,REV_06254_C03,6253,bill States the same,Price / Value,Annotated,,,No Aspect Opinion,,changed,Reclassified factual entity mention / procedural statement without evaluative opinion to 'No Aspect Opinion',high
REV_06254_C03_A02,REV_06254,REV_06254_C03,6253,bill States the same,Service,Annotated,,,No Aspect Opinion,,changed,Reclassified factual entity mention / procedural statement without evaluative opinion to 'No Aspect Opinion',high
REV_06534_C01_A01,REV_06534,REV_06534_C01,6533,"This is an Arabian themed Restaurant and is located near QCity, Gachibowli and is exclusively known for its MANDI",Food,Annotated,,Food,Annotated,,unresolved,Genuinely ambiguous / rhetorical statement or insufficient context to definitively infer evaluative sentiment. Left unresolved to prevent fabricating ground truth.,low
REV_06898_C06_A01,REV_06898,REV_06898_C06,6897,"Besides EIC, you are also given the menu of Urban Asia and Tiki Shack",Food,Annotated,,Food,Annotated,,unresolved,Genuinely ambiguous / rhetorical statement or insufficient context to definitively infer evaluative sentiment. Left unresolved to prevent fabricating ground truth.,low
REV_06898_C11_A01,REV_06898,REV_06898_C11,6897,So there was buffet at the EIC,General Experience,Annotated,,General Experience,Annotated,,unresolved,Genuinely ambiguous / rhetorical statement or insufficient context to definitively infer evaluative sentiment. Left unresolved to prevent fabricating ground truth.,low
REV_07796_C04_A01,REV_07796,REV_07796_C04,7795,the gravy tasted more of Spinach than colored cream,Food,Annotated,,Food,Annotated,,unresolved,Genuinely ambiguous / rhetorical statement or insufficient context to definitively infer evaluative sentiment. Left unresolved to prevent fabricating ground truth.,low
REV_08010_C01_A01,REV_08010,REV_08010_C01,8009,Usually visit this restaurant on Fridays for lunch with office buddies,General Experience,Annotated,,General Experience,Annotated,,unresolved,Genuinely ambiguous / rhetorical statement or insufficient context to definitively infer evaluative sentiment. Left unresolved to prevent fabricating ground truth.,low
REV_08066_C02_A01,REV_08066,REV_08066_C02,8065,The chicken was tandoori style and not a patty so that was one new thing,Food,Annotated,,Food,Annotated,,unresolved,Genuinely ambiguous / rhetorical statement or insufficient context to definitively infer evaluative sentiment. Left unresolved to prevent fabricating ground truth.,low
REV_08066_C04_A01,REV_08066,REV_08066_C04,8065,This is the first Indianised burger I had,Food,Annotated,,,No Aspect Opinion,,changed,Reclassified procedural order / transaction narrative without evaluative opinion to 'No Aspect Opinion',high
REV_08066_C07_A01,REV_08066,REV_08066_C07,8065,The cosmic is also same to taste,Food,Annotated,,Food,Annotated,,unresolved,Genuinely ambiguous / rhetorical statement or insufficient context to definitively infer evaluative sentiment. Left unresolved to prevent fabricating ground truth.,low
REV_08213_C04_A01,REV_08213,REV_08213_C04,8212,Ambience,Ambience,Annotated,,,No Aspect Opinion,,changed,Reclassified factual entity mention / procedural statement without evaluative opinion to 'No Aspect Opinion',high
REV_08213_C06_A01,REV_08213,REV_08213_C06,8212,Food,Food,Annotated,,,No Aspect Opinion,,changed,Reclassified factual entity mention / procedural statement without evaluative opinion to 'No Aspect Opinion',high
REV_08313_C01_A01,REV_08313,REV_08313_C01,8312,In general my experience with the chocolate room was not up to the mark,General Experience,Annotated,,General Experience,Annotated,,unresolved,Genuinely ambiguous / rhetorical statement or insufficient context to definitively infer evaluative sentiment. Left unresolved to prevent fabricating ground truth.,low
REV_08694_C03_A01,REV_08694,REV_08694_C03,8693,Had to wait a few minutes to get a table,Ambience,Annotated,,,No Aspect Opinion,,changed,Reclassified procedural order / transaction narrative without evaluative opinion to 'No Aspect Opinion',high
REV_08694_C03_A02,REV_08694,REV_08694_C03,8693,Had to wait a few minutes to get a table,Service,Annotated,,,No Aspect Opinion,,changed,Reclassified procedural order / transaction narrative without evaluative opinion to 'No Aspect Opinion',high
REV_08836_C05_A01,REV_08836,REV_08836_C05,8835,Food of all sorts are available,Food,Annotated,,Food,Annotated,,unresolved,Genuinely ambiguous / rhetorical statement or insufficient context to definitively infer evaluative sentiment. Left unresolved to prevent fabricating ground truth.,low
REV_08836_C06_A01,REV_08836,REV_08836_C06,8835,Best place for foodies,Food,Annotated,,Food,Annotated,,unresolved,Genuinely ambiguous / rhetorical statement or insufficient context to definitively infer evaluative sentiment. Left unresolved to prevent fabricating ground truth.,low
REV_08937_C04_A01,REV_08937,REV_08937_C04,8936,I was personally received by Chef Amit patra a wound full chef who made our stay worthwhile,Price / Value,Annotated,,Price / Value,Annotated,Positive,changed,Filled omitted sentiment as 'Positive' for aspect 'Price / Value' based on explicit evaluative opinion in clause,high
REV_08985_C01_A01,REV_08985,REV_08985_C01,8984,"Been here with friends for lunch, the moment we entered in to the restaurant you will feel as if your in some eastern states",General Experience,Annotated,,General Experience,Annotated,,unresolved,Genuinely ambiguous / rhetorical statement or insufficient context to definitively infer evaluative sentiment. Left unresolved to prevent fabricating ground truth.,low
REV_08985_C02_A01,REV_08985,REV_08985_C02,8984,"we ordered drumsticks, chicken teriyaki and OM chicken rice",Food,Annotated,,,No Aspect Opinion,,changed,Reclassified factual entity mention / procedural statement without evaluative opinion to 'No Aspect Opinion',high
REV_09142_C02_A01,REV_09142,REV_09142_C02,9141,Specially all the chocolate ones,Food,Annotated,,Food,Annotated,,unresolved,Genuinely ambiguous / rhetorical statement or insufficient context to definitively infer evaluative sentiment. Left unresolved to prevent fabricating ground truth.,low
REV_09142_C05_A01,REV_09142,REV_09142_C05,9141,Apart from donuts they also serve burgers,Service,Annotated,,Service,Annotated,,unresolved,Genuinely ambiguous / rhetorical statement or insufficient context to definitively infer evaluative sentiment. Left unresolved to prevent fabricating ground truth.,low
REV_09439_C01_A01,REV_09439,REV_09439_C01,9438,"not cooked properly, no paneer in paratha",Food,Annotated,,Food,Annotated,,unresolved,Genuinely ambiguous / rhetorical statement or insufficient context to definitively infer evaluative sentiment. Left unresolved to prevent fabricating ground truth.,low
REV_09629_C04_A01,REV_09629,REV_09629_C04,9628,before getting next dish out,Food,Annotated,,Food,Annotated,,unresolved,Genuinely ambiguous / rhetorical statement or insufficient context to definitively infer evaluative sentiment. Left unresolved to prevent fabricating ground truth.,low
REV_09629_C16_A01,REV_09629,REV_09629_C16,9628,So try and rate yourself,General Experience,Annotated,,General Experience,Annotated,,unresolved,Genuinely ambiguous / rhetorical statement or insufficient context to definitively infer evaluative sentiment. Left unresolved to prevent fabricating ground truth.,low
REV_00001_C03_A01,REV_00001,REV_00001_C03,0,had Saturday lunch,Food,Annotated,,,No Aspect Opinion,,changed,Reclassified procedural order / transaction narrative without evaluative opinion to 'No Aspect Opinion',high
REV_00005_C02_A01,REV_00005,REV_00005_C02,4,we ordered Kodi drumsticks and basket mutton biryani,Food,Annotated,,,No Aspect Opinion,,changed,Reclassified factual entity mention / procedural statement without evaluative opinion to 'No Aspect Opinion',high
REV_00005_C05_A01,REV_00005,REV_00005_C05,4,He served well,Service,Annotated,,,No Aspect Opinion,,changed,Reclassified procedural order / transaction narrative without evaluative opinion to 'No Aspect Opinion',high
REV_00005_C06_A01,REV_00005,REV_00005_C06,4,We enjoyed here,General Experience,Annotated,,General Experience,Annotated,,unresolved,Genuinely ambiguous / rhetorical statement or insufficient context to definitively infer evaluative sentiment. Left unresolved to prevent fabricating ground truth.,low
REV_00011_C04_A01,REV_00011,REV_00011_C04,10,I would like to come frequently to this place,General Experience,Annotated,,General Experience,Annotated,,unresolved,Genuinely ambiguous / rhetorical statement or insufficient context to definitively infer evaluative sentiment. Left unresolved to prevent fabricating ground truth.,low
REV_00013_C02_A01,REV_00013,REV_00013_C02,12,Soup was as expected,Food,Annotated,,Food,Annotated,,unresolved,Genuinely ambiguous / rhetorical statement or insufficient context to definitively infer evaluative sentiment. Left unresolved to prevent fabricating ground truth.,low
REV_00013_C05_A01,REV_00013,REV_00013_C05,12,Frequent visits from Papiya to know our experience and also about the food was really impressive,Food,Annotated,,Food,Annotated,,unresolved,Genuinely ambiguous / rhetorical statement or insufficient context to definitively infer evaluative sentiment. Left unresolved to prevent fabricating ground truth.,low
REV_00013_C05_A02,REV_00013,REV_00013_C05,12,Frequent visits from Papiya to know our experience and also about the food was really impressive,General Experience,Annotated,,General Experience,Annotated,,unresolved,Genuinely ambiguous / rhetorical statement or insufficient context to definitively infer evaluative sentiment. Left unresolved to prevent fabricating ground truth.,low
REV_00048_C01_A01,REV_00048,REV_00048_C01,47,Soumen Das waited our table,Ambience,Annotated,,Ambience,Annotated,,unresolved,Genuinely ambiguous / rhetorical statement or insufficient context to definitively infer evaluative sentiment. Left unresolved to prevent fabricating ground truth.,low
REV_00048_C01_A02,REV_00048,REV_00048_C01,47,Soumen Das waited our table,Service,Annotated,,Service,Annotated,,unresolved,Genuinely ambiguous / rhetorical statement or insufficient context to definitively infer evaluative sentiment. Left unresolved to prevent fabricating ground truth.,low
REV_00048_C04_A01,REV_00048,REV_00048_C04,47,Soumen Das waited our table,Ambience,Annotated,,Ambience,Annotated,,unresolved,Genuinely ambiguous / rhetorical statement or insufficient context to definitively infer evaluative sentiment. Left unresolved to prevent fabricating ground truth.,low
REV_00048_C04_A02,REV_00048,REV_00048_C04,47,Soumen Das waited our table,Service,Annotated,,Service,Annotated,,unresolved,Genuinely ambiguous / rhetorical statement or insufficient context to definitively infer evaluative sentiment. Left unresolved to prevent fabricating ground truth.,low
REV_00048_C07_A01,REV_00048,REV_00048_C07,47,Soumen Das waited our table,Ambience,Annotated,,Ambience,Annotated,,unresolved,Genuinely ambiguous / rhetorical statement or insufficient context to definitively infer evaluative sentiment. Left unresolved to prevent fabricating ground truth.,low
REV_00048_C07_A02,REV_00048,REV_00048_C07,47,Soumen Das waited our table,Service,Annotated,,Service,Annotated,,unresolved,Genuinely ambiguous / rhetorical statement or insufficient context to definitively infer evaluative sentiment. Left unresolved to prevent fabricating ground truth.,low
REV_00063_C01_A01,REV_00063,REV_00063_C01,62,One of the best restaurants in Hyderabad near Gachibowli,General Experience,Annotated,,General Experience,Annotated,,unresolved,Genuinely ambiguous / rhetorical statement or insufficient context to definitively infer evaluative sentiment. Left unresolved to prevent fabricating ground truth.,low
REV_00078_C01_A01,REV_00078,REV_00078_C01,77,It's one of the best places to hangout with friends,General Experience,Annotated,,General Experience,Annotated,,unresolved,Genuinely ambiguous / rhetorical statement or insufficient context to definitively infer evaluative sentiment. Left unresolved to prevent fabricating ground truth.,low
REV_00090_C02_A01,REV_00090,REV_00090_C02,89,beyond flavours really puts you beyond all the flavours,Food,Annotated,,Food,Annotated,,unresolved,Genuinely ambiguous / rhetorical statement or insufficient context to definitively infer evaluative sentiment. Left unresolved to prevent fabricating ground truth.,low
REV_00097_C01_A01,REV_00097,REV_00097_C01,96,I really enjoyed the follows,General Experience,Annotated,,General Experience,Annotated,,unresolved,Genuinely ambiguous / rhetorical statement or insufficient context to definitively infer evaluative sentiment. Left unresolved to prevent fabricating ground truth.,low
REV_00097_C02_A01,REV_00097,REV_00097_C02,96,"The entrance, the music, lighting, seating arrangement, decorations everything is just awsome",Ambience,Annotated,,Ambience,Annotated,,unresolved,Genuinely ambiguous / rhetorical statement or insufficient context to definitively infer evaluative sentiment. Left unresolved to prevent fabricating ground truth.,low
REV_00119_C03_A01,REV_00119,REV_00119_C03,118,Many people told me that try another place,General Experience,Annotated,,General Experience,Annotated,,unresolved,Genuinely ambiguous / rhetorical statement or insufficient context to definitively infer evaluative sentiment. Left unresolved to prevent fabricating ground truth.,low
REV_00127_C04_A01,REV_00127,REV_00127_C04,126,Highly recommended,General Experience,Annotated,,General Experience,Annotated,Positive,changed,Filled omitted sentiment as 'Positive' for aspect 'General Experience' based on explicit evaluative opinion in clause,high
REV_00149_C01_A01,REV_00149,REV_00149_C01,148,I like the way the staff treats the customers,Service,Annotated,,Service,Annotated,,unresolved,Genuinely ambiguous / rhetorical statement or insufficient context to definitively infer evaluative sentiment. Left unresolved to prevent fabricating ground truth.,low
REV_00149_C03_A01,REV_00149,REV_00149_C03,148,And also the food,Food,Annotated,,Food,Annotated,,unresolved,Genuinely ambiguous / rhetorical statement or insufficient context to definitively infer evaluative sentiment. Left unresolved to prevent fabricating ground truth.,low
REV_00164_C01_A01,REV_00164,REV_00164_C01,163,Mumbaikars have heard about the famous paradise restaurant,General Experience,Annotated,,General Experience,Annotated,,unresolved,Genuinely ambiguous / rhetorical statement or insufficient context to definitively infer evaluative sentiment. Left unresolved to prevent fabricating ground truth.,low
REV_00164_C06_A01,REV_00164,REV_00164_C06,163,Chilli chicken : 2.5/ 5,Food,Annotated,,,No Aspect Opinion,,changed,Reclassified procedural order / transaction narrative without evaluative opinion to 'No Aspect Opinion',high
REV_00164_C07_A01,REV_00164,REV_00164_C07,163,Paneer tikka : 3.5/5,Food,Annotated,,,No Aspect Opinion,,changed,Reclassified procedural order / transaction narrative without evaluative opinion to 'No Aspect Opinion',high
REV_00164_C08_A01,REV_00164,REV_00164_C08,163,Chicken masala : 0.1/5,Food,Annotated,,,No Aspect Opinion,,changed,Reclassified procedural order / transaction narrative without evaluative opinion to 'No Aspect Opinion',high
REV_00164_C10_A01,REV_00164,REV_00164_C10,163,Chicken biryani: 3/5,Food,Annotated,,,No Aspect Opinion,,changed,Reclassified procedural order / transaction narrative without evaluative opinion to 'No Aspect Opinion',high
REV_00178_C02_A01,REV_00178,REV_00178_C02,177,I also like the ambience and the quality of the dishes,Ambience,Annotated,,Ambience,Annotated,,unresolved,Genuinely ambiguous / rhetorical statement or insufficient context to definitively infer evaluative sentiment. Left unresolved to prevent fabricating ground truth.,low
REV_00178_C02_A02,REV_00178,REV_00178_C02,177,I also like the ambience and the quality of the dishes,Food,Annotated,,Food,Annotated,,unresolved,Genuinely ambiguous / rhetorical statement or insufficient context to definitively infer evaluative sentiment. Left unresolved to prevent fabricating ground truth.,low
REV_00197_C05_A01,REV_00197,REV_00197_C05,196,I recommend to my family and friends,General Experience,Annotated,,General Experience,Annotated,,unresolved,Genuinely ambiguous / rhetorical statement or insufficient context to definitively infer evaluative sentiment. Left unresolved to prevent fabricating ground truth.,low
REV_00205_C03_A01,REV_00205,REV_00205_C03,204,An waiter refused to take any tip,Service,Annotated,,Service,Annotated,,unresolved,Genuinely ambiguous / rhetorical statement or insufficient context to definitively infer evaluative sentiment. Left unresolved to prevent fabricating ground truth.,low
REV_00214_C02_A01,REV_00214,REV_00214_C02,213,"It has a splendid menu, both in non veg, n veg",Food,Annotated,,Food,Annotated,,unresolved,Genuinely ambiguous / rhetorical statement or insufficient context to definitively infer evaluative sentiment. Left unresolved to prevent fabricating ground truth.,low
REV_00220_C02_A01,REV_00220,REV_00220_C02,219,"Especially mutton starter , They are many varieties in Chicken then other items",Food,Annotated,,Food,Annotated,,unresolved,Genuinely ambiguous / rhetorical statement or insufficient context to definitively infer evaluative sentiment. Left unresolved to prevent fabricating ground truth.,low
REV_00224_C04_A01,REV_00224,REV_00224_C04,223,The waiters literally takes care of you when you are there,Service,Annotated,,Service,Annotated,,unresolved,Genuinely ambiguous / rhetorical statement or insufficient context to definitively infer evaluative sentiment. Left unresolved to prevent fabricating ground truth.,low
REV_00224_C07_A01,REV_00224,REV_00224_C07,223,the starters were served on the table which ofcourse it's not served the way you like it,Ambience,Annotated,,,No Aspect Opinion,,changed,Reclassified procedural order / transaction narrative without evaluative opinion to 'No Aspect Opinion',high
REV_00224_C07_A02,REV_00224,REV_00224_C07,223,the starters were served on the table which ofcourse it's not served the way you like it,Food,Annotated,,,No Aspect Opinion,,changed,Reclassified procedural order / transaction narrative without evaluative opinion to 'No Aspect Opinion',high
REV_00224_C07_A03,REV_00224,REV_00224_C07,223,the starters were served on the table which ofcourse it's not served the way you like it,Service,Annotated,,,No Aspect Opinion,,changed,Reclassified procedural order / transaction narrative without evaluative opinion to 'No Aspect Opinion',high
REV_00224_C10_A01,REV_00224,REV_00224_C10,223,Taste of the food was very normal,Food,Annotated,,Food,Annotated,,unresolved,Genuinely ambiguous / rhetorical statement or insufficient context to definitively infer evaluative sentiment. Left unresolved to prevent fabricating ground truth.,low
REV_00224_C15_A01,REV_00224,REV_00224_C15,223,All in all a very okay-ish lunch,General Experience,Annotated,,General Experience,Annotated,,unresolved,Genuinely ambiguous / rhetorical statement or insufficient context to definitively infer evaluative sentiment. Left unresolved to prevent fabricating ground truth.,low
REV_00228_C03_A01,REV_00228,REV_00228_C03,227,Must try this place if you're nearby,General Experience,Annotated,,General Experience,Annotated,,unresolved,Genuinely ambiguous / rhetorical statement or insufficient context to definitively infer evaluative sentiment. Left unresolved to prevent fabricating ground truth.,low
REV_00228_C05_A01,REV_00228,REV_00228_C05,227,They'll make you feel comfortable,Ambience,Annotated,,Ambience,Annotated,,unresolved,Genuinely ambiguous / rhetorical statement or insufficient context to definitively infer evaluative sentiment. Left unresolved to prevent fabricating ground truth.,low
REV_00233_C02_A01,REV_00233,REV_00233_C02,232,Shabir was handy in service,Service,Annotated,,Service,Annotated,,unresolved,Genuinely ambiguous / rhetorical statement or insufficient context to definitively infer evaluative sentiment. Left unresolved to prevent fabricating ground truth.,low
REV_00249_C01_A01,REV_00249,REV_00249_C01,248,It is seldom you see a restaurant with 4.9 rating,General Experience,Annotated,,,No Aspect Opinion,,changed,Reclassified procedural order / transaction narrative without evaluative opinion to 'No Aspect Opinion',high
REV_00249_C06_A01,REV_00249,REV_00249_C06,248,The chef isn't aware that you don't give mayonnaise on sushi,Food,Annotated,,Food,Annotated,,unresolved,Genuinely ambiguous / rhetorical statement or insufficient context to definitively infer evaluative sentiment. Left unresolved to prevent fabricating ground truth.,low
REV_00249_C14_A01,REV_00249,REV_00249_C14,248,The couscous salad had just quinoa and olives,Food,Annotated,,,No Aspect Opinion,,changed,Reclassified procedural order / transaction narrative without evaluative opinion to 'No Aspect Opinion',high
REV_00249_C16_A01,REV_00249,REV_00249_C16,248,All in all a very forgettable experience,General Experience,Annotated,,General Experience,Annotated,,unresolved,Genuinely ambiguous / rhetorical statement or insufficient context to definitively infer evaluative sentiment. Left unresolved to prevent fabricating ground truth.,low
REV_00264_C01_A01,REV_00264,REV_00264_C01,263,"Went here for lunch, it's bit different than usual bbq buffets starters were impressive",Food,Annotated,,Food,Annotated,Positive,changed,Filled omitted sentiment as 'Positive' for aspect 'Food' based on explicit evaluative opinion in clause,high
REV_00264_C03_A01,REV_00264,REV_00264_C03,263,"You will get wood fire pizza here, due to heavy crowd when I went the pizza was not baked properly",Ambience,Annotated,,Ambience,Annotated,,unresolved,Genuinely ambiguous / rhetorical statement or insufficient context to definitively infer evaluative sentiment. Left unresolved to prevent fabricating ground truth.,low
REV_00264_C03_A02,REV_00264,REV_00264_C03,263,"You will get wood fire pizza here, due to heavy crowd when I went the pizza was not baked properly",Food,Annotated,,Food,Annotated,,unresolved,Genuinely ambiguous / rhetorical statement or insufficient context to definitively infer evaluative sentiment. Left unresolved to prevent fabricating ground truth.,low
REV_00278_C03_A01,REV_00278,REV_00278_C03,277,Sabir has served us really well,Service,Annotated,,,No Aspect Opinion,,changed,Reclassified procedural order / transaction narrative without evaluative opinion to 'No Aspect Opinion',high
REV_00286_C04_A01,REV_00286,REV_00286_C04,285,"Ranjan ,Raveendra and Karthik are very friendly to the customers",Service,Annotated,,Service,Annotated,,unresolved,Genuinely ambiguous / rhetorical statement or insufficient context to definitively infer evaluative sentiment. Left unresolved to prevent fabricating ground truth.,low
REV_00290_C01_A01,REV_00290,REV_00290_C01,289,"Sabir, we were really pleased with your service",Service,Annotated,,Service,Annotated,,unresolved,Genuinely ambiguous / rhetorical statement or insufficient context to definitively infer evaluative sentiment. Left unresolved to prevent fabricating ground truth.,low
REV_00297_C01_A01,REV_00297,REV_00297_C01,296,"One of the best restaurants in town, they have got the best food and staff specially SABIR",Food,Annotated,,Food,Annotated,Positive,changed,Filled omitted sentiment as 'Positive' for aspect 'Food' based on explicit evaluative opinion in clause,high
REV_00297_C01_A02,REV_00297,REV_00297_C01,296,"One of the best restaurants in town, they have got the best food and staff specially SABIR",Service,Annotated,,Food,Annotated,Positive,changed,Filled omitted sentiment as 'Positive' for aspect 'Food' based on explicit evaluative opinion in clause,high
REV_00299_C05_A01,REV_00299,REV_00299_C05,298,the service they give is 5 out Of 5 star,Service,Annotated,,,No Aspect Opinion,,changed,Reclassified procedural order / transaction narrative without evaluative opinion to 'No Aspect Opinion',high
REV_00299_C07_A01,REV_00299,REV_00299_C07,298,u will be lucky if SABIR serves on ur table,Ambience,Annotated,,Ambience,Annotated,,unresolved,Genuinely ambiguous / rhetorical statement or insufficient context to definitively infer evaluative sentiment. Left unresolved to prevent fabricating ground truth.,low
REV_00301_C03_A01,REV_00301,REV_00301_C03,300,"Haleem, usually found in the Ramdan season, months of march to July served by Shah ghouse and badam kheer are must try",Service,Annotated,,,No Aspect Opinion,,changed,Reclassified procedural order / transaction narrative without evaluative opinion to 'No Aspect Opinion',high
REV_00305_C05_A01,REV_00305,REV_00305_C05,304,starters were excellent with crisp and spices,Food,Annotated,,Food,Annotated,,unresolved,Genuinely ambiguous / rhetorical statement or insufficient context to definitively infer evaluative sentiment. Left unresolved to prevent fabricating ground truth.,low
REV_00311_C03_A01,REV_00311,REV_00311_C03,310,here i got chicken familypack🙄i dont know who's neglegance is this,Food,Annotated,,,No Aspect Opinion,,changed,Reclassified procedural order / transaction narrative without evaluative opinion to 'No Aspect Opinion',high
REV_00311_C04_A01,REV_00311,REV_00311_C04,310,either restaurant person or delivery boy,Service,Annotated,,Service,Annotated,,unresolved,Genuinely ambiguous / rhetorical statement or insufficient context to definitively infer evaluative sentiment. Left unresolved to prevent fabricating ground truth.,low
REV_00311_C07_A01,REV_00311,REV_00311_C07,310,please check when you asked for food delivery,Food,Annotated,,Food,Annotated,,unresolved,Genuinely ambiguous / rhetorical statement or insufficient context to definitively infer evaluative sentiment. Left unresolved to prevent fabricating ground truth.,low
REV_00311_C07_A02,REV_00311,REV_00311_C07,310,please check when you asked for food delivery,Service,Annotated,,Service,Annotated,,unresolved,Genuinely ambiguous / rhetorical statement or insufficient context to definitively infer evaluative sentiment. Left unresolved to prevent fabricating ground truth.,low
REV_00314_C03_A01,REV_00314,REV_00314_C03,313,Just boiled the meat and grinded like paste,Food,Annotated,,Food,Annotated,,unresolved,Genuinely ambiguous / rhetorical statement or insufficient context to definitively infer evaluative sentiment. Left unresolved to prevent fabricating ground truth.,low
REV_00324_C02_A01,REV_00324,REV_00324_C02,323,Trust me the taste at shah ghouse stands out and it makes you go back at its crowded outlet and have more of it,Ambience,Annotated,,Ambience,Annotated,,unresolved,Genuinely ambiguous / rhetorical statement or insufficient context to definitively infer evaluative sentiment. Left unresolved to prevent fabricating ground truth.,low
REV_00324_C02_A02,REV_00324,REV_00324_C02,323,Trust me the taste at shah ghouse stands out and it makes you go back at its crowded outlet and have more of it,Food,Annotated,,Food,Annotated,,unresolved,Genuinely ambiguous / rhetorical statement or insufficient context to definitively infer evaluative sentiment. Left unresolved to prevent fabricating ground truth.,low
REV_00328_C01_A01,REV_00328,REV_00328_C01,327,I have ordered multiple times from this restaurant and I have never been so upset,Service,Annotated,,,No Aspect Opinion,,changed,Reclassified factual entity mention / procedural statement without evaluative opinion to 'No Aspect Opinion',high
REV_00328_C02_A01,REV_00328,REV_00328_C02,327,Of course I have recieved wrong orders from this place once or twice before which I ignored and not reported thinking these might be human errors,Service,Annotated,,Service,Annotated,,unresolved,Genuinely ambiguous / rhetorical statement or insufficient context to definitively infer evaluative sentiment. Left unresolved to prevent fabricating ground truth.,low
REV_00328_C06_A01,REV_00328,REV_00328_C06,327,You can check with my name what I ordered and find the attached picture of what you sent in my very recent order which was on 7th May'19,Service,Annotated,,,No Aspect Opinion,,changed,Reclassified procedural order / transaction narrative without evaluative opinion to 'No Aspect Opinion',high
REV_00342_C02_A01,REV_00342,REV_00342_C02,341,Wonderful service,Service,Annotated,,Service,Annotated,,unresolved,Genuinely ambiguous / rhetorical statement or insufficient context to definitively infer evaluative sentiment. Left unresolved to prevent fabricating ground truth.,low
REV_00342_C04_A01,REV_00342,REV_00342_C04,341,Definitely one of the best experiences,General Experience,Annotated,,General Experience,Annotated,,unresolved,Genuinely ambiguous / rhetorical statement or insufficient context to definitively infer evaluative sentiment. Left unresolved to prevent fabricating ground truth.,low
REV_00364_C07_A01,REV_00364,REV_00364_C07,363,Food was okay we ordered Apollo fish starter which was very hard,Food,Annotated,,Food,Annotated,Neutral,changed,Filled omitted sentiment as 'Neutral' for aspect 'Food' based on explicit evaluative opinion in clause,high
REV_00364_C12_A01,REV_00364,REV_00364_C12,363,I would not be visiting or suggesting this place to anyone,Ambience,Annotated,,Ambience,Annotated,,unresolved,Genuinely ambiguous / rhetorical statement or insufficient context to definitively infer evaluative sentiment. Left unresolved to prevent fabricating ground truth.,low
REV_00378_C02_A01,REV_00378,REV_00378_C02,377,Onion Salad was not served,Food,Annotated,,,No Aspect Opinion,,changed,Reclassified procedural order / transaction narrative without evaluative opinion to 'No Aspect Opinion',high
REV_00378_C02_A02,REV_00378,REV_00378_C02,377,Onion Salad was not served,Service,Annotated,,,No Aspect Opinion,,changed,Reclassified procedural order / transaction narrative without evaluative opinion to 'No Aspect Opinion',high
REV_00386_C02_A01,REV_00386,REV_00386_C02,385,Ordered for vegetable biryani during midnight hours from this restaurant,Food,Annotated,,,No Aspect Opinion,,changed,Reclassified factual entity mention / procedural statement without evaluative opinion to 'No Aspect Opinion',high
REV_00390_C01_A01,REV_00390,REV_00390_C01,389,Original Hyderabadi and ghee flavoured mutton Biryani is my fav item from this restaurant and I am totally addicted to this dish😍😍😍,Food,Annotated,,Food,Annotated,,unresolved,Genuinely ambiguous / rhetorical statement or insufficient context to definitively infer evaluative sentiment. Left unresolved to prevent fabricating ground truth.,low
REV_00397_C01_A01,REV_00397,REV_00397_C01,396,"Went for team lunch on friday, overcrowded and hard to get the place",Service,Annotated,,,No Aspect Opinion,,changed,Reclassified factual entity mention / procedural statement without evaluative opinion to 'No Aspect Opinion',high
REV_00397_C04_A01,REV_00397,REV_00397_C04,396,Chicken Tandoori is roasted and spices are marinated well and biryani is worth for waiting,Food,Annotated,,Price / Value,Annotated,Positive,changed,Filled omitted sentiment as 'Positive' for aspect 'Price / Value' based on explicit evaluative opinion in clause,high
REV_00397_C04_A02,REV_00397,REV_00397_C04,396,Chicken Tandoori is roasted and spices are marinated well and biryani is worth for waiting,Price / Value,Annotated,,Price / Value,Annotated,Positive,changed,Filled omitted sentiment as 'Positive' for aspect 'Price / Value' based on explicit evaluative opinion in clause,high
REV_00397_C04_A03,REV_00397,REV_00397_C04,396,Chicken Tandoori is roasted and spices are marinated well and biryani is worth for waiting,Service,Annotated,,Price / Value,Annotated,Positive,changed,Filled omitted sentiment as 'Positive' for aspect 'Price / Value' based on explicit evaluative opinion in clause,high
REV_00397_C05_A01,REV_00397,REV_00397_C05,396,Remaining items are better to ignore ( Roti and kebabs),Food,Annotated,,Food,Annotated,,unresolved,Genuinely ambiguous / rhetorical statement or insufficient context to definitively infer evaluative sentiment. Left unresolved to prevent fabricating ground truth.,low
REV_00397_C10_A01,REV_00397,REV_00397_C10,396,Ambience,Ambience,Annotated,,,No Aspect Opinion,,changed,Reclassified factual entity mention / procedural statement without evaluative opinion to 'No Aspect Opinion',high
REV_00399_C02_A01,REV_00399,REV_00399_C02,398,they delivered chicken biryani,Food,Annotated,,Food,Annotated,,unresolved,Genuinely ambiguous / rhetorical statement or insufficient context to definitively infer evaluative sentiment. Left unresolved to prevent fabricating ground truth.,low
REV_00401_C04_A01,REV_00401,REV_00401_C04,400,Food and music is excellent,Ambience,Annotated,,Ambience,Annotated,Positive,changed,Filled omitted sentiment as 'Positive' for aspect 'Ambience' based on explicit evaluative opinion in clause,high
REV_00401_C04_A02,REV_00401,REV_00401_C04,400,Food and music is excellent,Food,Annotated,,Ambience,Annotated,Positive,changed,Filled omitted sentiment as 'Positive' for aspect 'Ambience' based on explicit evaluative opinion in clause,high
REV_00405_C07_A01,REV_00405,REV_00405_C07,404,Enjoyed starters,Food,Annotated,,Food,Annotated,Positive,changed,Filled omitted sentiment as 'Positive' for aspect 'Food' based on explicit evaluative opinion in clause,high
REV_00411_C03_A01,REV_00411,REV_00411_C03,410,Chicken poppers,Food,Annotated,,Food,Annotated,,unresolved,Genuinely ambiguous / rhetorical statement or insufficient context to definitively infer evaluative sentiment. Left unresolved to prevent fabricating ground truth.,low
REV_00411_C12_A01,REV_00411,REV_00411_C12,410,"If you are zomato Gold member, You have one + one on Food too",Food,Annotated,,Food,Annotated,,unresolved,Genuinely ambiguous / rhetorical statement or insufficient context to definitively infer evaluative sentiment. Left unresolved to prevent fabricating ground truth.,low
REV_00423_C01_A01,REV_00423,REV_00423_C01,422,One of the best places to chill and drink in Hyderabad,Food,Annotated,,Food,Annotated,,unresolved,Genuinely ambiguous / rhetorical statement or insufficient context to definitively infer evaluative sentiment. Left unresolved to prevent fabricating ground truth.,low
REV_00432_C08_A01,REV_00432,REV_00432_C08,431,Which none the less make you feel the part of the place,General Experience,Annotated,,General Experience,Annotated,,unresolved,Genuinely ambiguous / rhetorical statement or insufficient context to definitively infer evaluative sentiment. Left unresolved to prevent fabricating ground truth.,low
REV_00441_C03_A01,REV_00441,REV_00441_C03,440,Must try is the cock in the basket which is fried chicken breast,Food,Annotated,,Food,Annotated,,unresolved,Genuinely ambiguous / rhetorical statement or insufficient context to definitively infer evaluative sentiment. Left unresolved to prevent fabricating ground truth.,low
REV_00443_C03_A01,REV_00443,REV_00443_C03,442,There is no roof top seating for this brewery,Ambience,Annotated,,Ambience,Annotated,,unresolved,Genuinely ambiguous / rhetorical statement or insufficient context to definitively infer evaluative sentiment. Left unresolved to prevent fabricating ground truth.,low
REV_00445_C04_A01,REV_00445,REV_00445_C04,444,"if they add more options before my next visit, I'll gladly revisit my rating",General Experience,Annotated,,General Experience,Annotated,,unresolved,Genuinely ambiguous / rhetorical statement or insufficient context to definitively infer evaluative sentiment. Left unresolved to prevent fabricating ground truth.,low
REV_00448_C03_A01,REV_00448,REV_00448_C03,447,"Even after booking the table well before time , they gave me a table on 1 st floor with all stags around me",Ambience,Annotated,,,No Aspect Opinion,,changed,Reclassified procedural order / transaction narrative without evaluative opinion to 'No Aspect Opinion',high
REV_00464_C02_A01,REV_00464,REV_00464_C02,463,Ambience is quiet spacious,Ambience,Annotated,,Ambience,Annotated,,unresolved,Genuinely ambiguous / rhetorical statement or insufficient context to definitively infer evaluative sentiment. Left unresolved to prevent fabricating ground truth.,low
REV_00464_C03_A01,REV_00464,REV_00464_C03,463,They have wide range of their own brewed beers,Food,Annotated,,Food,Annotated,,unresolved,Genuinely ambiguous / rhetorical statement or insufficient context to definitively infer evaluative sentiment. Left unresolved to prevent fabricating ground truth.,low
REV_00464_C05_A01,REV_00464,REV_00464_C05,463,they made it up with their top services,General Experience,Annotated,,General Experience,Annotated,,unresolved,Genuinely ambiguous / rhetorical statement or insufficient context to definitively infer evaluative sentiment. Left unresolved to prevent fabricating ground truth.,low
REV_00486_C04_A01,REV_00486,REV_00486_C04,485,Book the place in advance to avoid any hassle as the place remains crowded specially during weekends,Ambience,Annotated,,Ambience,Annotated,,unresolved,Genuinely ambiguous / rhetorical statement or insufficient context to definitively infer evaluative sentiment. Left unresolved to prevent fabricating ground truth.,low
REV_00486_C06_A01,REV_00486,REV_00486_C06,485,They serve the food nicely and even,Food,Annotated,,Food,Annotated,,unresolved,Genuinely ambiguous / rhetorical statement or insufficient context to definitively infer evaluative sentiment. Left unresolved to prevent fabricating ground truth.,low
REV_00486_C06_A02,REV_00486,REV_00486_C06,485,They serve the food nicely and even,Service,Annotated,,Service,Annotated,,unresolved,Genuinely ambiguous / rhetorical statement or insufficient context to definitively infer evaluative sentiment. Left unresolved to prevent fabricating ground truth.,low
REV_00486_C08_A01,REV_00486,REV_00486_C08,485,Apple cidar is one of the best brewed beer I have ever tasted,Food,Annotated,,Food,Annotated,,unresolved,Genuinely ambiguous / rhetorical statement or insufficient context to definitively infer evaluative sentiment. Left unresolved to prevent fabricating ground truth.,low
REV_00486_C10_A01,REV_00486,REV_00486_C10,485,Must to try at this place,General Experience,Annotated,,General Experience,Annotated,,unresolved,Genuinely ambiguous / rhetorical statement or insufficient context to definitively infer evaluative sentiment. Left unresolved to prevent fabricating ground truth.,low
REV_00486_C16_A01,REV_00486,REV_00486_C16,485,"Though the naan wasn’t chur chur, it was plain naan",Food,Annotated,,Food,Annotated,,unresolved,Genuinely ambiguous / rhetorical statement or insufficient context to definitively infer evaluative sentiment. Left unresolved to prevent fabricating ground truth.,low
REV_00490_C08_A01,REV_00490,REV_00490_C08,489,when I asked them suggest me the best risotto you have then he quoted sab same hai like Kichdi,Food,Annotated,,Food,Annotated,,unresolved,Genuinely ambiguous / rhetorical statement or insufficient context to definitively infer evaluative sentiment. Left unresolved to prevent fabricating ground truth.,low
REV_00499_C04_A01,REV_00499,REV_00499_C04,498,"We had the Burmese Parcel (5/5), Nachos (5/5), French Fries(2/5), Prawns (5/5), Chicken Kebabs(5/5), Chicken Poppers (5/5) and Mutton Kebabs(5/5)",Food,Annotated,,,No Aspect Opinion,,changed,Reclassified procedural order / transaction narrative without evaluative opinion to 'No Aspect Opinion',high
REV_00501_C01_A01,REV_00501,REV_00501_C01,500,One of the best restaurants visited till date in HYD,General Experience,Annotated,,General Experience,Annotated,,unresolved,Genuinely ambiguous / rhetorical statement or insufficient context to definitively infer evaluative sentiment. Left unresolved to prevent fabricating ground truth.,low
REV_00511_C04_A01,REV_00511,REV_00511_C04,510,"Ordered Zafrani Paneer tikka , amritsari fish tikka and butter garlic prawns for starters",Food,Annotated,,,No Aspect Opinion,,changed,Reclassified factual entity mention / procedural statement without evaluative opinion to 'No Aspect Opinion',high
REV_00511_C06_A01,REV_00511,REV_00511_C06,510,"Tried thai green chicken curry with Jasmine rice for main course along with butter/garlic naan, daal tadka and paneer butter masala",Food,Annotated,,,No Aspect Opinion,,changed,Reclassified procedural order / transaction narrative without evaluative opinion to 'No Aspect Opinion',high
REV_00511_C08_A01,REV_00511,REV_00511_C08,510,They offer multiple options in cocktails and mocktails,Food,Annotated,,Food,Annotated,,unresolved,Genuinely ambiguous / rhetorical statement or insufficient context to definitively infer evaluative sentiment. Left unresolved to prevent fabricating ground truth.,low
REV_00513_C04_A01,REV_00513,REV_00513_C04,512,That's what makes this place a 5 star fine dining restaurant,General Experience,Annotated,,,No Aspect Opinion,,changed,Reclassified procedural order / transaction narrative without evaluative opinion to 'No Aspect Opinion',high
REV_00519_C01_A01,REV_00519,REV_00519_C01,518,Perfect place for corporate dine outs,Ambience,Annotated,,Ambience,Annotated,,unresolved,Genuinely ambiguous / rhetorical statement or insufficient context to definitively infer evaluative sentiment. Left unresolved to prevent fabricating ground truth.,low
REV_00541_C02_A01,REV_00541,REV_00541_C02,540,Highly recommended,General Experience,Annotated,,General Experience,Annotated,Positive,changed,Filled omitted sentiment as 'Positive' for aspect 'General Experience' based on explicit evaluative opinion in clause,high
REV_00541_C07_A01,REV_00541,REV_00541_C07,540,We wanted to try crabs and other kind of wine,Food,Annotated,,Food,Annotated,,unresolved,Genuinely ambiguous / rhetorical statement or insufficient context to definitively infer evaluative sentiment. Left unresolved to prevent fabricating ground truth.,low
REV_00541_C09_A01,REV_00541,REV_00541_C09,540,Maybe they should keep the menu items in stock,Food,Annotated,,Food,Annotated,,unresolved,Genuinely ambiguous / rhetorical statement or insufficient context to definitively infer evaluative sentiment. Left unresolved to prevent fabricating ground truth.,low
REV_00541_C13_A01,REV_00541,REV_00541_C13,540,Live music,Ambience,Annotated,,Ambience,Annotated,,unresolved,Genuinely ambiguous / rhetorical statement or insufficient context to definitively infer evaluative sentiment. Left unresolved to prevent fabricating ground truth.,low
REV_00541_C17_A01,REV_00541,REV_00541_C17,540,Service: Satisfied,Service,Annotated,,Service,Annotated,,unresolved,Genuinely ambiguous / rhetorical statement or insufficient context to definitively infer evaluative sentiment. Left unresolved to prevent fabricating ground truth.,low
REV_00541_C18_A01,REV_00541,REV_00541_C18,540,"They prepare food just like you would like it, asking for instructions",Food,Annotated,,Food,Annotated,,unresolved,Genuinely ambiguous / rhetorical statement or insufficient context to definitively infer evaluative sentiment. Left unresolved to prevent fabricating ground truth.,low
REV_00545_C07_A01,REV_00545,REV_00545_C07,544,but still they arranged proper food for us,Food,Annotated,,Food,Annotated,,unresolved,Genuinely ambiguous / rhetorical statement or insufficient context to definitively infer evaluative sentiment. Left unresolved to prevent fabricating ground truth.,low
REV_00563_C01_A01,REV_00563,REV_00563_C01,562,We have visited the place for Thursday Dinner buffet and kindly do not try it,Food,Annotated,,Food,Annotated,,unresolved,Genuinely ambiguous / rhetorical statement or insufficient context to definitively infer evaluative sentiment. Left unresolved to prevent fabricating ground truth.,low
REV_00563_C04_A01,REV_00563,REV_00563_C04,562,Service could be much better in the buffet section as the drinks order need to be provided,Service,Annotated,,Service,Annotated,,unresolved,Genuinely ambiguous / rhetorical statement or insufficient context to definitively infer evaluative sentiment. Left unresolved to prevent fabricating ground truth.,low
REV_00566_C08_A01,REV_00566,REV_00566_C08,565,Music is a little over the top,Ambience,Annotated,,Ambience,Annotated,,unresolved,Genuinely ambiguous / rhetorical statement or insufficient context to definitively infer evaluative sentiment. Left unresolved to prevent fabricating ground truth.,low
REV_00578_C01_A01,REV_00578,REV_00578_C01,577,Wonderful ambiance and staff were very pleasant,Ambience,Annotated,,Ambience,Annotated,,unresolved,Genuinely ambiguous / rhetorical statement or insufficient context to definitively infer evaluative sentiment. Left unresolved to prevent fabricating ground truth.,low
REV_00578_C01_A02,REV_00578,REV_00578_C01,577,Wonderful ambiance and staff were very pleasant,Service,Annotated,,Service,Annotated,,unresolved,Genuinely ambiguous / rhetorical statement or insufficient context to definitively infer evaluative sentiment. Left unresolved to prevent fabricating ground truth.,low
REV_00586_C04_A01,REV_00586,REV_00586_C04,585,"We were so happy, to have a Goan restaurant just 5 min drive from home",Food,Annotated,,,No Aspect Opinion,,changed,Reclassified procedural order / transaction narrative without evaluative opinion to 'No Aspect Opinion',high
REV_00586_C09_A01,REV_00586,REV_00586_C09,585,"Now , after about 3 years, it's more a typical curry point",Food,Annotated,,,No Aspect Opinion,,changed,Reclassified procedural order / transaction narrative without evaluative opinion to 'No Aspect Opinion',high
REV_00586_C11_A01,REV_00586,REV_00586_C11,585,"Fish was so firm and overcooked, richado overloaded with sweetness",Food,Annotated,,Food,Annotated,Negative,changed,Filled omitted sentiment as 'Negative' for aspect 'Food' based on explicit evaluative opinion in clause,high
REV_00586_C13_A01,REV_00586,REV_00586_C13,585,Reminded me of a Rayala curry in Dindi (Godavari distt ),Food,Annotated,,Food,Annotated,,unresolved,Genuinely ambiguous / rhetorical statement or insufficient context to definitively infer evaluative sentiment. Left unresolved to prevent fabricating ground truth.,low
REV_00586_C15_A01,REV_00586,REV_00586_C15,585,I really thank myself for not ordering more,General Experience,Annotated,,General Experience,Annotated,,unresolved,Genuinely ambiguous / rhetorical statement or insufficient context to definitively infer evaluative sentiment. Left unresolved to prevent fabricating ground truth.,low
REV_00590_C01_A01,REV_00590,REV_00590_C01,589,Surprisingly well versed ambience,Ambience,Annotated,,Ambience,Annotated,,unresolved,Genuinely ambiguous / rhetorical statement or insufficient context to definitively infer evaluative sentiment. Left unresolved to prevent fabricating ground truth.,low
REV_00590_C03_A01,REV_00590,REV_00590_C03,589,They serve wonderfully cooked seafoods(Goan focused),Food,Annotated,,Food,Annotated,,unresolved,Genuinely ambiguous / rhetorical statement or insufficient context to definitively infer evaluative sentiment. Left unresolved to prevent fabricating ground truth.,low
REV_00590_C03_A02,REV_00590,REV_00590_C03,589,They serve wonderfully cooked seafoods(Goan focused),Service,Annotated,,Service,Annotated,,unresolved,Genuinely ambiguous / rhetorical statement or insufficient context to definitively infer evaluative sentiment. Left unresolved to prevent fabricating ground truth.,low
REV_00590_C04_A01,REV_00590,REV_00590_C04,589,A tad bit of coastal flavoured along with choice of alcoholic and non alcoholic beverages,Food,Annotated,,Food,Annotated,,unresolved,Genuinely ambiguous / rhetorical statement or insufficient context to definitively infer evaluative sentiment. Left unresolved to prevent fabricating ground truth.,low
REV_00590_C05_A01,REV_00590,REV_00590_C05,589,"I would recommend, to book table before hand",Ambience,Annotated,,Ambience,Annotated,,unresolved,Genuinely ambiguous / rhetorical statement or insufficient context to definitively infer evaluative sentiment. Left unresolved to prevent fabricating ground truth.,low
REV_00590_C05_A02,REV_00590,REV_00590_C05,589,"I would recommend, to book table before hand",General Experience,Annotated,,General Experience,Annotated,,unresolved,Genuinely ambiguous / rhetorical statement or insufficient context to definitively infer evaluative sentiment. Left unresolved to prevent fabricating ground truth.,low
REV_00590_C06_A01,REV_00590,REV_00590_C06,589,there are variety of sit outs to choose from,Ambience,Annotated,,Ambience,Annotated,,unresolved,Genuinely ambiguous / rhetorical statement or insufficient context to definitively infer evaluative sentiment. Left unresolved to prevent fabricating ground truth.,low
REV_00597_C02_A01,REV_00597,REV_00597_C02,596,"Lot of space, laid back ambience, mist sprays",Ambience,Annotated,,Ambience,Annotated,,unresolved,Genuinely ambiguous / rhetorical statement or insufficient context to definitively infer evaluative sentiment. Left unresolved to prevent fabricating ground truth.,low
REV_00597_C03_A01,REV_00597,REV_00597_C03,596,perfect for a lazy Sunday lunch,Food,Annotated,,Food,Annotated,,unresolved,Genuinely ambiguous / rhetorical statement or insufficient context to definitively infer evaluative sentiment. Left unresolved to prevent fabricating ground truth.,low
REV_00601_C05_A01,REV_00601,REV_00601_C05,600,Not much taste,Food,Annotated,,Food,Annotated,,unresolved,Genuinely ambiguous / rhetorical statement or insufficient context to definitively infer evaluative sentiment. Left unresolved to prevent fabricating ground truth.,low
REV_00601_C06_A01,REV_00601,REV_00601_C06,600,It tasted like it was a re-heated paratha,Food,Annotated,,Food,Annotated,,unresolved,Genuinely ambiguous / rhetorical statement or insufficient context to definitively infer evaluative sentiment. Left unresolved to prevent fabricating ground truth.,low
REV_00611_C01_A01,REV_00611,REV_00611_C01,610,I received food with a live green insect in it,Food,Annotated,,Food,Annotated,,unresolved,Genuinely ambiguous / rhetorical statement or insufficient context to definitively infer evaluative sentiment. Left unresolved to prevent fabricating ground truth.,low
REV_00611_C03_A01,REV_00611,REV_00611_C03,610,This is not expected from a restaurant with an ‘excellent hygiene’ title,Ambience,Annotated,,Ambience,Annotated,,unresolved,Genuinely ambiguous / rhetorical statement or insufficient context to definitively infer evaluative sentiment. Left unresolved to prevent fabricating ground truth.,low
REV_00613_C01_A01,REV_00613,REV_00613_C01,612,Food was open,Food,Annotated,,Food,Annotated,,unresolved,Genuinely ambiguous / rhetorical statement or insufficient context to definitively infer evaluative sentiment. Left unresolved to prevent fabricating ground truth.,low
REV_00623_C06_A01,REV_00623,REV_00623_C06,622,"Strange, are they in food delivery busines or this is something else",Food,Annotated,,Food,Annotated,,unresolved,Genuinely ambiguous / rhetorical statement or insufficient context to definitively infer evaluative sentiment. Left unresolved to prevent fabricating ground truth.,low
REV_00623_C06_A02,REV_00623,REV_00623_C06,622,"Strange, are they in food delivery busines or this is something else",Service,Annotated,,Service,Annotated,,unresolved,Genuinely ambiguous / rhetorical statement or insufficient context to definitively infer evaluative sentiment. Left unresolved to prevent fabricating ground truth.,low
REV_00649_C02_A01,REV_00649,REV_00649_C02,648,"Simple dish made with wheat, milk, natural sweetener jaggery(gud)",Food,Annotated,,Food,Annotated,,unresolved,Genuinely ambiguous / rhetorical statement or insufficient context to definitively infer evaluative sentiment. Left unresolved to prevent fabricating ground truth.,low
REV_00649_C03_A01,REV_00649,REV_00649_C03,648,"It was topped with almonds, dates, kishmish",Food,Annotated,,Food,Annotated,,unresolved,Genuinely ambiguous / rhetorical statement or insufficient context to definitively infer evaluative sentiment. Left unresolved to prevent fabricating ground truth.,low
REV_00666_C04_A01,REV_00666,REV_00666_C04,665,Curry is so smooth and contains everything as described in the eat,Food,Annotated,,Food,Annotated,,unresolved,Genuinely ambiguous / rhetorical statement or insufficient context to definitively infer evaluative sentiment. Left unresolved to prevent fabricating ground truth.,low
REV_00666_C06_A01,REV_00666,REV_00666_C06,665,menu,Food,Annotated,,Food,Annotated,,unresolved,Genuinely ambiguous / rhetorical statement or insufficient context to definitively infer evaluative sentiment. Left unresolved to prevent fabricating ground truth.,low
REV_00697_C01_A01,REV_00697,REV_00697_C01,696,Ambience:NA,Ambience,Annotated,,Ambience,Annotated,,unresolved,Genuinely ambiguous / rhetorical statement or insufficient context to definitively infer evaluative sentiment. Left unresolved to prevent fabricating ground truth.,low
REV_00697_C02_A01,REV_00697,REV_00697_C02,696,Service: NA,Service,Annotated,,Service,Annotated,,unresolved,Genuinely ambiguous / rhetorical statement or insufficient context to definitively infer evaluative sentiment. Left unresolved to prevent fabricating ground truth.,low
REV_00697_C04_A01,REV_00697,REV_00697_C04,696,Dry fruit laddu is best part of athletic meal,Food,Annotated,,Food,Annotated,,unresolved,Genuinely ambiguous / rhetorical statement or insufficient context to definitively infer evaluative sentiment. Left unresolved to prevent fabricating ground truth.,low
REV_00697_C12_A01,REV_00697,REV_00697_C12,696,"mix of sounf, sesame",Food,Annotated,,Food,Annotated,,unresolved,Genuinely ambiguous / rhetorical statement or insufficient context to definitively infer evaluative sentiment. Left unresolved to prevent fabricating ground truth.,low
REV_00697_C13_A01,REV_00697,REV_00697_C13,696,Overall it was ok,General Experience,Annotated,,General Experience,Annotated,Neutral,changed,Filled omitted sentiment as 'Neutral' for aspect 'General Experience' based on explicit evaluative opinion in clause,high
REV_00699_C04_A01,REV_00699,REV_00699_C04,698,I ordered veg paneer keema paratha and lucknowi biryani,Food,Annotated,,,No Aspect Opinion,,changed,Reclassified factual entity mention / procedural statement without evaluative opinion to 'No Aspect Opinion',high
REV_00699_C12_A01,REV_00699,REV_00699_C12,698,Follow me on Instagram on veganyums_ for more food fun and pics,Food,Annotated,,Food,Annotated,,unresolved,Genuinely ambiguous / rhetorical statement or insufficient context to definitively infer evaluative sentiment. Left unresolved to prevent fabricating ground truth.,low
REV_00701_C03_A01,REV_00701,REV_00701_C03,700,this tops the chart in satisfaction,General Experience,Annotated,,General Experience,Annotated,,unresolved,Genuinely ambiguous / rhetorical statement or insufficient context to definitively infer evaluative sentiment. Left unresolved to prevent fabricating ground truth.,low
REV_00705_C03_A01,REV_00705,REV_00705_C03,704,And we had with friends everyone gave same rating,General Experience,Annotated,,,No Aspect Opinion,,changed,Reclassified procedural order / transaction narrative without evaluative opinion to 'No Aspect Opinion',high
REV_00711_C02_A01,REV_00711,REV_00711_C02,710,Hyderabad's one of the best Shawarma,General Experience,Annotated,,General Experience,Annotated,,unresolved,Genuinely ambiguous / rhetorical statement or insufficient context to definitively infer evaluative sentiment. Left unresolved to prevent fabricating ground truth.,low
REV_00711_C07_A01,REV_00711,REV_00711_C07,710,Creamy texture,Food,Annotated,,Food,Annotated,,unresolved,Genuinely ambiguous / rhetorical statement or insufficient context to definitively infer evaluative sentiment. Left unresolved to prevent fabricating ground truth.,low
REV_00711_C10_A01,REV_00711,REV_00711_C10,710,No dine-in place,Ambience,Annotated,,Ambience,Annotated,,unresolved,Genuinely ambiguous / rhetorical statement or insufficient context to definitively infer evaluative sentiment. Left unresolved to prevent fabricating ground truth.,low
REV_00713_C02_A01,REV_00713,REV_00713_C02,712,"One who delivered, he was saying that you had ordered only one",Service,Annotated,,,No Aspect Opinion,,changed,Reclassified procedural order / transaction narrative without evaluative opinion to 'No Aspect Opinion',high
REV_00713_C03_A01,REV_00713,REV_00713_C03,712,"When I spoke with the person of hotel who answered my call, said that it may be delivery boys fault,",Service,Annotated,,Service,Annotated,,unresolved,Genuinely ambiguous / rhetorical statement or insufficient context to definitively infer evaluative sentiment. Left unresolved to prevent fabricating ground truth.,low
REV_00723_C01_A01,REV_00723,REV_00723_C01,722,excellent to taste,Food,Annotated,,Food,Annotated,,unresolved,Genuinely ambiguous / rhetorical statement or insufficient context to definitively infer evaluative sentiment. Left unresolved to prevent fabricating ground truth.,low
REV_00727_C04_A01,REV_00727,REV_00727_C04,726,The service is not up to the mark given their confidence that people will come no matter how they treat customers,Service,Annotated,,Service,Annotated,,unresolved,Genuinely ambiguous / rhetorical statement or insufficient context to definitively infer evaluative sentiment. Left unresolved to prevent fabricating ground truth.,low
REV_00732_C01_A01,REV_00732,REV_00732_C01,731,Yesterday i ordered dry fruit shawarma from this restaurant nd it disturbed my stomach so much,Food,Annotated,,,No Aspect Opinion,,changed,Reclassified procedural order / transaction narrative without evaluative opinion to 'No Aspect Opinion',high
REV_00732_C06_A01,REV_00732,REV_00732_C06,731,Chicken is so hard to eat cant eat it,Food,Annotated,,Food,Annotated,,unresolved,Genuinely ambiguous / rhetorical statement or insufficient context to definitively infer evaluative sentiment. Left unresolved to prevent fabricating ground truth.,low
REV_00741_C01_A01,REV_00741,REV_00741_C01,740,One of the besstt places to order shawarma,Service,Annotated,,Service,Annotated,,unresolved,Genuinely ambiguous / rhetorical statement or insufficient context to definitively infer evaluative sentiment. Left unresolved to prevent fabricating ground truth.,low
REV_00743_C01_A01,REV_00743,REV_00743_C01,742,Excellent taste no replacement for shahghouse shawarma,Food,Annotated,,Food,Annotated,Positive,changed,Filled omitted sentiment as 'Positive' for aspect 'Food' based on explicit evaluative opinion in clause,high
REV_00763_C18_A01,REV_00763,REV_00763_C18,762,It's the best Shawarma I've ever had,General Experience,Annotated,,General Experience,Annotated,,unresolved,Genuinely ambiguous / rhetorical statement or insufficient context to definitively infer evaluative sentiment. Left unresolved to prevent fabricating ground truth.,low
REV_00782_C02_A01,REV_00782,REV_00782_C02,781,before the time delivery,Service,Annotated,,Service,Annotated,,unresolved,Genuinely ambiguous / rhetorical statement or insufficient context to definitively infer evaluative sentiment. Left unresolved to prevent fabricating ground truth.,low
REV_00800_C05_A01,REV_00800,REV_00800_C05,799,We tried almost everything on the menu (perks of zomato gold) and nothing really was a disappointment,Food,Annotated,,,No Aspect Opinion,,changed,Reclassified procedural order / transaction narrative without evaluative opinion to 'No Aspect Opinion',high
REV_00804_C01_A01,REV_00804,REV_00804_C01,803,Had visited for lunch buffet,General Experience,Annotated,,,No Aspect Opinion,,changed,Reclassified procedural order / transaction narrative without evaluative opinion to 'No Aspect Opinion',high
REV_00810_C02_A01,REV_00810,REV_00810_C02,809,I had to struggle even for getting a table,Ambience,Annotated,,,No Aspect Opinion,,changed,Reclassified procedural order / transaction narrative without evaluative opinion to 'No Aspect Opinion',high
REV_00810_C08_A01,REV_00810,REV_00810_C08,809,It took them more then 45 minutes to get me my order,Service,Annotated,,,No Aspect Opinion,,changed,Reclassified procedural order / transaction narrative without evaluative opinion to 'No Aspect Opinion',high
REV_00810_C13_A01,REV_00810,REV_00810_C13,809,I wasted my money time and energy,Price / Value,Annotated,,Price / Value,Annotated,Negative,changed,Filled omitted sentiment as 'Negative' for aspect 'Price / Value' based on explicit evaluative opinion in clause,high
REV_00812_C02_A01,REV_00812,REV_00812_C02,811,"Njoyed the big screen, music, dance floor, drinks",Ambience,Annotated,,Ambience,Annotated,,unresolved,Genuinely ambiguous / rhetorical statement or insufficient context to definitively infer evaluative sentiment. Left unresolved to prevent fabricating ground truth.,low
REV_00812_C03_A01,REV_00812,REV_00812_C03,811,food,Food,Annotated,,,No Aspect Opinion,,changed,Reclassified factual entity mention / procedural statement without evaluative opinion to 'No Aspect Opinion',high
REV_00812_C04_A01,REV_00812,REV_00812_C04,811,ambience,Ambience,Annotated,,,No Aspect Opinion,,changed,Reclassified factual entity mention / procedural statement without evaluative opinion to 'No Aspect Opinion',high
REV_00812_C06_A01,REV_00812,REV_00812_C06,811,You must definiely visit this on a friday night,General Experience,Annotated,,General Experience,Annotated,,unresolved,Genuinely ambiguous / rhetorical statement or insufficient context to definitively infer evaluative sentiment. Left unresolved to prevent fabricating ground truth.,low
REV_00823_C06_A01,REV_00823,REV_00823_C06,822,Thanks Nitish for giving your valuable experience with us,General Experience,Annotated,,General Experience,Annotated,,unresolved,Genuinely ambiguous / rhetorical statement or insufficient context to definitively infer evaluative sentiment. Left unresolved to prevent fabricating ground truth.,low
REV_00827_C02_A01,REV_00827,REV_00827_C02,826,"They said they offer buffet and when we sit to eat , it's just one non veg starter and two veg starters",Food,Annotated,,Food,Annotated,,unresolved,Genuinely ambiguous / rhetorical statement or insufficient context to definitively infer evaluative sentiment. Left unresolved to prevent fabricating ground truth.,low
REV_00827_C05_A01,REV_00827,REV_00827_C05,826,and even the starters look like prepared for breakfast and served for lunch,Food,Annotated,,,No Aspect Opinion,,changed,Reclassified procedural order / transaction narrative without evaluative opinion to 'No Aspect Opinion',high
REV_00827_C05_A02,REV_00827,REV_00827_C05,826,and even the starters look like prepared for breakfast and served for lunch,Service,Annotated,,,No Aspect Opinion,,changed,Reclassified procedural order / transaction narrative without evaluative opinion to 'No Aspect Opinion',high
REV_00832_C01_A01,REV_00832,REV_00832_C01,831,Follow me on instagram :- Survivingforfood,Food,Annotated,,Food,Annotated,,unresolved,Genuinely ambiguous / rhetorical statement or insufficient context to definitively infer evaluative sentiment. Left unresolved to prevent fabricating ground truth.,low
REV_00832_C02_A01,REV_00832,REV_00832_C02,831,"Heyy peeps , was here for sunday late lunch , this is my first time visiting this place",General Experience,Annotated,,General Experience,Annotated,,unresolved,Genuinely ambiguous / rhetorical statement or insufficient context to definitively infer evaluative sentiment. Left unresolved to prevent fabricating ground truth.,low
REV_00832_C03_A01,REV_00832,REV_00832_C03,831,"Ambience :- They have both indoor and outdoor seating as well , indoor was totally chilled and relaxed place where we have screening going on any movies or songs as it is IPL season mostly we can get to see the match screening",Ambience,Annotated,,Ambience,Annotated,,unresolved,Genuinely ambiguous / rhetorical statement or insufficient context to definitively infer evaluative sentiment. Left unresolved to prevent fabricating ground truth.,low
REV_00832_C05_A01,REV_00832,REV_00832_C05,831,My favourite seating was outdoor from where you can see the breathetaking view of greenary sky and sunset,Ambience,Annotated,,Ambience,Annotated,,unresolved,Genuinely ambiguous / rhetorical statement or insufficient context to definitively infer evaluative sentiment. Left unresolved to prevent fabricating ground truth.,low
REV_00832_C17_A01,REV_00832,REV_00832_C17,831,Moong daal cheese chilla :- it look alike taco,Food,Annotated,,Food,Annotated,,unresolved,Genuinely ambiguous / rhetorical statement or insufficient context to definitively infer evaluative sentiment. Left unresolved to prevent fabricating ground truth.,low
REV_00832_C18_A01,REV_00832,REV_00832_C18,831,served with the moongdaal i never heard a dish like this,Food,Annotated,,,No Aspect Opinion,,changed,Reclassified procedural order / transaction narrative without evaluative opinion to 'No Aspect Opinion',high
REV_00832_C18_A02,REV_00832,REV_00832_C18,831,served with the moongdaal i never heard a dish like this,Service,Annotated,,,No Aspect Opinion,,changed,Reclassified procedural order / transaction narrative without evaluative opinion to 'No Aspect Opinion',high
REV_00848_C05_A01,REV_00848,REV_00848_C05,847,They should include some options in mocktails and drinks,Food,Annotated,,Food,Annotated,,unresolved,Genuinely ambiguous / rhetorical statement or insufficient context to definitively infer evaluative sentiment. Left unresolved to prevent fabricating ground truth.,low
REV_00863_C02_A01,REV_00863,REV_00863_C02,862,But the sitting arrangements during day time is very tight as people would want to dine inside rather than out in the hot sun,Ambience,Annotated,,Ambience,Annotated,,unresolved,Genuinely ambiguous / rhetorical statement or insufficient context to definitively infer evaluative sentiment. Left unresolved to prevent fabricating ground truth.,low
REV_00877_C03_A01,REV_00877,REV_00877_C03,876,one can thoroughly enjoy over there,General Experience,Annotated,,General Experience,Annotated,,unresolved,Genuinely ambiguous / rhetorical statement or insufficient context to definitively infer evaluative sentiment. Left unresolved to prevent fabricating ground truth.,low
REV_00885_C02_A01,REV_00885,REV_00885_C02,884,The buffet spread is valid for weeekends and costs nearly 1200/- per person,Price / Value,Annotated,,,No Aspect Opinion,,changed,Reclassified procedural order / transaction narrative without evaluative opinion to 'No Aspect Opinion',high
REV_00885_C05_A01,REV_00885,REV_00885_C05,884,"The Drunch layout comprised of North Indian inspired starters such as Dahi Bhalle, Dahi Vade, Gol gappe as well as Papdi chaat",Food,Annotated,,Food,Annotated,,unresolved,Genuinely ambiguous / rhetorical statement or insufficient context to definitively infer evaluative sentiment. Left unresolved to prevent fabricating ground truth.,low
REV_00885_C09_A01,REV_00885,REV_00885_C09,884,"Looking at the price of the drunch, I feel a bit more items should have been on offer",Price / Value,Annotated,,Price / Value,Annotated,,unresolved,Genuinely ambiguous / rhetorical statement or insufficient context to definitively infer evaluative sentiment. Left unresolved to prevent fabricating ground truth.,low
REV_00885_C11_A01,REV_00885,REV_00885_C11,884,"However, they need to work upon their Thai curry and the availability of other items in the layout",Food,Annotated,,Food,Annotated,,unresolved,Genuinely ambiguous / rhetorical statement or insufficient context to definitively infer evaluative sentiment. Left unresolved to prevent fabricating ground truth.,low
REV_00885_C15_A01,REV_00885,REV_00885_C15,884,One can give a try to their drinks whenever you get a chance to visit the place,General Experience,Annotated,,General Experience,Annotated,,unresolved,Genuinely ambiguous / rhetorical statement or insufficient context to definitively infer evaluative sentiment. Left unresolved to prevent fabricating ground truth.,low
REV_00889_C03_A01,REV_00889,REV_00889_C03,888,Buffet doesn't do justice to price paid in terms of variety and service,Price / Value,Annotated,,Price / Value,Annotated,Negative,changed,Filled omitted sentiment as 'Negative' for aspect 'Price / Value' based on explicit evaluative opinion in clause,high
REV_00889_C03_A02,REV_00889,REV_00889_C03,888,Buffet doesn't do justice to price paid in terms of variety and service,Service,Annotated,,Price / Value,Annotated,Negative,changed,Filled omitted sentiment as 'Negative' for aspect 'Price / Value' based on explicit evaluative opinion in clause,high
REV_00896_C18_A01,REV_00896,REV_00896_C18,895,The space itself is bit congested,Ambience,Annotated,,Ambience,Annotated,Negative,changed,Filled omitted sentiment as 'Negative' for aspect 'Ambience' based on explicit evaluative opinion in clause,high
REV_00896_C20_A01,REV_00896,REV_00896_C20,895,We went for 1+1 buffet offers with gold,General Experience,Annotated,,,No Aspect Opinion,,changed,Reclassified factual entity mention / procedural statement without evaluative opinion to 'No Aspect Opinion',high
REV_00898_C02_A01,REV_00898,REV_00898_C02,897,Menu options are limited,Food,Annotated,,Food,Annotated,,unresolved,Genuinely ambiguous / rhetorical statement or insufficient context to definitively infer evaluative sentiment. Left unresolved to prevent fabricating ground truth.,low
REV_00900_C04_A01,REV_00900,REV_00900_C04,899,Always crowded 😄,Ambience,Annotated,,Ambience,Annotated,,unresolved,Genuinely ambiguous / rhetorical statement or insufficient context to definitively infer evaluative sentiment. Left unresolved to prevent fabricating ground truth.,low
REV_00904_C07_A01,REV_00904,REV_00904_C07,903,Recommended,General Experience,Annotated,,General Experience,Annotated,,unresolved,Genuinely ambiguous / rhetorical statement or insufficient context to definitively infer evaluative sentiment. Left unresolved to prevent fabricating ground truth.,low
REV_00910_C01_A01,REV_00910,REV_00910_C01,909,This place is heaven for ice cream lovers,Food,Annotated,,Food,Annotated,,unresolved,Genuinely ambiguous / rhetorical statement or insufficient context to definitively infer evaluative sentiment. Left unresolved to prevent fabricating ground truth.,low
REV_00922_C02_A01,REV_00922,REV_00922_C02,921,my in-law gave a treat at this plc,Service,Annotated,,Service,Annotated,,unresolved,Genuinely ambiguous / rhetorical statement or insufficient context to definitively infer evaluative sentiment. Left unresolved to prevent fabricating ground truth.,low
REV_00932_C04_A01,REV_00932,REV_00932_C04,931,yet I gave them 3 or 4 star considering the reputation of the brand,General Experience,Annotated,,,No Aspect Opinion,,changed,Reclassified procedural order / transaction narrative without evaluative opinion to 'No Aspect Opinion',high
REV_00932_C07_A01,REV_00932,REV_00932_C07,931,IF YOU GUYS COULDN'T PROVIDE ICE CREAM IN PROPER WAY THEN PLEASE STOP GIVING HOME DELIVERY,Service,Annotated,,Service,Annotated,,unresolved,Genuinely ambiguous / rhetorical statement or insufficient context to definitively infer evaluative sentiment. Left unresolved to prevent fabricating ground truth.,low
REV_00932_C19_A01,REV_00932,REV_00932_C19,931,I understand that ice cream melts,Food,Annotated,,Food,Annotated,,unresolved,Genuinely ambiguous / rhetorical statement or insufficient context to definitively infer evaluative sentiment. Left unresolved to prevent fabricating ground truth.,low
REV_00943_C05_A01,REV_00943,REV_00943_C05,942,My first order after reaching Hyderabad,Service,Annotated,,Service,Annotated,,unresolved,Genuinely ambiguous / rhetorical statement or insufficient context to definitively infer evaluative sentiment. Left unresolved to prevent fabricating ground truth.,low
REV_00945_C03_A01,REV_00945,REV_00945_C03,944,"If I have to order an ice cream again, I will surely choose Cream Stone again",Service,Annotated,,Service,Annotated,,unresolved,Genuinely ambiguous / rhetorical statement or insufficient context to definitively infer evaluative sentiment. Left unresolved to prevent fabricating ground truth.,low
REV_00948_C01_A01,REV_00948,REV_00948_C01,947,The more you have the more you crave,Food,Annotated,,Food,Annotated,,unresolved,Genuinely ambiguous / rhetorical statement or insufficient context to definitively infer evaluative sentiment. Left unresolved to prevent fabricating ground truth.,low
REV_00963_C04_A01,REV_00963,REV_00963_C04,962,The rates are higher,Price / Value,Annotated,,Price / Value,Annotated,,unresolved,Genuinely ambiguous / rhetorical statement or insufficient context to definitively infer evaluative sentiment. Left unresolved to prevent fabricating ground truth.,low
REV_00977_C01_A01,REV_00977,REV_00977_C01,976,"Whenever i have a craving for ice creams, cream stone is the solution",Food,Annotated,,Food,Annotated,,unresolved,Genuinely ambiguous / rhetorical statement or insufficient context to definitively infer evaluative sentiment. Left unresolved to prevent fabricating ground truth.,low
REV_00977_C02_A01,REV_00977,REV_00977_C02,976,I am a coffee lover so the first thing that i tried here is Coffee craze,Food,Annotated,,,No Aspect Opinion,,changed,Reclassified procedural order / transaction narrative without evaluative opinion to 'No Aspect Opinion',high
REV_00977_C07_A01,REV_00977,REV_00977_C07,976,"Overall, i do not regret my orders and will continue trying out new flavours",Food,Annotated,,Food,Annotated,,unresolved,Genuinely ambiguous / rhetorical statement or insufficient context to definitively infer evaluative sentiment. Left unresolved to prevent fabricating ground truth.,low
REV_00985_C07_A01,REV_00985,REV_00985_C07,984,"If u r a icecream-lover , this place will be the perfect bliss for you",Ambience,Annotated,,Ambience,Annotated,,unresolved,Genuinely ambiguous / rhetorical statement or insufficient context to definitively infer evaluative sentiment. Left unresolved to prevent fabricating ground truth.,low
REV_00998_C03_A01,REV_00998,REV_00998_C03,997,He mentioned it as delivered as soon as he picked order,Service,Annotated,,Service,Annotated,,unresolved,Genuinely ambiguous / rhetorical statement or insufficient context to definitively infer evaluative sentiment. Left unresolved to prevent fabricating ground truth.,low
REV_00998_C04_A01,REV_00998,REV_00998_C04,997,He took nearly 45 minutes to come,Service,Annotated,,,No Aspect Opinion,,changed,Reclassified procedural order / transaction narrative without evaluative opinion to 'No Aspect Opinion',high
REV_01000_C02_A01,REV_01000,REV_01000_C02,999,"The North Indian dishes including chole kulche, chole bhature and paneer butter masala are comparatively better than the chaats",Food,Annotated,,Food,Annotated,,unresolved,Genuinely ambiguous / rhetorical statement or insufficient context to definitively infer evaluative sentiment. Left unresolved to prevent fabricating ground truth.,low
REV_01004_C01_A01,REV_01004,REV_01004_C01,1003,Order rajma in 200 rupees,Service,Annotated,,,No Aspect Opinion,,changed,Reclassified procedural order / transaction narrative without evaluative opinion to 'No Aspect Opinion',high
REV_01010_C03_A01,REV_01010,REV_01010_C03,1009,the quality these days has gone down,Food,Annotated,,Food,Annotated,,unresolved,Genuinely ambiguous / rhetorical statement or insufficient context to definitively infer evaluative sentiment. Left unresolved to prevent fabricating ground truth.,low
REV_01026_C05_A01,REV_01026,REV_01026_C05,1025,Overall you can visit this place,General Experience,Annotated,,General Experience,Annotated,,unresolved,Genuinely ambiguous / rhetorical statement or insufficient context to definitively infer evaluative sentiment. Left unresolved to prevent fabricating ground truth.,low
REV_01031_C01_A01,REV_01031,REV_01031_C01,1030,"Food had no flavour , doesn't have any flavour of authentic punjabi food food is too plain",Food,Annotated,,,No Aspect Opinion,,changed,Reclassified procedural order / transaction narrative without evaluative opinion to 'No Aspect Opinion',high
REV_01040_C08_A01,REV_01040,REV_01040_C08,1039,and of you want to slightly sweeter version then they will include the red chutney in it,Food,Annotated,,Food,Annotated,,unresolved,Genuinely ambiguous / rhetorical statement or insufficient context to definitively infer evaluative sentiment. Left unresolved to prevent fabricating ground truth.,low
REV_01042_C06_A01,REV_01042,REV_01042_C06,1041,got messy papdi and spoild food,Food,Annotated,,,No Aspect Opinion,,changed,Reclassified procedural order / transaction narrative without evaluative opinion to 'No Aspect Opinion',high
REV_01077_C02_A01,REV_01077,REV_01077_C02,1076,I was eating,Food,Annotated,,Food,Annotated,,unresolved,Genuinely ambiguous / rhetorical statement or insufficient context to definitively infer evaluative sentiment. Left unresolved to prevent fabricating ground truth.,low
REV_01085_C01_A01,REV_01085,REV_01085_C01,1084,I order a veg biryani,Food,Annotated,,Food,Annotated,,unresolved,Genuinely ambiguous / rhetorical statement or insufficient context to definitively infer evaluative sentiment. Left unresolved to prevent fabricating ground truth.,low
REV_01085_C01_A02,REV_01085,REV_01085_C01,1084,I order a veg biryani,Service,Annotated,,Service,Annotated,,unresolved,Genuinely ambiguous / rhetorical statement or insufficient context to definitively infer evaluative sentiment. Left unresolved to prevent fabricating ground truth.,low
REV_01089_C01_A01,REV_01089,REV_01089_C01,1088,"ordered Sev Batata Puri, Mumbai Vada Pav, Mumbai Samosa Pav, Samosa Cheese Grilled Sandwich and Veg Club Grilled Sandwich",Food,Annotated,,,No Aspect Opinion,,changed,Reclassified factual entity mention / procedural statement without evaluative opinion to 'No Aspect Opinion',high
REV_01100_C09_A01,REV_01100,REV_01100_C09,1099,Besides they also got chicken Shawarma and MUTTON HALEEM Which is another different delicacy storyline,Food,Annotated,,,No Aspect Opinion,,changed,Reclassified procedural order / transaction narrative without evaluative opinion to 'No Aspect Opinion',high
REV_01100_C14_A01,REV_01100,REV_01100_C14,1099,Cannot miss Thier Gosht Biryani 😋 one fine plate of heaven where every spice and meat married so well,Food,Annotated,,Food,Annotated,,unresolved,Genuinely ambiguous / rhetorical statement or insufficient context to definitively infer evaluative sentiment. Left unresolved to prevent fabricating ground truth.,low
REV_01104_C07_A01,REV_01104,REV_01104_C07,1103,I think the number of waiters are less,Service,Annotated,,Service,Annotated,,unresolved,Genuinely ambiguous / rhetorical statement or insufficient context to definitively infer evaluative sentiment. Left unresolved to prevent fabricating ground truth.,low
REV_01118_C01_A01,REV_01118,REV_01118_C01,1117,"Friday afternoon, We planned team lunch (veg & non-veg) in Gachibowli Barbecue Nation",Food,Annotated,,Food,Annotated,,unresolved,Genuinely ambiguous / rhetorical statement or insufficient context to definitively infer evaluative sentiment. Left unresolved to prevent fabricating ground truth.,low
REV_01118_C06_A01,REV_01118,REV_01118_C06,1117,t taste & variety,Food,Annotated,,Food,Annotated,,unresolved,Genuinely ambiguous / rhetorical statement or insufficient context to definitively infer evaluative sentiment. Left unresolved to prevent fabricating ground truth.,low
REV_01118_C09_A01,REV_01118,REV_01118_C09,1117,Seems like now Barbecue Nation is just riding on its legacy,Food,Annotated,,Food,Annotated,,unresolved,Genuinely ambiguous / rhetorical statement or insufficient context to definitively infer evaluative sentiment. Left unresolved to prevent fabricating ground truth.,low
REV_01131_C10_A01,REV_01131,REV_01131_C10,1130,They could have done a little better job for tandoori chicken,Food,Annotated,,Food,Annotated,,unresolved,Genuinely ambiguous / rhetorical statement or insufficient context to definitively infer evaluative sentiment. Left unresolved to prevent fabricating ground truth.,low
REV_01131_C14_A01,REV_01131,REV_01131_C14,1130,mmm,Food,Annotated,,Food,Annotated,,unresolved,Genuinely ambiguous / rhetorical statement or insufficient context to definitively infer evaluative sentiment. Left unresolved to prevent fabricating ground truth.,low
REV_01131_C15_A01,REV_01131,REV_01131_C15,1130,mmm,Food,Annotated,,Food,Annotated,,unresolved,Genuinely ambiguous / rhetorical statement or insufficient context to definitively infer evaluative sentiment. Left unresolved to prevent fabricating ground truth.,low
REV_01131_C18_A01,REV_01131,REV_01131_C18,1130,Hope to visit you guys soon,General Experience,Annotated,,General Experience,Annotated,,unresolved,Genuinely ambiguous / rhetorical statement or insufficient context to definitively infer evaluative sentiment. Left unresolved to prevent fabricating ground truth.,low
REV_01140_C02_A01,REV_01140,REV_01140_C02,1139,I had the Non Veg buffet,Food,Annotated,,,No Aspect Opinion,,changed,Reclassified procedural order / transaction narrative without evaluative opinion to 'No Aspect Opinion',high
REV_01142_C04_A01,REV_01142,REV_01142_C04,1141,we treat this restaurant as a family restaurant and make sure we visit this once a month,General Experience,Annotated,,General Experience,Annotated,,unresolved,Genuinely ambiguous / rhetorical statement or insufficient context to definitively infer evaluative sentiment. Left unresolved to prevent fabricating ground truth.,low
REV_01144_C05_A01,REV_01144,REV_01144_C05,1143,improve Barbeque,Food,Annotated,,Food,Annotated,,unresolved,Genuinely ambiguous / rhetorical statement or insufficient context to definitively infer evaluative sentiment. Left unresolved to prevent fabricating ground truth.,low
REV_01147_C02_A01,REV_01147,REV_01147_C02,1146,main course should be be improved because starters 4 dessert 4 and main course 3.5 because food in main course was not upto mark need some taste build up,Food,Annotated,,,No Aspect Opinion,,changed,Reclassified procedural order / transaction narrative without evaluative opinion to 'No Aspect Opinion',high
REV_01164_C02_A01,REV_01164,REV_01164_C02,1163,"Now, let me tell you about my experience at this outlet, not going to judge the other outlets",General Experience,Annotated,,General Experience,Annotated,,unresolved,Genuinely ambiguous / rhetorical statement or insufficient context to definitively infer evaluative sentiment. Left unresolved to prevent fabricating ground truth.,low
REV_01185_C11_A01,REV_01185,REV_01185_C11,1184,On the whole a satisfying experience,General Experience,Annotated,,General Experience,Annotated,,unresolved,Genuinely ambiguous / rhetorical statement or insufficient context to definitively infer evaluative sentiment. Left unresolved to prevent fabricating ground truth.,low
REV_01198_C04_A01,REV_01198,REV_01198_C04,1197,okz in taste,Food,Annotated,,Food,Annotated,,unresolved,Genuinely ambiguous / rhetorical statement or insufficient context to definitively infer evaluative sentiment. Left unresolved to prevent fabricating ground truth.,low
REV_01198_C06_A01,REV_01198,REV_01198_C06,1197,ambiance and service,Ambience,Annotated,,Ambience,Annotated,,unresolved,Genuinely ambiguous / rhetorical statement or insufficient context to definitively infer evaluative sentiment. Left unresolved to prevent fabricating ground truth.,low
REV_01198_C06_A02,REV_01198,REV_01198_C06,1197,ambiance and service,Service,Annotated,,Service,Annotated,,unresolved,Genuinely ambiguous / rhetorical statement or insufficient context to definitively infer evaluative sentiment. Left unresolved to prevent fabricating ground truth.,low
REV_01200_C03_A01,REV_01200,REV_01200_C03,1199,Ordered another sizzle with Noodles,Food,Annotated,,,No Aspect Opinion,,changed,Reclassified factual entity mention / procedural statement without evaluative opinion to 'No Aspect Opinion',high
REV_01200_C05_A01,REV_01200,REV_01200_C05,1199,"Also, served it with rice instead and when I asked to change, they gave me a noodle differently and that too since they were irritated with lots of chilli sauce",Food,Annotated,,,No Aspect Opinion,,changed,Reclassified procedural order / transaction narrative without evaluative opinion to 'No Aspect Opinion',high
REV_01200_C05_A02,REV_01200,REV_01200_C05,1199,"Also, served it with rice instead and when I asked to change, they gave me a noodle differently and that too since they were irritated with lots of chilli sauce",Service,Annotated,,,No Aspect Opinion,,changed,Reclassified procedural order / transaction narrative without evaluative opinion to 'No Aspect Opinion',high
REV_01200_C08_A01,REV_01200,REV_01200_C08,1199,"When asked for manager, told me he is not here",Service,Annotated,,Service,Annotated,,unresolved,Genuinely ambiguous / rhetorical statement or insufficient context to definitively infer evaluative sentiment. Left unresolved to prevent fabricating ground truth.,low
REV_01204_C02_A01,REV_01204,REV_01204_C02,1203,The buffet comes with veg and non veg sizzler,Food,Annotated,,Food,Annotated,,unresolved,Genuinely ambiguous / rhetorical statement or insufficient context to definitively infer evaluative sentiment. Left unresolved to prevent fabricating ground truth.,low
REV_01204_C03_A01,REV_01204,REV_01204_C03,1203,"though without the sides (fries, veggies and noodles/rice)",Food,Annotated,,Food,Annotated,,unresolved,Genuinely ambiguous / rhetorical statement or insufficient context to definitively infer evaluative sentiment. Left unresolved to prevent fabricating ground truth.,low
REV_01210_C05_A01,REV_01210,REV_01210_C05,1209,Check your orders before you send it to the customer,Service,Annotated,,Service,Annotated,,unresolved,Genuinely ambiguous / rhetorical statement or insufficient context to definitively infer evaluative sentiment. Left unresolved to prevent fabricating ground truth.,low
REV_01212_C03_A01,REV_01212,REV_01212_C03,1211,Exotic Vegetable Pasta (3.5/5),Food,Annotated,,,No Aspect Opinion,,changed,Reclassified procedural order / transaction narrative without evaluative opinion to 'No Aspect Opinion',high
REV_01212_C06_A01,REV_01212,REV_01212_C06,1211,Paneer Butter Masala Sizzler (3/5),Food,Annotated,,,No Aspect Opinion,,changed,Reclassified procedural order / transaction narrative without evaluative opinion to 'No Aspect Opinion',high
REV_01212_C09_A01,REV_01212,REV_01212_C09,1211,Somehow could not enjoy the taste 100%,Food,Annotated,,,No Aspect Opinion,,changed,Reclassified procedural order / transaction narrative without evaluative opinion to 'No Aspect Opinion',high
REV_01212_C12_A01,REV_01212,REV_01212_C12,1211,I can make better soda at home,Food,Annotated,,Food,Annotated,,unresolved,Genuinely ambiguous / rhetorical statement or insufficient context to definitively infer evaluative sentiment. Left unresolved to prevent fabricating ground truth.,low
REV_01218_C01_A01,REV_01218,REV_01218_C01,1217,"You hear about a place a 100 times, how do you solve the puzzle when you visit it once to experience it yourself",General Experience,Annotated,,,No Aspect Opinion,,changed,Reclassified procedural order / transaction narrative without evaluative opinion to 'No Aspect Opinion',high
REV_01218_C03_A01,REV_01218,REV_01218_C03,1217,One of the puzzle I came across was this place Absolute Sizzler I had mixed reviews and I said let me,General Experience,Annotated,,,No Aspect Opinion,,changed,Reclassified procedural order / transaction narrative without evaluative opinion to 'No Aspect Opinion',high
REV_01226_C03_A01,REV_01226,REV_01226_C03,1225,The pieces are not cooked properly,Food,Annotated,,Food,Annotated,,unresolved,Genuinely ambiguous / rhetorical statement or insufficient context to definitively infer evaluative sentiment. Left unresolved to prevent fabricating ground truth.,low
REV_01231_C02_A01,REV_01231,REV_01231_C02,1230,the deli ery of the food is bit slower as compared to other,Food,Annotated,,Food,Annotated,,unresolved,Genuinely ambiguous / rhetorical statement or insufficient context to definitively infer evaluative sentiment. Left unresolved to prevent fabricating ground truth.,low
REV_01242_C04_A01,REV_01242,REV_01242_C04,1241,Especially spice chicken sizzlers,Food,Annotated,,Food,Annotated,,unresolved,Genuinely ambiguous / rhetorical statement or insufficient context to definitively infer evaluative sentiment. Left unresolved to prevent fabricating ground truth.,low
REV_01244_C04_A01,REV_01244,REV_01244_C04,1243,Must try caramel custard and Sizzling brownie dessert,Food,Annotated,,Food,Annotated,,unresolved,Genuinely ambiguous / rhetorical statement or insufficient context to definitively infer evaluative sentiment. Left unresolved to prevent fabricating ground truth.,low
REV_01276_C03_A01,REV_01276,REV_01276_C03,1275,Serving was a bit slow and preparation time was high more or less it was not a fine dining experience,General Experience,Annotated,,General Experience,Annotated,,unresolved,Genuinely ambiguous / rhetorical statement or insufficient context to definitively infer evaluative sentiment. Left unresolved to prevent fabricating ground truth.,low
REV_01276_C03_A02,REV_01276,REV_01276_C03,1275,Serving was a bit slow and preparation time was high more or less it was not a fine dining experience,Service,Annotated,,Service,Annotated,,unresolved,Genuinely ambiguous / rhetorical statement or insufficient context to definitively infer evaluative sentiment. Left unresolved to prevent fabricating ground truth.,low
REV_01285_C02_A01,REV_01285,REV_01285_C02,1284,Enjoyed it thoroughly,General Experience,Annotated,,General Experience,Annotated,,unresolved,Genuinely ambiguous / rhetorical statement or insufficient context to definitively infer evaluative sentiment. Left unresolved to prevent fabricating ground truth.,low
REV_01298_C01_A01,REV_01298,REV_01298_C01,1297,I have had high expectations of food there,Food,Annotated,,,No Aspect Opinion,,changed,Reclassified procedural order / transaction narrative without evaluative opinion to 'No Aspect Opinion',high
REV_01322_C02_A01,REV_01322,REV_01322_C02,1321,"There is a serious need of utilizing the space properly, which at present requires quite some work",Ambience,Annotated,,Ambience,Annotated,,unresolved,Genuinely ambiguous / rhetorical statement or insufficient context to definitively infer evaluative sentiment. Left unresolved to prevent fabricating ground truth.,low
REV_01326_C01_A01,REV_01326,REV_01326_C01,1325,"Ordered chicken pizza , missal pav and cocktails",Food,Annotated,,,No Aspect Opinion,,changed,Reclassified factual entity mention / procedural statement without evaluative opinion to 'No Aspect Opinion',high
REV_01331_C02_A01,REV_01331,REV_01331_C02,1330,I like the music and drinks as well,Ambience,Annotated,,Ambience,Annotated,,unresolved,Genuinely ambiguous / rhetorical statement or insufficient context to definitively infer evaluative sentiment. Left unresolved to prevent fabricating ground truth.,low
REV_01331_C07_A01,REV_01331,REV_01331_C07,1330,The ambience is cool,Ambience,Annotated,,Ambience,Annotated,,unresolved,Genuinely ambiguous / rhetorical statement or insufficient context to definitively infer evaluative sentiment. Left unresolved to prevent fabricating ground truth.,low
REV_01331_C08_A01,REV_01331,REV_01331_C08,1330,but the staff has been unaccommodating to us one time,Service,Annotated,,Service,Annotated,,unresolved,Genuinely ambiguous / rhetorical statement or insufficient context to definitively infer evaluative sentiment. Left unresolved to prevent fabricating ground truth.,low
REV_01340_C02_A01,REV_01340,REV_01340_C02,1339,"Liquor prices go up and down based on demand, like sensex",Price / Value,Annotated,,Price / Value,Annotated,,unresolved,Genuinely ambiguous / rhetorical statement or insufficient context to definitively infer evaluative sentiment. Left unresolved to prevent fabricating ground truth.,low
REV_01340_C05_A01,REV_01340,REV_01340_C05,1339,Seperate dance floor one of the unique feature,Ambience,Annotated,,Ambience,Annotated,,unresolved,Genuinely ambiguous / rhetorical statement or insufficient context to definitively infer evaluative sentiment. Left unresolved to prevent fabricating ground truth.,low
REV_01342_C05_A01,REV_01342,REV_01342_C05,1341,This was my first physical visit to the restaurant,General Experience,Annotated,,General Experience,Annotated,,unresolved,Genuinely ambiguous / rhetorical statement or insufficient context to definitively infer evaluative sentiment. Left unresolved to prevent fabricating ground truth.,low
REV_01342_C07_A01,REV_01342,REV_01342_C07,1341,"Ambience, look, coziness and lighting all were so perfect",Ambience,Annotated,,Ambience,Annotated,,unresolved,Genuinely ambiguous / rhetorical statement or insufficient context to definitively infer evaluative sentiment. Left unresolved to prevent fabricating ground truth.,low
REV_01342_C12_A01,REV_01342,REV_01342_C12,1341,Further we ordered butter roti and lajeez paneer,Food,Annotated,,,No Aspect Opinion,,changed,Reclassified procedural order / transaction narrative without evaluative opinion to 'No Aspect Opinion',high
REV_01342_C17_A01,REV_01342,REV_01342_C17,1341,It is not family friendly,Service,Annotated,,Service,Annotated,,unresolved,Genuinely ambiguous / rhetorical statement or insufficient context to definitively infer evaluative sentiment. Left unresolved to prevent fabricating ground truth.,low
REV_01342_C19_A01,REV_01342,REV_01342_C19,1341,There are multiple options in food menu and bar menu as well,Food,Annotated,,Food,Annotated,,unresolved,Genuinely ambiguous / rhetorical statement or insufficient context to definitively infer evaluative sentiment. Left unresolved to prevent fabricating ground truth.,low
REV_01342_C21_A01,REV_01342,REV_01342_C21,1341,Trust me you will never be disappointed after going to this place,General Experience,Annotated,,General Experience,Annotated,,unresolved,Genuinely ambiguous / rhetorical statement or insufficient context to definitively infer evaluative sentiment. Left unresolved to prevent fabricating ground truth.,low
REV_01342_C22_A01,REV_01342,REV_01342_C22,1341,Ambience,Ambience,Annotated,,,No Aspect Opinion,,changed,Reclassified factual entity mention / procedural statement without evaluative opinion to 'No Aspect Opinion',high
REV_01342_C24_A01,REV_01342,REV_01342_C24,1341,Food,Food,Annotated,,,No Aspect Opinion,,changed,Reclassified factual entity mention / procedural statement without evaluative opinion to 'No Aspect Opinion',high
REV_01342_C25_A01,REV_01342,REV_01342_C25,1341,4 out of 5 (cost could be lower side slightly),Price / Value,Annotated,,,No Aspect Opinion,,changed,Reclassified procedural order / transaction narrative without evaluative opinion to 'No Aspect Opinion',high
REV_01342_C26_A01,REV_01342,REV_01342_C26,1341,Staff service,Service,Annotated,,Service,Annotated,,unresolved,Genuinely ambiguous / rhetorical statement or insufficient context to definitively infer evaluative sentiment. Left unresolved to prevent fabricating ground truth.,low
REV_01344_C02_A01,REV_01344,REV_01344_C02,1343,"Food is just ok, i tried paneer tikka, corn, chicken manchurian, pepper chicken",Food,Annotated,,,No Aspect Opinion,,changed,Reclassified procedural order / transaction narrative without evaluative opinion to 'No Aspect Opinion',high
REV_01365_C08_A01,REV_01365,REV_01365_C08,1364,Can visit for casual chilling,Ambience,Annotated,,Ambience,Annotated,,unresolved,Genuinely ambiguous / rhetorical statement or insufficient context to definitively infer evaluative sentiment. Left unresolved to prevent fabricating ground truth.,low
REV_01385_C02_A01,REV_01385,REV_01385_C02,1384,Dj just turns on the dance floor,Ambience,Annotated,,Ambience,Annotated,,unresolved,Genuinely ambiguous / rhetorical statement or insufficient context to definitively infer evaluative sentiment. Left unresolved to prevent fabricating ground truth.,low
REV_01389_C01_A01,REV_01389,REV_01389_C01,1388,Looks interesting at the entrance and has an intriguing ambience,Ambience,Annotated,,Ambience,Annotated,,unresolved,Genuinely ambiguous / rhetorical statement or insufficient context to definitively infer evaluative sentiment. Left unresolved to prevent fabricating ground truth.,low
REV_01389_C04_A01,REV_01389,REV_01389_C04,1388,The seating arrangement is comfortable for a person to relax,Ambience,Annotated,,Ambience,Annotated,,unresolved,Genuinely ambiguous / rhetorical statement or insufficient context to definitively infer evaluative sentiment. Left unresolved to prevent fabricating ground truth.,low
REV_01389_C05_A01,REV_01389,REV_01389_C05,1388,The Paneer Kathi Roll is a must have,Food,Annotated,,Food,Annotated,,unresolved,Genuinely ambiguous / rhetorical statement or insufficient context to definitively infer evaluative sentiment. Left unresolved to prevent fabricating ground truth.,low
REV_01398_C04_A01,REV_01398,REV_01398_C04,1397,Zomato gold is applicable so it became quite reasonable as we were only 2 people,Price / Value,Annotated,,,No Aspect Opinion,,changed,Reclassified procedural order / transaction narrative without evaluative opinion to 'No Aspect Opinion',high
REV_01432_C01_A01,REV_01432,REV_01432_C01,1431,Food was excellent,Food,Annotated,,Food,Annotated,,unresolved,Genuinely ambiguous / rhetorical statement or insufficient context to definitively infer evaluative sentiment. Left unresolved to prevent fabricating ground truth.,low
REV_01441_C03_A01,REV_01441,REV_01441_C03,1440,"Starters, Main course and dessert",Food,Annotated,,Food,Annotated,,unresolved,Genuinely ambiguous / rhetorical statement or insufficient context to definitively infer evaluative sentiment. Left unresolved to prevent fabricating ground truth.,low
REV_01445_C01_A01,REV_01445,REV_01445_C01,1444,We were overwhelmed with the service and food,Food,Annotated,,Food,Annotated,,unresolved,Genuinely ambiguous / rhetorical statement or insufficient context to definitively infer evaluative sentiment. Left unresolved to prevent fabricating ground truth.,low
REV_01445_C01_A02,REV_01445,REV_01445_C01,1444,We were overwhelmed with the service and food,Service,Annotated,,Service,Annotated,,unresolved,Genuinely ambiguous / rhetorical statement or insufficient context to definitively infer evaluative sentiment. Left unresolved to prevent fabricating ground truth.,low
REV_01477_C03_A01,REV_01477,REV_01477_C03,1476,Kudos to my table coordinator Mr,Ambience,Annotated,,Ambience,Annotated,,unresolved,Genuinely ambiguous / rhetorical statement or insufficient context to definitively infer evaluative sentiment. Left unresolved to prevent fabricating ground truth.,low
REV_01504_C01_A01,REV_01504,REV_01504_C01,1503,Burger was okay,Food,Annotated,,Food,Annotated,,unresolved,Genuinely ambiguous / rhetorical statement or insufficient context to definitively infer evaluative sentiment. Left unresolved to prevent fabricating ground truth.,low
REV_01512_C02_A01,REV_01512,REV_01512_C02,1511,"Instead of getting three 3 8 piece order, i was only given 2 8 piece order and 1 Hot crispy",Service,Annotated,,Food,Annotated,Positive,changed,Filled omitted sentiment as 'Positive' for aspect 'Food' based on explicit evaluative opinion in clause,high
REV_01519_C03_A01,REV_01519,REV_01519_C03,1518,I will never order here again,Service,Annotated,,Service,Annotated,,unresolved,Genuinely ambiguous / rhetorical statement or insufficient context to definitively infer evaluative sentiment. Left unresolved to prevent fabricating ground truth.,low
REV_01519_C04_A01,REV_01519,REV_01519_C04,1518,They should at least read the order correctly,Service,Annotated,,Service,Annotated,,unresolved,Genuinely ambiguous / rhetorical statement or insufficient context to definitively infer evaluative sentiment. Left unresolved to prevent fabricating ground truth.,low
REV_01531_C02_A01,REV_01531,REV_01531_C02,1530,I kinda really like the zinger 5 in one meal,Food,Annotated,,,No Aspect Opinion,,changed,Reclassified procedural order / transaction narrative without evaluative opinion to 'No Aspect Opinion',high
REV_01531_C04_A01,REV_01531,REV_01531_C04,1530,Go fill ur belly on these burgers,Food,Annotated,,Food,Annotated,,unresolved,Genuinely ambiguous / rhetorical statement or insufficient context to definitively infer evaluative sentiment. Left unresolved to prevent fabricating ground truth.,low
REV_01534_C01_A01,REV_01534,REV_01534_C01,1533,We have just now visited this KFC 😊,Food,Annotated,,Food,Annotated,,unresolved,Genuinely ambiguous / rhetorical statement or insufficient context to definitively infer evaluative sentiment. Left unresolved to prevent fabricating ground truth.,low
REV_01540_C01_A01,REV_01540,REV_01540_C01,1539,Eagerly waited for food with kids,Food,Annotated,,Food,Annotated,,unresolved,Genuinely ambiguous / rhetorical statement or insufficient context to definitively infer evaluative sentiment. Left unresolved to prevent fabricating ground truth.,low
REV_01540_C01_A02,REV_01540,REV_01540_C01,1539,Eagerly waited for food with kids,Service,Annotated,,Service,Annotated,,unresolved,Genuinely ambiguous / rhetorical statement or insufficient context to definitively infer evaluative sentiment. Left unresolved to prevent fabricating ground truth.,low
REV_01545_C01_A01,REV_01545,REV_01545_C01,1544,burger quality has decreased,Food,Annotated,,Food,Annotated,,unresolved,Genuinely ambiguous / rhetorical statement or insufficient context to definitively infer evaluative sentiment. Left unresolved to prevent fabricating ground truth.,low
REV_01554_C01_A01,REV_01554,REV_01554_C01,1553,Can’t review it as the order and the delivery are not matching,Service,Annotated,,Service,Annotated,,unresolved,Genuinely ambiguous / rhetorical statement or insufficient context to definitively infer evaluative sentiment. Left unresolved to prevent fabricating ground truth.,low
REV_01562_C02_A01,REV_01562,REV_01562_C02,1561,I just throw away the chicken,Food,Annotated,,Food,Annotated,,unresolved,Genuinely ambiguous / rhetorical statement or insufficient context to definitively infer evaluative sentiment. Left unresolved to prevent fabricating ground truth.,low
REV_01562_C04_A01,REV_01562,REV_01562_C04,1561,I will never again visit KFC,General Experience,Annotated,,General Experience,Annotated,,unresolved,Genuinely ambiguous / rhetorical statement or insufficient context to definitively infer evaluative sentiment. Left unresolved to prevent fabricating ground truth.,low
REV_01578_C01_A01,REV_01578,REV_01578_C01,1577,Excellent,General Experience,Annotated,,General Experience,Annotated,,unresolved,Genuinely ambiguous / rhetorical statement or insufficient context to definitively infer evaluative sentiment. Left unresolved to prevent fabricating ground truth.,low
REV_01586_C01_A01,REV_01586,REV_01586_C01,1585,in love with KFC,Food,Annotated,,Food,Annotated,,unresolved,Genuinely ambiguous / rhetorical statement or insufficient context to definitively infer evaluative sentiment. Left unresolved to prevent fabricating ground truth.,low
REV_01590_C01_A01,REV_01590,REV_01590_C01,1589,So far the best kadhi chawal I have had in Hyderabad,General Experience,Annotated,,General Experience,Annotated,,unresolved,Genuinely ambiguous / rhetorical statement or insufficient context to definitively infer evaluative sentiment. Left unresolved to prevent fabricating ground truth.,low
REV_01594_C01_A01,REV_01594,REV_01594_C01,1593,Are you bored taking North Indian foods from South Indian restaurant,Food,Annotated,,Food,Annotated,,unresolved,Genuinely ambiguous / rhetorical statement or insufficient context to definitively infer evaluative sentiment. Left unresolved to prevent fabricating ground truth.,low
REV_01594_C04_A01,REV_01594,REV_01594_C04,1593,Must try- Makki Di Roti and Sarson da saag,Food,Annotated,,Food,Annotated,,unresolved,Genuinely ambiguous / rhetorical statement or insufficient context to definitively infer evaluative sentiment. Left unresolved to prevent fabricating ground truth.,low
REV_01594_C05_A01,REV_01594,REV_01594_C05,1593,I still feel those mellowing taste of this dish,Food,Annotated,,Food,Annotated,,unresolved,Genuinely ambiguous / rhetorical statement or insufficient context to definitively infer evaluative sentiment. Left unresolved to prevent fabricating ground truth.,low
REV_01600_C01_A01,REV_01600,REV_01600_C01,1599,I ordered food here,Food,Annotated,,,No Aspect Opinion,,changed,Reclassified factual entity mention / procedural statement without evaluative opinion to 'No Aspect Opinion',high
REV_01600_C04_A01,REV_01600,REV_01600_C04,1599,"If food was not available ,you should not taken the order",Food,Annotated,,Food,Annotated,,unresolved,Genuinely ambiguous / rhetorical statement or insufficient context to definitively infer evaluative sentiment. Left unresolved to prevent fabricating ground truth.,low
REV_01600_C04_A02,REV_01600,REV_01600_C04,1599,"If food was not available ,you should not taken the order",Service,Annotated,,Service,Annotated,,unresolved,Genuinely ambiguous / rhetorical statement or insufficient context to definitively infer evaluative sentiment. Left unresolved to prevent fabricating ground truth.,low
REV_01602_C01_A01,REV_01602,REV_01602_C01,1601,Ordered Paneer Makhani from NorFest and I would mark it to be the finest Paneer Makhani that I've ever had,Food,Annotated,,,No Aspect Opinion,,changed,Reclassified factual entity mention / procedural statement without evaluative opinion to 'No Aspect Opinion',high
REV_01608_C04_A01,REV_01608,REV_01608_C04,1607,I ordered the paneer combo and shikanji,Food,Annotated,,,No Aspect Opinion,,changed,Reclassified factual entity mention / procedural statement without evaluative opinion to 'No Aspect Opinion',high
REV_01608_C06_A01,REV_01608,REV_01608_C06,1607,Looking at the box itself I started feeling more hungry,Food,Annotated,,Food,Annotated,,unresolved,Genuinely ambiguous / rhetorical statement or insufficient context to definitively infer evaluative sentiment. Left unresolved to prevent fabricating ground truth.,low
REV_01612_C01_A01,REV_01612,REV_01612_C01,1611,Finally someone can make food which I could call North Indian,Food,Annotated,,Food,Annotated,,unresolved,Genuinely ambiguous / rhetorical statement or insufficient context to definitively infer evaluative sentiment. Left unresolved to prevent fabricating ground truth.,low
REV_01612_C04_A01,REV_01612,REV_01612_C04,1611,Definitely visiting again,General Experience,Annotated,,General Experience,Annotated,,unresolved,Genuinely ambiguous / rhetorical statement or insufficient context to definitively infer evaluative sentiment. Left unresolved to prevent fabricating ground truth.,low
REV_01630_C02_A01,REV_01630,REV_01630_C02,1629,highly recommended,General Experience,Annotated,,General Experience,Annotated,Positive,changed,Filled omitted sentiment as 'Positive' for aspect 'General Experience' based on explicit evaluative opinion in clause,high
REV_01630_C05_A01,REV_01630,REV_01630_C05,1629,Food,Food,Annotated,,,No Aspect Opinion,,changed,Reclassified factual entity mention / procedural statement without evaluative opinion to 'No Aspect Opinion',high
REV_01630_C07_A01,REV_01630,REV_01630_C07,1629,ambience,Ambience,Annotated,,,No Aspect Opinion,,changed,Reclassified factual entity mention / procedural statement without evaluative opinion to 'No Aspect Opinion',high
REV_01632_C04_A01,REV_01632,REV_01632_C04,1631,however place has common food court space available for dine-in as well,Ambience,Annotated,,Ambience,Annotated,,unresolved,Genuinely ambiguous / rhetorical statement or insufficient context to definitively infer evaluative sentiment. Left unresolved to prevent fabricating ground truth.,low
REV_01632_C04_A02,REV_01632,REV_01632_C04,1631,however place has common food court space available for dine-in as well,Food,Annotated,,Food,Annotated,,unresolved,Genuinely ambiguous / rhetorical statement or insufficient context to definitively infer evaluative sentiment. Left unresolved to prevent fabricating ground truth.,low
REV_01653_C02_A01,REV_01653,REV_01653_C02,1652,and their food corroborates this very well,Food,Annotated,,Food,Annotated,,unresolved,Genuinely ambiguous / rhetorical statement or insufficient context to definitively infer evaluative sentiment. Left unresolved to prevent fabricating ground truth.,low
REV_01675_C01_A01,REV_01675,REV_01675_C01,1674,The best North Indian food available in Hyderabad specially dal makhani and the mouthwatering galhouti kabab,Food,Annotated,,Food,Annotated,Positive,changed,Filled omitted sentiment as 'Positive' for aspect 'Food' based on explicit evaluative opinion in clause,high
REV_01679_C04_A01,REV_01679,REV_01679_C04,1678,This place needs multiple visits for tasting the entire menu and shikanji is a must try,Food,Annotated,,Food,Annotated,,unresolved,Genuinely ambiguous / rhetorical statement or insufficient context to definitively infer evaluative sentiment. Left unresolved to prevent fabricating ground truth.,low
REV_01679_C06_A01,REV_01679,REV_01679_C06,1678,Do visit,General Experience,Annotated,,General Experience,Annotated,,unresolved,Genuinely ambiguous / rhetorical statement or insufficient context to definitively infer evaluative sentiment. Left unresolved to prevent fabricating ground truth.,low
REV_01686_C03_A01,REV_01686,REV_01686_C03,1685,Dal Makhni: It is the best dal makhni I had in hyderabad with a proper punjabi flavour,Food,Annotated,,Food,Annotated,,unresolved,Genuinely ambiguous / rhetorical statement or insufficient context to definitively infer evaluative sentiment. Left unresolved to prevent fabricating ground truth.,low
REV_01688_C07_A01,REV_01688,REV_01688_C07,1687,"The mutton galauti kebabs took me back to the streets of husainganj in lko where, street food sellers scream in the humid heat, ushering people to come in to their food haven",Food,Annotated,,Food,Annotated,,unresolved,Genuinely ambiguous / rhetorical statement or insufficient context to definitively infer evaluative sentiment. Left unresolved to prevent fabricating ground truth.,low
REV_01688_C10_A01,REV_01688,REV_01688_C10,1687,"We also ordered for a non veg thali which had butter chicken and I, a slow eater, finished it in seconds",Food,Annotated,,Food,Annotated,,unresolved,Genuinely ambiguous / rhetorical statement or insufficient context to definitively infer evaluative sentiment. Left unresolved to prevent fabricating ground truth.,low
REV_01688_C10_A02,REV_01688,REV_01688_C10,1687,"We also ordered for a non veg thali which had butter chicken and I, a slow eater, finished it in seconds",Service,Annotated,,Service,Annotated,,unresolved,Genuinely ambiguous / rhetorical statement or insufficient context to definitively infer evaluative sentiment. Left unresolved to prevent fabricating ground truth.,low
REV_01688_C12_A01,REV_01688,REV_01688_C12,1687,"The dal makhani, i presumed would have the sane taste as the butter chicken",Food,Annotated,,Food,Annotated,,unresolved,Genuinely ambiguous / rhetorical statement or insufficient context to definitively infer evaluative sentiment. Left unresolved to prevent fabricating ground truth.,low
REV_01712_C05_A01,REV_01712,REV_01712_C05,1711,The quality of complementary Onion and Lemon not satisfactory,Food,Annotated,,Food,Annotated,,unresolved,Genuinely ambiguous / rhetorical statement or insufficient context to definitively infer evaluative sentiment. Left unresolved to prevent fabricating ground truth.,low
REV_01721_C01_A01,REV_01721,REV_01721_C01,1720,Quality is decreasing exponentially i request you to please dont order food here why because my health got damaged very badly after eating food here,Food,Annotated,,,No Aspect Opinion,,changed,Reclassified procedural order / transaction narrative without evaluative opinion to 'No Aspect Opinion',high
REV_01721_C01_A02,REV_01721,REV_01721_C01,1720,Quality is decreasing exponentially i request you to please dont order food here why because my health got damaged very badly after eating food here,Service,Annotated,,,No Aspect Opinion,,changed,Reclassified procedural order / transaction narrative without evaluative opinion to 'No Aspect Opinion',high
REV_01760_C01_A01,REV_01760,REV_01760_C01,1759,Order was late so called the restaurant,Service,Annotated,,Service,Annotated,,unresolved,Genuinely ambiguous / rhetorical statement or insufficient context to definitively infer evaluative sentiment. Left unresolved to prevent fabricating ground truth.,low
REV_01760_C02_A01,REV_01760,REV_01760_C02,1759,They started yelling the moment he picked the call saying '' we are not responsible,Service,Annotated,,Service,Annotated,,unresolved,Genuinely ambiguous / rhetorical statement or insufficient context to definitively infer evaluative sentiment. Left unresolved to prevent fabricating ground truth.,low
REV_01797_C01_A01,REV_01797,REV_01797_C01,1796,An Uber cool place with an ambience which reminds you of any pub in London well isn’t the name making it obvious,Ambience,Annotated,,Ambience,Annotated,,unresolved,Genuinely ambiguous / rhetorical statement or insufficient context to definitively infer evaluative sentiment. Left unresolved to prevent fabricating ground truth.,low
REV_01797_C04_A01,REV_01797,REV_01797_C04,1796,again not all beers in the menu are available most of the time,Food,Annotated,,Food,Annotated,,unresolved,Genuinely ambiguous / rhetorical statement or insufficient context to definitively infer evaluative sentiment. Left unresolved to prevent fabricating ground truth.,low
REV_01799_C02_A01,REV_01799,REV_01799_C02,1798,"ambiance,drinks and what not",Ambience,Annotated,,Ambience,Annotated,,unresolved,Genuinely ambiguous / rhetorical statement or insufficient context to definitively infer evaluative sentiment. Left unresolved to prevent fabricating ground truth.,low
REV_01806_C02_A01,REV_01806,REV_01806_C02,1805,but you feel bored sitting inside,Ambience,Annotated,,Ambience,Annotated,,unresolved,Genuinely ambiguous / rhetorical statement or insufficient context to definitively infer evaluative sentiment. Left unresolved to prevent fabricating ground truth.,low
REV_01810_C01_A01,REV_01810,REV_01810_C01,1809,It's a wonderful and lively place on the 10th floor,Ambience,Annotated,,Ambience,Annotated,,unresolved,Genuinely ambiguous / rhetorical statement or insufficient context to definitively infer evaluative sentiment. Left unresolved to prevent fabricating ground truth.,low
REV_01814_C03_A01,REV_01814,REV_01814_C03,1813,But the food has a bit of room for improvement in terms of taste,Food,Annotated,,Food,Annotated,,unresolved,Genuinely ambiguous / rhetorical statement or insufficient context to definitively infer evaluative sentiment. Left unresolved to prevent fabricating ground truth.,low
REV_01830_C01_A01,REV_01830,REV_01830_C01,1829,I had gone for lunch a few days back and no doubt the place,General Experience,Annotated,,,No Aspect Opinion,,changed,Reclassified procedural order / transaction narrative without evaluative opinion to 'No Aspect Opinion',high
REV_01830_C03_A01,REV_01830,REV_01830_C03,1829,I was not given the dessert which was included in the platter,Food,Annotated,,Food,Annotated,,unresolved,Genuinely ambiguous / rhetorical statement or insufficient context to definitively infer evaluative sentiment. Left unresolved to prevent fabricating ground truth.,low
REV_01830_C06_A01,REV_01830,REV_01830_C06,1829,2 stars for food and ambience respectively,Ambience,Annotated,,,No Aspect Opinion,,changed,Reclassified procedural order / transaction narrative without evaluative opinion to 'No Aspect Opinion',high
REV_01830_C06_A02,REV_01830,REV_01830_C06,1829,2 stars for food and ambience respectively,Food,Annotated,,,No Aspect Opinion,,changed,Reclassified procedural order / transaction narrative without evaluative opinion to 'No Aspect Opinion',high
REV_01830_C07_A01,REV_01830,REV_01830_C07,1829,"for the service they provide, I'm not at all happy with the place",Service,Annotated,,Service,Annotated,,unresolved,Genuinely ambiguous / rhetorical statement or insufficient context to definitively infer evaluative sentiment. Left unresolved to prevent fabricating ground truth.,low
REV_01832_C01_A01,REV_01832,REV_01832_C01,1831,Well another Brew In town,Food,Annotated,,Food,Annotated,,unresolved,Genuinely ambiguous / rhetorical statement or insufficient context to definitively infer evaluative sentiment. Left unresolved to prevent fabricating ground truth.,low
REV_01835_C01_A01,REV_01835,REV_01835_C01,1834,"One place i can visit over and over, just for ambiance",Ambience,Annotated,,Ambience,Annotated,,unresolved,Genuinely ambiguous / rhetorical statement or insufficient context to definitively infer evaluative sentiment. Left unresolved to prevent fabricating ground truth.,low
REV_01835_C02_A01,REV_01835,REV_01835_C02,1834,Lasagne is a must try here,Food,Annotated,,Food,Annotated,,unresolved,Genuinely ambiguous / rhetorical statement or insufficient context to definitively infer evaluative sentiment. Left unresolved to prevent fabricating ground truth.,low
REV_01835_C03_A01,REV_01835,REV_01835_C03,1834,"One thing to keep in mind, they will take the last order 5 mins before it closes",Service,Annotated,,,No Aspect Opinion,,changed,Reclassified procedural order / transaction narrative without evaluative opinion to 'No Aspect Opinion',high
REV_01850_C05_A01,REV_01850,REV_01850_C05,1849,"My suggestions: Chicken lasagne, Shepard's pie,Roast lamb and a lot more",Food,Annotated,,Food,Annotated,,unresolved,Genuinely ambiguous / rhetorical statement or insufficient context to definitively infer evaluative sentiment. Left unresolved to prevent fabricating ground truth.,low
REV_01850_C06_A01,REV_01850,REV_01850_C06,1849,Must admit the pub lunch here is one of the best and the brews are brilliant to pair with some food,Food,Annotated,,Food,Annotated,,unresolved,Genuinely ambiguous / rhetorical statement or insufficient context to definitively infer evaluative sentiment. Left unresolved to prevent fabricating ground truth.,low
REV_01852_C06_A01,REV_01852,REV_01852_C06,1851,"MUST HAVE: LASAGNE (10D serves one of the best lasagne ever), Jeera Rice and Mutton Rogan Josh, Chicken Tikka, Chicken Nachos and Spaghetti Bolognese",Food,Annotated,,Food,Annotated,,unresolved,Genuinely ambiguous / rhetorical statement or insufficient context to definitively infer evaluative sentiment. Left unresolved to prevent fabricating ground truth.,low
REV_01864_C04_A01,REV_01864,REV_01864_C04,1863,Food,Food,Annotated,,,No Aspect Opinion,,changed,Reclassified factual entity mention / procedural statement without evaluative opinion to 'No Aspect Opinion',high
REV_01864_C06_A01,REV_01864,REV_01864_C06,1863,Music,Ambience,Annotated,,Ambience,Annotated,,unresolved,Genuinely ambiguous / rhetorical statement or insufficient context to definitively infer evaluative sentiment. Left unresolved to prevent fabricating ground truth.,low
REV_01864_C09_A01,REV_01864,REV_01864_C09,1863,Rooftop setup is oh so lovely,Ambience,Annotated,,Ambience,Annotated,,unresolved,Genuinely ambiguous / rhetorical statement or insufficient context to definitively infer evaluative sentiment. Left unresolved to prevent fabricating ground truth.,low
REV_01864_C10_A01,REV_01864,REV_01864_C10,1863,A bit heavy on pockets,Price / Value,Annotated,,Price / Value,Annotated,,unresolved,Genuinely ambiguous / rhetorical statement or insufficient context to definitively infer evaluative sentiment. Left unresolved to prevent fabricating ground truth.,low
REV_01883_C01_A01,REV_01883,REV_01883_C01,1882,"I have been to quite a few similar places in Hyderabad and after a lot of hype about this place, finally on the Monday night we visited this place for a team dinner and needless to say that it was a really enthralling experience",General Experience,Annotated,,General Experience,Annotated,,unresolved,Genuinely ambiguous / rhetorical statement or insufficient context to definitively infer evaluative sentiment. Left unresolved to prevent fabricating ground truth.,low
REV_01883_C02_A01,REV_01883,REV_01883_C02,1882,Starting from the reception area *( especially that guy with a moustache,Ambience,Annotated,,Ambience,Annotated,,unresolved,Genuinely ambiguous / rhetorical statement or insufficient context to definitively infer evaluative sentiment. Left unresolved to prevent fabricating ground truth.,low
REV_01883_C07_A01,REV_01883,REV_01883_C07,1882,You will be the one who will make me to come to this place again and again,General Experience,Annotated,,General Experience,Annotated,,unresolved,Genuinely ambiguous / rhetorical statement or insufficient context to definitively infer evaluative sentiment. Left unresolved to prevent fabricating ground truth.,low
REV_01885_C01_A01,REV_01885,REV_01885_C01,1884,"In love with Calcutta 10 downing Street and found the same in hyderabad, craving to be there to have Chinese flavorism",Food,Annotated,,Food,Annotated,,unresolved,Genuinely ambiguous / rhetorical statement or insufficient context to definitively infer evaluative sentiment. Left unresolved to prevent fabricating ground truth.,low
REV_01885_C02_A01,REV_01885,REV_01885_C02,1884,"Located in busy streets of Hyderabad, at a very fine executive apartments of Marriott at 10th floor",Ambience,Annotated,,Ambience,Annotated,,unresolved,Genuinely ambiguous / rhetorical statement or insufficient context to definitively infer evaluative sentiment. Left unresolved to prevent fabricating ground truth.,low
REV_01885_C04_A01,REV_01885,REV_01885_C04,1884,A must try for Chinese flavorism,Food,Annotated,,Food,Annotated,,unresolved,Genuinely ambiguous / rhetorical statement or insufficient context to definitively infer evaluative sentiment. Left unresolved to prevent fabricating ground truth.,low
REV_01887_C02_A01,REV_01887,REV_01887_C02,1886,"Items Ordered: Chicken Haleem, Chicken Biryani",Food,Annotated,,,No Aspect Opinion,,changed,Reclassified procedural order / transaction narrative without evaluative opinion to 'No Aspect Opinion',high
REV_01887_C07_A01,REV_01887,REV_01887_C07,1886,Overall:3/5,General Experience,Annotated,,,No Aspect Opinion,,changed,Reclassified procedural order / transaction narrative without evaluative opinion to 'No Aspect Opinion',high
REV_01897_C04_A01,REV_01897,REV_01897_C04,1896,nothing used other than one fruit and sugar,Food,Annotated,,Food,Annotated,,unresolved,Genuinely ambiguous / rhetorical statement or insufficient context to definitively infer evaluative sentiment. Left unresolved to prevent fabricating ground truth.,low
REV_01910_C04_A01,REV_01910,REV_01910_C04,1909,it's need to improve cooking,Food,Annotated,,Food,Annotated,,unresolved,Genuinely ambiguous / rhetorical statement or insufficient context to definitively infer evaluative sentiment. Left unresolved to prevent fabricating ground truth.,low
REV_01914_C03_A01,REV_01914,REV_01914_C03,1913,I ordered Tandoori roti and got Rumali roti instead,Food,Annotated,,,No Aspect Opinion,,changed,Reclassified factual entity mention / procedural statement without evaluative opinion to 'No Aspect Opinion',high
REV_01919_C02_A01,REV_01919,REV_01919_C02,1918,Seems like they ain't running for money,Price / Value,Annotated,,Price / Value,Annotated,,unresolved,Genuinely ambiguous / rhetorical statement or insufficient context to definitively infer evaluative sentiment. Left unresolved to prevent fabricating ground truth.,low
REV_01919_C03_A01,REV_01919,REV_01919_C03,1918,to feed us hahahaha,Food,Annotated,,Food,Annotated,,unresolved,Genuinely ambiguous / rhetorical statement or insufficient context to definitively infer evaluative sentiment. Left unresolved to prevent fabricating ground truth.,low
REV_01930_C06_A01,REV_01930,REV_01930_C06,1929,I had tasted their Biryani which was little strong on spiciness,Food,Annotated,,,No Aspect Opinion,,changed,Reclassified procedural order / transaction narrative without evaluative opinion to 'No Aspect Opinion',high
REV_01930_C07_A01,REV_01930,REV_01930_C07,1929,grilled chicken was nothing compared to it,Food,Annotated,,Food,Annotated,,unresolved,Genuinely ambiguous / rhetorical statement or insufficient context to definitively infer evaluative sentiment. Left unresolved to prevent fabricating ground truth.,low
REV_01932_C03_A01,REV_01932,REV_01932_C03,1931,This time i ordered mini chicken Biryani from food panda for 66 rs,Food,Annotated,,,No Aspect Opinion,,changed,Reclassified procedural order / transaction narrative without evaluative opinion to 'No Aspect Opinion',high
REV_01932_C08_A01,REV_01932,REV_01932_C08,1931,Taste,Food,Annotated,,,No Aspect Opinion,,changed,Reclassified factual entity mention / procedural statement without evaluative opinion to 'No Aspect Opinion',high
REV_01969_C02_A01,REV_01969,REV_01969_C02,1968,Everytime I go there I have different experience,General Experience,Annotated,,General Experience,Annotated,,unresolved,Genuinely ambiguous / rhetorical statement or insufficient context to definitively infer evaluative sentiment. Left unresolved to prevent fabricating ground truth.,low
REV_01969_C04_A01,REV_01969,REV_01969_C04,1968,The biryani was consistent majority of times,Food,Annotated,,Food,Annotated,,unresolved,Genuinely ambiguous / rhetorical statement or insufficient context to definitively infer evaluative sentiment. Left unresolved to prevent fabricating ground truth.,low
REV_01969_C05_A01,REV_01969,REV_01969_C05,1968,One of my go to place for biryani,Food,Annotated,,Food,Annotated,,unresolved,Genuinely ambiguous / rhetorical statement or insufficient context to definitively infer evaluative sentiment. Left unresolved to prevent fabricating ground truth.,low
REV_01971_C01_A01,REV_01971,REV_01971_C01,1970,I ordered Kaju Panner biryani today,Food,Annotated,,,No Aspect Opinion,,changed,Reclassified factual entity mention / procedural statement without evaluative opinion to 'No Aspect Opinion',high
REV_01971_C04_A01,REV_01971,REV_01971_C04,1970,need to change your  cooking  staff,Food,Annotated,,Food,Annotated,,unresolved,Genuinely ambiguous / rhetorical statement or insufficient context to definitively infer evaluative sentiment. Left unresolved to prevent fabricating ground truth.,low
REV_01971_C04_A02,REV_01971,REV_01971_C04,1970,need to change your  cooking  staff,Service,Annotated,,Service,Annotated,,unresolved,Genuinely ambiguous / rhetorical statement or insufficient context to definitively infer evaluative sentiment. Left unresolved to prevent fabricating ground truth.,low
REV_01977_C03_A01,REV_01977,REV_01977_C03,1976,Please check the parcels when you are delivering order,Service,Annotated,,Service,Annotated,,unresolved,Genuinely ambiguous / rhetorical statement or insufficient context to definitively infer evaluative sentiment. Left unresolved to prevent fabricating ground truth.,low
REV_01989_C01_A01,REV_01989,REV_01989_C01,1988,Ordered Meals(Dal makhni + Rice + roti + Aloo Gobhi),Food,Annotated,,,No Aspect Opinion,,changed,Reclassified factual entity mention / procedural statement without evaluative opinion to 'No Aspect Opinion',high
REV_01989_C03_A01,REV_01989,REV_01989_C03,1988,"Just one thing, if you could include some plastic cutlery, So that we can pour curries into the bowls",Food,Annotated,,Food,Annotated,,unresolved,Genuinely ambiguous / rhetorical statement or insufficient context to definitively infer evaluative sentiment. Left unresolved to prevent fabricating ground truth.,low
REV_02003_C16_A01,REV_02003,REV_02003_C16,2002,one can pay for these extra little things,Price / Value,Annotated,,Price / Value,Annotated,,unresolved,Genuinely ambiguous / rhetorical statement or insufficient context to definitively infer evaluative sentiment. Left unresolved to prevent fabricating ground truth.,low
REV_02003_C19_A01,REV_02003,REV_02003_C19,2002,"In phtos, its tandoori roti, lachcha parantha, aloo gobhi ki sabzi and paneer dish",Food,Annotated,,Food,Annotated,,unresolved,Genuinely ambiguous / rhetorical statement or insufficient context to definitively infer evaluative sentiment. Left unresolved to prevent fabricating ground truth.,low
REV_02007_C04_A01,REV_02007,REV_02007_C04,2006,Many times I have been to that place and politely gave my feedback,General Experience,Annotated,,General Experience,Annotated,,unresolved,Genuinely ambiguous / rhetorical statement or insufficient context to definitively infer evaluative sentiment. Left unresolved to prevent fabricating ground truth.,low
REV_02007_C05_A01,REV_02007,REV_02007_C05,2006,it seems customer satisfaction is not their priority,General Experience,Annotated,,General Experience,Annotated,,unresolved,Genuinely ambiguous / rhetorical statement or insufficient context to definitively infer evaluative sentiment. Left unresolved to prevent fabricating ground truth.,low
REV_02030_C04_A01,REV_02030,REV_02030_C04,2029,A heavenly and very Desi experience- The owners are very down-to-earth Punjabi folks who really live up to their name and fame,General Experience,Annotated,,General Experience,Annotated,,unresolved,Genuinely ambiguous / rhetorical statement or insufficient context to definitively infer evaluative sentiment. Left unresolved to prevent fabricating ground truth.,low
REV_02048_C02_A01,REV_02048,REV_02048_C02,2047,"Had aloo kulcha with dal makhani , aloo paratha with chole and paneer tikka",Food,Annotated,,,No Aspect Opinion,,changed,Reclassified procedural order / transaction narrative without evaluative opinion to 'No Aspect Opinion',high
REV_02067_C04_A01,REV_02067,REV_02067_C04,2066,"They simply refuse to cancel the order and even if I ping them separately everytime they say ""system gitch""",Service,Annotated,,Service,Annotated,,unresolved,Genuinely ambiguous / rhetorical statement or insufficient context to definitively infer evaluative sentiment. Left unresolved to prevent fabricating ground truth.,low
REV_02067_C07_A01,REV_02067,REV_02067_C07,2066,"may be they will listen to the restaurants may be because, due to zomato restaurant's name is going for a sale here",General Experience,Annotated,,General Experience,Annotated,,unresolved,Genuinely ambiguous / rhetorical statement or insufficient context to definitively infer evaluative sentiment. Left unresolved to prevent fabricating ground truth.,low
REV_02087_C05_A01,REV_02087,REV_02087_C05,2086,Didn't expected this from such reputed restaurant,General Experience,Annotated,,General Experience,Annotated,,unresolved,Genuinely ambiguous / rhetorical statement or insufficient context to definitively infer evaluative sentiment. Left unresolved to prevent fabricating ground truth.,low
REV_02093_C06_A01,REV_02093,REV_02093_C06,2092,was happy with the variety-whic included Hyderabadi cuisine apart form meditteranean,Food,Annotated,,Food,Annotated,,unresolved,Genuinely ambiguous / rhetorical statement or insufficient context to definitively infer evaluative sentiment. Left unresolved to prevent fabricating ground truth.,low
REV_02095_C01_A01,REV_02095,REV_02095_C01,2094,I think there is no point of taking a buffet here,Food,Annotated,,Food,Annotated,,unresolved,Genuinely ambiguous / rhetorical statement or insufficient context to definitively infer evaluative sentiment. Left unresolved to prevent fabricating ground truth.,low
REV_02095_C02_A01,REV_02095,REV_02095_C02,2094,I took a buffet for the purpose of having mutton curry,Food,Annotated,,Food,Annotated,,unresolved,Genuinely ambiguous / rhetorical statement or insufficient context to definitively infer evaluative sentiment. Left unresolved to prevent fabricating ground truth.,low
REV_02095_C05_A01,REV_02095,REV_02095_C05,2094,I took this plate like this,Food,Annotated,,Food,Annotated,,unresolved,Genuinely ambiguous / rhetorical statement or insufficient context to definitively infer evaluative sentiment. Left unresolved to prevent fabricating ground truth.,low
REV_02095_C06_A01,REV_02095,REV_02095_C06,2094,I left this plate like this,Food,Annotated,,Food,Annotated,,unresolved,Genuinely ambiguous / rhetorical statement or insufficient context to definitively infer evaluative sentiment. Left unresolved to prevent fabricating ground truth.,low
REV_02105_C02_A01,REV_02105,REV_02105_C02,2104,finally tonight I managed to visit it,General Experience,Annotated,,General Experience,Annotated,,unresolved,Genuinely ambiguous / rhetorical statement or insufficient context to definitively infer evaluative sentiment. Left unresolved to prevent fabricating ground truth.,low
REV_02105_C03_A01,REV_02105,REV_02105_C03,2104,They have an interesting and a wide range of a la carte menu and thats what we all were hoping to try out,Food,Annotated,,Food,Annotated,,unresolved,Genuinely ambiguous / rhetorical statement or insufficient context to definitively infer evaluative sentiment. Left unresolved to prevent fabricating ground truth.,low
REV_02105_C05_A01,REV_02105,REV_02105_C05,2104,I heard reviews about their service being a bit slower,Service,Annotated,,Service,Annotated,,unresolved,Genuinely ambiguous / rhetorical statement or insufficient context to definitively infer evaluative sentiment. Left unresolved to prevent fabricating ground truth.,low
REV_02105_C08_A01,REV_02105,REV_02105_C08,2104,Recommendations:,General Experience,Annotated,,General Experience,Annotated,,unresolved,Genuinely ambiguous / rhetorical statement or insufficient context to definitively infer evaluative sentiment. Left unresolved to prevent fabricating ground truth.,low
REV_02105_C09_A01,REV_02105,REV_02105_C09,2104,Blackened salmon steak,Food,Annotated,,Food,Annotated,,unresolved,Genuinely ambiguous / rhetorical statement or insufficient context to definitively infer evaluative sentiment. Left unresolved to prevent fabricating ground truth.,low
REV_02105_C11_A01,REV_02105,REV_02105_C11,2104,Sirloin steak,Food,Annotated,,Food,Annotated,,unresolved,Genuinely ambiguous / rhetorical statement or insufficient context to definitively infer evaluative sentiment. Left unresolved to prevent fabricating ground truth.,low
REV_02105_C14_A01,REV_02105,REV_02105_C14,2104,Cheese cake with blue berry compote,Food,Annotated,,Food,Annotated,,unresolved,Genuinely ambiguous / rhetorical statement or insufficient context to definitively infer evaluative sentiment. Left unresolved to prevent fabricating ground truth.,low
REV_02109_C01_A01,REV_02109,REV_02109_C01,2108,"Came to get dinner, made a reservation in advance",Service,Annotated,,,No Aspect Opinion,,changed,Reclassified factual entity mention / procedural statement without evaluative opinion to 'No Aspect Opinion',high
REV_02109_C02_A01,REV_02109,REV_02109_C02,2108,Sat for the first 10 mins waiting for someone to get a menu and water,Food,Annotated,,,No Aspect Opinion,,changed,Reclassified procedural order / transaction narrative without evaluative opinion to 'No Aspect Opinion',high
REV_02109_C02_A02,REV_02109,REV_02109_C02,2108,Sat for the first 10 mins waiting for someone to get a menu and water,Service,Annotated,,,No Aspect Opinion,,changed,Reclassified procedural order / transaction narrative without evaluative opinion to 'No Aspect Opinion',high
REV_02109_C07_A01,REV_02109,REV_02109_C07,2108,this experience changes my mind completely,General Experience,Annotated,,General Experience,Annotated,,unresolved,Genuinely ambiguous / rhetorical statement or insufficient context to definitively infer evaluative sentiment. Left unresolved to prevent fabricating ground truth.,low
REV_02114_C04_A01,REV_02114,REV_02114_C04,2113,we had gone for buffet and enjoyed the night thoroughly,General Experience,Annotated,,,No Aspect Opinion,,changed,Reclassified procedural order / transaction narrative without evaluative opinion to 'No Aspect Opinion',high
REV_02114_C05_A01,REV_02114,REV_02114_C05,2113,Would definitely recommend any foodie,General Experience,Annotated,,General Experience,Annotated,,unresolved,Genuinely ambiguous / rhetorical statement or insufficient context to definitively infer evaluative sentiment. Left unresolved to prevent fabricating ground truth.,low
REV_02123_C01_A01,REV_02123,REV_02123_C01,2122,This place is overrated donno why it's rating and taste doesn't match,Food,Annotated,,Food,Annotated,,unresolved,Genuinely ambiguous / rhetorical statement or insufficient context to definitively infer evaluative sentiment. Left unresolved to prevent fabricating ground truth.,low
REV_02123_C02_A01,REV_02123,REV_02123_C02,2122,We had a team lunch here,Food,Annotated,,,No Aspect Opinion,,changed,Reclassified procedural order / transaction narrative without evaluative opinion to 'No Aspect Opinion',high
REV_02123_C04_A01,REV_02123,REV_02123_C04,2122,taste was tasteless please carry salt & pepper along,Food,Annotated,,Food,Annotated,Negative,changed,Filled omitted sentiment as 'Negative' for aspect 'Food' based on explicit evaluative opinion in clause,high
REV_02123_C06_A01,REV_02123,REV_02123_C06,2122,"Taste , rating & cost has no connection among themselves",Food,Annotated,,Food,Annotated,,unresolved,Genuinely ambiguous / rhetorical statement or insufficient context to definitively infer evaluative sentiment. Left unresolved to prevent fabricating ground truth.,low
REV_02123_C06_A02,REV_02123,REV_02123_C06,2122,"Taste , rating & cost has no connection among themselves",Price / Value,Annotated,,Price / Value,Annotated,,unresolved,Genuinely ambiguous / rhetorical statement or insufficient context to definitively infer evaluative sentiment. Left unresolved to prevent fabricating ground truth.,low
REV_02125_C02_A01,REV_02125,REV_02125_C02,2124,The service of the place can test your patience in manyways when it's packed,Service,Annotated,,Service,Annotated,,unresolved,Genuinely ambiguous / rhetorical statement or insufficient context to definitively infer evaluative sentiment. Left unresolved to prevent fabricating ground truth.,low
REV_02125_C03_A01,REV_02125,REV_02125_C03,2124,Everything that was there in the buffet was icecold from starters to maincourse,Food,Annotated,,Food,Annotated,,unresolved,Genuinely ambiguous / rhetorical statement or insufficient context to definitively infer evaluative sentiment. Left unresolved to prevent fabricating ground truth.,low
REV_02125_C06_A01,REV_02125,REV_02125_C06,2124,"Been here for lunch on holiday,even",Food,Annotated,,Food,Annotated,,unresolved,Genuinely ambiguous / rhetorical statement or insufficient context to definitively infer evaluative sentiment. Left unresolved to prevent fabricating ground truth.,low
REV_02125_C08_A01,REV_02125,REV_02125_C08,2124,"Service, i always let go even if the service is not uptothemark cause it's understandable and afterall they are human",Service,Annotated,,Service,Annotated,,unresolved,Genuinely ambiguous / rhetorical statement or insufficient context to definitively infer evaluative sentiment. Left unresolved to prevent fabricating ground truth.,low
REV_02125_C10_A01,REV_02125,REV_02125_C10,2124,It was a buffet(everything selfservice) only thing they are supposed to do was provide cutlery which they failed even after asking for multiple times,General Experience,Annotated,,General Experience,Annotated,,unresolved,Genuinely ambiguous / rhetorical statement or insufficient context to definitively infer evaluative sentiment. Left unresolved to prevent fabricating ground truth.,low
REV_02125_C14_A01,REV_02125,REV_02125_C14,2124,"The kebabs were all dry,the classic crispy corn was rock hard",Food,Annotated,,Food,Annotated,Positive,changed,Filled omitted sentiment as 'Positive' for aspect 'Food' based on explicit evaluative opinion in clause,high
REV_02125_C15_A01,REV_02125,REV_02125_C15,2124,"The fish curry,i think they accidentally put fish in the salt gravy",Food,Annotated,,Food,Annotated,,unresolved,Genuinely ambiguous / rhetorical statement or insufficient context to definitively infer evaluative sentiment. Left unresolved to prevent fabricating ground truth.,low
REV_02127_C03_A01,REV_02127,REV_02127_C03,2126,The restaurants was very bg even on Wednesday evng,General Experience,Annotated,,General Experience,Annotated,,unresolved,Genuinely ambiguous / rhetorical statement or insufficient context to definitively infer evaluative sentiment. Left unresolved to prevent fabricating ground truth.,low
REV_02127_C09_A01,REV_02127,REV_02127_C09,2126,Regard,General Experience,Annotated,,General Experience,Annotated,,unresolved,Genuinely ambiguous / rhetorical statement or insufficient context to definitively infer evaluative sentiment. Left unresolved to prevent fabricating ground truth.,low
REV_02130_C03_A01,REV_02130,REV_02130_C03,2129,Service was not upto the mark,Service,Annotated,,Service,Annotated,,unresolved,Genuinely ambiguous / rhetorical statement or insufficient context to definitively infer evaluative sentiment. Left unresolved to prevent fabricating ground truth.,low
REV_02148_C08_A01,REV_02148,REV_02148_C08,2147,food varieties are many,Food,Annotated,,Food,Annotated,,unresolved,Genuinely ambiguous / rhetorical statement or insufficient context to definitively infer evaluative sentiment. Left unresolved to prevent fabricating ground truth.,low
REV_02148_C09_A01,REV_02148,REV_02148_C09,2147,little it lacks on taste,Food,Annotated,,Food,Annotated,,unresolved,Genuinely ambiguous / rhetorical statement or insufficient context to definitively infer evaluative sentiment. Left unresolved to prevent fabricating ground truth.,low
REV_02148_C10_A01,REV_02148,REV_02148_C10,2147,for vegetarian people like me they an add some more things or can work a little more on taste,Food,Annotated,,Food,Annotated,,unresolved,Genuinely ambiguous / rhetorical statement or insufficient context to definitively infer evaluative sentiment. Left unresolved to prevent fabricating ground truth.,low
REV_02148_C19_A01,REV_02148,REV_02148_C19,2147,My rating Food 4/5,Food,Annotated,,,No Aspect Opinion,,changed,Reclassified procedural order / transaction narrative without evaluative opinion to 'No Aspect Opinion',high
REV_02148_C22_A01,REV_02148,REV_02148_C22,2147,Overall rating 4.5 /5,General Experience,Annotated,,,No Aspect Opinion,,changed,Reclassified procedural order / transaction narrative without evaluative opinion to 'No Aspect Opinion',high
REV_02160_C02_A01,REV_02160,REV_02160_C02,2159,Both the lunch buffet as well as the a-la-carte dinner were fulfilling experiences in different manners,General Experience,Annotated,,General Experience,Annotated,,unresolved,Genuinely ambiguous / rhetorical statement or insufficient context to definitively infer evaluative sentiment. Left unresolved to prevent fabricating ground truth.,low
REV_02160_C02_A02,REV_02160,REV_02160_C02,2159,Both the lunch buffet as well as the a-la-carte dinner were fulfilling experiences in different manners,Service,Annotated,,Service,Annotated,,unresolved,Genuinely ambiguous / rhetorical statement or insufficient context to definitively infer evaluative sentiment. Left unresolved to prevent fabricating ground truth.,low
REV_02168_C01_A01,REV_02168,REV_02168_C01,2167,This was one of those places on my list that I have been wanting to try for the longest time that I can remember,General Experience,Annotated,,General Experience,Annotated,,unresolved,Genuinely ambiguous / rhetorical statement or insufficient context to definitively infer evaluative sentiment. Left unresolved to prevent fabricating ground truth.,low
REV_02168_C02_A01,REV_02168,REV_02168_C02,2167,I specifically wanted to try out the Sushi (Veg) in this place,Food,Annotated,,Food,Annotated,,unresolved,Genuinely ambiguous / rhetorical statement or insufficient context to definitively infer evaluative sentiment. Left unresolved to prevent fabricating ground truth.,low
REV_02168_C03_A01,REV_02168,REV_02168_C03,2167,I remember reading that it was one of the really sought out places for Japanese cuisine once,Food,Annotated,,Food,Annotated,,unresolved,Genuinely ambiguous / rhetorical statement or insufficient context to definitively infer evaluative sentiment. Left unresolved to prevent fabricating ground truth.,low
REV_02168_C08_A01,REV_02168,REV_02168_C08,2167,The pizza was better than the sushi,Food,Annotated,,Food,Annotated,,unresolved,Genuinely ambiguous / rhetorical statement or insufficient context to definitively infer evaluative sentiment. Left unresolved to prevent fabricating ground truth.,low
REV_02168_C15_A01,REV_02168,REV_02168_C15,2167,I might go back to try some of their other items on the menu,Food,Annotated,,Food,Annotated,,unresolved,Genuinely ambiguous / rhetorical statement or insufficient context to definitively infer evaluative sentiment. Left unresolved to prevent fabricating ground truth.,low
REV_02172_C03_A01,REV_02172,REV_02172_C03,2171,The service is also quite average for the price what they charge,Price / Value,Annotated,,Price / Value,Annotated,,unresolved,Genuinely ambiguous / rhetorical statement or insufficient context to definitively infer evaluative sentiment. Left unresolved to prevent fabricating ground truth.,low
REV_02172_C03_A02,REV_02172,REV_02172_C03,2171,The service is also quite average for the price what they charge,Service,Annotated,,Service,Annotated,,unresolved,Genuinely ambiguous / rhetorical statement or insufficient context to definitively infer evaluative sentiment. Left unresolved to prevent fabricating ground truth.,low
REV_02179_C01_A01,REV_02179,REV_02179_C01,2178,Jonathan's Kitchen is there at the ground floor or Holiday gift Inn Express and Suites,Ambience,Annotated,,Ambience,Annotated,,unresolved,Genuinely ambiguous / rhetorical statement or insufficient context to definitively infer evaluative sentiment. Left unresolved to prevent fabricating ground truth.,low
REV_02181_C02_A01,REV_02181,REV_02181_C02,2180,Ambience,Ambience,Annotated,,,No Aspect Opinion,,changed,Reclassified factual entity mention / procedural statement without evaluative opinion to 'No Aspect Opinion',high
REV_02181_C09_A01,REV_02181,REV_02181_C09,2180,:D You won't get this kind of flavour and taste to the noodles at many places,Food,Annotated,,Food,Annotated,,unresolved,Genuinely ambiguous / rhetorical statement or insufficient context to definitively infer evaluative sentiment. Left unresolved to prevent fabricating ground truth.,low
REV_02181_C10_A01,REV_02181,REV_02181_C10,2180,Tried sushi for the first time,Food,Annotated,,,No Aspect Opinion,,changed,Reclassified procedural order / transaction narrative without evaluative opinion to 'No Aspect Opinion',high
REV_02181_C12_A01,REV_02181,REV_02181_C12,2180,felt sushi is not made for my palate,General Experience,Annotated,,General Experience,Annotated,,unresolved,Genuinely ambiguous / rhetorical statement or insufficient context to definitively infer evaluative sentiment. Left unresolved to prevent fabricating ground truth.,low
REV_02181_C14_A01,REV_02181,REV_02181_C14,2180,finally had with fork and spoon,Food,Annotated,,,No Aspect Opinion,,changed,Reclassified procedural order / transaction narrative without evaluative opinion to 'No Aspect Opinion',high
REV_02181_C16_A01,REV_02181,REV_02181_C16,2180,"We ordered 2 mocktails as well which were not there in the menu, suggested by waiter",Food,Annotated,,,No Aspect Opinion,,changed,Reclassified factual entity mention / procedural statement without evaluative opinion to 'No Aspect Opinion',high
REV_02181_C16_A02,REV_02181,REV_02181_C16,2180,"We ordered 2 mocktails as well which were not there in the menu, suggested by waiter",Service,Annotated,,,No Aspect Opinion,,changed,Reclassified factual entity mention / procedural statement without evaluative opinion to 'No Aspect Opinion',high
REV_02181_C18_A01,REV_02181,REV_02181_C18,2180,:) waiters could have been more attentive other than that no complaints,Service,Annotated,,Service,Annotated,,unresolved,Genuinely ambiguous / rhetorical statement or insufficient context to definitively infer evaluative sentiment. Left unresolved to prevent fabricating ground truth.,low
REV_02183_C06_A01,REV_02183,REV_02183_C06,2182,"What we had ordered was ultimate nachos,chicken wings with Chipotle sauce and pizza",Food,Annotated,,,No Aspect Opinion,,changed,Reclassified procedural order / transaction narrative without evaluative opinion to 'No Aspect Opinion',high
REV_02201_C04_A01,REV_02201,REV_02201_C04,2200,I would recommend it to friends and family,General Experience,Annotated,,General Experience,Annotated,,unresolved,Genuinely ambiguous / rhetorical statement or insufficient context to definitively infer evaluative sentiment. Left unresolved to prevent fabricating ground truth.,low
REV_02214_C03_A01,REV_02214,REV_02214_C03,2213,Crazy place to hangout for any sports event,Ambience,Annotated,,Ambience,Annotated,,unresolved,Genuinely ambiguous / rhetorical statement or insufficient context to definitively infer evaluative sentiment. Left unresolved to prevent fabricating ground truth.,low
REV_02231_C01_A01,REV_02231,REV_02231_C01,2230,The ambience,Ambience,Annotated,,Ambience,Annotated,,unresolved,Genuinely ambiguous / rhetorical statement or insufficient context to definitively infer evaluative sentiment. Left unresolved to prevent fabricating ground truth.,low
REV_02231_C03_A01,REV_02231,REV_02231_C03,2230,Cool place to hangout,Ambience,Annotated,,Ambience,Annotated,,unresolved,Genuinely ambiguous / rhetorical statement or insufficient context to definitively infer evaluative sentiment. Left unresolved to prevent fabricating ground truth.,low
REV_02246_C05_A01,REV_02246,REV_02246_C05,2245,You slayed it with the spice level of mango habanero wings,Food,Annotated,,Food,Annotated,,unresolved,Genuinely ambiguous / rhetorical statement or insufficient context to definitively infer evaluative sentiment. Left unresolved to prevent fabricating ground truth.,low
REV_02248_C04_A01,REV_02248,REV_02248_C04,2247,Would love to recommend all,General Experience,Annotated,,General Experience,Annotated,,unresolved,Genuinely ambiguous / rhetorical statement or insufficient context to definitively infer evaluative sentiment. Left unresolved to prevent fabricating ground truth.,low
REV_02279_C03_A01,REV_02279,REV_02279_C03,2278,"Our server was actually the best part, he was cordial and attentive",Service,Annotated,,Service,Annotated,,unresolved,Genuinely ambiguous / rhetorical statement or insufficient context to definitively infer evaluative sentiment. Left unresolved to prevent fabricating ground truth.,low
REV_02283_C02_A01,REV_02283,REV_02283_C02,2282,"More levels of ice cream so, shakes and many more",Food,Annotated,,Food,Annotated,,unresolved,Genuinely ambiguous / rhetorical statement or insufficient context to definitively infer evaluative sentiment. Left unresolved to prevent fabricating ground truth.,low
REV_02283_C03_A01,REV_02283,REV_02283_C03,2282,I like the Chacolte flavour the most,Food,Annotated,,Food,Annotated,,unresolved,Genuinely ambiguous / rhetorical statement or insufficient context to definitively infer evaluative sentiment. Left unresolved to prevent fabricating ground truth.,low
REV_02287_C01_A01,REV_02287,REV_02287_C01,2286,This is a small ice cream parlour,Food,Annotated,,Food,Annotated,,unresolved,Genuinely ambiguous / rhetorical statement or insufficient context to definitively infer evaluative sentiment. Left unresolved to prevent fabricating ground truth.,low
REV_02287_C04_A01,REV_02287,REV_02287_C04,2286,It is topped with choco chips and choco sticks,Food,Annotated,,Food,Annotated,,unresolved,Genuinely ambiguous / rhetorical statement or insufficient context to definitively infer evaluative sentiment. Left unresolved to prevent fabricating ground truth.,low
REV_02287_C05_A01,REV_02287,REV_02287_C05,2286,ya amul maintained its quality,Food,Annotated,,Food,Annotated,,unresolved,Genuinely ambiguous / rhetorical statement or insufficient context to definitively infer evaluative sentiment. Left unresolved to prevent fabricating ground truth.,low
REV_02293_C01_A01,REV_02293,REV_02293_C01,2292,"Ordered Tropical Sunrise Sundae with chocolate syrup base, choco chips and Fruit poison ice cream",Food,Annotated,,,No Aspect Opinion,,changed,Reclassified factual entity mention / procedural statement without evaluative opinion to 'No Aspect Opinion',high
REV_02293_C03_A01,REV_02293,REV_02293_C03,2292,Fruit poison had exotic fruits like kiwi and strawberry and tasted really well,Food,Annotated,,,No Aspect Opinion,,changed,Reclassified procedural order / transaction narrative without evaluative opinion to 'No Aspect Opinion',high
REV_02293_C04_A01,REV_02293,REV_02293_C04,2292,The tropical sundae had a cocoan and dark chocolaty after-taste,Food,Annotated,,Ambience,Annotated,Negative,changed,Filled omitted sentiment as 'Negative' for aspect 'Ambience' based on explicit evaluative opinion in clause,high
REV_02295_C01_A01,REV_02295,REV_02295_C01,2294,very late delivery,Service,Annotated,,Service,Annotated,,unresolved,Genuinely ambiguous / rhetorical statement or insufficient context to definitively infer evaluative sentiment. Left unresolved to prevent fabricating ground truth.,low
REV_02316_C01_A01,REV_02316,REV_02316_C01,2315,This place is a savior for mid night cravings,Food,Annotated,,Food,Annotated,,unresolved,Genuinely ambiguous / rhetorical statement or insufficient context to definitively infer evaluative sentiment. Left unresolved to prevent fabricating ground truth.,low
REV_02356_C01_A01,REV_02356,REV_02356_C01,2355,Very much satisfied with his speed of service,Service,Annotated,,Service,Annotated,,unresolved,Genuinely ambiguous / rhetorical statement or insufficient context to definitively infer evaluative sentiment. Left unresolved to prevent fabricating ground truth.,low
REV_02369_C01_A01,REV_02369,REV_02369_C01,2368,Starters was ok to taste,Food,Annotated,,Food,Annotated,,unresolved,Genuinely ambiguous / rhetorical statement or insufficient context to definitively infer evaluative sentiment. Left unresolved to prevent fabricating ground truth.,low
REV_02373_C02_A01,REV_02373,REV_02373_C02,2372,but I don’t like food and service provided,Food,Annotated,,Food,Annotated,,unresolved,Genuinely ambiguous / rhetorical statement or insufficient context to definitively infer evaluative sentiment. Left unresolved to prevent fabricating ground truth.,low
REV_02373_C02_A02,REV_02373,REV_02373_C02,2372,but I don’t like food and service provided,Service,Annotated,,Service,Annotated,,unresolved,Genuinely ambiguous / rhetorical statement or insufficient context to definitively infer evaluative sentiment. Left unresolved to prevent fabricating ground truth.,low
REV_02387_C04_A01,REV_02387,REV_02387_C04,2386,This was my first visit and for sure the last visit,General Experience,Annotated,,General Experience,Annotated,,unresolved,Genuinely ambiguous / rhetorical statement or insufficient context to definitively infer evaluative sentiment. Left unresolved to prevent fabricating ground truth.,low
REV_02395_C02_A01,REV_02395,REV_02395_C02,2394,they have an elaborate menu,Food,Annotated,,Food,Annotated,,unresolved,Genuinely ambiguous / rhetorical statement or insufficient context to definitively infer evaluative sentiment. Left unresolved to prevent fabricating ground truth.,low
REV_02400_C06_A01,REV_02400,REV_02400_C06,2399,dont know what management is doing,Service,Annotated,,Service,Annotated,,unresolved,Genuinely ambiguous / rhetorical statement or insufficient context to definitively infer evaluative sentiment. Left unresolved to prevent fabricating ground truth.,low
REV_02409_C04_A01,REV_02409,REV_02409_C04,2408,food,Food,Annotated,,,No Aspect Opinion,,changed,Reclassified factual entity mention / procedural statement without evaluative opinion to 'No Aspect Opinion',high
REV_02416_C01_A01,REV_02416,REV_02416_C01,2415,Chilled out place for office party,Ambience,Annotated,,Ambience,Annotated,,unresolved,Genuinely ambiguous / rhetorical statement or insufficient context to definitively infer evaluative sentiment. Left unresolved to prevent fabricating ground truth.,low
REV_02416_C02_A01,REV_02416,REV_02416_C02,2415,Went at 6pm and place was super quiet,Ambience,Annotated,,,No Aspect Opinion,,changed,Reclassified factual entity mention / procedural statement without evaluative opinion to 'No Aspect Opinion',high
REV_02432_C04_A01,REV_02432,REV_02432_C04,2431,The food what ever I ordered was ok (no complaints),Food,Annotated,,,No Aspect Opinion,,changed,Reclassified procedural order / transaction narrative without evaluative opinion to 'No Aspect Opinion',high
REV_02446_C02_A01,REV_02446,REV_02446_C02,2445,the staff is very arrogant and short tempered,Service,Annotated,,Service,Annotated,,unresolved,Genuinely ambiguous / rhetorical statement or insufficient context to definitively infer evaluative sentiment. Left unresolved to prevent fabricating ground truth.,low
REV_02454_C02_A01,REV_02454,REV_02454_C02,2453,There's no more hookah service though,Service,Annotated,,Service,Annotated,,unresolved,Genuinely ambiguous / rhetorical statement or insufficient context to definitively infer evaluative sentiment. Left unresolved to prevent fabricating ground truth.,low
REV_02481_C04_A01,REV_02481,REV_02481_C04,2480,"The issue was with orders, it literally took ages get an order, after lots of struggle",Service,Annotated,,Service,Annotated,Negative,changed,Filled omitted sentiment as 'Negative' for aspect 'Service' based on explicit evaluative opinion in clause,high
REV_02487_C03_A01,REV_02487,REV_02487_C03,2486,after 2 or 3 visits the place grew on me,General Experience,Annotated,,,No Aspect Opinion,,changed,Reclassified procedural order / transaction narrative without evaluative opinion to 'No Aspect Opinion',high
REV_02487_C04_A01,REV_02487,REV_02487_C04,2486,We now frequent the place for the mahol of the place,Ambience,Annotated,,Ambience,Annotated,,unresolved,Genuinely ambiguous / rhetorical statement or insufficient context to definitively infer evaluative sentiment. Left unresolved to prevent fabricating ground truth.,low
REV_02495_C02_A01,REV_02495,REV_02495_C02,2494,All we had are pizzas and drinks,Food,Annotated,,,No Aspect Opinion,,changed,Reclassified procedural order / transaction narrative without evaluative opinion to 'No Aspect Opinion',high
REV_02495_C03_A01,REV_02495,REV_02495_C03,2494,The best part is you can customize your pizza,Food,Annotated,,Food,Annotated,,unresolved,Genuinely ambiguous / rhetorical statement or insufficient context to definitively infer evaluative sentiment. Left unresolved to prevent fabricating ground truth.,low
REV_02495_C06_A01,REV_02495,REV_02495_C06,2494,We sat in the terrace area which was beautiful,General Experience,Annotated,,General Experience,Annotated,,unresolved,Genuinely ambiguous / rhetorical statement or insufficient context to definitively infer evaluative sentiment. Left unresolved to prevent fabricating ground truth.,low
REV_02495_C08_A01,REV_02495,REV_02495_C08,2494,we didn't mind waiting,Service,Annotated,,Service,Annotated,,unresolved,Genuinely ambiguous / rhetorical statement or insufficient context to definitively infer evaluative sentiment. Left unresolved to prevent fabricating ground truth.,low
REV_02500_C03_A01,REV_02500,REV_02500_C03,2499,I could rate this place -ve,General Experience,Annotated,,General Experience,Annotated,,unresolved,Genuinely ambiguous / rhetorical statement or insufficient context to definitively infer evaluative sentiment. Left unresolved to prevent fabricating ground truth.,low
REV_02500_C05_A01,REV_02500,REV_02500_C05,2499,There staff is not entertaining,Service,Annotated,,Service,Annotated,,unresolved,Genuinely ambiguous / rhetorical statement or insufficient context to definitively infer evaluative sentiment. Left unresolved to prevent fabricating ground truth.,low
REV_02509_C01_A01,REV_02509,REV_02509_C01,2508,Looking for a place filled with crazy people with affordable drinks and upbeat music,Ambience,Annotated,,Price / Value,Annotated,Positive,changed,Filled omitted sentiment as 'Positive' for aspect 'Price / Value' based on explicit evaluative opinion in clause,high
REV_02509_C01_A02,REV_02509,REV_02509_C01,2508,Looking for a place filled with crazy people with affordable drinks and upbeat music,Price / Value,Annotated,,Price / Value,Annotated,Positive,changed,Filled omitted sentiment as 'Positive' for aspect 'Price / Value' based on explicit evaluative opinion in clause,high
REV_02511_C11_A01,REV_02511,REV_02511_C11,2510,Pretty normal with a homely taste to it,Food,Annotated,,Food,Annotated,,unresolved,Genuinely ambiguous / rhetorical statement or insufficient context to definitively infer evaluative sentiment. Left unresolved to prevent fabricating ground truth.,low
REV_02511_C13_A01,REV_02511,REV_02511_C13,2510,The place also offers 2+2 on drinks which can also be used on mocktails ( Just in case you are not a fan of alcohol ),Food,Annotated,,,No Aspect Opinion,,changed,Reclassified procedural order / transaction narrative without evaluative opinion to 'No Aspect Opinion',high
REV_02513_C03_A01,REV_02513,REV_02513_C03,2512,Be careful check your bill before paying,Price / Value,Annotated,,,No Aspect Opinion,,changed,Reclassified procedural order / transaction narrative without evaluative opinion to 'No Aspect Opinion',high
REV_02513_C03_A02,REV_02513,REV_02513_C03,2512,Be careful check your bill before paying,Service,Annotated,,,No Aspect Opinion,,changed,Reclassified procedural order / transaction narrative without evaluative opinion to 'No Aspect Opinion',high
REV_02516_C02_A01,REV_02516,REV_02516_C02,2515,We got the response over the phone that we can just walk in at 7pm,Service,Annotated,,,No Aspect Opinion,,changed,Reclassified procedural order / transaction narrative without evaluative opinion to 'No Aspect Opinion',high
REV_02516_C05_A01,REV_02516,REV_02516_C05,2515,I was allowed after they realized that one of my other friends was already inside the pub and taken the table,Ambience,Annotated,,Ambience,Annotated,,unresolved,Genuinely ambiguous / rhetorical statement or insufficient context to definitively infer evaluative sentiment. Left unresolved to prevent fabricating ground truth.,low
REV_02546_C02_A01,REV_02546,REV_02546_C02,2545,Especially the chicken salt and pepper,Food,Annotated,,Food,Annotated,,unresolved,Genuinely ambiguous / rhetorical statement or insufficient context to definitively infer evaluative sentiment. Left unresolved to prevent fabricating ground truth.,low
REV_02554_C02_A01,REV_02554,REV_02554_C02,2553,"If you’re a person who would start off your clubbing night with some pop, electronic music and end it with proper punjabi dhol then this is the place for you",Ambience,Annotated,,Ambience,Annotated,,unresolved,Genuinely ambiguous / rhetorical statement or insufficient context to definitively infer evaluative sentiment. Left unresolved to prevent fabricating ground truth.,low
REV_02554_C07_A01,REV_02554,REV_02554_C07,2553,one of the best I’ve had in the city,General Experience,Annotated,,General Experience,Annotated,,unresolved,Genuinely ambiguous / rhetorical statement or insufficient context to definitively infer evaluative sentiment. Left unresolved to prevent fabricating ground truth.,low
REV_02554_C10_A01,REV_02554,REV_02554_C10,2553,"(Try their blueberry flavour, it’s dope)",Food,Annotated,,Food,Annotated,,unresolved,Genuinely ambiguous / rhetorical statement or insufficient context to definitively infer evaluative sentiment. Left unresolved to prevent fabricating ground truth.,low
REV_02554_C13_A01,REV_02554,REV_02554_C13,2553,Music: 3,Ambience,Annotated,,,No Aspect Opinion,,changed,Reclassified procedural order / transaction narrative without evaluative opinion to 'No Aspect Opinion',high
REV_02558_C02_A01,REV_02558,REV_02558_C02,2557,Ambience-one of the best in city,Ambience,Annotated,,Ambience,Annotated,,unresolved,Genuinely ambiguous / rhetorical statement or insufficient context to definitively infer evaluative sentiment. Left unresolved to prevent fabricating ground truth.,low
REV_02558_C03_A01,REV_02558,REV_02558_C03,2557,Gachibowli outlet is way better than the jubilee hills one,General Experience,Annotated,,General Experience,Annotated,,unresolved,Genuinely ambiguous / rhetorical statement or insufficient context to definitively infer evaluative sentiment. Left unresolved to prevent fabricating ground truth.,low
REV_02565_C03_A01,REV_02565,REV_02565_C03,2564,Music was excessively loud,Ambience,Annotated,,Ambience,Annotated,,unresolved,Genuinely ambiguous / rhetorical statement or insufficient context to definitively infer evaluative sentiment. Left unresolved to prevent fabricating ground truth.,low
REV_02565_C04_A01,REV_02565,REV_02565_C04,2564,and reached a point where the speakers couldn't support the playback without distorting the music,Ambience,Annotated,,Ambience,Annotated,,unresolved,Genuinely ambiguous / rhetorical statement or insufficient context to definitively infer evaluative sentiment. Left unresolved to prevent fabricating ground truth.,low
REV_02565_C05_A01,REV_02565,REV_02565_C05,2564,However the quality of LIIT was brilliant,Food,Annotated,,Food,Annotated,,unresolved,Genuinely ambiguous / rhetorical statement or insufficient context to definitively infer evaluative sentiment. Left unresolved to prevent fabricating ground truth.,low
REV_02565_C06_A01,REV_02565,REV_02565_C06,2564,I didn't like food either,Food,Annotated,,Food,Annotated,,unresolved,Genuinely ambiguous / rhetorical statement or insufficient context to definitively infer evaluative sentiment. Left unresolved to prevent fabricating ground truth.,low
REV_02567_C01_A01,REV_02567,REV_02567_C01,2566,Been to this place few days back with my friends,General Experience,Annotated,,General Experience,Annotated,,unresolved,Genuinely ambiguous / rhetorical statement or insufficient context to definitively infer evaluative sentiment. Left unresolved to prevent fabricating ground truth.,low
REV_02567_C10_A01,REV_02567,REV_02567_C10,2566,The day we visited there was bhangra music,Ambience,Annotated,,Ambience,Annotated,,unresolved,Genuinely ambiguous / rhetorical statement or insufficient context to definitively infer evaluative sentiment. Left unresolved to prevent fabricating ground truth.,low
REV_02573_C04_A01,REV_02573,REV_02573_C04,2572,Must try: Chilli prawns,Food,Annotated,,Food,Annotated,,unresolved,Genuinely ambiguous / rhetorical statement or insufficient context to definitively infer evaluative sentiment. Left unresolved to prevent fabricating ground truth.,low
REV_02600_C01_A01,REV_02600,REV_02600_C01,2599,Never thought the place is that lit,Ambience,Annotated,,Ambience,Annotated,,unresolved,Genuinely ambiguous / rhetorical statement or insufficient context to definitively infer evaluative sentiment. Left unresolved to prevent fabricating ground truth.,low
REV_02609_C02_A01,REV_02609,REV_02609_C02,2608,But that's all you'll get at this place,General Experience,Annotated,,General Experience,Annotated,,unresolved,Genuinely ambiguous / rhetorical statement or insufficient context to definitively infer evaluative sentiment. Left unresolved to prevent fabricating ground truth.,low
REV_02609_C06_A01,REV_02609,REV_02609_C06,2608,Food 👎,Food,Annotated,,Food,Annotated,,unresolved,Genuinely ambiguous / rhetorical statement or insufficient context to definitively infer evaluative sentiment. Left unresolved to prevent fabricating ground truth.,low
REV_02609_C07_A01,REV_02609,REV_02609_C07,2608,DJ 👎,Ambience,Annotated,,Ambience,Annotated,,unresolved,Genuinely ambiguous / rhetorical statement or insufficient context to definitively infer evaluative sentiment. Left unresolved to prevent fabricating ground truth.,low
REV_02611_C05_A01,REV_02611,REV_02611_C05,2610,"Food was okay, not something out of the blue",Food,Annotated,,Food,Annotated,Neutral,changed,Filled omitted sentiment as 'Neutral' for aspect 'Food' based on explicit evaluative opinion in clause,high
REV_02611_C06_A01,REV_02611,REV_02611_C06,2610,But yes it was reasonable so 3* for that too,Price / Value,Annotated,,,No Aspect Opinion,,changed,Reclassified procedural order / transaction narrative without evaluative opinion to 'No Aspect Opinion',high
REV_02611_C10_A01,REV_02611,REV_02611_C10,2610,being on same table,Ambience,Annotated,,Ambience,Annotated,,unresolved,Genuinely ambiguous / rhetorical statement or insufficient context to definitively infer evaluative sentiment. Left unresolved to prevent fabricating ground truth.,low
REV_02611_C11_A01,REV_02611,REV_02611_C11,2610,Recommended for drinks and ambiance,Ambience,Annotated,,Ambience,Annotated,,unresolved,Genuinely ambiguous / rhetorical statement or insufficient context to definitively infer evaluative sentiment. Left unresolved to prevent fabricating ground truth.,low
REV_02611_C11_A02,REV_02611,REV_02611_C11,2610,Recommended for drinks and ambiance,General Experience,Annotated,,General Experience,Annotated,,unresolved,Genuinely ambiguous / rhetorical statement or insufficient context to definitively infer evaluative sentiment. Left unresolved to prevent fabricating ground truth.,low
REV_02614_C03_A01,REV_02614,REV_02614_C03,2613,The servers literally forgot us and we had to call them multiple times and remind them to take our orders,Service,Annotated,,,No Aspect Opinion,,changed,Reclassified procedural order / transaction narrative without evaluative opinion to 'No Aspect Opinion',high
REV_02617_C05_A01,REV_02617,REV_02617_C05,2616,Otherwise no complaints at all,General Experience,Annotated,,General Experience,Annotated,,unresolved,Genuinely ambiguous / rhetorical statement or insufficient context to definitively infer evaluative sentiment. Left unresolved to prevent fabricating ground truth.,low
REV_02658_C04_A01,REV_02658,REV_02658_C04,2657,"Even after repeatedly telling them, looked like they were drunk or deaf",Service,Annotated,,Service,Annotated,,unresolved,Genuinely ambiguous / rhetorical statement or insufficient context to definitively infer evaluative sentiment. Left unresolved to prevent fabricating ground truth.,low
REV_02658_C09_A01,REV_02658,REV_02658_C09,2657,One Star that too just of the Ambiance and Roof Top,Ambience,Annotated,,Ambience,Annotated,,unresolved,Genuinely ambiguous / rhetorical statement or insufficient context to definitively infer evaluative sentiment. Left unresolved to prevent fabricating ground truth.,low
REV_02665_C03_A01,REV_02665,REV_02665_C03,2664,"Loud music and dance floor , what else can we expect",Ambience,Annotated,,Ambience,Annotated,Negative,changed,Filled omitted sentiment as 'Negative' for aspect 'Ambience' based on explicit evaluative opinion in clause,high
REV_02667_C08_A01,REV_02667,REV_02667_C08,2666,Very quick and prompt,Service,Annotated,,Service,Annotated,,unresolved,Genuinely ambiguous / rhetorical statement or insufficient context to definitively infer evaluative sentiment. Left unresolved to prevent fabricating ground truth.,low
REV_02667_C10_A01,REV_02667,REV_02667_C10,2666,Outdoor and indoor seating with DJ sounds and lively crowd,Ambience,Annotated,,Ambience,Annotated,,unresolved,Genuinely ambiguous / rhetorical statement or insufficient context to definitively infer evaluative sentiment. Left unresolved to prevent fabricating ground truth.,low
REV_02667_C11_A01,REV_02667,REV_02667_C11,2666,A Bonanza place for all the food lovers,Food,Annotated,,Food,Annotated,,unresolved,Genuinely ambiguous / rhetorical statement or insufficient context to definitively infer evaluative sentiment. Left unresolved to prevent fabricating ground truth.,low
REV_02669_C02_A01,REV_02669,REV_02669_C02,2668,The name of the guys govind who served us very well,Service,Annotated,,,No Aspect Opinion,,changed,Reclassified procedural order / transaction narrative without evaluative opinion to 'No Aspect Opinion',high
REV_02669_C04_A01,REV_02669,REV_02669_C04,2668,He is the reall server as professional,Service,Annotated,,Service,Annotated,,unresolved,Genuinely ambiguous / rhetorical statement or insufficient context to definitively infer evaluative sentiment. Left unresolved to prevent fabricating ground truth.,low
REV_02711_C04_A01,REV_02711,REV_02711_C04,2710,Enjoyed the time with couple of friends,General Experience,Annotated,,General Experience,Annotated,,unresolved,Genuinely ambiguous / rhetorical statement or insufficient context to definitively infer evaluative sentiment. Left unresolved to prevent fabricating ground truth.,low
REV_02717_C02_A01,REV_02717,REV_02717_C02,2716,Paid 500₹ just to end up eating curd rice for the night,Food,Annotated,,,No Aspect Opinion,,changed,Reclassified procedural order / transaction narrative without evaluative opinion to 'No Aspect Opinion',high
REV_02717_C03_A01,REV_02717,REV_02717_C03,2716,"Went here last night, got a table for 3",Ambience,Annotated,,,No Aspect Opinion,,changed,Reclassified procedural order / transaction narrative without evaluative opinion to 'No Aspect Opinion',high
REV_02758_C03_A01,REV_02758,REV_02758_C03,2757,Lovely food and coupled with always smiling staff,Food,Annotated,,Food,Annotated,,unresolved,Genuinely ambiguous / rhetorical statement or insufficient context to definitively infer evaluative sentiment. Left unresolved to prevent fabricating ground truth.,low
REV_02758_C03_A02,REV_02758,REV_02758_C03,2757,Lovely food and coupled with always smiling staff,Service,Annotated,,Service,Annotated,,unresolved,Genuinely ambiguous / rhetorical statement or insufficient context to definitively infer evaluative sentiment. Left unresolved to prevent fabricating ground truth.,low
REV_02758_C05_A01,REV_02758,REV_02758_C05,2757,Staff arranged surprise cake hearing reason why I’m here,Service,Annotated,,Service,Annotated,,unresolved,Genuinely ambiguous / rhetorical statement or insufficient context to definitively infer evaluative sentiment. Left unresolved to prevent fabricating ground truth.,low
REV_02767_C01_A01,REV_02767,REV_02767_C01,2766,Today had a team lunch at 3B's,Food,Annotated,,,No Aspect Opinion,,changed,Reclassified procedural order / transaction narrative without evaluative opinion to 'No Aspect Opinion',high
REV_02769_C02_A01,REV_02769,REV_02769_C02,2768,You can see the cup it's so small like its just gave me for only to taste it,Food,Annotated,,Food,Annotated,,unresolved,Genuinely ambiguous / rhetorical statement or insufficient context to definitively infer evaluative sentiment. Left unresolved to prevent fabricating ground truth.,low
REV_02769_C07_A01,REV_02769,REV_02769_C07,2768,If you just want to have a bite of taste then go ahead,Food,Annotated,,Food,Annotated,,unresolved,Genuinely ambiguous / rhetorical statement or insufficient context to definitively infer evaluative sentiment. Left unresolved to prevent fabricating ground truth.,low
REV_02773_C01_A01,REV_02773,REV_02773_C01,2772,I never received this order 21812387 today,Service,Annotated,,,No Aspect Opinion,,changed,Reclassified procedural order / transaction narrative without evaluative opinion to 'No Aspect Opinion',high
REV_02779_C01_A01,REV_02779,REV_02779_C01,2778,I was promised to get a refund for an order that has not been delivered,Service,Annotated,,Service,Annotated,,unresolved,Genuinely ambiguous / rhetorical statement or insufficient context to definitively infer evaluative sentiment. Left unresolved to prevent fabricating ground truth.,low
REV_02779_C02_A01,REV_02779,REV_02779_C02,2778,"They first told me that i would get my money in 24 hours, then changed it to 24 working hours, now they are not answering the phone",Price / Value,Annotated,,,No Aspect Opinion,,changed,Reclassified procedural order / transaction narrative without evaluative opinion to 'No Aspect Opinion',high
REV_02781_C02_A01,REV_02781,REV_02781_C02,2780,Shahghouse biryani is 100 times better than this biryani,Food,Annotated,,,No Aspect Opinion,,changed,Reclassified procedural order / transaction narrative without evaluative opinion to 'No Aspect Opinion',high
REV_02781_C10_A01,REV_02781,REV_02781_C10,2780,Shahghouse biryani is 100 times better than this biryani,Food,Annotated,,,No Aspect Opinion,,changed,Reclassified procedural order / transaction narrative without evaluative opinion to 'No Aspect Opinion',high
REV_02787_C02_A01,REV_02787,REV_02787_C02,2786,the food was packed in cartoon book very unhappy,Food,Annotated,,Food,Annotated,,unresolved,Genuinely ambiguous / rhetorical statement or insufficient context to definitively infer evaluative sentiment. Left unresolved to prevent fabricating ground truth.,low
REV_02791_C01_A01,REV_02791,REV_02791_C01,2790,Please deliver in time when you take an order,Service,Annotated,,Service,Annotated,,unresolved,Genuinely ambiguous / rhetorical statement or insufficient context to definitively infer evaluative sentiment. Left unresolved to prevent fabricating ground truth.,low
REV_02791_C02_A01,REV_02791,REV_02791_C02,2790,Your service sucks,Service,Annotated,,Service,Annotated,,unresolved,Genuinely ambiguous / rhetorical statement or insufficient context to definitively infer evaluative sentiment. Left unresolved to prevent fabricating ground truth.,low
REV_02791_C04_A01,REV_02791,REV_02791_C04,2790,How can you show 0 minutes for 15 minutes near the delivery location,Ambience,Annotated,,,No Aspect Opinion,,changed,Reclassified procedural order / transaction narrative without evaluative opinion to 'No Aspect Opinion',high
REV_02791_C04_A02,REV_02791,REV_02791_C04,2790,How can you show 0 minutes for 15 minutes near the delivery location,Service,Annotated,,,No Aspect Opinion,,changed,Reclassified procedural order / transaction narrative without evaluative opinion to 'No Aspect Opinion',high
REV_02800_C04_A01,REV_02800,REV_02800_C04,2799,the address mentioned did say it's a fassos only take away facility for food delivery companies like swiggy n zomato,Food,Annotated,,Food,Annotated,,unresolved,Genuinely ambiguous / rhetorical statement or insufficient context to definitively infer evaluative sentiment. Left unresolved to prevent fabricating ground truth.,low
REV_02800_C04_A02,REV_02800,REV_02800_C04,2799,the address mentioned did say it's a fassos only take away facility for food delivery companies like swiggy n zomato,Service,Annotated,,Service,Annotated,,unresolved,Genuinely ambiguous / rhetorical statement or insufficient context to definitively infer evaluative sentiment. Left unresolved to prevent fabricating ground truth.,low
REV_02809_C02_A01,REV_02809,REV_02809_C02,2808,We were group of friend had almost all of the biryani present their,Food,Annotated,,,No Aspect Opinion,,changed,Reclassified procedural order / transaction narrative without evaluative opinion to 'No Aspect Opinion',high
REV_02811_C01_A01,REV_02811,REV_02811_C01,2810,not received any order from your restaurant,Service,Annotated,,Service,Annotated,,unresolved,Genuinely ambiguous / rhetorical statement or insufficient context to definitively infer evaluative sentiment. Left unresolved to prevent fabricating ground truth.,low
REV_02813_C01_A01,REV_02813,REV_02813_C01,2812,I am very very biryani lover and I tried the Behrouz biryani,Food,Annotated,,,No Aspect Opinion,,changed,Reclassified procedural order / transaction narrative without evaluative opinion to 'No Aspect Opinion',high
REV_02816_C01_A01,REV_02816,REV_02816_C01,2815,"Behrouz Biryani is listed on zomato and offers online ordering via zomato, Scrumptious food you can eat in the comfort of your home",Food,Annotated,,Food,Annotated,Positive,changed,Filled omitted sentiment as 'Positive' for aspect 'Food' based on explicit evaluative opinion in clause,high
REV_02832_C02_A01,REV_02832,REV_02832_C02,2831,"The packaging really impressed me, because in case of Biriyani when it is present in a bowl, it is tough to eat it directly from that",Food,Annotated,,Food,Annotated,,unresolved,Genuinely ambiguous / rhetorical statement or insufficient context to definitively infer evaluative sentiment. Left unresolved to prevent fabricating ground truth.,low
REV_02834_C02_A01,REV_02834,REV_02834_C02,2833,because We paid toomuch for a single biriyani,Price / Value,Annotated,,,No Aspect Opinion,,changed,Reclassified procedural order / transaction narrative without evaluative opinion to 'No Aspect Opinion',high
REV_02858_C03_A01,REV_02858,REV_02858_C03,2857,The whole experience was wonderful and satisfying,General Experience,Annotated,,General Experience,Annotated,,unresolved,Genuinely ambiguous / rhetorical statement or insufficient context to definitively infer evaluative sentiment. Left unresolved to prevent fabricating ground truth.,low
REV_02858_C04_A01,REV_02858,REV_02858_C04,2857,Thank you so much for the lovely meal and the prompt service :),Food,Annotated,,Service,Annotated,Positive,changed,Filled omitted sentiment as 'Positive' for aspect 'Service' based on explicit evaluative opinion in clause,high
REV_02858_C04_A02,REV_02858,REV_02858_C04,2857,Thank you so much for the lovely meal and the prompt service :),Service,Annotated,,Service,Annotated,Positive,changed,Filled omitted sentiment as 'Positive' for aspect 'Service' based on explicit evaluative opinion in clause,high
REV_02873_C04_A01,REV_02873,REV_02873_C04,2872,Thank you for the speedy delivery,Service,Annotated,,Service,Annotated,,unresolved,Genuinely ambiguous / rhetorical statement or insufficient context to definitively infer evaluative sentiment. Left unresolved to prevent fabricating ground truth.,low
REV_02891_C03_A01,REV_02891,REV_02891_C03,2890,You can either visit the place or even place order online,Service,Annotated,,Service,Annotated,,unresolved,Genuinely ambiguous / rhetorical statement or insufficient context to definitively infer evaluative sentiment. Left unresolved to prevent fabricating ground truth.,low
REV_02891_C04_A01,REV_02891,REV_02891_C04,2890,I have tried both methods with varying experience,General Experience,Annotated,,,No Aspect Opinion,,changed,Reclassified procedural order / transaction narrative without evaluative opinion to 'No Aspect Opinion',high
REV_02891_C06_A01,REV_02891,REV_02891_C06,2890,So one thing probably with Maggi is that you will relish it most of it is prepared and consumed hot without letting it dry,Food,Annotated,,Food,Annotated,,unresolved,Genuinely ambiguous / rhetorical statement or insufficient context to definitively infer evaluative sentiment. Left unresolved to prevent fabricating ground truth.,low
REV_02891_C07_A01,REV_02891,REV_02891_C07,2890,Double Egg Chicken Maggi,Food,Annotated,,Food,Annotated,,unresolved,Genuinely ambiguous / rhetorical statement or insufficient context to definitively infer evaluative sentiment. Left unresolved to prevent fabricating ground truth.,low
REV_02934_C01_A01,REV_02934,REV_02934_C01,2933,I didnt say to include cheese,Food,Annotated,,Food,Annotated,,unresolved,Genuinely ambiguous / rhetorical statement or insufficient context to definitively infer evaluative sentiment. Left unresolved to prevent fabricating ground truth.,low
REV_02960_C01_A01,REV_02960,REV_02960_C01,2959,happy with the service provider,Service,Annotated,,Service,Annotated,,unresolved,Genuinely ambiguous / rhetorical statement or insufficient context to definitively infer evaluative sentiment. Left unresolved to prevent fabricating ground truth.,low
REV_02968_C02_A01,REV_02968,REV_02968_C02,2967,I had went for dinner with colleagues and had order 13 masala papad,Service,Annotated,,,No Aspect Opinion,,changed,Reclassified procedural order / transaction narrative without evaluative opinion to 'No Aspect Opinion',high
REV_02968_C06_A01,REV_02968,REV_02968_C06,2967,So don't order Masala Papad,Service,Annotated,,Service,Annotated,,unresolved,Genuinely ambiguous / rhetorical statement or insufficient context to definitively infer evaluative sentiment. Left unresolved to prevent fabricating ground truth.,low
REV_02972_C13_A01,REV_02972,REV_02972_C13,2971,830pm: someone walked over to take the order,Service,Annotated,,Service,Annotated,,unresolved,Genuinely ambiguous / rhetorical statement or insufficient context to definitively infer evaluative sentiment. Left unresolved to prevent fabricating ground truth.,low
REV_02972_C17_A01,REV_02972,REV_02972_C17,2971,said we need a couple of minutes,Service,Annotated,,Service,Annotated,,unresolved,Genuinely ambiguous / rhetorical statement or insufficient context to definitively infer evaluative sentiment. Left unresolved to prevent fabricating ground truth.,low
REV_02972_C20_A01,REV_02972,REV_02972_C20,2971,informed it will take another couple of minutes,Service,Annotated,,Service,Annotated,,unresolved,Genuinely ambiguous / rhetorical statement or insufficient context to definitively infer evaluative sentiment. Left unresolved to prevent fabricating ground truth.,low
REV_02972_C24_A01,REV_02972,REV_02972_C24,2971,i said I will walk out if food doesnt come in 30s,Food,Annotated,,Food,Annotated,,unresolved,Genuinely ambiguous / rhetorical statement or insufficient context to definitively infer evaluative sentiment. Left unresolved to prevent fabricating ground truth.,low
REV_02972_C25_A01,REV_02972,REV_02972_C25,2971,856pm: our family walks out in front of the staff,Service,Annotated,,Service,Annotated,,unresolved,Genuinely ambiguous / rhetorical statement or insufficient context to definitively infer evaluative sentiment. Left unresolved to prevent fabricating ground truth.,low
REV_02972_C26_A01,REV_02972,REV_02972_C26,2971,Staff doesnt make the slightest attempt to stop us,Service,Annotated,,Service,Annotated,,unresolved,Genuinely ambiguous / rhetorical statement or insufficient context to definitively infer evaluative sentiment. Left unresolved to prevent fabricating ground truth.,low
REV_02972_C29_A01,REV_02972,REV_02972_C29,2971,The sheer apathy of staff was quite overwhelming,Service,Annotated,,Service,Annotated,,unresolved,Genuinely ambiguous / rhetorical statement or insufficient context to definitively infer evaluative sentiment. Left unresolved to prevent fabricating ground truth.,low
REV_02972_C30_A01,REV_02972,REV_02972_C30,2971,I can understand being profit centric and your obvious need to serve a bigger party,Service,Annotated,,Service,Annotated,,unresolved,Genuinely ambiguous / rhetorical statement or insufficient context to definitively infer evaluative sentiment. Left unresolved to prevent fabricating ground truth.,low
REV_02972_C31_A01,REV_02972,REV_02972_C31,2971,But with two hungry kids kept waiting for more than 45 min at your place without any food being offered smacks of apathy and insensitivity (after being reminded about it),Food,Annotated,,,No Aspect Opinion,,changed,Reclassified procedural order / transaction narrative without evaluative opinion to 'No Aspect Opinion',high
REV_02972_C31_A02,REV_02972,REV_02972_C31,2971,But with two hungry kids kept waiting for more than 45 min at your place without any food being offered smacks of apathy and insensitivity (after being reminded about it),Service,Annotated,,,No Aspect Opinion,,changed,Reclassified procedural order / transaction narrative without evaluative opinion to 'No Aspect Opinion',high
REV_02978_C09_A01,REV_02978,REV_02978_C09,2977,"Our of frustration, people started with main course and in between starters were being served",Food,Annotated,,,No Aspect Opinion,,changed,Reclassified procedural order / transaction narrative without evaluative opinion to 'No Aspect Opinion',high
REV_02978_C09_A02,REV_02978,REV_02978_C09,2977,"Our of frustration, people started with main course and in between starters were being served",Service,Annotated,,,No Aspect Opinion,,changed,Reclassified procedural order / transaction narrative without evaluative opinion to 'No Aspect Opinion',high
REV_02986_C01_A01,REV_02986,REV_02986_C01,2985,All Star to the Food,Food,Annotated,,Food,Annotated,,unresolved,Genuinely ambiguous / rhetorical statement or insufficient context to definitively infer evaluative sentiment. Left unresolved to prevent fabricating ground truth.,low
REV_02986_C16_A01,REV_02986,REV_02986_C16,2985,I got lot of enquires from guests that how did I locate this place,Ambience,Annotated,,,No Aspect Opinion,,changed,Reclassified procedural order / transaction narrative without evaluative opinion to 'No Aspect Opinion',high
REV_02986_C24_A01,REV_02986,REV_02986_C24,2985,though we havn't booked the restaurant fully,Service,Annotated,,Service,Annotated,,unresolved,Genuinely ambiguous / rhetorical statement or insufficient context to definitively infer evaluative sentiment. Left unresolved to prevent fabricating ground truth.,low
REV_02986_C29_A01,REV_02986,REV_02986_C29,2985,As we want a special moment and we were in doubt how to setup the environment with some personal touch,Ambience,Annotated,,Ambience,Annotated,,unresolved,Genuinely ambiguous / rhetorical statement or insufficient context to definitively infer evaluative sentiment. Left unresolved to prevent fabricating ground truth.,low
REV_02986_C30_A01,REV_02986,REV_02986_C30,2985,the staff themselves took the lead and asked for few items in the morning,Service,Annotated,,Service,Annotated,,unresolved,Genuinely ambiguous / rhetorical statement or insufficient context to definitively infer evaluative sentiment. Left unresolved to prevent fabricating ground truth.,low
REV_02990_C02_A01,REV_02990,REV_02990_C02,2989,Mushroom chilli was fine,Food,Annotated,,Food,Annotated,,unresolved,Genuinely ambiguous / rhetorical statement or insufficient context to definitively infer evaluative sentiment. Left unresolved to prevent fabricating ground truth.,low
REV_02990_C05_A01,REV_02990,REV_02990_C05,2989,it was not even close to biryani,Food,Annotated,,Food,Annotated,,unresolved,Genuinely ambiguous / rhetorical statement or insufficient context to definitively infer evaluative sentiment. Left unresolved to prevent fabricating ground truth.,low
REV_02994_C05_A01,REV_02994,REV_02994_C05,2993,"Always a smile on his face, our server Vijay Kumar was very prompt in his service",Service,Annotated,,Service,Annotated,,unresolved,Genuinely ambiguous / rhetorical statement or insufficient context to definitively infer evaluative sentiment. Left unresolved to prevent fabricating ground truth.,low
REV_02999_C05_A01,REV_02999,REV_02999_C05,2998,"So, wouldn't recommend to order chinese again from here",General Experience,Annotated,,General Experience,Annotated,Negative,changed,Filled omitted sentiment as 'Negative' for aspect 'General Experience' based on explicit evaluative opinion in clause,high
REV_02999_C05_A02,REV_02999,REV_02999_C05,2998,"So, wouldn't recommend to order chinese again from here",Service,Annotated,,General Experience,Annotated,Negative,changed,Filled omitted sentiment as 'Negative' for aspect 'General Experience' based on explicit evaluative opinion in clause,high
REV_03008_C04_A01,REV_03008,REV_03008_C04,3007,"When we called the manager, there was a redo of the starter which was hot now",Service,Annotated,,Service,Annotated,,unresolved,Genuinely ambiguous / rhetorical statement or insufficient context to definitively infer evaluative sentiment. Left unresolved to prevent fabricating ground truth.,low
REV_03008_C07_A01,REV_03008,REV_03008_C07,3007,If only the food and service were upped then the place could deserve better rating,Food,Annotated,,Food,Annotated,,unresolved,Genuinely ambiguous / rhetorical statement or insufficient context to definitively infer evaluative sentiment. Left unresolved to prevent fabricating ground truth.,low
REV_03008_C07_A02,REV_03008,REV_03008_C07,3007,If only the food and service were upped then the place could deserve better rating,Service,Annotated,,Service,Annotated,,unresolved,Genuinely ambiguous / rhetorical statement or insufficient context to definitively infer evaluative sentiment. Left unresolved to prevent fabricating ground truth.,low
REV_03012_C05_A01,REV_03012,REV_03012_C05,3011,Welcome drink watermelon juice was served,Food,Annotated,,,No Aspect Opinion,,changed,Reclassified procedural order / transaction narrative without evaluative opinion to 'No Aspect Opinion',high
REV_03012_C05_A02,REV_03012,REV_03012_C05,3011,Welcome drink watermelon juice was served,Service,Annotated,,,No Aspect Opinion,,changed,Reclassified procedural order / transaction narrative without evaluative opinion to 'No Aspect Opinion',high
REV_03012_C06_A01,REV_03012,REV_03012_C06,3011,"Pot pourri chepa is a must try, loaded with spices and sauces",Food,Annotated,,Food,Annotated,,unresolved,Genuinely ambiguous / rhetorical statement or insufficient context to definitively infer evaluative sentiment. Left unresolved to prevent fabricating ground truth.,low
REV_03032_C03_A01,REV_03032,REV_03032_C03,3031,Which they have the best of cuisine for there variant of selection,Food,Annotated,,Food,Annotated,,unresolved,Genuinely ambiguous / rhetorical statement or insufficient context to definitively infer evaluative sentiment. Left unresolved to prevent fabricating ground truth.,low
REV_03056_C02_A01,REV_03056,REV_03056_C02,3055,The food I ordered were:,Food,Annotated,,,No Aspect Opinion,,changed,Reclassified procedural order / transaction narrative without evaluative opinion to 'No Aspect Opinion',high
REV_03056_C05_A01,REV_03056,REV_03056_C05,3055,Mutton Rogan Josh,Food,Annotated,,Food,Annotated,,unresolved,Genuinely ambiguous / rhetorical statement or insufficient context to definitively infer evaluative sentiment. Left unresolved to prevent fabricating ground truth.,low
REV_03068_C07_A01,REV_03068,REV_03068_C07,3067,Smaller pieces would make the biryani more manageable,Food,Annotated,,Food,Annotated,,unresolved,Genuinely ambiguous / rhetorical statement or insufficient context to definitively infer evaluative sentiment. Left unresolved to prevent fabricating ground truth.,low
REV_03068_C14_A01,REV_03068,REV_03068_C14,3067,Food,Food,Annotated,,,No Aspect Opinion,,changed,Reclassified factual entity mention / procedural statement without evaluative opinion to 'No Aspect Opinion',high
REV_03086_C03_A01,REV_03086,REV_03086_C03,3085,"No dress code for waiters, hardly any waiters anyway",Service,Annotated,,Service,Annotated,,unresolved,Genuinely ambiguous / rhetorical statement or insufficient context to definitively infer evaluative sentiment. Left unresolved to prevent fabricating ground truth.,low
REV_03094_C04_A01,REV_03094,REV_03094_C04,3093,We ordered some garlic naan and Schezwan chicken,Food,Annotated,,,No Aspect Opinion,,changed,Reclassified factual entity mention / procedural statement without evaluative opinion to 'No Aspect Opinion',high
REV_03109_C05_A01,REV_03109,REV_03109_C05,3108,Bottom line is we had a simple and lovely lunch,Food,Annotated,,,No Aspect Opinion,,changed,Reclassified procedural order / transaction narrative without evaluative opinion to 'No Aspect Opinion',high
REV_03113_C01_A01,REV_03113,REV_03113_C01,3112,Tried zafrani chicken biryani,Food,Annotated,,,No Aspect Opinion,,changed,Reclassified procedural order / transaction narrative without evaluative opinion to 'No Aspect Opinion',high
REV_03116_C03_A01,REV_03116,REV_03116_C03,3115,Pista House has always been a wonderful place to serve your small hunger,Service,Annotated,,Service,Annotated,,unresolved,Genuinely ambiguous / rhetorical statement or insufficient context to definitively infer evaluative sentiment. Left unresolved to prevent fabricating ground truth.,low
REV_03145_C02_A01,REV_03145,REV_03145_C02,3144,I always go back to Pista house for my biryaani cravings,Food,Annotated,,Food,Annotated,,unresolved,Genuinely ambiguous / rhetorical statement or insufficient context to definitively infer evaluative sentiment. Left unresolved to prevent fabricating ground truth.,low
REV_03153_C02_A01,REV_03153,REV_03153_C02,3152,No proper behavior from the staff members,Service,Annotated,,Service,Annotated,,unresolved,Genuinely ambiguous / rhetorical statement or insufficient context to definitively infer evaluative sentiment. Left unresolved to prevent fabricating ground truth.,low
REV_03157_C05_A01,REV_03157,REV_03157_C05,3156,the haleem is hot as well,Ambience,Annotated,,Ambience,Annotated,,unresolved,Genuinely ambiguous / rhetorical statement or insufficient context to definitively infer evaluative sentiment. Left unresolved to prevent fabricating ground truth.,low
REV_03166_C03_A01,REV_03166,REV_03166_C03,3165,I was here for dinner with friends during Ramadan to try their Haleem and gorge on some Mughlai delicacies they offer,Food,Annotated,,Food,Annotated,,unresolved,Genuinely ambiguous / rhetorical statement or insufficient context to definitively infer evaluative sentiment. Left unresolved to prevent fabricating ground truth.,low
REV_03168_C03_A01,REV_03168,REV_03168_C03,3167,This is a perfect family and friends restaurant,General Experience,Annotated,,General Experience,Annotated,,unresolved,Genuinely ambiguous / rhetorical statement or insufficient context to definitively infer evaluative sentiment. Left unresolved to prevent fabricating ground truth.,low
REV_03168_C06_A01,REV_03168,REV_03168_C06,3167,There are variety of dishes available here,Food,Annotated,,Food,Annotated,,unresolved,Genuinely ambiguous / rhetorical statement or insufficient context to definitively infer evaluative sentiment. Left unresolved to prevent fabricating ground truth.,low
REV_03168_C07_A01,REV_03168,REV_03168_C07,3167,I ordered pahadi chicken in starter,Food,Annotated,,,No Aspect Opinion,,changed,Reclassified factual entity mention / procedural statement without evaluative opinion to 'No Aspect Opinion',high
REV_03168_C08_A01,REV_03168,REV_03168_C08,3167,It had this taste of spinach,Food,Annotated,,,No Aspect Opinion,,changed,Reclassified procedural order / transaction narrative without evaluative opinion to 'No Aspect Opinion',high
REV_03172_C03_A01,REV_03172,REV_03172_C03,3171,Easy access to the restaurant from DLF,General Experience,Annotated,,General Experience,Annotated,,unresolved,Genuinely ambiguous / rhetorical statement or insufficient context to definitively infer evaluative sentiment. Left unresolved to prevent fabricating ground truth.,low
REV_03178_C01_A01,REV_03178,REV_03178_C01,3177,We went for a lunch outing here,General Experience,Annotated,,,No Aspect Opinion,,changed,Reclassified factual entity mention / procedural statement without evaluative opinion to 'No Aspect Opinion',high
REV_03178_C08_A01,REV_03178,REV_03178_C08,3177,"In the mean time, I asked them to get the Coke I ordered",Service,Annotated,,,No Aspect Opinion,,changed,Reclassified procedural order / transaction narrative without evaluative opinion to 'No Aspect Opinion',high
REV_03178_C14_A01,REV_03178,REV_03178_C14,3177,"but, there were no Meaty pieces of Mutton",Food,Annotated,,Food,Annotated,,unresolved,Genuinely ambiguous / rhetorical statement or insufficient context to definitively infer evaluative sentiment. Left unresolved to prevent fabricating ground truth.,low
REV_03178_C16_A01,REV_03178,REV_03178_C16,3177,My advice to you all would be that the food is edible,Food,Annotated,,Food,Annotated,Neutral,changed,Filled omitted sentiment as 'Neutral' for aspect 'Food' based on explicit evaluative opinion in clause,high
REV_03180_C05_A01,REV_03180,REV_03180_C05,3179,Biryani was fine,Food,Annotated,,Food,Annotated,,unresolved,Genuinely ambiguous / rhetorical statement or insufficient context to definitively infer evaluative sentiment. Left unresolved to prevent fabricating ground truth.,low
REV_03180_C08_A01,REV_03180,REV_03180_C08,3179,even their water tasted like chemically treated,Food,Annotated,,Food,Annotated,,unresolved,Genuinely ambiguous / rhetorical statement or insufficient context to definitively infer evaluative sentiment. Left unresolved to prevent fabricating ground truth.,low
REV_03186_C01_A01,REV_03186,REV_03186_C01,3185,"We were here for a new joinee party with team of 10 people, buffet lunch",Food,Annotated,,,No Aspect Opinion,,changed,Reclassified procedural order / transaction narrative without evaluative opinion to 'No Aspect Opinion',high
REV_03186_C02_A01,REV_03186,REV_03186_C02,3185,Overwhelmed with their service and courtesy 4/5,Service,Annotated,,,No Aspect Opinion,,changed,Reclassified procedural order / transaction narrative without evaluative opinion to 'No Aspect Opinion',high
REV_03186_C09_A01,REV_03186,REV_03186_C09,3185,Servicing- 4/5,Service,Annotated,,,No Aspect Opinion,,changed,Reclassified procedural order / transaction narrative without evaluative opinion to 'No Aspect Opinion',high
REV_03194_C02_A01,REV_03194,REV_03194_C02,3193,The chicken didn't cook properly and even they didn't replace and charged price for that,Food,Annotated,,Food,Annotated,,unresolved,Genuinely ambiguous / rhetorical statement or insufficient context to definitively infer evaluative sentiment. Left unresolved to prevent fabricating ground truth.,low
REV_03194_C02_A02,REV_03194,REV_03194_C02,3193,The chicken didn't cook properly and even they didn't replace and charged price for that,Price / Value,Annotated,,Price / Value,Annotated,,unresolved,Genuinely ambiguous / rhetorical statement or insufficient context to definitively infer evaluative sentiment. Left unresolved to prevent fabricating ground truth.,low
REV_03208_C01_A01,REV_03208,REV_03208_C01,3207,"Marsala food company located near DLF Gachibowli, is a multi cuisine restaurant serving Arabian, Chinese and some Indian dishes",Food,Annotated,,Food,Annotated,,unresolved,Genuinely ambiguous / rhetorical statement or insufficient context to definitively infer evaluative sentiment. Left unresolved to prevent fabricating ground truth.,low
REV_03208_C06_A01,REV_03208,REV_03208_C06,3207,Arabian Chicken soup,Food,Annotated,,Food,Annotated,,unresolved,Genuinely ambiguous / rhetorical statement or insufficient context to definitively infer evaluative sentiment. Left unresolved to prevent fabricating ground truth.,low
REV_03208_C08_A01,REV_03208,REV_03208_C08,3207,Moving to the starters ordered,Food,Annotated,,,No Aspect Opinion,,changed,Reclassified procedural order / transaction narrative without evaluative opinion to 'No Aspect Opinion',high
REV_03208_C09_A01,REV_03208,REV_03208_C09,3207,"Paneer Papdi kebab,",Food,Annotated,,Food,Annotated,,unresolved,Genuinely ambiguous / rhetorical statement or insufficient context to definitively infer evaluative sentiment. Left unresolved to prevent fabricating ground truth.,low
REV_03208_C11_A01,REV_03208,REV_03208_C11,3207,"Golden fried babycorn,",Food,Annotated,,Food,Annotated,,unresolved,Genuinely ambiguous / rhetorical statement or insufficient context to definitively infer evaluative sentiment. Left unresolved to prevent fabricating ground truth.,low
REV_03208_C16_A01,REV_03208,REV_03208_C16,3207,"Veg sheekh kebab,",Food,Annotated,,Food,Annotated,,unresolved,Genuinely ambiguous / rhetorical statement or insufficient context to definitively infer evaluative sentiment. Left unresolved to prevent fabricating ground truth.,low
REV_03208_C22_A01,REV_03208,REV_03208_C22,3207,Marsala Spcl Fried rice with veg Manchurian,Food,Annotated,,Food,Annotated,,unresolved,Genuinely ambiguous / rhetorical statement or insufficient context to definitively infer evaluative sentiment. Left unresolved to prevent fabricating ground truth.,low
REV_03208_C24_A01,REV_03208,REV_03208_C24,3207,Grilled fish Mandi,Food,Annotated,,Food,Annotated,,unresolved,Genuinely ambiguous / rhetorical statement or insufficient context to definitively infer evaluative sentiment. Left unresolved to prevent fabricating ground truth.,low
REV_03208_C26_A01,REV_03208,REV_03208_C26,3207,Chicken tikka masala,Food,Annotated,,Food,Annotated,,unresolved,Genuinely ambiguous / rhetorical statement or insufficient context to definitively infer evaluative sentiment. Left unresolved to prevent fabricating ground truth.,low
REV_03208_C28_A01,REV_03208,REV_03208_C28,3207,Roti tokri,Food,Annotated,,Food,Annotated,,unresolved,Genuinely ambiguous / rhetorical statement or insufficient context to definitively infer evaluative sentiment. Left unresolved to prevent fabricating ground truth.,low
REV_03210_C11_A01,REV_03210,REV_03210_C11,3209,Really Do try the Kitkat Shake,Food,Annotated,,Food,Annotated,,unresolved,Genuinely ambiguous / rhetorical statement or insufficient context to definitively infer evaluative sentiment. Left unresolved to prevent fabricating ground truth.,low
REV_03212_C05_A01,REV_03212,REV_03212_C05,3211,Added few items in between for which we were made to wait for more than 30min with no response whenever asked for,Service,Annotated,,Service,Annotated,,unresolved,Genuinely ambiguous / rhetorical statement or insufficient context to definitively infer evaluative sentiment. Left unresolved to prevent fabricating ground truth.,low
REV_03212_C15_A01,REV_03212,REV_03212_C15,3211,Ordered “papdi paneer kebab” as per the staff recommendation,Food,Annotated,,,No Aspect Opinion,,changed,Reclassified factual entity mention / procedural statement without evaluative opinion to 'No Aspect Opinion',high
REV_03212_C15_A02,REV_03212,REV_03212_C15,3211,Ordered “papdi paneer kebab” as per the staff recommendation,General Experience,Annotated,,,No Aspect Opinion,,changed,Reclassified factual entity mention / procedural statement without evaluative opinion to 'No Aspect Opinion',high
REV_03212_C15_A03,REV_03212,REV_03212_C15,3211,Ordered “papdi paneer kebab” as per the staff recommendation,Service,Annotated,,,No Aspect Opinion,,changed,Reclassified factual entity mention / procedural statement without evaluative opinion to 'No Aspect Opinion',high
REV_03212_C19_A01,REV_03212,REV_03212_C19,3211,There are many staff members,Service,Annotated,,Service,Annotated,,unresolved,Genuinely ambiguous / rhetorical statement or insufficient context to definitively infer evaluative sentiment. Left unresolved to prevent fabricating ground truth.,low
REV_03212_C20_A01,REV_03212,REV_03212_C20,3211,lack of management,Service,Annotated,,Service,Annotated,,unresolved,Genuinely ambiguous / rhetorical statement or insufficient context to definitively infer evaluative sentiment. Left unresolved to prevent fabricating ground truth.,low
REV_03215_C03_A01,REV_03215,REV_03215_C03,3214,but from next time onwards I will make sure not to order from this restaurent,Service,Annotated,,Service,Annotated,,unresolved,Genuinely ambiguous / rhetorical statement or insufficient context to definitively infer evaluative sentiment. Left unresolved to prevent fabricating ground truth.,low
REV_03231_C02_A01,REV_03231,REV_03231_C02,3230,Located at the third level of a building right opposite DLF it is at an easily reachable location,Ambience,Annotated,,Ambience,Annotated,,unresolved,Genuinely ambiguous / rhetorical statement or insufficient context to definitively infer evaluative sentiment. Left unresolved to prevent fabricating ground truth.,low
REV_03231_C04_A01,REV_03231,REV_03231_C04,3230,The dining area has many seating options both low seating and normal tables too,Ambience,Annotated,,Ambience,Annotated,,unresolved,Genuinely ambiguous / rhetorical statement or insufficient context to definitively infer evaluative sentiment. Left unresolved to prevent fabricating ground truth.,low
REV_03231_C10_A01,REV_03231,REV_03231_C10,3230,We had the Arabian Chicken Soup and the Lemon corriander soup,Food,Annotated,,,No Aspect Opinion,,changed,Reclassified procedural order / transaction narrative without evaluative opinion to 'No Aspect Opinion',high
REV_03231_C14_A01,REV_03231,REV_03231_C14,3230,Next we had starters,Food,Annotated,,,No Aspect Opinion,,changed,Reclassified procedural order / transaction narrative without evaluative opinion to 'No Aspect Opinion',high
REV_03231_C15_A01,REV_03231,REV_03231_C15,3230,Chicken Pahadi- The pahadi kebabs have all herbs as flavouring agents instead of the normal khara masalas we generally use,Food,Annotated,,Food,Annotated,,unresolved,Genuinely ambiguous / rhetorical statement or insufficient context to definitively infer evaluative sentiment. Left unresolved to prevent fabricating ground truth.,low
REV_03231_C21_A01,REV_03231,REV_03231_C21,3230,inside the paneer should also have had some seasoning,Food,Annotated,,,No Aspect Opinion,,changed,Reclassified procedural order / transaction narrative without evaluative opinion to 'No Aspect Opinion',high
REV_03231_C28_A01,REV_03231,REV_03231_C28,3230,they were batter fried which took away that 'prawn' taste,Food,Annotated,,Food,Annotated,,unresolved,Genuinely ambiguous / rhetorical statement or insufficient context to definitively infer evaluative sentiment. Left unresolved to prevent fabricating ground truth.,low
REV_03231_C40_A01,REV_03231,REV_03231_C40,3230,I could not eat it and so I am not recommending this,Food,Annotated,,Food,Annotated,,unresolved,Genuinely ambiguous / rhetorical statement or insufficient context to definitively infer evaluative sentiment. Left unresolved to prevent fabricating ground truth.,low
REV_03231_C46_A01,REV_03231,REV_03231_C46,3230,The rice of the Mandis was flavourful and filled with caramelized onions and nuts,Food,Annotated,,Food,Annotated,Positive,changed,Filled omitted sentiment as 'Positive' for aspect 'Food' based on explicit evaluative opinion in clause,high
REV_03231_C48_A01,REV_03231,REV_03231_C48,3230,The pieces are fried and then again tossed with some sauces to give it a unique taste,Food,Annotated,,Food,Annotated,,unresolved,Genuinely ambiguous / rhetorical statement or insufficient context to definitively infer evaluative sentiment. Left unresolved to prevent fabricating ground truth.,low
REV_03231_C52_A01,REV_03231,REV_03231_C52,3230,"We also had some milkshakes- KitKat,Butterscotch and Strawberry",Food,Annotated,,,No Aspect Opinion,,changed,Reclassified procedural order / transaction narrative without evaluative opinion to 'No Aspect Opinion',high
REV_03231_C66_A01,REV_03231,REV_03231_C66,3230,The desserts need improvement,Food,Annotated,,Food,Annotated,,unresolved,Genuinely ambiguous / rhetorical statement or insufficient context to definitively infer evaluative sentiment. Left unresolved to prevent fabricating ground truth.,low
REV_03233_C03_A01,REV_03233,REV_03233_C03,3232,Not enough parking,Ambience,Annotated,,Ambience,Annotated,,unresolved,Genuinely ambiguous / rhetorical statement or insufficient context to definitively infer evaluative sentiment. Left unresolved to prevent fabricating ground truth.,low
REV_03245_C01_A01,REV_03245,REV_03245_C01,3244,I ordered a mutton seekh kebab and a chicken biryani,Food,Annotated,,,No Aspect Opinion,,changed,Reclassified factual entity mention / procedural statement without evaluative opinion to 'No Aspect Opinion',high
REV_03245_C04_A01,REV_03245,REV_03245_C04,3244,I never waste food,Food,Annotated,,Food,Annotated,,unresolved,Genuinely ambiguous / rhetorical statement or insufficient context to definitively infer evaluative sentiment. Left unresolved to prevent fabricating ground truth.,low
REV_03245_C06_A01,REV_03245,REV_03245_C06,3244,this biryani I just have to leave it and come,Food,Annotated,,Food,Annotated,,unresolved,Genuinely ambiguous / rhetorical statement or insufficient context to definitively infer evaluative sentiment. Left unresolved to prevent fabricating ground truth.,low
REV_03253_C04_A01,REV_03253,REV_03253_C04,3252,It is definitely a go-to place to enjoy,General Experience,Annotated,,General Experience,Annotated,,unresolved,Genuinely ambiguous / rhetorical statement or insufficient context to definitively infer evaluative sentiment. Left unresolved to prevent fabricating ground truth.,low
REV_03253_C05_A01,REV_03253,REV_03253_C05,3252,"All the food lovers ,what is the wait for then",Food,Annotated,,Food,Annotated,,unresolved,Genuinely ambiguous / rhetorical statement or insufficient context to definitively infer evaluative sentiment. Left unresolved to prevent fabricating ground truth.,low
REV_03253_C05_A02,REV_03253,REV_03253_C05,3252,"All the food lovers ,what is the wait for then",Service,Annotated,,Service,Annotated,,unresolved,Genuinely ambiguous / rhetorical statement or insufficient context to definitively infer evaluative sentiment. Left unresolved to prevent fabricating ground truth.,low
REV_03257_C03_A01,REV_03257,REV_03257_C03,3256,we left the food,Food,Annotated,,Food,Annotated,,unresolved,Genuinely ambiguous / rhetorical statement or insufficient context to definitively infer evaluative sentiment. Left unresolved to prevent fabricating ground truth.,low
REV_03264_C05_A01,REV_03264,REV_03264_C05,3263,We had starters -lemon and coriander chicken and haryali fish Tikka,Food,Annotated,,,No Aspect Opinion,,changed,Reclassified procedural order / transaction narrative without evaluative opinion to 'No Aspect Opinion',high
REV_03264_C06_A01,REV_03264,REV_03264_C06,3263,"Main course, chicken biryani and schezwan egg fried rice were our choice",Food,Annotated,,Food,Annotated,,unresolved,Genuinely ambiguous / rhetorical statement or insufficient context to definitively infer evaluative sentiment. Left unresolved to prevent fabricating ground truth.,low
REV_03264_C11_A01,REV_03264,REV_03264_C11,3263,Biryani can easily serve 3 for main course,Food,Annotated,,,No Aspect Opinion,,changed,Reclassified procedural order / transaction narrative without evaluative opinion to 'No Aspect Opinion',high
REV_03264_C11_A02,REV_03264,REV_03264_C11,3263,Biryani can easily serve 3 for main course,Service,Annotated,,,No Aspect Opinion,,changed,Reclassified procedural order / transaction narrative without evaluative opinion to 'No Aspect Opinion',high
REV_03264_C12_A01,REV_03264,REV_03264_C12,3263,Service was extra ordinary,Service,Annotated,,Service,Annotated,,unresolved,Genuinely ambiguous / rhetorical statement or insufficient context to definitively infer evaluative sentiment. Left unresolved to prevent fabricating ground truth.,low
REV_03264_C14_A01,REV_03264,REV_03264_C14,3263,Looking forward to try other dishes here :),Food,Annotated,,Food,Annotated,,unresolved,Genuinely ambiguous / rhetorical statement or insufficient context to definitively infer evaluative sentiment. Left unresolved to prevent fabricating ground truth.,low
REV_03266_C02_A01,REV_03266,REV_03266_C02,3265,"Been here for mandhi, tasted chicken and mutton mandhi",Food,Annotated,,Food,Annotated,,unresolved,Genuinely ambiguous / rhetorical statement or insufficient context to definitively infer evaluative sentiment. Left unresolved to prevent fabricating ground truth.,low
REV_03266_C03_A01,REV_03266,REV_03266_C03,3265,Taste wise its 👌🏻👌🏻👌🏻,Food,Annotated,,Food,Annotated,,unresolved,Genuinely ambiguous / rhetorical statement or insufficient context to definitively infer evaluative sentiment. Left unresolved to prevent fabricating ground truth.,low
REV_03268_C03_A01,REV_03268,REV_03268_C03,3267,"But by the decor it felt that the place will look lively in the evenings, so will give it a shot sometime",Ambience,Annotated,,Ambience,Annotated,,unresolved,Genuinely ambiguous / rhetorical statement or insufficient context to definitively infer evaluative sentiment. Left unresolved to prevent fabricating ground truth.,low
REV_03268_C05_A01,REV_03268,REV_03268_C05,3267,"which seemed like a better deal), along with the other stuff",Price / Value,Annotated,,Price / Value,Annotated,,unresolved,Genuinely ambiguous / rhetorical statement or insufficient context to definitively infer evaluative sentiment. Left unresolved to prevent fabricating ground truth.,low
REV_03281_C03_A01,REV_03281,REV_03281_C03,3280,Excellent place to get drunk n dance like crazy,Ambience,Annotated,,Ambience,Annotated,,unresolved,Genuinely ambiguous / rhetorical statement or insufficient context to definitively infer evaluative sentiment. Left unresolved to prevent fabricating ground truth.,low
REV_03287_C07_A01,REV_03287,REV_03287_C07,3286,The restaurant or a pub or a club will have outdoor dinning area to address this issue,Ambience,Annotated,,Ambience,Annotated,,unresolved,Genuinely ambiguous / rhetorical statement or insufficient context to definitively infer evaluative sentiment. Left unresolved to prevent fabricating ground truth.,low
REV_03300_C06_A01,REV_03300,REV_03300_C06,3299,The staff lack basic professionalism,Service,Annotated,,Service,Annotated,,unresolved,Genuinely ambiguous / rhetorical statement or insufficient context to definitively infer evaluative sentiment. Left unresolved to prevent fabricating ground truth.,low
REV_03309_C07_A01,REV_03309,REV_03309_C07,3308,In the mean time that Manager appeared at the gate,Service,Annotated,,Service,Annotated,,unresolved,Genuinely ambiguous / rhetorical statement or insufficient context to definitively infer evaluative sentiment. Left unresolved to prevent fabricating ground truth.,low
REV_03309_C10_A01,REV_03309,REV_03309_C10,3308,and made a disgusting face and asked for 2k cover charge,Price / Value,Annotated,,Price / Value,Annotated,,unresolved,Genuinely ambiguous / rhetorical statement or insufficient context to definitively infer evaluative sentiment. Left unresolved to prevent fabricating ground truth.,low
REV_03311_C05_A01,REV_03311,REV_03311_C05,3310,and the service too,Service,Annotated,,Service,Annotated,,unresolved,Genuinely ambiguous / rhetorical statement or insufficient context to definitively infer evaluative sentiment. Left unresolved to prevent fabricating ground truth.,low
REV_03313_C02_A01,REV_03313,REV_03313_C02,3312,Bollywood music starts only after 10.30 pm,Ambience,Annotated,,,No Aspect Opinion,,changed,Reclassified procedural order / transaction narrative without evaluative opinion to 'No Aspect Opinion',high
REV_03313_C04_A01,REV_03313,REV_03313_C04,3312,"Before that, its routine boring music which is unnecessary loud and you cant converse",Ambience,Annotated,,Ambience,Annotated,,unresolved,Genuinely ambiguous / rhetorical statement or insufficient context to definitively infer evaluative sentiment. Left unresolved to prevent fabricating ground truth.,low
REV_03313_C08_A01,REV_03313,REV_03313_C08,3312,DJ is okay (we went there on a Saturday) not many latest songs in the list,Ambience,Annotated,,Ambience,Annotated,,unresolved,Genuinely ambiguous / rhetorical statement or insufficient context to definitively infer evaluative sentiment. Left unresolved to prevent fabricating ground truth.,low
REV_03313_C11_A01,REV_03313,REV_03313_C11,3312,Food & ambience & service is fine,Ambience,Annotated,,Ambience,Annotated,,unresolved,Genuinely ambiguous / rhetorical statement or insufficient context to definitively infer evaluative sentiment. Left unresolved to prevent fabricating ground truth.,low
REV_03313_C11_A02,REV_03313,REV_03313_C11,3312,Food & ambience & service is fine,Food,Annotated,,Food,Annotated,,unresolved,Genuinely ambiguous / rhetorical statement or insufficient context to definitively infer evaluative sentiment. Left unresolved to prevent fabricating ground truth.,low
REV_03313_C11_A03,REV_03313,REV_03313_C11,3312,Food & ambience & service is fine,Service,Annotated,,Service,Annotated,,unresolved,Genuinely ambiguous / rhetorical statement or insufficient context to definitively infer evaluative sentiment. Left unresolved to prevent fabricating ground truth.,low
REV_03333_C07_A01,REV_03333,REV_03333_C07,3332,Too loud though,Ambience,Annotated,,Ambience,Annotated,Negative,changed,Filled omitted sentiment as 'Negative' for aspect 'Ambience' based on explicit evaluative opinion in clause,high
REV_03345_C03_A01,REV_03345,REV_03345_C03,3344,Food,Food,Annotated,,,No Aspect Opinion,,changed,Reclassified factual entity mention / procedural statement without evaluative opinion to 'No Aspect Opinion',high
REV_03345_C05_A01,REV_03345,REV_03345_C05,3344,Service,Service,Annotated,,,No Aspect Opinion,,changed,Reclassified factual entity mention / procedural statement without evaluative opinion to 'No Aspect Opinion',high
REV_03353_C04_A01,REV_03353,REV_03353_C04,3352,and there's nothing negative about it it was a FABULOUS visit,General Experience,Annotated,,General Experience,Annotated,,unresolved,Genuinely ambiguous / rhetorical statement or insufficient context to definitively infer evaluative sentiment. Left unresolved to prevent fabricating ground truth.,low
REV_03357_C01_A01,REV_03357,REV_03357_C01,3356,I have been here last night and for sure this is one of best places to hangout in the City,General Experience,Annotated,,General Experience,Annotated,,unresolved,Genuinely ambiguous / rhetorical statement or insufficient context to definitively infer evaluative sentiment. Left unresolved to prevent fabricating ground truth.,low
REV_03357_C02_A01,REV_03357,REV_03357_C02,3356,Have been to many Bars and have never seen prices like this,Price / Value,Annotated,,Price / Value,Annotated,,unresolved,Genuinely ambiguous / rhetorical statement or insufficient context to definitively infer evaluative sentiment. Left unresolved to prevent fabricating ground truth.,low
REV_03364_C03_A01,REV_03364,REV_03364_C03,3363,Have been here with my friend and I see the staff was busy with own works rather than offering a menu card,Food,Annotated,,Food,Annotated,,unresolved,Genuinely ambiguous / rhetorical statement or insufficient context to definitively infer evaluative sentiment. Left unresolved to prevent fabricating ground truth.,low
REV_03364_C03_A02,REV_03364,REV_03364_C03,3363,Have been here with my friend and I see the staff was busy with own works rather than offering a menu card,Service,Annotated,,Service,Annotated,,unresolved,Genuinely ambiguous / rhetorical statement or insufficient context to definitively infer evaluative sentiment. Left unresolved to prevent fabricating ground truth.,low
REV_03364_C04_A01,REV_03364,REV_03364_C04,3363,"When the same was raised with the manager, he was very arrogant asking us it can't be changed",Service,Annotated,,Service,Annotated,,unresolved,Genuinely ambiguous / rhetorical statement or insufficient context to definitively infer evaluative sentiment. Left unresolved to prevent fabricating ground truth.,low
REV_03364_C07_A01,REV_03364,REV_03364_C07,3363,Never going to visit this place again,General Experience,Annotated,,General Experience,Annotated,,unresolved,Genuinely ambiguous / rhetorical statement or insufficient context to definitively infer evaluative sentiment. Left unresolved to prevent fabricating ground truth.,low
REV_03366_C06_A01,REV_03366,REV_03366_C06,3365,Somehow i didn’t like the person serving us there,Service,Annotated,,Service,Annotated,,unresolved,Genuinely ambiguous / rhetorical statement or insufficient context to definitively infer evaluative sentiment. Left unresolved to prevent fabricating ground truth.,low
REV_03366_C07_A01,REV_03366,REV_03366_C07,3365,while billing he was forcing to add tip for 300-400 atleast and was not getting concinced in small amount,Service,Annotated,,,No Aspect Opinion,,changed,Reclassified procedural order / transaction narrative without evaluative opinion to 'No Aspect Opinion',high
REV_03372_C10_A01,REV_03372,REV_03372_C10,3371,Will I visit the place next time,General Experience,Annotated,,General Experience,Annotated,,unresolved,Genuinely ambiguous / rhetorical statement or insufficient context to definitively infer evaluative sentiment. Left unresolved to prevent fabricating ground truth.,low
REV_03372_C11_A01,REV_03372,REV_03372_C11,3371,"Yeah, may be for the ambience and no ""fish"" dish",Ambience,Annotated,,Ambience,Annotated,,unresolved,Genuinely ambiguous / rhetorical statement or insufficient context to definitively infer evaluative sentiment. Left unresolved to prevent fabricating ground truth.,low
REV_03372_C11_A02,REV_03372,REV_03372_C11,3371,"Yeah, may be for the ambience and no ""fish"" dish",Food,Annotated,,Food,Annotated,,unresolved,Genuinely ambiguous / rhetorical statement or insufficient context to definitively infer evaluative sentiment. Left unresolved to prevent fabricating ground truth.,low
REV_03378_C04_A01,REV_03378,REV_03378_C04,3377,I was looking for an occasion or right time to visit and what could be better than a dinner date on your birthday,General Experience,Annotated,,General Experience,Annotated,,unresolved,Genuinely ambiguous / rhetorical statement or insufficient context to definitively infer evaluative sentiment. Left unresolved to prevent fabricating ground truth.,low
REV_03380_C03_A01,REV_03380,REV_03380_C03,3379,Looking forward to visit this place again,General Experience,Annotated,,General Experience,Annotated,,unresolved,Genuinely ambiguous / rhetorical statement or insufficient context to definitively infer evaluative sentiment. Left unresolved to prevent fabricating ground truth.,low
REV_03386_C01_A01,REV_03386,REV_03386_C01,3385,"I had been to this place on a Sunday evening, it was calm and pleasant not too crowdy",Ambience,Annotated,,,No Aspect Opinion,,changed,Reclassified procedural order / transaction narrative without evaluative opinion to 'No Aspect Opinion',high
REV_03386_C02_A01,REV_03386,REV_03386_C02,3385,They gave us the table of our choice,Ambience,Annotated,,Ambience,Annotated,,unresolved,Genuinely ambiguous / rhetorical statement or insufficient context to definitively infer evaluative sentiment. Left unresolved to prevent fabricating ground truth.,low
REV_03386_C05_A01,REV_03386,REV_03386_C05,3385,Gopal Singh served us,Service,Annotated,,,No Aspect Opinion,,changed,Reclassified procedural order / transaction narrative without evaluative opinion to 'No Aspect Opinion',high
REV_03386_C12_A01,REV_03386,REV_03386_C12,3385,Service,Service,Annotated,,,No Aspect Opinion,,changed,Reclassified factual entity mention / procedural statement without evaluative opinion to 'No Aspect Opinion',high
REV_03394_C03_A01,REV_03394,REV_03394_C03,3393,I Would truly thank chef Amit from Mazzo for the wonderful experience and would surely come back soon,General Experience,Annotated,,General Experience,Annotated,Positive,changed,Filled omitted sentiment as 'Positive' for aspect 'General Experience' based on explicit evaluative opinion in clause,high
REV_03410_C06_A01,REV_03410,REV_03410_C06,3409,"the ambience, KINDLY FIND ANOTHER PLACE FOR FOOD if your really hungry",Ambience,Annotated,,Ambience,Annotated,,unresolved,Genuinely ambiguous / rhetorical statement or insufficient context to definitively infer evaluative sentiment. Left unresolved to prevent fabricating ground truth.,low
REV_03410_C06_A02,REV_03410,REV_03410_C06,3409,"the ambience, KINDLY FIND ANOTHER PLACE FOR FOOD if your really hungry",Food,Annotated,,Food,Annotated,,unresolved,Genuinely ambiguous / rhetorical statement or insufficient context to definitively infer evaluative sentiment. Left unresolved to prevent fabricating ground truth.,low
REV_03412_C06_A01,REV_03412,REV_03412_C06,3411,"Had a wonderful time, cheers",General Experience,Annotated,,,No Aspect Opinion,,changed,Reclassified procedural order / transaction narrative without evaluative opinion to 'No Aspect Opinion',high
REV_03433_C01_A01,REV_03433,REV_03433_C01,3432,We had dinner here on new years eve,Food,Annotated,,,No Aspect Opinion,,changed,Reclassified procedural order / transaction narrative without evaluative opinion to 'No Aspect Opinion',high
REV_03433_C02_A01,REV_03433,REV_03433_C02,3432,The servers here are just wonderful,Service,Annotated,,Service,Annotated,,unresolved,Genuinely ambiguous / rhetorical statement or insufficient context to definitively infer evaluative sentiment. Left unresolved to prevent fabricating ground truth.,low
REV_03453_C02_A01,REV_03453,REV_03453_C02,3452,Amit and the manager was too customer centric,Service,Annotated,,Service,Annotated,,unresolved,Genuinely ambiguous / rhetorical statement or insufficient context to definitively infer evaluative sentiment. Left unresolved to prevent fabricating ground truth.,low
REV_03453_C08_A01,REV_03453,REV_03453_C08,3452,we were having our drinks,Food,Annotated,,Food,Annotated,,unresolved,Genuinely ambiguous / rhetorical statement or insufficient context to definitively infer evaluative sentiment. Left unresolved to prevent fabricating ground truth.,low
REV_03453_C12_A01,REV_03453,REV_03453_C12,3452,Thank you Amit and the Manager on duty,Service,Annotated,,Service,Annotated,,unresolved,Genuinely ambiguous / rhetorical statement or insufficient context to definitively infer evaluative sentiment. Left unresolved to prevent fabricating ground truth.,low
REV_03457_C03_A01,REV_03457,REV_03457_C03,3456,The drinks were below par in comparison to the other aspects of the place,Food,Annotated,,Food,Annotated,,unresolved,Genuinely ambiguous / rhetorical statement or insufficient context to definitively infer evaluative sentiment. Left unresolved to prevent fabricating ground truth.,low
REV_03464_C03_A01,REV_03464,REV_03464_C03,3463,But buffet desert menu is limited and cost of the buffet must be updated on online zomato menu.(i,Food,Annotated,,Food,Annotated,,unresolved,Genuinely ambiguous / rhetorical statement or insufficient context to definitively infer evaluative sentiment. Left unresolved to prevent fabricating ground truth.,low
REV_03464_C03_A02,REV_03464,REV_03464_C03,3463,But buffet desert menu is limited and cost of the buffet must be updated on online zomato menu.(i,Price / Value,Annotated,,Price / Value,Annotated,,unresolved,Genuinely ambiguous / rhetorical statement or insufficient context to definitively infer evaluative sentiment. Left unresolved to prevent fabricating ground truth.,low
REV_03468_C05_A01,REV_03468,REV_03468_C05,3467,Won’t recommend to anyone,General Experience,Annotated,,General Experience,Annotated,,unresolved,Genuinely ambiguous / rhetorical statement or insufficient context to definitively infer evaluative sentiment. Left unresolved to prevent fabricating ground truth.,low
REV_03472_C08_A01,REV_03472,REV_03472_C08,3471,I am customer,Service,Annotated,,Service,Annotated,,unresolved,Genuinely ambiguous / rhetorical statement or insufficient context to definitively infer evaluative sentiment. Left unresolved to prevent fabricating ground truth.,low
REV_03472_C10_A01,REV_03472,REV_03472_C10,3471,I am regular customer,Service,Annotated,,Service,Annotated,,unresolved,Genuinely ambiguous / rhetorical statement or insufficient context to definitively infer evaluative sentiment. Left unresolved to prevent fabricating ground truth.,low
REV_03477_C02_A01,REV_03477,REV_03477_C02,3476,excellent packaging and taste of the biryani hope this continues,Food,Annotated,,Food,Annotated,,unresolved,Genuinely ambiguous / rhetorical statement or insufficient context to definitively infer evaluative sentiment. Left unresolved to prevent fabricating ground truth.,low
REV_03478_C01_A01,REV_03478,REV_03478_C01,3477,Green bawarchi is a most familiar restaurant in Hyderabad,General Experience,Annotated,,General Experience,Annotated,,unresolved,Genuinely ambiguous / rhetorical statement or insufficient context to definitively infer evaluative sentiment. Left unresolved to prevent fabricating ground truth.,low
REV_03478_C07_A01,REV_03478,REV_03478_C07,3477,It's like any normal restaurant with basic interiors,Ambience,Annotated,,Ambience,Annotated,,unresolved,Genuinely ambiguous / rhetorical statement or insufficient context to definitively infer evaluative sentiment. Left unresolved to prevent fabricating ground truth.,low
REV_03478_C09_A01,REV_03478,REV_03478_C09,3477,"We had grilled chicken, butter chicken, butter naan, rumali roti and chicken biryani",Food,Annotated,,,No Aspect Opinion,,changed,Reclassified procedural order / transaction narrative without evaluative opinion to 'No Aspect Opinion',high
REV_03478_C13_A01,REV_03478,REV_03478_C13,3477,Roti and butter naan both were fine,Food,Annotated,,Food,Annotated,,unresolved,Genuinely ambiguous / rhetorical statement or insufficient context to definitively infer evaluative sentiment. Left unresolved to prevent fabricating ground truth.,low
REV_03480_C01_A01,REV_03480,REV_03480_C01,3479,I visited with my friends for dinner,General Experience,Annotated,,General Experience,Annotated,,unresolved,Genuinely ambiguous / rhetorical statement or insufficient context to definitively infer evaluative sentiment. Left unresolved to prevent fabricating ground truth.,low
REV_03480_C05_A01,REV_03480,REV_03480_C05,3479,No sense no manners nothing,Service,Annotated,,Service,Annotated,,unresolved,Genuinely ambiguous / rhetorical statement or insufficient context to definitively infer evaluative sentiment. Left unresolved to prevent fabricating ground truth.,low
REV_03486_C03_A01,REV_03486,REV_03486_C03,3485,not expected from this restaurant,General Experience,Annotated,,General Experience,Annotated,,unresolved,Genuinely ambiguous / rhetorical statement or insufficient context to definitively infer evaluative sentiment. Left unresolved to prevent fabricating ground truth.,low
REV_03530_C03_A01,REV_03530,REV_03530_C03,3529,Worth to taste and have Biryani with Thumbs up,Food,Annotated,,Food,Annotated,,unresolved,Genuinely ambiguous / rhetorical statement or insufficient context to definitively infer evaluative sentiment. Left unresolved to prevent fabricating ground truth.,low
REV_03530_C03_A02,REV_03530,REV_03530_C03,3529,Worth to taste and have Biryani with Thumbs up,Price / Value,Annotated,,Price / Value,Annotated,,unresolved,Genuinely ambiguous / rhetorical statement or insufficient context to definitively infer evaluative sentiment. Left unresolved to prevent fabricating ground truth.,low
REV_03540_C02_A01,REV_03540,REV_03540_C02,3539,If you are not really particular about ambience and crazy foodie,Ambience,Annotated,,Ambience,Annotated,,unresolved,Genuinely ambiguous / rhetorical statement or insufficient context to definitively infer evaluative sentiment. Left unresolved to prevent fabricating ground truth.,low
REV_03540_C07_A01,REV_03540,REV_03540_C07,3539,not the least chef killed the soup,Food,Annotated,,Food,Annotated,,unresolved,Genuinely ambiguous / rhetorical statement or insufficient context to definitively infer evaluative sentiment. Left unresolved to prevent fabricating ground truth.,low
REV_03544_C02_A01,REV_03544,REV_03544_C02,3543,Especially fish starter and fruit pudding and else,Food,Annotated,,Food,Annotated,,unresolved,Genuinely ambiguous / rhetorical statement or insufficient context to definitively infer evaluative sentiment. Left unresolved to prevent fabricating ground truth.,low
REV_03552_C04_A01,REV_03552,REV_03552_C04,3551,And chicken pieces are hard to chew,Food,Annotated,,Food,Annotated,,unresolved,Genuinely ambiguous / rhetorical statement or insufficient context to definitively infer evaluative sentiment. Left unresolved to prevent fabricating ground truth.,low
REV_03552_C06_A01,REV_03552,REV_03552_C06,3551,softness of paneer is underdone,Food,Annotated,,Food,Annotated,,unresolved,Genuinely ambiguous / rhetorical statement or insufficient context to definitively infer evaluative sentiment. Left unresolved to prevent fabricating ground truth.,low
REV_03558_C02_A01,REV_03558,REV_03558_C02,3557,they will say 3 non veg starters,Food,Annotated,,,No Aspect Opinion,,changed,Reclassified procedural order / transaction narrative without evaluative opinion to 'No Aspect Opinion',high
REV_03558_C04_A01,REV_03558,REV_03558_C04,3557,Food and customer service could be better,Food,Annotated,,Food,Annotated,,unresolved,Genuinely ambiguous / rhetorical statement or insufficient context to definitively infer evaluative sentiment. Left unresolved to prevent fabricating ground truth.,low
REV_03558_C04_A02,REV_03558,REV_03558_C04,3557,Food and customer service could be better,Service,Annotated,,Service,Annotated,,unresolved,Genuinely ambiguous / rhetorical statement or insufficient context to definitively infer evaluative sentiment. Left unresolved to prevent fabricating ground truth.,low
REV_03571_C01_A01,REV_03571,REV_03571_C01,3570,Went with team for lunch over there,Food,Annotated,,Food,Annotated,,unresolved,Genuinely ambiguous / rhetorical statement or insufficient context to definitively infer evaluative sentiment. Left unresolved to prevent fabricating ground truth.,low
REV_03571_C03_A01,REV_03571,REV_03571_C03,3570,resto is quiet small with very limited options in veg and non veg,Ambience,Annotated,,Ambience,Annotated,,unresolved,Genuinely ambiguous / rhetorical statement or insufficient context to definitively infer evaluative sentiment. Left unresolved to prevent fabricating ground truth.,low
REV_03584_C01_A01,REV_03584,REV_03584_C01,3583,I visited this place twice to have their buffet,General Experience,Annotated,,General Experience,Annotated,,unresolved,Genuinely ambiguous / rhetorical statement or insufficient context to definitively infer evaluative sentiment. Left unresolved to prevent fabricating ground truth.,low
REV_03587_C03_A01,REV_03587,REV_03587_C03,3586,We opted for buffet,General Experience,Annotated,,,No Aspect Opinion,,changed,Reclassified procedural order / transaction narrative without evaluative opinion to 'No Aspect Opinion',high
REV_03602_C01_A01,REV_03602,REV_03602_C01,3601,excellent,General Experience,Annotated,,General Experience,Annotated,,unresolved,Genuinely ambiguous / rhetorical statement or insufficient context to definitively infer evaluative sentiment. Left unresolved to prevent fabricating ground truth.,low
REV_03604_C01_A01,REV_03604,REV_03604_C01,3603,I had taken Dinner Buffet,Food,Annotated,,,No Aspect Opinion,,changed,Reclassified procedural order / transaction narrative without evaluative opinion to 'No Aspect Opinion',high
REV_03604_C07_A01,REV_03604,REV_03604_C07,3603,Such dishes gave me a feeling that I am dining in a roadside dhaba/tapri,Food,Annotated,,Food,Annotated,,unresolved,Genuinely ambiguous / rhetorical statement or insufficient context to definitively infer evaluative sentiment. Left unresolved to prevent fabricating ground truth.,low
REV_03615_C02_A01,REV_03615,REV_03615_C02,3614,I called the waiter to change my dish as it was very salty he did’t change it he just modified it and gave it back,Food,Annotated,,Food,Annotated,,unresolved,Genuinely ambiguous / rhetorical statement or insufficient context to definitively infer evaluative sentiment. Left unresolved to prevent fabricating ground truth.,low
REV_03615_C02_A02,REV_03615,REV_03615_C02,3614,I called the waiter to change my dish as it was very salty he did’t change it he just modified it and gave it back,Service,Annotated,,Service,Annotated,,unresolved,Genuinely ambiguous / rhetorical statement or insufficient context to definitively infer evaluative sentiment. Left unresolved to prevent fabricating ground truth.,low
REV_03621_C04_A01,REV_03621,REV_03621_C04,3620,They welcome everyone with a complimentary drink which is a quite warm gesture,Food,Annotated,,Food,Annotated,,unresolved,Genuinely ambiguous / rhetorical statement or insufficient context to definitively infer evaluative sentiment. Left unresolved to prevent fabricating ground truth.,low
REV_03621_C05_A01,REV_03621,REV_03621_C05,3620,Here you can go for a economical buffet meal with your friends and family also,Food,Annotated,,Price / Value,Annotated,Positive,changed,Filled omitted sentiment as 'Positive' for aspect 'Price / Value' based on explicit evaluative opinion in clause,high
REV_03621_C05_A02,REV_03621,REV_03621_C05,3620,Here you can go for a economical buffet meal with your friends and family also,Price / Value,Annotated,,Price / Value,Annotated,Positive,changed,Filled omitted sentiment as 'Positive' for aspect 'Price / Value' based on explicit evaluative opinion in clause,high
REV_03630_C03_A01,REV_03630,REV_03630_C03,3629,"Highly dissapointed about the vegetarian curries which were rottened, 2 out of three were rottened",Food,Annotated,,,No Aspect Opinion,,changed,Reclassified procedural order / transaction narrative without evaluative opinion to 'No Aspect Opinion',high
REV_03634_C01_A01,REV_03634,REV_03634_C01,3633,food items got intermixed due to improper packing,Food,Annotated,,,No Aspect Opinion,,changed,Reclassified procedural order / transaction narrative without evaluative opinion to 'No Aspect Opinion',high
REV_03642_C02_A01,REV_03642,REV_03642_C02,3641,"I have ordered king of kodi pulao, Never expect too much from the title of the food",Food,Annotated,,,No Aspect Opinion,,changed,Reclassified factual entity mention / procedural statement without evaluative opinion to 'No Aspect Opinion',high
REV_03642_C07_A01,REV_03642,REV_03642_C07,3641,I don't know if it is fat or oil,Food,Annotated,,Food,Annotated,,unresolved,Genuinely ambiguous / rhetorical statement or insufficient context to definitively infer evaluative sentiment. Left unresolved to prevent fabricating ground truth.,low
REV_03642_C09_A01,REV_03642,REV_03642_C09,3641,This is not the adept quality of Kritunga because I have been eating in this cuisine for more than three years,Food,Annotated,,Food,Annotated,,unresolved,Genuinely ambiguous / rhetorical statement or insufficient context to definitively infer evaluative sentiment. Left unresolved to prevent fabricating ground truth.,low
REV_03647_C01_A01,REV_03647,REV_03647_C01,3646,Don't drink water in the given glass for more details please check attached images,Food,Annotated,,Food,Annotated,,unresolved,Genuinely ambiguous / rhetorical statement or insufficient context to definitively infer evaluative sentiment. Left unresolved to prevent fabricating ground truth.,low
REV_03647_C02_A01,REV_03647,REV_03647_C02,3646,:)Or ask for plastic glasses or take water bottle and drink with it only,Food,Annotated,,Food,Annotated,,unresolved,Genuinely ambiguous / rhetorical statement or insufficient context to definitively infer evaluative sentiment. Left unresolved to prevent fabricating ground truth.,low
REV_03650_C03_A01,REV_03650,REV_03650_C03,3649,keema biryani and prawn biryani ar highly recommended,Food,Annotated,,General Experience,Annotated,Positive,changed,Filled omitted sentiment as 'Positive' for aspect 'General Experience' based on explicit evaluative opinion in clause,high
REV_03650_C03_A02,REV_03650,REV_03650_C03,3649,keema biryani and prawn biryani ar highly recommended,General Experience,Annotated,,General Experience,Annotated,Positive,changed,Filled omitted sentiment as 'Positive' for aspect 'General Experience' based on explicit evaluative opinion in clause,high
REV_03656_C01_A01,REV_03656,REV_03656_C01,3655,One of the Most staisfying biryani's in the city,Food,Annotated,,Food,Annotated,,unresolved,Genuinely ambiguous / rhetorical statement or insufficient context to definitively infer evaluative sentiment. Left unresolved to prevent fabricating ground truth.,low
REV_03656_C03_A01,REV_03656,REV_03656_C03,3655,especially the pot thing,Food,Annotated,,Food,Annotated,,unresolved,Genuinely ambiguous / rhetorical statement or insufficient context to definitively infer evaluative sentiment. Left unresolved to prevent fabricating ground truth.,low
REV_03673_C01_A01,REV_03673,REV_03673_C01,3672,The famous restaurant for Rayalseema cuisine,Food,Annotated,,Food,Annotated,,unresolved,Genuinely ambiguous / rhetorical statement or insufficient context to definitively infer evaluative sentiment. Left unresolved to prevent fabricating ground truth.,low
REV_03673_C04_A01,REV_03673,REV_03673_C04,3672,Ambience was ok,Ambience,Annotated,,Ambience,Annotated,Neutral,changed,Filled omitted sentiment as 'Neutral' for aspect 'Ambience' based on explicit evaluative opinion in clause,high
REV_03691_C01_A01,REV_03691,REV_03691_C01,3690,food is super,Food,Annotated,,Food,Annotated,,unresolved,Genuinely ambiguous / rhetorical statement or insufficient context to definitively infer evaluative sentiment. Left unresolved to prevent fabricating ground truth.,low
REV_03706_C01_A01,REV_03706,REV_03706_C01,3705,delivery was faster than given time 👍👍,Service,Annotated,,Service,Annotated,,unresolved,Genuinely ambiguous / rhetorical statement or insufficient context to definitively infer evaluative sentiment. Left unresolved to prevent fabricating ground truth.,low
REV_03713_C03_A01,REV_03713,REV_03713_C03,3712,salon was spoiled and i didnot get onions and lemon,General Experience,Annotated,,Food,Annotated,Negative,changed,Filled omitted sentiment as 'Negative' for aspect 'Food' based on explicit evaluative opinion in clause,high
REV_03716_C02_A01,REV_03716,REV_03716_C02,3715,The best fusion food I could ever eat,Food,Annotated,,Food,Annotated,,unresolved,Genuinely ambiguous / rhetorical statement or insufficient context to definitively infer evaluative sentiment. Left unresolved to prevent fabricating ground truth.,low
REV_03726_C05_A01,REV_03726,REV_03726_C05,3725,We had experience of both indoor and outdoor dining,General Experience,Annotated,,,No Aspect Opinion,,changed,Reclassified procedural order / transaction narrative without evaluative opinion to 'No Aspect Opinion',high
REV_03726_C09_A01,REV_03726,REV_03726_C09,3725,"We ordered Mediterranean platter, Bruschetta for vegetarians",Food,Annotated,,,No Aspect Opinion,,changed,Reclassified factual entity mention / procedural statement without evaluative opinion to 'No Aspect Opinion',high
REV_03726_C11_A01,REV_03726,REV_03726_C11,3725,It was couple of days before elections and apparently alcohol was not to be served,Service,Annotated,,,No Aspect Opinion,,changed,Reclassified procedural order / transaction narrative without evaluative opinion to 'No Aspect Opinion',high
REV_03726_C17_A01,REV_03726,REV_03726_C17,3725,served delayed,Service,Annotated,,Service,Annotated,Negative,changed,Filled omitted sentiment as 'Negative' for aspect 'Service' based on explicit evaluative opinion in clause,high
REV_03728_C18_A01,REV_03728,REV_03728_C18,3727,"We ordered veg tandoor platter, margherita pizza , tiramisu and cheesecake",Food,Annotated,,,No Aspect Opinion,,changed,Reclassified factual entity mention / procedural statement without evaluative opinion to 'No Aspect Opinion',high
REV_03728_C20_A01,REV_03728,REV_03728_C20,3727,Generous amount of sauce and cheese,Food,Annotated,,Food,Annotated,,unresolved,Genuinely ambiguous / rhetorical statement or insufficient context to definitively infer evaluative sentiment. Left unresolved to prevent fabricating ground truth.,low
REV_03728_C23_A01,REV_03728,REV_03728_C23,3727,The platter had many things,Food,Annotated,,,No Aspect Opinion,,changed,Reclassified procedural order / transaction narrative without evaluative opinion to 'No Aspect Opinion',high
REV_03728_C24_A01,REV_03728,REV_03728_C24,3727,of of which was paneer tikka n no grilled onion or peppers or tomato,Food,Annotated,,Food,Annotated,,unresolved,Genuinely ambiguous / rhetorical statement or insufficient context to definitively infer evaluative sentiment. Left unresolved to prevent fabricating ground truth.,low
REV_03728_C25_A01,REV_03728,REV_03728_C25,3727,Whole platter didnt come with any onion et al side,Food,Annotated,,Food,Annotated,,unresolved,Genuinely ambiguous / rhetorical statement or insufficient context to definitively infer evaluative sentiment. Left unresolved to prevent fabricating ground truth.,low
REV_03728_C26_A01,REV_03728,REV_03728_C26,3727,Extra chutney took forever to come,Service,Annotated,,Service,Annotated,,unresolved,Genuinely ambiguous / rhetorical statement or insufficient context to definitively infer evaluative sentiment. Left unresolved to prevent fabricating ground truth.,low
REV_03728_C32_A01,REV_03728,REV_03728_C32,3727,The creamcheese itself i would guess will be cheaper kind making it hard,Price / Value,Annotated,,Price / Value,Annotated,,unresolved,Genuinely ambiguous / rhetorical statement or insufficient context to definitively infer evaluative sentiment. Left unresolved to prevent fabricating ground truth.,low
REV_03728_C34_A01,REV_03728,REV_03728_C34,3727,"However, the server comes and tells me during payment, i have not charged you for brownie",Service,Annotated,,Service,Annotated,,unresolved,Genuinely ambiguous / rhetorical statement or insufficient context to definitively infer evaluative sentiment. Left unresolved to prevent fabricating ground truth.,low
REV_03734_C01_A01,REV_03734,REV_03734_C01,3733,A memorable experience- would be the right caption for my recent dining experience with this restaurant,General Experience,Annotated,,General Experience,Annotated,,unresolved,Genuinely ambiguous / rhetorical statement or insufficient context to definitively infer evaluative sentiment. Left unresolved to prevent fabricating ground truth.,low
REV_03734_C03_A01,REV_03734,REV_03734_C03,3733,The restaurant has breathtaking views of the golf course around,General Experience,Annotated,,General Experience,Annotated,,unresolved,Genuinely ambiguous / rhetorical statement or insufficient context to definitively infer evaluative sentiment. Left unresolved to prevent fabricating ground truth.,low
REV_03738_C08_A01,REV_03738,REV_03738_C08,3737,I remember he said he was from Delhi and also Kolkata) who was very courteous and offered us a complementary dessert,Food,Annotated,,Food,Annotated,,unresolved,Genuinely ambiguous / rhetorical statement or insufficient context to definitively infer evaluative sentiment. Left unresolved to prevent fabricating ground truth.,low
REV_03738_C08_A02,REV_03738,REV_03738_C08,3737,I remember he said he was from Delhi and also Kolkata) who was very courteous and offered us a complementary dessert,Service,Annotated,,Service,Annotated,,unresolved,Genuinely ambiguous / rhetorical statement or insufficient context to definitively infer evaluative sentiment. Left unresolved to prevent fabricating ground truth.,low
REV_03738_C10_A01,REV_03738,REV_03738_C10,3737,The menu might be little overpriced according to many,Food,Annotated,,Price / Value,Annotated,Negative,changed,Filled omitted sentiment as 'Negative' for aspect 'Price / Value' based on explicit evaluative opinion in clause,high
REV_03738_C10_A02,REV_03738,REV_03738_C10,3737,The menu might be little overpriced according to many,Price / Value,Annotated,,Price / Value,Annotated,Negative,changed,Filled omitted sentiment as 'Negative' for aspect 'Price / Value' based on explicit evaluative opinion in clause,high
REV_03742_C03_A01,REV_03742,REV_03742_C03,3741,there was a hygiene concern,Ambience,Annotated,,Ambience,Annotated,,unresolved,Genuinely ambiguous / rhetorical statement or insufficient context to definitively infer evaluative sentiment. Left unresolved to prevent fabricating ground truth.,low
REV_03742_C05_A01,REV_03742,REV_03742_C05,3741,The waiter replaced it,Service,Annotated,,Service,Annotated,,unresolved,Genuinely ambiguous / rhetorical statement or insufficient context to definitively infer evaluative sentiment. Left unresolved to prevent fabricating ground truth.,low
REV_03757_C02_A01,REV_03757,REV_03757_C02,3756,A must go place for those loving a break from the city huzzles,Ambience,Annotated,,Ambience,Annotated,,unresolved,Genuinely ambiguous / rhetorical statement or insufficient context to definitively infer evaluative sentiment. Left unresolved to prevent fabricating ground truth.,low
REV_03757_C04_A01,REV_03757,REV_03757_C04,3756,the staff are accommodating,Service,Annotated,,Service,Annotated,,unresolved,Genuinely ambiguous / rhetorical statement or insufficient context to definitively infer evaluative sentiment. Left unresolved to prevent fabricating ground truth.,low
REV_03759_C01_A01,REV_03759,REV_03759_C01,3758,Been to this place newly opened last week with friends,General Experience,Annotated,,General Experience,Annotated,,unresolved,Genuinely ambiguous / rhetorical statement or insufficient context to definitively infer evaluative sentiment. Left unresolved to prevent fabricating ground truth.,low
REV_03761_C01_A01,REV_03761,REV_03761_C01,3760,Perfect Place,Ambience,Annotated,,Ambience,Annotated,,unresolved,Genuinely ambiguous / rhetorical statement or insufficient context to definitively infer evaluative sentiment. Left unresolved to prevent fabricating ground truth.,low
REV_03761_C07_A01,REV_03761,REV_03761_C07,3760,"Broccoli kebabs, Ravioli, Nachos",Food,Annotated,,Food,Annotated,,unresolved,Genuinely ambiguous / rhetorical statement or insufficient context to definitively infer evaluative sentiment. Left unresolved to prevent fabricating ground truth.,low
REV_03779_C01_A01,REV_03779,REV_03779_C01,3778,"Let me start the review by complementing the owners for a catchy name ,'The Glass Onion'",General Experience,Annotated,,General Experience,Annotated,,unresolved,Genuinely ambiguous / rhetorical statement or insufficient context to definitively infer evaluative sentiment. Left unresolved to prevent fabricating ground truth.,low
REV_03779_C03_A01,REV_03779,REV_03779_C03,3778,Ambience 4.9/5,Ambience,Annotated,,,No Aspect Opinion,,changed,Reclassified procedural order / transaction narrative without evaluative opinion to 'No Aspect Opinion',high
REV_03793_C05_A01,REV_03793,REV_03793_C05,3792,Their location in Zomato is showing incorrect,Ambience,Annotated,,Ambience,Annotated,,unresolved,Genuinely ambiguous / rhetorical statement or insufficient context to definitively infer evaluative sentiment. Left unresolved to prevent fabricating ground truth.,low
REV_03801_C01_A01,REV_03801,REV_03801_C01,3800,We went there to celebrate my husband's birthday given the ratings we saw,General Experience,Annotated,,General Experience,Annotated,,unresolved,Genuinely ambiguous / rhetorical statement or insufficient context to definitively infer evaluative sentiment. Left unresolved to prevent fabricating ground truth.,low
REV_03801_C04_A01,REV_03801,REV_03801_C04,3800,as we did not like our tomato soup,Food,Annotated,,Food,Annotated,,unresolved,Genuinely ambiguous / rhetorical statement or insufficient context to definitively infer evaluative sentiment. Left unresolved to prevent fabricating ground truth.,low
REV_03805_C01_A01,REV_03805,REV_03805_C01,3804,Beautiful place,Ambience,Annotated,,Ambience,Annotated,,unresolved,Genuinely ambiguous / rhetorical statement or insufficient context to definitively infer evaluative sentiment. Left unresolved to prevent fabricating ground truth.,low
REV_03805_C07_A01,REV_03805,REV_03805_C07,3804,But it is cool n clam place,Ambience,Annotated,,Ambience,Annotated,,unresolved,Genuinely ambiguous / rhetorical statement or insufficient context to definitively infer evaluative sentiment. Left unresolved to prevent fabricating ground truth.,low
REV_03820_C03_A01,REV_03820,REV_03820_C03,3819,Nachos and pizza are must try,Food,Annotated,,Food,Annotated,,unresolved,Genuinely ambiguous / rhetorical statement or insufficient context to definitively infer evaluative sentiment. Left unresolved to prevent fabricating ground truth.,low
REV_03826_C02_A01,REV_03826,REV_03826_C02,3825,The burgers taste really well,Food,Annotated,,Food,Annotated,,unresolved,Genuinely ambiguous / rhetorical statement or insufficient context to definitively infer evaluative sentiment. Left unresolved to prevent fabricating ground truth.,low
REV_03826_C04_A01,REV_03826,REV_03826_C04,3825,they make it up by the food,Food,Annotated,,Food,Annotated,,unresolved,Genuinely ambiguous / rhetorical statement or insufficient context to definitively infer evaluative sentiment. Left unresolved to prevent fabricating ground truth.,low
REV_03828_C02_A01,REV_03828,REV_03828_C02,3827,They have changed their menu and made it more south Indian than continental like before,Food,Annotated,,Food,Annotated,,unresolved,Genuinely ambiguous / rhetorical statement or insufficient context to definitively infer evaluative sentiment. Left unresolved to prevent fabricating ground truth.,low
REV_03834_C01_A01,REV_03834,REV_03834_C01,3833,I wanted to go this place since long time,General Experience,Annotated,,General Experience,Annotated,,unresolved,Genuinely ambiguous / rhetorical statement or insufficient context to definitively infer evaluative sentiment. Left unresolved to prevent fabricating ground truth.,low
REV_03842_C02_A01,REV_03842,REV_03842_C02,3841,"Ambiance check, cleanliness check",Ambience,Annotated,,Ambience,Annotated,,unresolved,Genuinely ambiguous / rhetorical statement or insufficient context to definitively infer evaluative sentiment. Left unresolved to prevent fabricating ground truth.,low
REV_03842_C08_A01,REV_03842,REV_03842_C08,3841,Parking could be tricky to obtain and make a call before you leave to this place,Ambience,Annotated,,Ambience,Annotated,,unresolved,Genuinely ambiguous / rhetorical statement or insufficient context to definitively infer evaluative sentiment. Left unresolved to prevent fabricating ground truth.,low
REV_03856_C01_A01,REV_03856,REV_03856_C01,3855,"Among all the dishes I have tried there, Cottage steak was the one which stood well for me",Food,Annotated,,,No Aspect Opinion,,changed,Reclassified procedural order / transaction narrative without evaluative opinion to 'No Aspect Opinion',high
REV_03856_C02_A01,REV_03856,REV_03856_C02,3855,"They serve this with cottage tikki, barbecue sauce (which was going really well in combo)",Food,Annotated,,Food,Annotated,,unresolved,Genuinely ambiguous / rhetorical statement or insufficient context to definitively infer evaluative sentiment. Left unresolved to prevent fabricating ground truth.,low
REV_03856_C02_A02,REV_03856,REV_03856_C02,3855,"They serve this with cottage tikki, barbecue sauce (which was going really well in combo)",Service,Annotated,,Service,Annotated,,unresolved,Genuinely ambiguous / rhetorical statement or insufficient context to definitively infer evaluative sentiment. Left unresolved to prevent fabricating ground truth.,low
REV_03856_C03_A01,REV_03856,REV_03856_C03,3855,"Veg burger was just fine, not really worth trying",Food,Annotated,,Food,Annotated,,unresolved,Genuinely ambiguous / rhetorical statement or insufficient context to definitively infer evaluative sentiment. Left unresolved to prevent fabricating ground truth.,low
REV_03856_C03_A02,REV_03856,REV_03856_C03,3855,"Veg burger was just fine, not really worth trying",General Experience,Annotated,,General Experience,Annotated,,unresolved,Genuinely ambiguous / rhetorical statement or insufficient context to definitively infer evaluative sentiment. Left unresolved to prevent fabricating ground truth.,low
REV_03856_C03_A03,REV_03856,REV_03856_C03,3855,"Veg burger was just fine, not really worth trying",Price / Value,Annotated,,Price / Value,Annotated,,unresolved,Genuinely ambiguous / rhetorical statement or insufficient context to definitively infer evaluative sentiment. Left unresolved to prevent fabricating ground truth.,low
REV_03860_C02_A01,REV_03860,REV_03860_C02,3859,I am a fan of their food and beverages,Food,Annotated,,Food,Annotated,,unresolved,Genuinely ambiguous / rhetorical statement or insufficient context to definitively infer evaluative sentiment. Left unresolved to prevent fabricating ground truth.,low
REV_03860_C03_A01,REV_03860,REV_03860_C03,3859,They will not disappoint you with any of their dishes,Food,Annotated,,Food,Annotated,,unresolved,Genuinely ambiguous / rhetorical statement or insufficient context to definitively infer evaluative sentiment. Left unresolved to prevent fabricating ground truth.,low
REV_03892_C04_A01,REV_03892,REV_03892_C04,3891,I love the nachos here which are served with cream of mayo etc,Service,Annotated,,Service,Annotated,,unresolved,Genuinely ambiguous / rhetorical statement or insufficient context to definitively infer evaluative sentiment. Left unresolved to prevent fabricating ground truth.,low
REV_03904_C02_A01,REV_03904,REV_03904_C02,3903,Singaporean chilli prawn and keema pav here are the always opt of in doubt,Food,Annotated,,Food,Annotated,,unresolved,Genuinely ambiguous / rhetorical statement or insufficient context to definitively infer evaluative sentiment. Left unresolved to prevent fabricating ground truth.,low
REV_03904_C04_A01,REV_03904,REV_03904_C04,3903,the service is impressive,Service,Annotated,,Service,Annotated,,unresolved,Genuinely ambiguous / rhetorical statement or insufficient context to definitively infer evaluative sentiment. Left unresolved to prevent fabricating ground truth.,low
REV_03911_C02_A01,REV_03911,REV_03911_C02,3910,"Ordered Thai curry with rice, paneer butter masala with paratha and veg manchurian bowl",Food,Annotated,,,No Aspect Opinion,,changed,Reclassified factual entity mention / procedural statement without evaluative opinion to 'No Aspect Opinion',high
REV_03911_C04_A01,REV_03911,REV_03911_C04,3910,Definitely a must try,General Experience,Annotated,,General Experience,Annotated,,unresolved,Genuinely ambiguous / rhetorical statement or insufficient context to definitively infer evaluative sentiment. Left unresolved to prevent fabricating ground truth.,low
REV_03914_C03_A01,REV_03914,REV_03914_C03,3913,"From burgers to rice bowls and Noodle bowls too, they've got it all",Food,Annotated,,,No Aspect Opinion,,changed,Reclassified procedural order / transaction narrative without evaluative opinion to 'No Aspect Opinion',high
REV_03920_C01_A01,REV_03920,REV_03920_C01,3919,Best food I have ever had,Food,Annotated,,Food,Annotated,Positive,changed,Filled omitted sentiment as 'Positive' for aspect 'Food' based on explicit evaluative opinion in clause,high
REV_03926_C03_A01,REV_03926,REV_03926_C03,3925,really need to learn how to speak to your guests,Service,Annotated,,Service,Annotated,,unresolved,Genuinely ambiguous / rhetorical statement or insufficient context to definitively infer evaluative sentiment. Left unresolved to prevent fabricating ground truth.,low
REV_03926_C04_A01,REV_03926,REV_03926_C04,3925,when guests ask anything you need to answer patiently,Service,Annotated,,Service,Annotated,,unresolved,Genuinely ambiguous / rhetorical statement or insufficient context to definitively infer evaluative sentiment. Left unresolved to prevent fabricating ground truth.,low
REV_03928_C02_A01,REV_03928,REV_03928_C02,3927,This place serves some Kickass fried chicken starters,Food,Annotated,,Food,Annotated,,unresolved,Genuinely ambiguous / rhetorical statement or insufficient context to definitively infer evaluative sentiment. Left unresolved to prevent fabricating ground truth.,low
REV_03928_C03_A01,REV_03928,REV_03928_C03,3927,The service is prompt and lovely,Service,Annotated,,Service,Annotated,Positive,changed,Filled omitted sentiment as 'Positive' for aspect 'Service' based on explicit evaluative opinion in clause,high
REV_03928_C05_A01,REV_03928,REV_03928_C05,3927,Deriving recommend it,General Experience,Annotated,,General Experience,Annotated,,unresolved,Genuinely ambiguous / rhetorical statement or insufficient context to definitively infer evaluative sentiment. Left unresolved to prevent fabricating ground truth.,low
REV_03938_C05_A01,REV_03938,REV_03938_C05,3937,The ambience of the place can be improved because it's just slightly dull and cramped up at the moment,Ambience,Annotated,,Ambience,Annotated,Negative,changed,Filled omitted sentiment as 'Negative' for aspect 'Ambience' based on explicit evaluative opinion in clause,high
REV_03942_C01_A01,REV_03942,REV_03942_C01,3941,I'm reviewing a delivery order,Service,Annotated,,Service,Annotated,,unresolved,Genuinely ambiguous / rhetorical statement or insufficient context to definitively infer evaluative sentiment. Left unresolved to prevent fabricating ground truth.,low
REV_03947_C01_A01,REV_03947,REV_03947_C01,3946,Had an excellent evening at Frio,General Experience,Annotated,,,No Aspect Opinion,,changed,Reclassified procedural order / transaction narrative without evaluative opinion to 'No Aspect Opinion',high
REV_03947_C02_A01,REV_03947,REV_03947_C02,3946,Well done coffee with stuffed chicken breast,Food,Annotated,,Food,Annotated,,unresolved,Genuinely ambiguous / rhetorical statement or insufficient context to definitively infer evaluative sentiment. Left unresolved to prevent fabricating ground truth.,low
REV_03956_C01_A01,REV_03956,REV_03956_C01,3955,"Being rated well on zomato, I had expected it to be impressive",General Experience,Annotated,,,No Aspect Opinion,,changed,Reclassified procedural order / transaction narrative without evaluative opinion to 'No Aspect Opinion',high
REV_03956_C05_A01,REV_03956,REV_03956_C05,3955,"Also, there are not really much options on the menu",Food,Annotated,,Food,Annotated,,unresolved,Genuinely ambiguous / rhetorical statement or insufficient context to definitively infer evaluative sentiment. Left unresolved to prevent fabricating ground truth.,low
REV_03958_C05_A01,REV_03958,REV_03958_C05,3957,We ordered vegetarian cheese balls and we received chicken,Food,Annotated,,,No Aspect Opinion,,changed,Reclassified factual entity mention / procedural statement without evaluative opinion to 'No Aspect Opinion',high
REV_03960_C01_A01,REV_03960,REV_03960_C01,3959,I had very high expectations from This one,General Experience,Annotated,,,No Aspect Opinion,,changed,Reclassified procedural order / transaction narrative without evaluative opinion to 'No Aspect Opinion',high
REV_03960_C08_A01,REV_03960,REV_03960_C08,3959,our order took more than 1 hour to reach us to the table,Ambience,Annotated,,,No Aspect Opinion,,changed,Reclassified procedural order / transaction narrative without evaluative opinion to 'No Aspect Opinion',high
REV_03960_C08_A02,REV_03960,REV_03960_C08,3959,our order took more than 1 hour to reach us to the table,Service,Annotated,,,No Aspect Opinion,,changed,Reclassified procedural order / transaction narrative without evaluative opinion to 'No Aspect Opinion',high
REV_03963_C04_A01,REV_03963,REV_03963_C04,3962,worth going and spending time,Price / Value,Annotated,,Price / Value,Annotated,,unresolved,Genuinely ambiguous / rhetorical statement or insufficient context to definitively infer evaluative sentiment. Left unresolved to prevent fabricating ground truth.,low
REV_03963_C06_A01,REV_03963,REV_03963_C06,3962,but nevertheless an pleasant place to spend time with friends & family,General Experience,Annotated,,General Experience,Annotated,,unresolved,Genuinely ambiguous / rhetorical statement or insufficient context to definitively infer evaluative sentiment. Left unresolved to prevent fabricating ground truth.,low
REV_03979_C03_A01,REV_03979,REV_03979_C03,3978,Went for dinner and ordered a pizza and Arabiata pasta(both veg),Food,Annotated,,,No Aspect Opinion,,changed,Reclassified factual entity mention / procedural statement without evaluative opinion to 'No Aspect Opinion',high
REV_03979_C04_A01,REV_03979,REV_03979_C04,3978,Pizza was thin crust,Food,Annotated,,Food,Annotated,,unresolved,Genuinely ambiguous / rhetorical statement or insufficient context to definitively infer evaluative sentiment. Left unresolved to prevent fabricating ground truth.,low
REV_03979_C06_A01,REV_03979,REV_03979_C06,3978,If you like the original taste of tomato then this pasta is for you as it retained that taste,Food,Annotated,,Food,Annotated,,unresolved,Genuinely ambiguous / rhetorical statement or insufficient context to definitively infer evaluative sentiment. Left unresolved to prevent fabricating ground truth.,low
REV_03993_C05_A01,REV_03993,REV_03993_C05,3992,Looked the decor,Ambience,Annotated,,Ambience,Annotated,,unresolved,Genuinely ambiguous / rhetorical statement or insufficient context to definitively infer evaluative sentiment. Left unresolved to prevent fabricating ground truth.,low
REV_04014_C06_A01,REV_04014,REV_04014_C06,4013,"If prefer Zomato gold here., if you Have that u can njoy more as u get dishes for free😀",Food,Annotated,,Food,Annotated,,unresolved,Genuinely ambiguous / rhetorical statement or insufficient context to definitively infer evaluative sentiment. Left unresolved to prevent fabricating ground truth.,low
REV_04016_C02_A01,REV_04016,REV_04016_C02,4015,Karachi Biscuits,Food,Annotated,,Food,Annotated,,unresolved,Genuinely ambiguous / rhetorical statement or insufficient context to definitively infer evaluative sentiment. Left unresolved to prevent fabricating ground truth.,low
REV_04016_C03_A01,REV_04016,REV_04016_C03,4015,But there is a whole range of stuff to eat at their outlet,Food,Annotated,,Food,Annotated,,unresolved,Genuinely ambiguous / rhetorical statement or insufficient context to definitively infer evaluative sentiment. Left unresolved to prevent fabricating ground truth.,low
REV_04026_C03_A01,REV_04026,REV_04026_C03,4025,Must try,General Experience,Annotated,,General Experience,Annotated,,unresolved,Genuinely ambiguous / rhetorical statement or insufficient context to definitively infer evaluative sentiment. Left unresolved to prevent fabricating ground truth.,low
REV_04034_C02_A01,REV_04034,REV_04034_C02,4033,The outlet was medium crowded,Ambience,Annotated,,Ambience,Annotated,,unresolved,Genuinely ambiguous / rhetorical statement or insufficient context to definitively infer evaluative sentiment. Left unresolved to prevent fabricating ground truth.,low
REV_04034_C07_A01,REV_04034,REV_04034_C07,4033,"When asked to the manager, to operate other billing counters he replied ""WE DON'T HAVE MANPOWER""",Service,Annotated,,Service,Annotated,,unresolved,Genuinely ambiguous / rhetorical statement or insufficient context to definitively infer evaluative sentiment. Left unresolved to prevent fabricating ground truth.,low
REV_04034_C08_A01,REV_04034,REV_04034_C08,4033,"Frustrated with the cue, we asked how can you just have manpower for one billing counter where you have machinery available for 3 he replied, ""WE DON'T HAVE MONEY TO HIRE""",Price / Value,Annotated,,,No Aspect Opinion,,changed,Reclassified procedural order / transaction narrative without evaluative opinion to 'No Aspect Opinion',high
REV_04034_C08_A02,REV_04034,REV_04034_C08,4033,"Frustrated with the cue, we asked how can you just have manpower for one billing counter where you have machinery available for 3 he replied, ""WE DON'T HAVE MONEY TO HIRE""",Service,Annotated,,,No Aspect Opinion,,changed,Reclassified procedural order / transaction narrative without evaluative opinion to 'No Aspect Opinion',high
REV_04034_C09_A01,REV_04034,REV_04034_C09,4033,What an experience,General Experience,Annotated,,General Experience,Annotated,,unresolved,Genuinely ambiguous / rhetorical statement or insufficient context to definitively infer evaluative sentiment. Left unresolved to prevent fabricating ground truth.,low
REV_04044_C02_A01,REV_04044,REV_04044_C02,4043,"It was not what i thot, less cream and very bready cake it was",General Experience,Annotated,,General Experience,Annotated,,unresolved,Genuinely ambiguous / rhetorical statement or insufficient context to definitively infer evaluative sentiment. Left unresolved to prevent fabricating ground truth.,low
REV_04044_C03_A01,REV_04044,REV_04044_C03,4043,Not satisfied,General Experience,Annotated,,General Experience,Annotated,,unresolved,Genuinely ambiguous / rhetorical statement or insufficient context to definitively infer evaluative sentiment. Left unresolved to prevent fabricating ground truth.,low
REV_04046_C02_A01,REV_04046,REV_04046_C02,4045,One of the best pastries which is economical aswell,Price / Value,Annotated,,Price / Value,Annotated,Positive,changed,Filled omitted sentiment as 'Positive' for aspect 'Price / Value' based on explicit evaluative opinion in clause,high
REV_04049_C01_A01,REV_04049,REV_04049_C01,4048,Best and famous for its bakery products,General Experience,Annotated,,General Experience,Annotated,,unresolved,Genuinely ambiguous / rhetorical statement or insufficient context to definitively infer evaluative sentiment. Left unresolved to prevent fabricating ground truth.,low
REV_04061_C06_A01,REV_04061,REV_04061_C06,4060,no prob with food,Food,Annotated,,Food,Annotated,,unresolved,Genuinely ambiguous / rhetorical statement or insufficient context to definitively infer evaluative sentiment. Left unresolved to prevent fabricating ground truth.,low
REV_04065_C01_A01,REV_04065,REV_04065_C01,4064,"Truly said, a legend in baking, Karachi Bakery's Osmania Biscuits are MUST try for everyone out there",General Experience,Annotated,,General Experience,Annotated,,unresolved,Genuinely ambiguous / rhetorical statement or insufficient context to definitively infer evaluative sentiment. Left unresolved to prevent fabricating ground truth.,low
REV_04102_C03_A01,REV_04102,REV_04102_C03,4101,"Karachi Cafe , Gachibowli is THE place for you",Food,Annotated,,Food,Annotated,,unresolved,Genuinely ambiguous / rhetorical statement or insufficient context to definitively infer evaluative sentiment. Left unresolved to prevent fabricating ground truth.,low
REV_04102_C04_A01,REV_04102,REV_04102_C04,4101,Food:,Food,Annotated,,Food,Annotated,,unresolved,Genuinely ambiguous / rhetorical statement or insufficient context to definitively infer evaluative sentiment. Left unresolved to prevent fabricating ground truth.,low
REV_04102_C06_A01,REV_04102,REV_04102_C06,4101,"The chicken was properly marinated and cooked to perfection with the tenderness still intact, it was already sliced to bite sized pieces",Food,Annotated,,Food,Annotated,Positive,changed,Filled omitted sentiment as 'Positive' for aspect 'Food' based on explicit evaluative opinion in clause,high
REV_04102_C08_A01,REV_04102,REV_04102_C08,4101,served with potato wedges and tomato ketchup,Service,Annotated,,,No Aspect Opinion,,changed,Reclassified procedural order / transaction narrative without evaluative opinion to 'No Aspect Opinion',high
REV_04102_C09_A01,REV_04102,REV_04102_C09,4101,It has very light taste and perfect meal for two on Hot summer day,Food,Annotated,,Food,Annotated,,unresolved,Genuinely ambiguous / rhetorical statement or insufficient context to definitively infer evaluative sentiment. Left unresolved to prevent fabricating ground truth.,low
REV_04102_C17_A01,REV_04102,REV_04102_C17,4101,It had a mild yet tempting taste,Food,Annotated,,,No Aspect Opinion,,changed,Reclassified procedural order / transaction narrative without evaluative opinion to 'No Aspect Opinion',high
REV_04102_C18_A01,REV_04102,REV_04102_C18,4101,Would definitely recommend,General Experience,Annotated,,General Experience,Annotated,,unresolved,Genuinely ambiguous / rhetorical statement or insufficient context to definitively infer evaluative sentiment. Left unresolved to prevent fabricating ground truth.,low
REV_04110_C03_A01,REV_04110,REV_04110_C03,4109,Can't wait to go there again,Service,Annotated,,Service,Annotated,,unresolved,Genuinely ambiguous / rhetorical statement or insufficient context to definitively infer evaluative sentiment. Left unresolved to prevent fabricating ground truth.,low
REV_04116_C02_A01,REV_04116,REV_04116_C02,4115,I recommend the chai and their baked goods,General Experience,Annotated,,General Experience,Annotated,,unresolved,Genuinely ambiguous / rhetorical statement or insufficient context to definitively infer evaluative sentiment. Left unresolved to prevent fabricating ground truth.,low
REV_04116_C04_A01,REV_04116,REV_04116_C04,4115,everything is reasonably priced,Price / Value,Annotated,,Price / Value,Annotated,,unresolved,Genuinely ambiguous / rhetorical statement or insufficient context to definitively infer evaluative sentiment. Left unresolved to prevent fabricating ground truth.,low
REV_04124_C03_A01,REV_04124,REV_04124_C03,4123,"The interiors give you a feeling of a hangout place for the millennials , to just come, sit, relax , have tea and just engage in hearty conversation",Ambience,Annotated,,Ambience,Annotated,,unresolved,Genuinely ambiguous / rhetorical statement or insufficient context to definitively infer evaluative sentiment. Left unresolved to prevent fabricating ground truth.,low
REV_04124_C11_A01,REV_04124,REV_04124_C11,4123,definitely recommend,General Experience,Annotated,,General Experience,Annotated,,unresolved,Genuinely ambiguous / rhetorical statement or insufficient context to definitively infer evaluative sentiment. Left unresolved to prevent fabricating ground truth.,low
REV_04124_C13_A01,REV_04124,REV_04124_C13,4123,dip it in tea and enjoy,Food,Annotated,,Food,Annotated,,unresolved,Genuinely ambiguous / rhetorical statement or insufficient context to definitively infer evaluative sentiment. Left unresolved to prevent fabricating ground truth.,low
REV_04129_C03_A01,REV_04129,REV_04129_C03,4128,I even ordered ferrero rocher shake and would rate it 2/5,Food,Annotated,,,No Aspect Opinion,,changed,Reclassified procedural order / transaction narrative without evaluative opinion to 'No Aspect Opinion',high
REV_04138_C04_A01,REV_04138,REV_04138_C04,4137,The decor is top notch,Ambience,Annotated,,Ambience,Annotated,,unresolved,Genuinely ambiguous / rhetorical statement or insufficient context to definitively infer evaluative sentiment. Left unresolved to prevent fabricating ground truth.,low
REV_04142_C05_A01,REV_04142,REV_04142_C05,4141,One can seat outside watch the road and enjoy the food as well,Ambience,Annotated,,Ambience,Annotated,,unresolved,Genuinely ambiguous / rhetorical statement or insufficient context to definitively infer evaluative sentiment. Left unresolved to prevent fabricating ground truth.,low
REV_04142_C05_A02,REV_04142,REV_04142_C05,4141,One can seat outside watch the road and enjoy the food as well,Food,Annotated,,Food,Annotated,,unresolved,Genuinely ambiguous / rhetorical statement or insufficient context to definitively infer evaluative sentiment. Left unresolved to prevent fabricating ground truth.,low
REV_04145_C05_A01,REV_04145,REV_04145_C05,4144,The kettle shaped water jug and the bulb shaped salt containers the rough and old furniture look and the old Bollywood movie dialogue and old popular brands,Food,Annotated,,Food,Annotated,,unresolved,Genuinely ambiguous / rhetorical statement or insufficient context to definitively infer evaluative sentiment. Left unresolved to prevent fabricating ground truth.,low
REV_04145_C08_A01,REV_04145,REV_04145_C08,4144,Coming to what we ordered,General Experience,Annotated,,,No Aspect Opinion,,changed,Reclassified procedural order / transaction narrative without evaluative opinion to 'No Aspect Opinion',high
REV_04145_C09_A01,REV_04145,REV_04145_C09,4144,BBQ chicken Sub,Food,Annotated,,Food,Annotated,,unresolved,Genuinely ambiguous / rhetorical statement or insufficient context to definitively infer evaluative sentiment. Left unresolved to prevent fabricating ground truth.,low
REV_04145_C12_A01,REV_04145,REV_04145_C12,4144,Crispy Chicken burgers,Food,Annotated,,Food,Annotated,Positive,changed,Filled omitted sentiment as 'Positive' for aspect 'Food' based on explicit evaluative opinion in clause,high
REV_04145_C14_A01,REV_04145,REV_04145_C14,4144,The first thing that as lovely about each of these(except Apple pie of course) that they were whole some and there were generous amount of French fries t and wedges to go along with the mains,Food,Annotated,,Food,Annotated,,unresolved,Genuinely ambiguous / rhetorical statement or insufficient context to definitively infer evaluative sentiment. Left unresolved to prevent fabricating ground truth.,low
REV_04145_C15_A01,REV_04145,REV_04145_C15,4144,I had the burger,Food,Annotated,,,No Aspect Opinion,,changed,Reclassified procedural order / transaction narrative without evaluative opinion to 'No Aspect Opinion',high
REV_04145_C16_A01,REV_04145,REV_04145_C16,4144,it was damn fulfilling,General Experience,Annotated,,General Experience,Annotated,,unresolved,Genuinely ambiguous / rhetorical statement or insufficient context to definitively infer evaluative sentiment. Left unresolved to prevent fabricating ground truth.,low
REV_04145_C20_A01,REV_04145,REV_04145_C20,4144,Overall I felt the pocket pinch was quite normal for a cafe,Price / Value,Annotated,,Price / Value,Annotated,,unresolved,Genuinely ambiguous / rhetorical statement or insufficient context to definitively infer evaluative sentiment. Left unresolved to prevent fabricating ground truth.,low
REV_04145_C21_A01,REV_04145,REV_04145_C21,4144,At least the food satisfied our appetite,Food,Annotated,,Food,Annotated,,unresolved,Genuinely ambiguous / rhetorical statement or insufficient context to definitively infer evaluative sentiment. Left unresolved to prevent fabricating ground truth.,low
REV_04145_C26_A01,REV_04145,REV_04145_C26,4144,All in all the place seemed perfect for all occasions for a romantic date or getaway,General Experience,Annotated,,General Experience,Annotated,,unresolved,Genuinely ambiguous / rhetorical statement or insufficient context to definitively infer evaluative sentiment. Left unresolved to prevent fabricating ground truth.,low
REV_04161_C01_A01,REV_04161,REV_04161_C01,4160,"A cafe by the legendary Karachi Bakery,it lives upto the name",Food,Annotated,,Food,Annotated,,unresolved,Genuinely ambiguous / rhetorical statement or insufficient context to definitively infer evaluative sentiment. Left unresolved to prevent fabricating ground truth.,low
REV_04161_C03_A01,REV_04161,REV_04161_C03,4160,Like the television and telephone from the old times that no one uses now are a part of the decor,Ambience,Annotated,,Ambience,Annotated,,unresolved,Genuinely ambiguous / rhetorical statement or insufficient context to definitively infer evaluative sentiment. Left unresolved to prevent fabricating ground truth.,low
REV_04163_C02_A01,REV_04163,REV_04163_C02,4162,As you enter the restaurant you time travel to 80s-90s era,General Experience,Annotated,,General Experience,Annotated,,unresolved,Genuinely ambiguous / rhetorical statement or insufficient context to definitively infer evaluative sentiment. Left unresolved to prevent fabricating ground truth.,low
REV_04163_C05_A01,REV_04163,REV_04163_C05,4162,"To submerge you in that majestic generation they have kept a black and white television set, radio and a landline with round dialling pad, milk cans, kettle, glass jars",Ambience,Annotated,,Ambience,Annotated,,unresolved,Genuinely ambiguous / rhetorical statement or insufficient context to definitively infer evaluative sentiment. Left unresolved to prevent fabricating ground truth.,low
REV_04163_C08_A01,REV_04163,REV_04163_C08,4162,"Coming to the food, we ordered Chicken Kabiraji and Macaroni Pink Grilled Chicken Pasta",Food,Annotated,,,No Aspect Opinion,,changed,Reclassified procedural order / transaction narrative without evaluative opinion to 'No Aspect Opinion',high
REV_04163_C12_A01,REV_04163,REV_04163_C12,4162,Remotely similar taste of pasta which I experienced was a long time back,Food,Annotated,,Food,Annotated,,unresolved,Genuinely ambiguous / rhetorical statement or insufficient context to definitively infer evaluative sentiment. Left unresolved to prevent fabricating ground truth.,low
REV_04174_C01_A01,REV_04174,REV_04174_C01,4173,This place is as perfect as a cafe can be,General Experience,Annotated,,General Experience,Annotated,,unresolved,Genuinely ambiguous / rhetorical statement or insufficient context to definitively infer evaluative sentiment. Left unresolved to prevent fabricating ground truth.,low
REV_04174_C02_A01,REV_04174,REV_04174_C02,4173,"It's beautiful, soothing",Ambience,Annotated,,Ambience,Annotated,,unresolved,Genuinely ambiguous / rhetorical statement or insufficient context to definitively infer evaluative sentiment. Left unresolved to prevent fabricating ground truth.,low
REV_04174_C04_A01,REV_04174,REV_04174_C04,4173,"The ambiance, walls, furniture is all old fashioned, would remind you of the old Parsi cafes in Goa or Bombay",Ambience,Annotated,,Ambience,Annotated,,unresolved,Genuinely ambiguous / rhetorical statement or insufficient context to definitively infer evaluative sentiment. Left unresolved to prevent fabricating ground truth.,low
REV_04174_C05_A01,REV_04174,REV_04174_C05,4173,"They play old Bollywood music of 1970s, which blends perfectly with the mood",Ambience,Annotated,,Ambience,Annotated,,unresolved,Genuinely ambiguous / rhetorical statement or insufficient context to definitively infer evaluative sentiment. Left unresolved to prevent fabricating ground truth.,low
REV_04182_C01_A01,REV_04182,REV_04182_C01,4181,"Excellent irani onion samosas, didn't like the chat masala sprinkled at the top though",Food,Annotated,,Food,Annotated,,unresolved,Genuinely ambiguous / rhetorical statement or insufficient context to definitively infer evaluative sentiment. Left unresolved to prevent fabricating ground truth.,low
REV_04188_C01_A01,REV_04188,REV_04188_C01,4187,Delivery boy said that he met with an accident,Service,Annotated,,Service,Annotated,,unresolved,Genuinely ambiguous / rhetorical statement or insufficient context to definitively infer evaluative sentiment. Left unresolved to prevent fabricating ground truth.,low
REV_04188_C02_A01,REV_04188,REV_04188_C02,4187,Food got spill out of packed box,Food,Annotated,,,No Aspect Opinion,,changed,Reclassified procedural order / transaction narrative without evaluative opinion to 'No Aspect Opinion',high
REV_04196_C06_A01,REV_04196,REV_04196_C06,4195,"Juices to coffee, they’ve got everything you need",Food,Annotated,,,No Aspect Opinion,,changed,Reclassified procedural order / transaction narrative without evaluative opinion to 'No Aspect Opinion',high
REV_04196_C07_A01,REV_04196,REV_04196_C07,4195,All this without burning a hole in your pocket,Price / Value,Annotated,,Price / Value,Annotated,,unresolved,Genuinely ambiguous / rhetorical statement or insufficient context to definitively infer evaluative sentiment. Left unresolved to prevent fabricating ground truth.,low
REV_04196_C09_A01,REV_04196,REV_04196_C09,4195,I had ordered their Nutella Pancakes and coffee: the packaging was perfect and the Nutella was well smothered,Food,Annotated,,,No Aspect Opinion,,changed,Reclassified factual entity mention / procedural statement without evaluative opinion to 'No Aspect Opinion',high
REV_04206_C04_A01,REV_04206,REV_04206_C04,4205,But will get a small piece and that is too tasteless,Food,Annotated,,Food,Annotated,Negative,changed,Filled omitted sentiment as 'Negative' for aspect 'Food' based on explicit evaluative opinion in clause,high
REV_04214_C01_A01,REV_04214,REV_04214_C01,4213,I ordered French toast,Food,Annotated,,,No Aspect Opinion,,changed,Reclassified factual entity mention / procedural statement without evaluative opinion to 'No Aspect Opinion',high
REV_04214_C03_A01,REV_04214,REV_04214_C03,4213,Chef team can work on this for a better output,Food,Annotated,,Food,Annotated,,unresolved,Genuinely ambiguous / rhetorical statement or insufficient context to definitively infer evaluative sentiment. Left unresolved to prevent fabricating ground truth.,low
REV_04214_C04_A01,REV_04214,REV_04214_C04,4213,"There are very few places where french toast is available, if the taste is improved this place can lead",Food,Annotated,,Food,Annotated,,unresolved,Genuinely ambiguous / rhetorical statement or insufficient context to definitively infer evaluative sentiment. Left unresolved to prevent fabricating ground truth.,low
REV_04222_C01_A01,REV_04222,REV_04222_C01,4221,I orderd nutella waffles and peri peri chicken shawarma from here,Food,Annotated,,Food,Annotated,,unresolved,Genuinely ambiguous / rhetorical statement or insufficient context to definitively infer evaluative sentiment. Left unresolved to prevent fabricating ground truth.,low
REV_04239_C01_A01,REV_04239,REV_04239_C01,4238,They just cancelled the order after an hour,Service,Annotated,,Service,Annotated,,unresolved,Genuinely ambiguous / rhetorical statement or insufficient context to definitively infer evaluative sentiment. Left unresolved to prevent fabricating ground truth.,low
REV_04244_C01_A01,REV_04244,REV_04244_C01,4243,Have ordered their Mocha Waffle and not very impressed with their packing,Food,Annotated,,,No Aspect Opinion,,changed,Reclassified factual entity mention / procedural statement without evaluative opinion to 'No Aspect Opinion',high
REV_04244_C02_A01,REV_04244,REV_04244_C02,4243,Expected it to be on the softer side considering the time it would take for delivery,Service,Annotated,,Service,Annotated,,unresolved,Genuinely ambiguous / rhetorical statement or insufficient context to definitively infer evaluative sentiment. Left unresolved to prevent fabricating ground truth.,low
REV_04244_C04_A01,REV_04244,REV_04244_C04,4243,And the Peri Peri fries too,Food,Annotated,,Food,Annotated,,unresolved,Genuinely ambiguous / rhetorical statement or insufficient context to definitively infer evaluative sentiment. Left unresolved to prevent fabricating ground truth.,low
REV_04244_C06_A01,REV_04244,REV_04244_C06,4243,Will look forward to order again,Service,Annotated,,Service,Annotated,,unresolved,Genuinely ambiguous / rhetorical statement or insufficient context to definitively infer evaluative sentiment. Left unresolved to prevent fabricating ground truth.,low
REV_04307_C04_A01,REV_04307,REV_04307_C04,4306,I called manager again he also denied entry,Service,Annotated,,Service,Annotated,,unresolved,Genuinely ambiguous / rhetorical statement or insufficient context to definitively infer evaluative sentiment. Left unresolved to prevent fabricating ground truth.,low
REV_04307_C06_A01,REV_04307,REV_04307_C06,4306,I spent so much money on cab only to be denied entry,Price / Value,Annotated,,Price / Value,Annotated,,unresolved,Genuinely ambiguous / rhetorical statement or insufficient context to definitively infer evaluative sentiment. Left unresolved to prevent fabricating ground truth.,low
REV_04313_C05_A01,REV_04313,REV_04313_C05,4312,The only thing that annoyed me to the core was the DJ,Ambience,Annotated,,Ambience,Annotated,,unresolved,Genuinely ambiguous / rhetorical statement or insufficient context to definitively infer evaluative sentiment. Left unresolved to prevent fabricating ground truth.,low
REV_04317_C05_A01,REV_04317,REV_04317_C05,4316,"However, they should maintain consistency in having all those limited menu items available and not just make an attractive Tuesday menu for sake of it",Food,Annotated,,Food,Annotated,,unresolved,Genuinely ambiguous / rhetorical statement or insufficient context to definitively infer evaluative sentiment. Left unresolved to prevent fabricating ground truth.,low
REV_04321_C02_A01,REV_04321,REV_04321_C02,4320,"t for lunch ala carta today ordered couple of non-veg starters and veg starters, all of them are salty and uncooked",Food,Annotated,,,No Aspect Opinion,,changed,Reclassified procedural order / transaction narrative without evaluative opinion to 'No Aspect Opinion',high
REV_04321_C04_A01,REV_04321,REV_04321_C04,4320,The chicken sheekh kebab is full of dough and no chicken in it,Food,Annotated,,Food,Annotated,,unresolved,Genuinely ambiguous / rhetorical statement or insufficient context to definitively infer evaluative sentiment. Left unresolved to prevent fabricating ground truth.,low
REV_04321_C05_A01,REV_04321,REV_04321_C05,4320,The main course is also awful and the chicken dum biryani is not actually dum biryani it is pulao,Food,Annotated,,Food,Annotated,,unresolved,Genuinely ambiguous / rhetorical statement or insufficient context to definitively infer evaluative sentiment. Left unresolved to prevent fabricating ground truth.,low
REV_04326_C03_A01,REV_04326,REV_04326_C03,4325,Even if you cannot here the other person's voice sitting opposite to you,Ambience,Annotated,,Ambience,Annotated,,unresolved,Genuinely ambiguous / rhetorical statement or insufficient context to definitively infer evaluative sentiment. Left unresolved to prevent fabricating ground truth.,low
REV_04336_C01_A01,REV_04336,REV_04336_C01,4335,Went out for a team dinner sizing 30,Food,Annotated,,,No Aspect Opinion,,changed,Reclassified procedural order / transaction narrative without evaluative opinion to 'No Aspect Opinion',high
REV_04336_C02_A01,REV_04336,REV_04336_C02,4335,Had non-veg starters and Biryani,Food,Annotated,,,No Aspect Opinion,,changed,Reclassified procedural order / transaction narrative without evaluative opinion to 'No Aspect Opinion',high
REV_04336_C03_A01,REV_04336,REV_04336_C03,4335,Limited desserts options,Food,Annotated,,Food,Annotated,,unresolved,Genuinely ambiguous / rhetorical statement or insufficient context to definitively infer evaluative sentiment. Left unresolved to prevent fabricating ground truth.,low
REV_04336_C04_A01,REV_04336,REV_04336_C04,4335,Food was OK Ok 3/5,Food,Annotated,,Food,Annotated,Neutral,changed,Filled omitted sentiment as 'Neutral' for aspect 'Food' based on explicit evaluative opinion in clause,high
REV_04338_C01_A01,REV_04338,REV_04338_C01,4337,We went here for 31st 2018 Evening after reserving table for 3,Ambience,Annotated,,,No Aspect Opinion,,changed,Reclassified procedural order / transaction narrative without evaluative opinion to 'No Aspect Opinion',high
REV_04338_C02_A01,REV_04338,REV_04338_C02,4337,They told us there will be 500 entry charge per person,Price / Value,Annotated,,,No Aspect Opinion,,changed,Reclassified procedural order / transaction narrative without evaluative opinion to 'No Aspect Opinion',high
REV_04338_C04_A01,REV_04338,REV_04338_C04,4337,So it was 1500 for us 3 and food & drinks charges being seperate,Food,Annotated,,,No Aspect Opinion,,changed,Reclassified procedural order / transaction narrative without evaluative opinion to 'No Aspect Opinion',high
REV_04338_C04_A02,REV_04338,REV_04338_C04,4337,So it was 1500 for us 3 and food & drinks charges being seperate,Price / Value,Annotated,,,No Aspect Opinion,,changed,Reclassified procedural order / transaction narrative without evaluative opinion to 'No Aspect Opinion',high
REV_04338_C10_A01,REV_04338,REV_04338_C10,4337,Got a table for 4 for us 3,Ambience,Annotated,,,No Aspect Opinion,,changed,Reclassified procedural order / transaction narrative without evaluative opinion to 'No Aspect Opinion',high
REV_04338_C14_A01,REV_04338,REV_04338_C14,4337,"Second mistake of staff, as we are purely vegetarians- in beginning itself we mentioned that and ordered a paneer starter and some crispy potato starter",Food,Annotated,,Food,Annotated,Positive,changed,Filled omitted sentiment as 'Positive' for aspect 'Food' based on explicit evaluative opinion in clause,high
REV_04338_C14_A02,REV_04338,REV_04338_C14,4337,"Second mistake of staff, as we are purely vegetarians- in beginning itself we mentioned that and ordered a paneer starter and some crispy potato starter",Service,Annotated,,Food,Annotated,Positive,changed,Filled omitted sentiment as 'Positive' for aspect 'Food' based on explicit evaluative opinion in clause,high
REV_04338_C16_A01,REV_04338,REV_04338_C16,4337,"After complaining about this both to staff, they apologised and said it won't repeat",Service,Annotated,,Service,Annotated,,unresolved,Genuinely ambiguous / rhetorical statement or insufficient context to definitively infer evaluative sentiment. Left unresolved to prevent fabricating ground truth.,low
REV_04338_C22_A01,REV_04338,REV_04338_C22,4337,So when all this wrong orders were going on in between of that we were asked to adjust on the seat of 2 and they made other people sit on our table across us even after reserving table and paying for it,Ambience,Annotated,,,No Aspect Opinion,,changed,Reclassified procedural order / transaction narrative without evaluative opinion to 'No Aspect Opinion',high
REV_04338_C24_A01,REV_04338,REV_04338_C24,4337,Oh yes and forgot to mention that they had increased prices on drinks and all food and had a whole seperate new menu for 31st December 2018 with increased prices,Food,Annotated,,,No Aspect Opinion,,changed,Reclassified procedural order / transaction narrative without evaluative opinion to 'No Aspect Opinion',high
REV_04338_C24_A02,REV_04338,REV_04338_C24,4337,Oh yes and forgot to mention that they had increased prices on drinks and all food and had a whole seperate new menu for 31st December 2018 with increased prices,Price / Value,Annotated,,,No Aspect Opinion,,changed,Reclassified procedural order / transaction narrative without evaluative opinion to 'No Aspect Opinion',high
REV_04340_C01_A01,REV_04340,REV_04340_C01,4339,We went for lunch buffet,Food,Annotated,,,No Aspect Opinion,,changed,Reclassified factual entity mention / procedural statement without evaluative opinion to 'No Aspect Opinion',high
REV_04340_C04_A01,REV_04340,REV_04340_C04,4339,"None of them show up when we are asking for food, water etc",Food,Annotated,,Food,Annotated,,unresolved,Genuinely ambiguous / rhetorical statement or insufficient context to definitively infer evaluative sentiment. Left unresolved to prevent fabricating ground truth.,low
REV_04343_C04_A01,REV_04343,REV_04343_C04,4342,we ordered Shorba n lasoon fish tikka for starters n trust md i tasted the best shorba here till date,Food,Annotated,,,No Aspect Opinion,,changed,Reclassified factual entity mention / procedural statement without evaluative opinion to 'No Aspect Opinion',high
REV_04343_C06_A01,REV_04343,REV_04343_C06,4342,we usually dont order desserts,Service,Annotated,,Service,Annotated,,unresolved,Genuinely ambiguous / rhetorical statement or insufficient context to definitively infer evaluative sentiment. Left unresolved to prevent fabricating ground truth.,low
REV_04372_C02_A01,REV_04372,REV_04372_C02,4371,Went for vegetarian buffet,Food,Annotated,,,No Aspect Opinion,,changed,Reclassified factual entity mention / procedural statement without evaluative opinion to 'No Aspect Opinion',high
REV_04384_C01_A01,REV_04384,REV_04384_C01,4383,The music is so loud,Ambience,Annotated,,Ambience,Annotated,,unresolved,Genuinely ambiguous / rhetorical statement or insufficient context to definitively infer evaluative sentiment. Left unresolved to prevent fabricating ground truth.,low
REV_04391_C04_A01,REV_04391,REV_04391_C04,4390,The restaurant wasn't crowd,Ambience,Annotated,,Ambience,Annotated,,unresolved,Genuinely ambiguous / rhetorical statement or insufficient context to definitively infer evaluative sentiment. Left unresolved to prevent fabricating ground truth.,low
REV_04391_C11_A01,REV_04391,REV_04391_C11,4390,Recommended,General Experience,Annotated,,General Experience,Annotated,,unresolved,Genuinely ambiguous / rhetorical statement or insufficient context to definitively infer evaluative sentiment. Left unresolved to prevent fabricating ground truth.,low
REV_04393_C05_A01,REV_04393,REV_04393_C05,4392,"Instead, you get a homely little corner where you can sit quietly and be left alone to mind your business, until you order for something",Service,Annotated,,Service,Annotated,,unresolved,Genuinely ambiguous / rhetorical statement or insufficient context to definitively infer evaluative sentiment. Left unresolved to prevent fabricating ground truth.,low
REV_04393_C08_A01,REV_04393,REV_04393_C08,4392,they actually set the tone for the things to come,Service,Annotated,,Service,Annotated,,unresolved,Genuinely ambiguous / rhetorical statement or insufficient context to definitively infer evaluative sentiment. Left unresolved to prevent fabricating ground truth.,low
REV_04393_C09_A01,REV_04393,REV_04393_C09,4392,"This place features a wide-range of delectable options for vegetarian diners as well, which is a big step up from its competitors",Food,Annotated,,Food,Annotated,Positive,changed,Filled omitted sentiment as 'Positive' for aspect 'Food' based on explicit evaluative opinion in clause,high
REV_04393_C11_A01,REV_04393,REV_04393_C11,4392,"Having said that, the main meal was nothing to write home about",Food,Annotated,,Food,Annotated,,unresolved,Genuinely ambiguous / rhetorical statement or insufficient context to definitively infer evaluative sentiment. Left unresolved to prevent fabricating ground truth.,low
REV_04393_C15_A01,REV_04393,REV_04393_C15,4392,"For someone who loves sweets, it's a psychedelic experience",General Experience,Annotated,,General Experience,Annotated,,unresolved,Genuinely ambiguous / rhetorical statement or insufficient context to definitively infer evaluative sentiment. Left unresolved to prevent fabricating ground truth.,low
REV_04393_C19_A01,REV_04393,REV_04393_C19,4392,I was thoroughly satisfied,General Experience,Annotated,,General Experience,Annotated,,unresolved,Genuinely ambiguous / rhetorical statement or insufficient context to definitively infer evaluative sentiment. Left unresolved to prevent fabricating ground truth.,low
REV_04393_C20_A01,REV_04393,REV_04393_C20,4392,"and if you leave out the clove-heavy gravy of mutton and the generic dishes of the main menu, then the place is a RockaRolla discovery",Food,Annotated,,Food,Annotated,,unresolved,Genuinely ambiguous / rhetorical statement or insufficient context to definitively infer evaluative sentiment. Left unresolved to prevent fabricating ground truth.,low
REV_04395_C03_A01,REV_04395,REV_04395_C03,4394,Can be more better and improvements can be made as demand is high in this area,Price / Value,Annotated,,Price / Value,Annotated,,unresolved,Genuinely ambiguous / rhetorical statement or insufficient context to definitively infer evaluative sentiment. Left unresolved to prevent fabricating ground truth.,low
REV_04399_C04_A01,REV_04399,REV_04399_C04,4398,the staff has no basic respect nor they are worried about the customer,Service,Annotated,,Service,Annotated,,unresolved,Genuinely ambiguous / rhetorical statement or insufficient context to definitively infer evaluative sentiment. Left unresolved to prevent fabricating ground truth.,low
REV_04399_C07_A01,REV_04399,REV_04399_C07,4398,Anwar was rude towards customers don't know why they are running this hotel,Service,Annotated,,Service,Annotated,,unresolved,Genuinely ambiguous / rhetorical statement or insufficient context to definitively infer evaluative sentiment. Left unresolved to prevent fabricating ground truth.,low
REV_04407_C02_A01,REV_04407,REV_04407_C02,4406,Hygiene is a big issue here,Ambience,Annotated,,Ambience,Annotated,,unresolved,Genuinely ambiguous / rhetorical statement or insufficient context to definitively infer evaluative sentiment. Left unresolved to prevent fabricating ground truth.,low
REV_04407_C05_A01,REV_04407,REV_04407_C05,4406,Biryani and tandoori are the safest options here,Food,Annotated,,Food,Annotated,,unresolved,Genuinely ambiguous / rhetorical statement or insufficient context to definitively infer evaluative sentiment. Left unresolved to prevent fabricating ground truth.,low
REV_04407_C08_A01,REV_04407,REV_04407_C08,4406,I found a dish added in the bill which I did not order,Food,Annotated,,,No Aspect Opinion,,changed,Reclassified procedural order / transaction narrative without evaluative opinion to 'No Aspect Opinion',high
REV_04407_C08_A02,REV_04407,REV_04407_C08,4406,I found a dish added in the bill which I did not order,Price / Value,Annotated,,,No Aspect Opinion,,changed,Reclassified procedural order / transaction narrative without evaluative opinion to 'No Aspect Opinion',high
REV_04407_C08_A03,REV_04407,REV_04407_C08,4406,I found a dish added in the bill which I did not order,Service,Annotated,,,No Aspect Opinion,,changed,Reclassified procedural order / transaction narrative without evaluative opinion to 'No Aspect Opinion',high
REV_04407_C11_A01,REV_04407,REV_04407_C11,4406,"service and most importantly, hygiene",Ambience,Annotated,,Ambience,Annotated,,unresolved,Genuinely ambiguous / rhetorical statement or insufficient context to definitively infer evaluative sentiment. Left unresolved to prevent fabricating ground truth.,low
REV_04407_C11_A02,REV_04407,REV_04407_C11,4406,"service and most importantly, hygiene",Service,Annotated,,Service,Annotated,,unresolved,Genuinely ambiguous / rhetorical statement or insufficient context to definitively infer evaluative sentiment. Left unresolved to prevent fabricating ground truth.,low
REV_04418_C01_A01,REV_04418,REV_04418_C01,4417,"Ordered chicken fried piece biryani with an advice of my colleague, after eating I am suggesting the same to my friends and colleagues to eat and order at own nom nom",Food,Annotated,,,No Aspect Opinion,,changed,Reclassified factual entity mention / procedural statement without evaluative opinion to 'No Aspect Opinion',high
REV_04418_C01_A02,REV_04418,REV_04418_C01,4417,"Ordered chicken fried piece biryani with an advice of my colleague, after eating I am suggesting the same to my friends and colleagues to eat and order at own nom nom",Service,Annotated,,,No Aspect Opinion,,changed,Reclassified factual entity mention / procedural statement without evaluative opinion to 'No Aspect Opinion',high
REV_04424_C01_A01,REV_04424,REV_04424_C01,4423,Certainly the top rated,General Experience,Annotated,,General Experience,Annotated,,unresolved,Genuinely ambiguous / rhetorical statement or insufficient context to definitively infer evaluative sentiment. Left unresolved to prevent fabricating ground truth.,low
REV_04426_C03_A01,REV_04426,REV_04426_C03,4425,They are refusing to give my own order to myself,Service,Annotated,,Service,Annotated,,unresolved,Genuinely ambiguous / rhetorical statement or insufficient context to definitively infer evaluative sentiment. Left unresolved to prevent fabricating ground truth.,low
REV_04426_C06_A01,REV_04426,REV_04426_C06,4425,Please visit to this restaurant,General Experience,Annotated,,General Experience,Annotated,,unresolved,Genuinely ambiguous / rhetorical statement or insufficient context to definitively infer evaluative sentiment. Left unresolved to prevent fabricating ground truth.,low
REV_04429_C04_A01,REV_04429,REV_04429_C04,4428,no paneer,Food,Annotated,,Food,Annotated,,unresolved,Genuinely ambiguous / rhetorical statement or insufficient context to definitively infer evaluative sentiment. Left unresolved to prevent fabricating ground truth.,low
REV_04431_C01_A01,REV_04431,REV_04431_C01,4430,biriyani rice was not boiled properly,Food,Annotated,,Food,Annotated,,unresolved,Genuinely ambiguous / rhetorical statement or insufficient context to definitively infer evaluative sentiment. Left unresolved to prevent fabricating ground truth.,low
REV_04441_C04_A01,REV_04441,REV_04441_C04,4440,"Instead, sent me mix veg salad",Food,Annotated,,Food,Annotated,,unresolved,Genuinely ambiguous / rhetorical statement or insufficient context to definitively infer evaluative sentiment. Left unresolved to prevent fabricating ground truth.,low
REV_04479_C01_A01,REV_04479,REV_04479_C01,4478,The food was not up to the mark,Food,Annotated,,Food,Annotated,,unresolved,Genuinely ambiguous / rhetorical statement or insufficient context to definitively infer evaluative sentiment. Left unresolved to prevent fabricating ground truth.,low
REV_04479_C02_A01,REV_04479,REV_04479_C02,4478,I just couldn't eat a bit,Food,Annotated,,Food,Annotated,,unresolved,Genuinely ambiguous / rhetorical statement or insufficient context to definitively infer evaluative sentiment. Left unresolved to prevent fabricating ground truth.,low
REV_04489_C02_A01,REV_04489,REV_04489_C02,4488,Zomato accept the booking and restaurant will not accept,General Experience,Annotated,,General Experience,Annotated,,unresolved,Genuinely ambiguous / rhetorical statement or insufficient context to definitively infer evaluative sentiment. Left unresolved to prevent fabricating ground truth.,low
REV_04501_C03_A01,REV_04501,REV_04501_C03,4500,Order the fried chicken and biryani,Food,Annotated,,Food,Annotated,,unresolved,Genuinely ambiguous / rhetorical statement or insufficient context to definitively infer evaluative sentiment. Left unresolved to prevent fabricating ground truth.,low
REV_04501_C03_A02,REV_04501,REV_04501_C03,4500,Order the fried chicken and biryani,Service,Annotated,,Service,Annotated,,unresolved,Genuinely ambiguous / rhetorical statement or insufficient context to definitively infer evaluative sentiment. Left unresolved to prevent fabricating ground truth.,low
REV_04501_C04_A01,REV_04501,REV_04501_C04,4500,"and oh God, just wait for the spice gods to come and sit next to you to bless you",Service,Annotated,,Service,Annotated,,unresolved,Genuinely ambiguous / rhetorical statement or insufficient context to definitively infer evaluative sentiment. Left unresolved to prevent fabricating ground truth.,low
REV_04520_C01_A01,REV_04520,REV_04520_C01,4519,Food,Food,Annotated,,,No Aspect Opinion,,changed,Reclassified factual entity mention / procedural statement without evaluative opinion to 'No Aspect Opinion',high
REV_04520_C03_A01,REV_04520,REV_04520_C03,4519,Ambience,Ambience,Annotated,,,No Aspect Opinion,,changed,Reclassified factual entity mention / procedural statement without evaluative opinion to 'No Aspect Opinion',high
REV_04520_C07_A01,REV_04520,REV_04520_C07,4519,Bamboo Chicken and Raju Gari Kodi pulao is a must try here,Food,Annotated,,Food,Annotated,,unresolved,Genuinely ambiguous / rhetorical statement or insufficient context to definitively infer evaluative sentiment. Left unresolved to prevent fabricating ground truth.,low
REV_04520_C10_A01,REV_04520,REV_04520_C10,4519,Ambience can be improved a little,Ambience,Annotated,,Ambience,Annotated,,unresolved,Genuinely ambiguous / rhetorical statement or insufficient context to definitively infer evaluative sentiment. Left unresolved to prevent fabricating ground truth.,low
REV_04522_C04_A01,REV_04522,REV_04522_C04,4521,Ended the meal with the Rajahmundry Rose Milk which also ticked the box,Food,Annotated,,Food,Annotated,,unresolved,Genuinely ambiguous / rhetorical statement or insufficient context to definitively infer evaluative sentiment. Left unresolved to prevent fabricating ground truth.,low
REV_04527_C05_A01,REV_04527,REV_04527_C05,4526,You would definitely not regret for the price you paid,Price / Value,Annotated,,,No Aspect Opinion,,changed,Reclassified procedural order / transaction narrative without evaluative opinion to 'No Aspect Opinion',high
REV_04544_C03_A01,REV_04544,REV_04544_C03,4543,Taste of food is always awsome here,Food,Annotated,,Food,Annotated,,unresolved,Genuinely ambiguous / rhetorical statement or insufficient context to definitively infer evaluative sentiment. Left unresolved to prevent fabricating ground truth.,low
REV_04556_C16_A01,REV_04556,REV_04556_C16,4555,The rice was flavorful,Food,Annotated,,Food,Annotated,Positive,changed,Filled omitted sentiment as 'Positive' for aspect 'Food' based on explicit evaluative opinion in clause,high
REV_04556_C17_A01,REV_04556,REV_04556_C17,4555,Chicken curry served over it was semi,Food,Annotated,,,No Aspect Opinion,,changed,Reclassified procedural order / transaction narrative without evaluative opinion to 'No Aspect Opinion',high
REV_04556_C17_A02,REV_04556,REV_04556_C17,4555,Chicken curry served over it was semi,Service,Annotated,,,No Aspect Opinion,,changed,Reclassified procedural order / transaction narrative without evaluative opinion to 'No Aspect Opinion',high
REV_04556_C21_A01,REV_04556,REV_04556_C21,4555,Will go again to this place to try other dishes,Food,Annotated,,Food,Annotated,,unresolved,Genuinely ambiguous / rhetorical statement or insufficient context to definitively infer evaluative sentiment. Left unresolved to prevent fabricating ground truth.,low
REV_04568_C05_A01,REV_04568,REV_04568_C05,4567,We have tried pandumirchisticks which is my fav till date,Food,Annotated,,,No Aspect Opinion,,changed,Reclassified procedural order / transaction narrative without evaluative opinion to 'No Aspect Opinion',high
REV_04579_C01_A01,REV_04579,REV_04579_C01,4578,"We went to the first floor confused whether to go to Shanghai Chef or Kobe's, later to realise they are in the same restaurant (i",General Experience,Annotated,,,No Aspect Opinion,,changed,Reclassified factual entity mention / procedural statement without evaluative opinion to 'No Aspect Opinion',high
REV_04579_C02_A01,REV_04579,REV_04579_C02,4578,e they share floor space),Ambience,Annotated,,Ambience,Annotated,,unresolved,Genuinely ambiguous / rhetorical statement or insufficient context to definitively infer evaluative sentiment. Left unresolved to prevent fabricating ground truth.,low
REV_04579_C03_A01,REV_04579,REV_04579_C03,4578,We decided to order Chinese,Service,Annotated,,Service,Annotated,,unresolved,Genuinely ambiguous / rhetorical statement or insufficient context to definitively infer evaluative sentiment. Left unresolved to prevent fabricating ground truth.,low
REV_04579_C09_A01,REV_04579,REV_04579_C09,4578,Kobe's is a really famous chain for Sizzlers,Food,Annotated,,Food,Annotated,,unresolved,Genuinely ambiguous / rhetorical statement or insufficient context to definitively infer evaluative sentiment. Left unresolved to prevent fabricating ground truth.,low
REV_04583_C03_A01,REV_04583,REV_04583_C03,4582,"Interior ambience was not so cool, very ordinary",Ambience,Annotated,,Ambience,Annotated,,unresolved,Genuinely ambiguous / rhetorical statement or insufficient context to definitively infer evaluative sentiment. Left unresolved to prevent fabricating ground truth.,low
REV_04597_C07_A01,REV_04597,REV_04597_C07,4596,Khao Soi was the main dish we ordered and was again bang on,Food,Annotated,,,No Aspect Opinion,,changed,Reclassified procedural order / transaction narrative without evaluative opinion to 'No Aspect Opinion',high
REV_04601_C06_A01,REV_04601,REV_04601_C06,4600,Taste 4.5/5,Food,Annotated,,,No Aspect Opinion,,changed,Reclassified procedural order / transaction narrative without evaluative opinion to 'No Aspect Opinion',high
REV_04610_C05_A01,REV_04610,REV_04610_C05,4609,Please think twice before you order food from here,Food,Annotated,,Food,Annotated,,unresolved,Genuinely ambiguous / rhetorical statement or insufficient context to definitively infer evaluative sentiment. Left unresolved to prevent fabricating ground truth.,low
REV_04610_C05_A02,REV_04610,REV_04610_C05,4609,Please think twice before you order food from here,Service,Annotated,,Service,Annotated,,unresolved,Genuinely ambiguous / rhetorical statement or insufficient context to definitively infer evaluative sentiment. Left unresolved to prevent fabricating ground truth.,low
REV_04619_C05_A01,REV_04619,REV_04619_C05,4618,After 40 minutes the person comes and asks for main course order,Service,Annotated,,,No Aspect Opinion,,changed,Reclassified procedural order / transaction narrative without evaluative opinion to 'No Aspect Opinion',high
REV_04619_C06_A01,REV_04619,REV_04619_C06,4618,I asked for butter garlic prawns he comes back after 5 minutes and says it’s not available,Service,Annotated,,,No Aspect Opinion,,changed,Reclassified procedural order / transaction narrative without evaluative opinion to 'No Aspect Opinion',high
REV_04621_C01_A01,REV_04621,REV_04621_C01,4620,Ordered sesame chilly chicken for home delivery,Food,Annotated,,,No Aspect Opinion,,changed,Reclassified factual entity mention / procedural statement without evaluative opinion to 'No Aspect Opinion',high
REV_04621_C01_A02,REV_04621,REV_04621_C01,4620,Ordered sesame chilly chicken for home delivery,Service,Annotated,,,No Aspect Opinion,,changed,Reclassified factual entity mention / procedural statement without evaluative opinion to 'No Aspect Opinion',high
REV_04623_C01_A01,REV_04623,REV_04623_C01,4622,I ordered with them yesturday and got chicken in my veg pad thai,Food,Annotated,,,No Aspect Opinion,,changed,Reclassified factual entity mention / procedural statement without evaluative opinion to 'No Aspect Opinion',high
REV_04655_C01_A01,REV_04655,REV_04655_C01,4654,What a scrumptious dinner at Shanghai chef 2,Food,Annotated,,Food,Annotated,Positive,changed,Filled omitted sentiment as 'Positive' for aspect 'Food' based on explicit evaluative opinion in clause,high
REV_04655_C05_A01,REV_04655,REV_04655_C05,4654,We did not take a second thought and went straight into the restaurant,General Experience,Annotated,,General Experience,Annotated,,unresolved,Genuinely ambiguous / rhetorical statement or insufficient context to definitively infer evaluative sentiment. Left unresolved to prevent fabricating ground truth.,low
REV_04655_C08_A01,REV_04655,REV_04655_C08,4654,"Aditya came to our rescue and we just told him ki bro get whatever is best you feel, he suggested us all the dishes throughout",Food,Annotated,,Food,Annotated,,unresolved,Genuinely ambiguous / rhetorical statement or insufficient context to definitively infer evaluative sentiment. Left unresolved to prevent fabricating ground truth.,low
REV_04655_C24_A01,REV_04655,REV_04655_C24,4654,Bill came to 1600+ for 4 after 10% friendly gesture discount,Price / Value,Annotated,,,No Aspect Opinion,,changed,Reclassified factual entity mention / procedural statement without evaluative opinion to 'No Aspect Opinion',high
REV_04655_C24_A02,REV_04655,REV_04655_C24,4654,Bill came to 1600+ for 4 after 10% friendly gesture discount,Service,Annotated,,,No Aspect Opinion,,changed,Reclassified factual entity mention / procedural statement without evaluative opinion to 'No Aspect Opinion',high
REV_04655_C28_A01,REV_04655,REV_04655_C28,4654,And thanks for making our dinner so special,Food,Annotated,,Food,Annotated,,unresolved,Genuinely ambiguous / rhetorical statement or insufficient context to definitively infer evaluative sentiment. Left unresolved to prevent fabricating ground truth.,low
REV_04676_C01_A01,REV_04676,REV_04676_C01,4675,the food offered has its standard,Food,Annotated,,Food,Annotated,,unresolved,Genuinely ambiguous / rhetorical statement or insufficient context to definitively infer evaluative sentiment. Left unresolved to prevent fabricating ground truth.,low
REV_04679_C03_A01,REV_04679,REV_04679_C03,4678,Cost is more,Price / Value,Annotated,,Price / Value,Annotated,,unresolved,Genuinely ambiguous / rhetorical statement or insufficient context to definitively infer evaluative sentiment. Left unresolved to prevent fabricating ground truth.,low
REV_04689_C03_A01,REV_04689,REV_04689_C03,4688,I enjoyed the food here and have tried out many times and on almost daily too,Food,Annotated,,Food,Annotated,Positive,changed,Filled omitted sentiment as 'Positive' for aspect 'Food' based on explicit evaluative opinion in clause,high
REV_04689_C04_A01,REV_04689,REV_04689_C04,4688,"If anyone have any doubt, the crowd that is present here almost all of the time should indicate the popularity of the joint here",Ambience,Annotated,,Ambience,Annotated,,unresolved,Genuinely ambiguous / rhetorical statement or insufficient context to definitively infer evaluative sentiment. Left unresolved to prevent fabricating ground truth.,low
REV_04689_C08_A01,REV_04689,REV_04689_C08,4688,Have been satisfied with all of it and do not have any complaints,General Experience,Annotated,,General Experience,Annotated,,unresolved,Genuinely ambiguous / rhetorical statement or insufficient context to definitively infer evaluative sentiment. Left unresolved to prevent fabricating ground truth.,low
REV_04689_C12_A01,REV_04689,REV_04689_C12,4688,"When your food item is ready, they spot you and give it to you",Food,Annotated,,Food,Annotated,,unresolved,Genuinely ambiguous / rhetorical statement or insufficient context to definitively infer evaluative sentiment. Left unresolved to prevent fabricating ground truth.,low
REV_04689_C14_A01,REV_04689,REV_04689_C14,4688,Finding a spot to eat your food during rush hour is also a problem,Food,Annotated,,Food,Annotated,,unresolved,Genuinely ambiguous / rhetorical statement or insufficient context to definitively infer evaluative sentiment. Left unresolved to prevent fabricating ground truth.,low
REV_04689_C16_A01,REV_04689,REV_04689_C16,4688,majority of the others stand at the tables and eat,Ambience,Annotated,,Ambience,Annotated,,unresolved,Genuinely ambiguous / rhetorical statement or insufficient context to definitively infer evaluative sentiment. Left unresolved to prevent fabricating ground truth.,low
REV_04691_C01_A01,REV_04691,REV_04691_C01,4690,"Whenever we’re in Gachibowli, we definitely have our breakfast here",Food,Annotated,,Food,Annotated,,unresolved,Genuinely ambiguous / rhetorical statement or insufficient context to definitively infer evaluative sentiment. Left unresolved to prevent fabricating ground truth.,low
REV_04697_C02_A01,REV_04697,REV_04697_C02,4696,"But I feel, they should have some more space",Ambience,Annotated,,Ambience,Annotated,,unresolved,Genuinely ambiguous / rhetorical statement or insufficient context to definitively infer evaluative sentiment. Left unresolved to prevent fabricating ground truth.,low
REV_04701_C01_A01,REV_04701,REV_04701_C01,4700,The best Coconut chutney and Sambhar in town,Food,Annotated,,Food,Annotated,,unresolved,Genuinely ambiguous / rhetorical statement or insufficient context to definitively infer evaluative sentiment. Left unresolved to prevent fabricating ground truth.,low
REV_04701_C04_A01,REV_04701,REV_04701_C04,4700,"Must try Idli-sambhar, Poori Bhaji, Butter pav bhaji",Food,Annotated,,Food,Annotated,,unresolved,Genuinely ambiguous / rhetorical statement or insufficient context to definitively infer evaluative sentiment. Left unresolved to prevent fabricating ground truth.,low
REV_04712_C02_A01,REV_04712,REV_04712_C02,4711,We went to its AC seating area in the cellar,Ambience,Annotated,,,No Aspect Opinion,,changed,Reclassified factual entity mention / procedural statement without evaluative opinion to 'No Aspect Opinion',high
REV_04712_C03_A01,REV_04712,REV_04712_C03,4711,"Had butter masala dosa, karampodi idly and Ravva dosa",Food,Annotated,,,No Aspect Opinion,,changed,Reclassified procedural order / transaction narrative without evaluative opinion to 'No Aspect Opinion',high
REV_04712_C04_A01,REV_04712,REV_04712_C04,4711,All were satisfactory,General Experience,Annotated,,General Experience,Annotated,,unresolved,Genuinely ambiguous / rhetorical statement or insufficient context to definitively infer evaluative sentiment. Left unresolved to prevent fabricating ground truth.,low
REV_04733_C02_A01,REV_04733,REV_04733_C02,4732,restaurant gave upma,General Experience,Annotated,,General Experience,Annotated,,unresolved,Genuinely ambiguous / rhetorical statement or insufficient context to definitively infer evaluative sentiment. Left unresolved to prevent fabricating ground truth.,low
REV_04733_C04_A01,REV_04733,REV_04733_C04,4732,never order in this site again,Service,Annotated,,Service,Annotated,,unresolved,Genuinely ambiguous / rhetorical statement or insufficient context to definitively infer evaluative sentiment. Left unresolved to prevent fabricating ground truth.,low
REV_04742_C01_A01,REV_04742,REV_04742_C01,4741,perfect delivery,Service,Annotated,,Service,Annotated,,unresolved,Genuinely ambiguous / rhetorical statement or insufficient context to definitively infer evaluative sentiment. Left unresolved to prevent fabricating ground truth.,low
REV_04770_C04_A01,REV_04770,REV_04770_C04,4769,Even the food was nothing compare to Rajdhani,Food,Annotated,,Food,Annotated,,unresolved,Genuinely ambiguous / rhetorical statement or insufficient context to definitively infer evaluative sentiment. Left unresolved to prevent fabricating ground truth.,low
REV_04776_C01_A01,REV_04776,REV_04776_C01,4775,"I ordered today veg fried rice, veg curry, rumali roties and onion raita",Food,Annotated,,,No Aspect Opinion,,changed,Reclassified factual entity mention / procedural statement without evaluative opinion to 'No Aspect Opinion',high
REV_04779_C06_A01,REV_04779,REV_04779_C06,4778,Will think to go back again,General Experience,Annotated,,General Experience,Annotated,,unresolved,Genuinely ambiguous / rhetorical statement or insufficient context to definitively infer evaluative sentiment. Left unresolved to prevent fabricating ground truth.,low
REV_04785_C01_A01,REV_04785,REV_04785_C01,4784,Had been to this place for a lunch,General Experience,Annotated,,,No Aspect Opinion,,changed,Reclassified procedural order / transaction narrative without evaluative opinion to 'No Aspect Opinion',high
REV_04789_C01_A01,REV_04789,REV_04789_C01,4788,"Visited this afternoon, pleasant ambience, temple like feeling with a bell at the door and a idol at entrance",Ambience,Annotated,,Ambience,Annotated,,unresolved,Genuinely ambiguous / rhetorical statement or insufficient context to definitively infer evaluative sentiment. Left unresolved to prevent fabricating ground truth.,low
REV_04789_C03_A01,REV_04789,REV_04789_C03,4788,"Served butter rotis, Jeera rice and white rice,5 curries, dal",Food,Annotated,,,No Aspect Opinion,,changed,Reclassified procedural order / transaction narrative without evaluative opinion to 'No Aspect Opinion',high
REV_04789_C03_A02,REV_04789,REV_04789_C03,4788,"Served butter rotis, Jeera rice and white rice,5 curries, dal",Service,Annotated,,,No Aspect Opinion,,changed,Reclassified procedural order / transaction narrative without evaluative opinion to 'No Aspect Opinion',high
REV_04789_C04_A01,REV_04789,REV_04789_C04,4788,Payasam and Kheer,Price / Value,Annotated,,Price / Value,Annotated,,unresolved,Genuinely ambiguous / rhetorical statement or insufficient context to definitively infer evaluative sentiment. Left unresolved to prevent fabricating ground truth.,low
REV_04798_C02_A01,REV_04798,REV_04798_C02,4797,but the experience which we had today completely my opinion,General Experience,Annotated,,,No Aspect Opinion,,changed,Reclassified procedural order / transaction narrative without evaluative opinion to 'No Aspect Opinion',high
REV_04798_C05_A01,REV_04798,REV_04798_C05,4797,And on top of it misleadinģ offer of 25% discount,Price / Value,Annotated,,,No Aspect Opinion,,changed,Reclassified procedural order / transaction narrative without evaluative opinion to 'No Aspect Opinion',high
REV_04798_C06_A01,REV_04798,REV_04798_C06,4797,I just had my last visit today,General Experience,Annotated,,,No Aspect Opinion,,changed,Reclassified procedural order / transaction narrative without evaluative opinion to 'No Aspect Opinion',high
REV_04807_C02_A01,REV_04807,REV_04807_C02,4806,Have come across small amounts of mud in the food,Food,Annotated,,Food,Annotated,,unresolved,Genuinely ambiguous / rhetorical statement or insufficient context to definitively infer evaluative sentiment. Left unresolved to prevent fabricating ground truth.,low
REV_04814_C03_A01,REV_04814,REV_04814_C03,4813,Ambiance: Small & simple,Ambience,Annotated,,Ambience,Annotated,,unresolved,Genuinely ambiguous / rhetorical statement or insufficient context to definitively infer evaluative sentiment. Left unresolved to prevent fabricating ground truth.,low
REV_04829_C07_A01,REV_04829,REV_04829_C07,4828,"We ordered for North Indian thali, had to wait pretty long for it to come",Service,Annotated,,,No Aspect Opinion,,changed,Reclassified factual entity mention / procedural statement without evaluative opinion to 'No Aspect Opinion',high
REV_04829_C08_A01,REV_04829,REV_04829_C08,4828,"Finally arrived, now to make it worse, If we ordered for some more they took 20 mins or more to get the item",Service,Annotated,,,No Aspect Opinion,,changed,Reclassified procedural order / transaction narrative without evaluative opinion to 'No Aspect Opinion',high
REV_04829_C10_A01,REV_04829,REV_04829_C10,4828,"Welcome drink came after we finished having the starters, such is their promptness",Food,Annotated,,Food,Annotated,,unresolved,Genuinely ambiguous / rhetorical statement or insufficient context to definitively infer evaluative sentiment. Left unresolved to prevent fabricating ground truth.,low
REV_04831_C01_A01,REV_04831,REV_04831_C01,4830,"Apparently on holidays,half their staff too goes on a holiday",Service,Annotated,,Service,Annotated,,unresolved,Genuinely ambiguous / rhetorical statement or insufficient context to definitively infer evaluative sentiment. Left unresolved to prevent fabricating ground truth.,low
REV_04843_C06_A01,REV_04843,REV_04843_C06,4842,"2) there was no dal, no kadi, or any orther sabji/gravy in the thali",Food,Annotated,,,No Aspect Opinion,,changed,Reclassified procedural order / transaction narrative without evaluative opinion to 'No Aspect Opinion',high
REV_04843_C11_A01,REV_04843,REV_04843_C11,4842,4) only fruit salad and payasam was given to us in the thali,Food,Annotated,,,No Aspect Opinion,,changed,Reclassified procedural order / transaction narrative without evaluative opinion to 'No Aspect Opinion',high
REV_04843_C12_A01,REV_04843,REV_04843_C12,4842,again we had to ask the waiters if they had served all that was a part of the thali,Service,Annotated,,,No Aspect Opinion,,changed,Reclassified procedural order / transaction narrative without evaluative opinion to 'No Aspect Opinion',high
REV_04843_C14_A01,REV_04843,REV_04843_C14,4842,5) they only had plain rice for the thali,Food,Annotated,,,No Aspect Opinion,,changed,Reclassified procedural order / transaction narrative without evaluative opinion to 'No Aspect Opinion',high
REV_04851_C03_A01,REV_04851,REV_04851_C03,4850,taking orders or serving,Service,Annotated,,Service,Annotated,,unresolved,Genuinely ambiguous / rhetorical statement or insufficient context to definitively infer evaluative sentiment. Left unresolved to prevent fabricating ground truth.,low
REV_04862_C03_A01,REV_04862,REV_04862_C03,4861,Not recommended at all,General Experience,Annotated,,General Experience,Annotated,,unresolved,Genuinely ambiguous / rhetorical statement or insufficient context to definitively infer evaluative sentiment. Left unresolved to prevent fabricating ground truth.,low
REV_04864_C01_A01,REV_04864,REV_04864_C01,4863,We visited this place during a weekend so it was jam-packed and a tad bit noisy,Ambience,Annotated,,Ambience,Annotated,Negative,changed,Filled omitted sentiment as 'Negative' for aspect 'Ambience' based on explicit evaluative opinion in clause,high
REV_04864_C05_A01,REV_04864,REV_04864_C05,4863,The food was fine overall,Food,Annotated,,Food,Annotated,Neutral,changed,Filled omitted sentiment as 'Neutral' for aspect 'Food' based on explicit evaluative opinion in clause,high
REV_04866_C03_A01,REV_04866,REV_04866_C03,4865,"Kadhai paneer was okay, as it was not really a Kadhai paneer basically a paneer curry",Food,Annotated,,Food,Annotated,,unresolved,Genuinely ambiguous / rhetorical statement or insufficient context to definitively infer evaluative sentiment. Left unresolved to prevent fabricating ground truth.,low
REV_04870_C02_A01,REV_04870,REV_04870_C02,4869,Butter chicken and naan and you'll be satisfied,Food,Annotated,,Food,Annotated,,unresolved,Genuinely ambiguous / rhetorical statement or insufficient context to definitively infer evaluative sentiment. Left unresolved to prevent fabricating ground truth.,low
REV_04876_C06_A01,REV_04876,REV_04876_C06,4875,Servings were taking lot of time to complete,Service,Annotated,,Service,Annotated,,unresolved,Genuinely ambiguous / rhetorical statement or insufficient context to definitively infer evaluative sentiment. Left unresolved to prevent fabricating ground truth.,low
REV_04884_C07_A01,REV_04884,REV_04884_C07,4883,Paneer lababdar,Food,Annotated,,Food,Annotated,,unresolved,Genuinely ambiguous / rhetorical statement or insufficient context to definitively infer evaluative sentiment. Left unresolved to prevent fabricating ground truth.,low
REV_04884_C13_A01,REV_04884,REV_04884_C13,4883,Overall,General Experience,Annotated,,General Experience,Annotated,,unresolved,Genuinely ambiguous / rhetorical statement or insufficient context to definitively infer evaluative sentiment. Left unresolved to prevent fabricating ground truth.,low
REV_04888_C02_A01,REV_04888,REV_04888_C02,4887,hygiene can be improved a lot,Ambience,Annotated,,Ambience,Annotated,,unresolved,Genuinely ambiguous / rhetorical statement or insufficient context to definitively infer evaluative sentiment. Left unresolved to prevent fabricating ground truth.,low
REV_04907_C04_A01,REV_04907,REV_04907_C04,4906,i had ordered naan Dhaba style chicken curry which was OK,Food,Annotated,,,No Aspect Opinion,,changed,Reclassified factual entity mention / procedural statement without evaluative opinion to 'No Aspect Opinion',high
REV_04909_C03_A01,REV_04909,REV_04909_C03,4908,The food would satisfy a palate craving the taste of the dhabas of Punjab,Food,Annotated,,Food,Annotated,,unresolved,Genuinely ambiguous / rhetorical statement or insufficient context to definitively infer evaluative sentiment. Left unresolved to prevent fabricating ground truth.,low
REV_04911_C03_A01,REV_04911,REV_04911_C03,4910,The interiors are such beautifully done,Ambience,Annotated,,Ambience,Annotated,,unresolved,Genuinely ambiguous / rhetorical statement or insufficient context to definitively infer evaluative sentiment. Left unresolved to prevent fabricating ground truth.,low
REV_04911_C05_A01,REV_04911,REV_04911_C05,4910,Here comes the protagonist of the story the FOOD nd it took away all the negatives the restaurant has,Food,Annotated,,Food,Annotated,,unresolved,Genuinely ambiguous / rhetorical statement or insufficient context to definitively infer evaluative sentiment. Left unresolved to prevent fabricating ground truth.,low
REV_04911_C14_A01,REV_04911,REV_04911_C14,4910,Chicken biryani,Food,Annotated,,,No Aspect Opinion,,changed,Reclassified factual entity mention / procedural statement without evaluative opinion to 'No Aspect Opinion',high
REV_04911_C15_A01,REV_04911,REV_04911_C15,4910,Breads :-,Food,Annotated,,Food,Annotated,,unresolved,Genuinely ambiguous / rhetorical statement or insufficient context to definitively infer evaluative sentiment. Left unresolved to prevent fabricating ground truth.,low
REV_04911_C16_A01,REV_04911,REV_04911_C16,4910,Garlic naan,Food,Annotated,,Food,Annotated,,unresolved,Genuinely ambiguous / rhetorical statement or insufficient context to definitively infer evaluative sentiment. Left unresolved to prevent fabricating ground truth.,low
REV_04911_C17_A01,REV_04911,REV_04911_C17,4910,Butter roti,Food,Annotated,,Food,Annotated,,unresolved,Genuinely ambiguous / rhetorical statement or insufficient context to definitively infer evaluative sentiment. Left unresolved to prevent fabricating ground truth.,low
REV_04911_C19_A01,REV_04911,REV_04911_C19,4910,Green salad,Food,Annotated,,Food,Annotated,,unresolved,Genuinely ambiguous / rhetorical statement or insufficient context to definitively infer evaluative sentiment. Left unresolved to prevent fabricating ground truth.,low
REV_04911_C22_A01,REV_04911,REV_04911_C22,4910,but I couldn't resist my self bcoz the food was scrumptious,Food,Annotated,,Food,Annotated,Positive,changed,Filled omitted sentiment as 'Positive' for aspect 'Food' based on explicit evaluative opinion in clause,high
REV_04911_C24_A01,REV_04911,REV_04911_C24,4910,Taste:-5/5,Food,Annotated,,,No Aspect Opinion,,changed,Reclassified procedural order / transaction narrative without evaluative opinion to 'No Aspect Opinion',high
REV_04929_C08_A01,REV_04929,REV_04929_C08,4928,Please do visit this place and taste their food,Food,Annotated,,Food,Annotated,,unresolved,Genuinely ambiguous / rhetorical statement or insufficient context to definitively infer evaluative sentiment. Left unresolved to prevent fabricating ground truth.,low
REV_04931_C04_A01,REV_04931,REV_04931_C04,4930,"From my experience, order vegetarian and definitely eat Phulka",General Experience,Annotated,,General Experience,Annotated,,unresolved,Genuinely ambiguous / rhetorical statement or insufficient context to definitively infer evaluative sentiment. Left unresolved to prevent fabricating ground truth.,low
REV_04931_C04_A02,REV_04931,REV_04931_C04,4930,"From my experience, order vegetarian and definitely eat Phulka",Service,Annotated,,Service,Annotated,,unresolved,Genuinely ambiguous / rhetorical statement or insufficient context to definitively infer evaluative sentiment. Left unresolved to prevent fabricating ground truth.,low
REV_04948_C02_A01,REV_04948,REV_04948_C02,4947,This one is the best one in hyderabad,General Experience,Annotated,,General Experience,Annotated,,unresolved,Genuinely ambiguous / rhetorical statement or insufficient context to definitively infer evaluative sentiment. Left unresolved to prevent fabricating ground truth.,low
REV_04961_C01_A01,REV_04961,REV_04961_C01,4960,Was never a fan of punjabi food earlier,Food,Annotated,,Food,Annotated,,unresolved,Genuinely ambiguous / rhetorical statement or insufficient context to definitively infer evaluative sentiment. Left unresolved to prevent fabricating ground truth.,low
REV_04961_C04_A01,REV_04961,REV_04961_C04,4960,punjabi music in the background added the extra effect with food 👍🏻,Ambience,Annotated,,Ambience,Annotated,,unresolved,Genuinely ambiguous / rhetorical statement or insufficient context to definitively infer evaluative sentiment. Left unresolved to prevent fabricating ground truth.,low
REV_04961_C04_A02,REV_04961,REV_04961_C04,4960,punjabi music in the background added the extra effect with food 👍🏻,Food,Annotated,,Food,Annotated,,unresolved,Genuinely ambiguous / rhetorical statement or insufficient context to definitively infer evaluative sentiment. Left unresolved to prevent fabricating ground truth.,low
REV_04984_C05_A01,REV_04984,REV_04984_C05,4983,Worth-able trying once,Price / Value,Annotated,,Price / Value,Annotated,,unresolved,Genuinely ambiguous / rhetorical statement or insufficient context to definitively infer evaluative sentiment. Left unresolved to prevent fabricating ground truth.,low
REV_05032_C01_A01,REV_05032,REV_05032_C01,5031,Food was delivered in time,Food,Annotated,,Food,Annotated,,unresolved,Genuinely ambiguous / rhetorical statement or insufficient context to definitively infer evaluative sentiment. Left unresolved to prevent fabricating ground truth.,low
REV_05056_C02_A01,REV_05056,REV_05056_C02,5055,We have ordered Biryani’s,Food,Annotated,,,No Aspect Opinion,,changed,Reclassified factual entity mention / procedural statement without evaluative opinion to 'No Aspect Opinion',high
REV_05056_C05_A01,REV_05056,REV_05056_C05,5055,Since the name of the restaurant itself contains “Biryani” that too in City of Hyderabad the expectations were high,Food,Annotated,,Food,Annotated,,unresolved,Genuinely ambiguous / rhetorical statement or insufficient context to definitively infer evaluative sentiment. Left unresolved to prevent fabricating ground truth.,low
REV_05071_C02_A01,REV_05071,REV_05071_C02,5070,It is recommended you reach there early as during lunch time the restaurant will be packed with office people,General Experience,Annotated,,General Experience,Annotated,,unresolved,Genuinely ambiguous / rhetorical statement or insufficient context to definitively infer evaluative sentiment. Left unresolved to prevent fabricating ground truth.,low
REV_05079_C03_A01,REV_05079,REV_05079_C03,5078,The staff was very kind,Service,Annotated,,Service,Annotated,,unresolved,Genuinely ambiguous / rhetorical statement or insufficient context to definitively infer evaluative sentiment. Left unresolved to prevent fabricating ground truth.,low
REV_05088_C01_A01,REV_05088,REV_05088_C01,5087,The ambience is ok kind,Ambience,Annotated,,Ambience,Annotated,,unresolved,Genuinely ambiguous / rhetorical statement or insufficient context to definitively infer evaluative sentiment. Left unresolved to prevent fabricating ground truth.,low
REV_05088_C02_A01,REV_05088,REV_05088_C02,5087,biryani is perfect,Food,Annotated,,Food,Annotated,,unresolved,Genuinely ambiguous / rhetorical statement or insufficient context to definitively infer evaluative sentiment. Left unresolved to prevent fabricating ground truth.,low
REV_05092_C02_A01,REV_05092,REV_05092_C02,5091,The place was a bit crowded,Ambience,Annotated,,Ambience,Annotated,,unresolved,Genuinely ambiguous / rhetorical statement or insufficient context to definitively infer evaluative sentiment. Left unresolved to prevent fabricating ground truth.,low
REV_05092_C07_A01,REV_05092,REV_05092_C07,5091,Location-4/5,Ambience,Annotated,,,No Aspect Opinion,,changed,Reclassified procedural order / transaction narrative without evaluative opinion to 'No Aspect Opinion',high
REV_05092_C11_A01,REV_05092,REV_05092_C11,5091,Budget Friendly -3/5,Price / Value,Annotated,,Price / Value,Annotated,Positive,changed,Filled omitted sentiment as 'Positive' for aspect 'Price / Value' based on explicit evaluative opinion in clause,high
REV_05092_C11_A02,REV_05092,REV_05092_C11,5091,Budget Friendly -3/5,Service,Annotated,,Price / Value,Annotated,Positive,changed,Filled omitted sentiment as 'Positive' for aspect 'Price / Value' based on explicit evaluative opinion in clause,high
REV_05093_C01_A01,REV_05093,REV_05093_C01,5092,Ambience : Normal proper dinning with lcd TV playing songs or cricket,Ambience,Annotated,,Ambience,Annotated,,unresolved,Genuinely ambiguous / rhetorical statement or insufficient context to definitively infer evaluative sentiment. Left unresolved to prevent fabricating ground truth.,low
REV_05093_C03_A01,REV_05093,REV_05093_C03,5092,Service : 15min on an avg,Service,Annotated,,Service,Annotated,,unresolved,Genuinely ambiguous / rhetorical statement or insufficient context to definitively infer evaluative sentiment. Left unresolved to prevent fabricating ground truth.,low
REV_05097_C01_A01,REV_05097,REV_05097_C01,5096,my order was changed,Service,Annotated,,Service,Annotated,,unresolved,Genuinely ambiguous / rhetorical statement or insufficient context to definitively infer evaluative sentiment. Left unresolved to prevent fabricating ground truth.,low
REV_05102_C01_A01,REV_05102,REV_05102_C01,5101,Ambiance(3/5):,Ambience,Annotated,,,No Aspect Opinion,,changed,Reclassified procedural order / transaction narrative without evaluative opinion to 'No Aspect Opinion',high
REV_05102_C02_A01,REV_05102,REV_05102_C02,5101,"The place is simple and sober, nothing fancy",Ambience,Annotated,,Ambience,Annotated,,unresolved,Genuinely ambiguous / rhetorical statement or insufficient context to definitively infer evaluative sentiment. Left unresolved to prevent fabricating ground truth.,low
REV_05102_C09_A01,REV_05102,REV_05102_C09,5101,"However they used regular rice, we were expecting basmati rice",Food,Annotated,,Food,Annotated,,unresolved,Genuinely ambiguous / rhetorical statement or insufficient context to definitively infer evaluative sentiment. Left unresolved to prevent fabricating ground truth.,low
REV_05102_C11_A01,REV_05102,REV_05102_C11,5101,~800 for the above three dishes,Food,Annotated,,,No Aspect Opinion,,changed,Reclassified procedural order / transaction narrative without evaluative opinion to 'No Aspect Opinion',high
REV_05123_C02_A01,REV_05123,REV_05123_C02,5122,It is a bit congested,Ambience,Annotated,,Ambience,Annotated,Negative,changed,Filled omitted sentiment as 'Negative' for aspect 'Ambience' based on explicit evaluative opinion in clause,high
REV_05123_C04_A01,REV_05123,REV_05123_C04,5122,they charge well for it,Price / Value,Annotated,,Price / Value,Annotated,,unresolved,Genuinely ambiguous / rhetorical statement or insufficient context to definitively infer evaluative sentiment. Left unresolved to prevent fabricating ground truth.,low
REV_05123_C05_A01,REV_05123,REV_05123_C05,5122,But I did like the DUM Mutton biryani,Food,Annotated,,Food,Annotated,,unresolved,Genuinely ambiguous / rhetorical statement or insufficient context to definitively infer evaluative sentiment. Left unresolved to prevent fabricating ground truth.,low
REV_05147_C02_A01,REV_05147,REV_05147_C02,5146,We had taken buffet,Food,Annotated,,,No Aspect Opinion,,changed,Reclassified procedural order / transaction narrative without evaluative opinion to 'No Aspect Opinion',high
REV_05153_C02_A01,REV_05153,REV_05153_C02,5152,But we decided that we'd debut this place for some drinks post-work and barged into this otherwise dessert place around 9:30 in the night,Food,Annotated,,,No Aspect Opinion,,changed,Reclassified procedural order / transaction narrative without evaluative opinion to 'No Aspect Opinion',high
REV_05153_C08_A01,REV_05153,REV_05153_C08,5152,Chicken caesar salad,Food,Annotated,,Food,Annotated,,unresolved,Genuinely ambiguous / rhetorical statement or insufficient context to definitively infer evaluative sentiment. Left unresolved to prevent fabricating ground truth.,low
REV_05153_C09_A01,REV_05153,REV_05153_C09,5152,Chicken Peri Peri pizza,Food,Annotated,,Food,Annotated,,unresolved,Genuinely ambiguous / rhetorical statement or insufficient context to definitively infer evaluative sentiment. Left unresolved to prevent fabricating ground truth.,low
REV_05153_C12_A01,REV_05153,REV_05153_C12,5152,"Would definitely go again, perhaps to try their lunch buffet",General Experience,Annotated,,General Experience,Annotated,,unresolved,Genuinely ambiguous / rhetorical statement or insufficient context to definitively infer evaluative sentiment. Left unresolved to prevent fabricating ground truth.,low
REV_05165_C01_A01,REV_05165,REV_05165_C01,5164,Had lunch today,General Experience,Annotated,,,No Aspect Opinion,,changed,Reclassified procedural order / transaction narrative without evaluative opinion to 'No Aspect Opinion',high
REV_05165_C05_A01,REV_05165,REV_05165_C05,5164,This place even offers a separate private room for group bookings,Ambience,Annotated,,Ambience,Annotated,,unresolved,Genuinely ambiguous / rhetorical statement or insufficient context to definitively infer evaluative sentiment. Left unresolved to prevent fabricating ground truth.,low
REV_05165_C06_A01,REV_05165,REV_05165_C06,5164,Would recommend to all who wants have parties with colleagues,General Experience,Annotated,,General Experience,Annotated,,unresolved,Genuinely ambiguous / rhetorical statement or insufficient context to definitively infer evaluative sentiment. Left unresolved to prevent fabricating ground truth.,low
REV_05169_C02_A01,REV_05169,REV_05169_C02,5168,The problem came when we asked for bill,Price / Value,Annotated,,,No Aspect Opinion,,changed,Reclassified procedural order / transaction narrative without evaluative opinion to 'No Aspect Opinion',high
REV_05169_C02_A02,REV_05169,REV_05169_C02,5168,The problem came when we asked for bill,Service,Annotated,,,No Aspect Opinion,,changed,Reclassified procedural order / transaction narrative without evaluative opinion to 'No Aspect Opinion',high
REV_05169_C07_A01,REV_05169,REV_05169_C07,5168,"One big suggestion is, please check your bill before payment",Price / Value,Annotated,,,No Aspect Opinion,,changed,Reclassified procedural order / transaction narrative without evaluative opinion to 'No Aspect Opinion',high
REV_05169_C07_A02,REV_05169,REV_05169_C07,5168,"One big suggestion is, please check your bill before payment",Service,Annotated,,,No Aspect Opinion,,changed,Reclassified procedural order / transaction narrative without evaluative opinion to 'No Aspect Opinion',high
REV_05169_C10_A01,REV_05169,REV_05169_C10,5168,I also have both bills and GSTIN number with me,Price / Value,Annotated,,Price / Value,Annotated,,unresolved,Genuinely ambiguous / rhetorical statement or insufficient context to definitively infer evaluative sentiment. Left unresolved to prevent fabricating ground truth.,low
REV_05174_C06_A01,REV_05174,REV_05174_C06,5173,The perfect place for a  get-together over weekend,Ambience,Annotated,,Ambience,Annotated,,unresolved,Genuinely ambiguous / rhetorical statement or insufficient context to definitively infer evaluative sentiment. Left unresolved to prevent fabricating ground truth.,low
REV_05183_C02_A01,REV_05183,REV_05183_C02,5182,Pretty empty except for one more table,Ambience,Annotated,,Ambience,Annotated,,unresolved,Genuinely ambiguous / rhetorical statement or insufficient context to definitively infer evaluative sentiment. Left unresolved to prevent fabricating ground truth.,low
REV_05183_C04_A01,REV_05183,REV_05183_C04,5182,The food was ok and there are far better places around,Food,Annotated,,Food,Annotated,Neutral,changed,Filled omitted sentiment as 'Neutral' for aspect 'Food' based on explicit evaluative opinion in clause,high
REV_05185_C02_A01,REV_05185,REV_05185_C02,5184,Only one more table was occupied so was worried about the place,Ambience,Annotated,,Ambience,Annotated,,unresolved,Genuinely ambiguous / rhetorical statement or insufficient context to definitively infer evaluative sentiment. Left unresolved to prevent fabricating ground truth.,low
REV_05185_C03_A01,REV_05185,REV_05185_C03,5184,We were seated very quickly and food order taken quickly and served within reasonable time,Food,Annotated,,,No Aspect Opinion,,changed,Reclassified procedural order / transaction narrative without evaluative opinion to 'No Aspect Opinion',high
REV_05185_C03_A02,REV_05185,REV_05185_C03,5184,We were seated very quickly and food order taken quickly and served within reasonable time,Price / Value,Annotated,,,No Aspect Opinion,,changed,Reclassified procedural order / transaction narrative without evaluative opinion to 'No Aspect Opinion',high
REV_05185_C03_A03,REV_05185,REV_05185_C03,5184,We were seated very quickly and food order taken quickly and served within reasonable time,Service,Annotated,,,No Aspect Opinion,,changed,Reclassified procedural order / transaction narrative without evaluative opinion to 'No Aspect Opinion',high
REV_05185_C08_A01,REV_05185,REV_05185_C08,5184,There is nothing compelling to visit this place the second time,General Experience,Annotated,,General Experience,Annotated,,unresolved,Genuinely ambiguous / rhetorical statement or insufficient context to definitively infer evaluative sentiment. Left unresolved to prevent fabricating ground truth.,low
REV_05190_C06_A01,REV_05190,REV_05190_C06,5189,I did feel that the amount of curry/dal served was more than that is served at other places,Food,Annotated,,,No Aspect Opinion,,changed,Reclassified procedural order / transaction narrative without evaluative opinion to 'No Aspect Opinion',high
REV_05190_C06_A02,REV_05190,REV_05190_C06,5189,I did feel that the amount of curry/dal served was more than that is served at other places,Service,Annotated,,,No Aspect Opinion,,changed,Reclassified procedural order / transaction narrative without evaluative opinion to 'No Aspect Opinion',high
REV_05190_C07_A01,REV_05190,REV_05190_C07,5189,Read my entire experience on the blog,General Experience,Annotated,,General Experience,Annotated,,unresolved,Genuinely ambiguous / rhetorical statement or insufficient context to definitively infer evaluative sentiment. Left unresolved to prevent fabricating ground truth.,low
REV_05205_C06_A01,REV_05205,REV_05205_C06,5204,need to lmprove of service,Service,Annotated,,Service,Annotated,,unresolved,Genuinely ambiguous / rhetorical statement or insufficient context to definitively infer evaluative sentiment. Left unresolved to prevent fabricating ground truth.,low
REV_05219_C01_A01,REV_05219,REV_05219_C01,5218,I ordered food from here through swiggy,Food,Annotated,,,No Aspect Opinion,,changed,Reclassified factual entity mention / procedural statement without evaluative opinion to 'No Aspect Opinion',high
REV_05219_C03_A01,REV_05219,REV_05219_C03,5218,Ordered butter chicken and adraki mutton,Food,Annotated,,,No Aspect Opinion,,changed,Reclassified factual entity mention / procedural statement without evaluative opinion to 'No Aspect Opinion',high
REV_05219_C04_A01,REV_05219,REV_05219_C04,5218,The dishes were horrendous and inedible,Food,Annotated,,Food,Annotated,,unresolved,Genuinely ambiguous / rhetorical statement or insufficient context to definitively infer evaluative sentiment. Left unresolved to prevent fabricating ground truth.,low
REV_05219_C06_A01,REV_05219,REV_05219_C06,5218,The adraki mutton's gravy was NOTHING,Food,Annotated,,Food,Annotated,,unresolved,Genuinely ambiguous / rhetorical statement or insufficient context to definitively infer evaluative sentiment. Left unresolved to prevent fabricating ground truth.,low
REV_05219_C07_A01,REV_05219,REV_05219_C07,5218,oil,Food,Annotated,,Food,Annotated,,unresolved,Genuinely ambiguous / rhetorical statement or insufficient context to definitively infer evaluative sentiment. Left unresolved to prevent fabricating ground truth.,low
REV_05219_C08_A01,REV_05219,REV_05219_C08,5218,Was shocked to see such atrocious quality being sent,Food,Annotated,,Food,Annotated,,unresolved,Genuinely ambiguous / rhetorical statement or insufficient context to definitively infer evaluative sentiment. Left unresolved to prevent fabricating ground truth.,low
REV_05219_C09_A01,REV_05219,REV_05219_C09,5218,What was more nerve wrecking was that I was banking on these dishes for my guest,Food,Annotated,,Food,Annotated,,unresolved,Genuinely ambiguous / rhetorical statement or insufficient context to definitively infer evaluative sentiment. Left unresolved to prevent fabricating ground truth.,low
REV_05227_C03_A01,REV_05227,REV_05227_C03,5226,Munchow soup-4/5,Food,Annotated,,,No Aspect Opinion,,changed,Reclassified procedural order / transaction narrative without evaluative opinion to 'No Aspect Opinion',high
REV_05227_C06_A01,REV_05227,REV_05227_C06,5226,Paneer paratha-3/5,Food,Annotated,,,No Aspect Opinion,,changed,Reclassified procedural order / transaction narrative without evaluative opinion to 'No Aspect Opinion',high
REV_05227_C07_A01,REV_05227,REV_05227_C07,5226,"Do keep check on the bill, they add service charge by default (on top of GST) and you will have to specifically ask them to remove it",Price / Value,Annotated,,,No Aspect Opinion,,changed,Reclassified procedural order / transaction narrative without evaluative opinion to 'No Aspect Opinion',high
REV_05227_C07_A02,REV_05227,REV_05227_C07,5226,"Do keep check on the bill, they add service charge by default (on top of GST) and you will have to specifically ask them to remove it",Service,Annotated,,,No Aspect Opinion,,changed,Reclassified procedural order / transaction narrative without evaluative opinion to 'No Aspect Opinion',high
REV_05241_C05_A01,REV_05241,REV_05241_C05,5240,High chances of spoiling your health eating here,Food,Annotated,,Food,Annotated,,unresolved,Genuinely ambiguous / rhetorical statement or insufficient context to definitively infer evaluative sentiment. Left unresolved to prevent fabricating ground truth.,low
REV_05253_C02_A01,REV_05253,REV_05253_C02,5252,I ordered a steamed rice-chilli chicken combo,Food,Annotated,,,No Aspect Opinion,,changed,Reclassified factual entity mention / procedural statement without evaluative opinion to 'No Aspect Opinion',high
REV_05255_C01_A01,REV_05255,REV_05255_C01,5254,They have one of the most tastiest egg fried rice I've ever tried,Food,Annotated,,,No Aspect Opinion,,changed,Reclassified procedural order / transaction narrative without evaluative opinion to 'No Aspect Opinion',high
REV_05265_C01_A01,REV_05265,REV_05265_C01,5264,Mini Chinese Cravings,Food,Annotated,,Food,Annotated,,unresolved,Genuinely ambiguous / rhetorical statement or insufficient context to definitively infer evaluative sentiment. Left unresolved to prevent fabricating ground truth.,low
REV_05265_C06_A01,REV_05265,REV_05265_C06,5264,Same goes with noodles,Food,Annotated,,Food,Annotated,,unresolved,Genuinely ambiguous / rhetorical statement or insufficient context to definitively infer evaluative sentiment. Left unresolved to prevent fabricating ground truth.,low
REV_05265_C14_A01,REV_05265,REV_05265_C14,5264,Foodance just warmed up for soup and noodles,Food,Annotated,,Food,Annotated,,unresolved,Genuinely ambiguous / rhetorical statement or insufficient context to definitively infer evaluative sentiment. Left unresolved to prevent fabricating ground truth.,low
REV_05274_C03_A01,REV_05274,REV_05274_C03,5273,I ordered Veg fried rice with chicken 65 meal box for dinner on same day,Food,Annotated,,,No Aspect Opinion,,changed,Reclassified factual entity mention / procedural statement without evaluative opinion to 'No Aspect Opinion',high
REV_05283_C04_A01,REV_05283,REV_05283_C04,5282,No seal and some food came out of box,Food,Annotated,,Food,Annotated,,unresolved,Genuinely ambiguous / rhetorical statement or insufficient context to definitively infer evaluative sentiment. Left unresolved to prevent fabricating ground truth.,low
REV_05285_C04_A01,REV_05285,REV_05285_C04,5284,I ordered Potato 65 with Egg Noodles Box,Food,Annotated,,,No Aspect Opinion,,changed,Reclassified factual entity mention / procedural statement without evaluative opinion to 'No Aspect Opinion',high
REV_05285_C14_A01,REV_05285,REV_05285_C14,5284,Why doesnt it taste of even salt,Food,Annotated,,Food,Annotated,,unresolved,Genuinely ambiguous / rhetorical statement or insufficient context to definitively infer evaluative sentiment. Left unresolved to prevent fabricating ground truth.,low
REV_05287_C01_A01,REV_05287,REV_05287_C01,5286,They charged money for ketchup,Price / Value,Annotated,,Price / Value,Annotated,,unresolved,Genuinely ambiguous / rhetorical statement or insufficient context to definitively infer evaluative sentiment. Left unresolved to prevent fabricating ground truth.,low
REV_05331_C02_A01,REV_05331,REV_05331_C02,5330,the noodles was blant,Food,Annotated,,Food,Annotated,,unresolved,Genuinely ambiguous / rhetorical statement or insufficient context to definitively infer evaluative sentiment. Left unresolved to prevent fabricating ground truth.,low
REV_05343_C03_A01,REV_05343,REV_05343_C03,5342,"ended up having their mushroom soup, death by chocolate cake and key lime tart",Food,Annotated,,Food,Annotated,,unresolved,Genuinely ambiguous / rhetorical statement or insufficient context to definitively infer evaluative sentiment. Left unresolved to prevent fabricating ground truth.,low
REV_05343_C05_A01,REV_05343,REV_05343_C05,5342,The bread could be toasted with garlic butter,Food,Annotated,,Food,Annotated,,unresolved,Genuinely ambiguous / rhetorical statement or insufficient context to definitively infer evaluative sentiment. Left unresolved to prevent fabricating ground truth.,low
REV_05355_C02_A01,REV_05355,REV_05355_C02,5354,Beats European Croissant any day,Food,Annotated,,Food,Annotated,,unresolved,Genuinely ambiguous / rhetorical statement or insufficient context to definitively infer evaluative sentiment. Left unresolved to prevent fabricating ground truth.,low
REV_05365_C02_A01,REV_05365,REV_05365_C02,5364,They just reheat the food and give it you,Food,Annotated,,Food,Annotated,,unresolved,Genuinely ambiguous / rhetorical statement or insufficient context to definitively infer evaluative sentiment. Left unresolved to prevent fabricating ground truth.,low
REV_05365_C04_A01,REV_05365,REV_05365_C04,5364,We ordered Pasta,Food,Annotated,,,No Aspect Opinion,,changed,Reclassified factual entity mention / procedural statement without evaluative opinion to 'No Aspect Opinion',high
REV_05369_C02_A01,REV_05369,REV_05369_C02,5368,Coffees are a try out,Food,Annotated,,Food,Annotated,,unresolved,Genuinely ambiguous / rhetorical statement or insufficient context to definitively infer evaluative sentiment. Left unresolved to prevent fabricating ground truth.,low
REV_05369_C04_A01,REV_05369,REV_05369_C04,5368,Vanilla latte is average,Food,Annotated,,Food,Annotated,,unresolved,Genuinely ambiguous / rhetorical statement or insufficient context to definitively infer evaluative sentiment. Left unresolved to prevent fabricating ground truth.,low
REV_05369_C05_A01,REV_05369,REV_05369_C05,5368,Coming to starters fish and chips can be tried out,Food,Annotated,,,No Aspect Opinion,,changed,Reclassified procedural order / transaction narrative without evaluative opinion to 'No Aspect Opinion',high
REV_05374_C01_A01,REV_05374,REV_05374_C01,5373,Went there on a Sunday evening with the intention of having just a coffee and relax,Ambience,Annotated,,Ambience,Annotated,,unresolved,Genuinely ambiguous / rhetorical statement or insufficient context to definitively infer evaluative sentiment. Left unresolved to prevent fabricating ground truth.,low
REV_05374_C04_A01,REV_05374,REV_05374_C04,5373,a different thing which bothered me once I started going through the menu,Food,Annotated,,Food,Annotated,,unresolved,Genuinely ambiguous / rhetorical statement or insufficient context to definitively infer evaluative sentiment. Left unresolved to prevent fabricating ground truth.,low
REV_05374_C06_A01,REV_05374,REV_05374_C06,5373,I have been to swanky places in 5 star hotels,General Experience,Annotated,,,No Aspect Opinion,,changed,Reclassified procedural order / transaction narrative without evaluative opinion to 'No Aspect Opinion',high
REV_05374_C10_A01,REV_05374,REV_05374_C10,5373,Taste,Food,Annotated,,,No Aspect Opinion,,changed,Reclassified factual entity mention / procedural statement without evaluative opinion to 'No Aspect Opinion',high
REV_05374_C14_A01,REV_05374,REV_05374_C14,5373,Overall,General Experience,Annotated,,General Experience,Annotated,,unresolved,Genuinely ambiguous / rhetorical statement or insufficient context to definitively infer evaluative sentiment. Left unresolved to prevent fabricating ground truth.,low
REV_05386_C02_A01,REV_05386,REV_05386_C02,5385,Everything is baked on their own and you can actually feel the taste of it,Food,Annotated,,Food,Annotated,,unresolved,Genuinely ambiguous / rhetorical statement or insufficient context to definitively infer evaluative sentiment. Left unresolved to prevent fabricating ground truth.,low
REV_05386_C04_A01,REV_05386,REV_05386_C04,5385,Scrambled Eggs,Food,Annotated,,Food,Annotated,,unresolved,Genuinely ambiguous / rhetorical statement or insufficient context to definitively infer evaluative sentiment. Left unresolved to prevent fabricating ground truth.,low
REV_05386_C06_A01,REV_05386,REV_05386_C06,5385,Waffles-Yum,Food,Annotated,,Food,Annotated,,unresolved,Genuinely ambiguous / rhetorical statement or insufficient context to definitively infer evaluative sentiment. Left unresolved to prevent fabricating ground truth.,low
REV_05388_C02_A01,REV_05388,REV_05388_C02,5387,They take food so seriously to deliver the best,Food,Annotated,,Food,Annotated,,unresolved,Genuinely ambiguous / rhetorical statement or insufficient context to definitively infer evaluative sentiment. Left unresolved to prevent fabricating ground truth.,low
REV_05391_C01_A01,REV_05391,REV_05391_C01,5390,The best smoked salmon of Hyderabad,Food,Annotated,,Food,Annotated,,unresolved,Genuinely ambiguous / rhetorical statement or insufficient context to definitively infer evaluative sentiment. Left unresolved to prevent fabricating ground truth.,low
REV_05391_C11_A01,REV_05391,REV_05391_C11,5390,- Swiss hot chocolate,Food,Annotated,,Food,Annotated,,unresolved,Genuinely ambiguous / rhetorical statement or insufficient context to definitively infer evaluative sentiment. Left unresolved to prevent fabricating ground truth.,low
REV_05408_C02_A01,REV_05408,REV_05408_C02,5407,They have a variety of breads to choose from along with coffee to opt,Food,Annotated,,Food,Annotated,,unresolved,Genuinely ambiguous / rhetorical statement or insufficient context to definitively infer evaluative sentiment. Left unresolved to prevent fabricating ground truth.,low
REV_05420_C02_A01,REV_05420,REV_05420_C02,5419,Was really excited to see chilli con carne on the menu,Food,Annotated,,Food,Annotated,,unresolved,Genuinely ambiguous / rhetorical statement or insufficient context to definitively infer evaluative sentiment. Left unresolved to prevent fabricating ground truth.,low
REV_05420_C05_A01,REV_05420,REV_05420_C05,5419,Was disappointed with the look and tatse of the items for the price being charged,Price / Value,Annotated,,Price / Value,Annotated,,unresolved,Genuinely ambiguous / rhetorical statement or insufficient context to definitively infer evaluative sentiment. Left unresolved to prevent fabricating ground truth.,low
REV_05420_C06_A01,REV_05420,REV_05420_C06,5419,The food had no flavour at all,Food,Annotated,,,No Aspect Opinion,,changed,Reclassified procedural order / transaction narrative without evaluative opinion to 'No Aspect Opinion',high
REV_05432_C01_A01,REV_05432,REV_05432_C01,5431,Modified the rating after the second visit since there were no salads and there apple walnut Danish had more raisins than apples :( I was told that everything on their menu is out of season,Food,Annotated,,,No Aspect Opinion,,changed,Reclassified procedural order / transaction narrative without evaluative opinion to 'No Aspect Opinion',high
REV_05432_C02_A01,REV_05432,REV_05432_C02,5431,The salads here are some of the best I have eaten in Hyderabad,Food,Annotated,,Food,Annotated,,unresolved,Genuinely ambiguous / rhetorical statement or insufficient context to definitively infer evaluative sentiment. Left unresolved to prevent fabricating ground truth.,low
REV_05439_C04_A01,REV_05439,REV_05439_C04,5438,If u visit the place then their cheese cake is a must try,General Experience,Annotated,,General Experience,Annotated,,unresolved,Genuinely ambiguous / rhetorical statement or insufficient context to definitively infer evaluative sentiment. Left unresolved to prevent fabricating ground truth.,low
REV_05441_C05_A01,REV_05441,REV_05441_C05,5440,The entire order won't be sufficient to quell the hunger pangs of even one normal adult,Service,Annotated,,Service,Annotated,,unresolved,Genuinely ambiguous / rhetorical statement or insufficient context to definitively infer evaluative sentiment. Left unresolved to prevent fabricating ground truth.,low
REV_05443_C03_A01,REV_05443,REV_05443_C03,5442,There was not even a single paneer starter,Food,Annotated,,Food,Annotated,,unresolved,Genuinely ambiguous / rhetorical statement or insufficient context to definitively infer evaluative sentiment. Left unresolved to prevent fabricating ground truth.,low
REV_05443_C04_A01,REV_05443,REV_05443_C04,5442,"And for non-vegetarians, there was nothing except chicken being served",Food,Annotated,,,No Aspect Opinion,,changed,Reclassified procedural order / transaction narrative without evaluative opinion to 'No Aspect Opinion',high
REV_05443_C04_A02,REV_05443,REV_05443_C04,5442,"And for non-vegetarians, there was nothing except chicken being served",Service,Annotated,,,No Aspect Opinion,,changed,Reclassified procedural order / transaction narrative without evaluative opinion to 'No Aspect Opinion',high
REV_05453_C02_A01,REV_05453,REV_05453_C02,5452,Hospitality: Couldn't have asked for better,Service,Annotated,,Service,Annotated,,unresolved,Genuinely ambiguous / rhetorical statement or insufficient context to definitively infer evaluative sentiment. Left unresolved to prevent fabricating ground truth.,low
REV_05453_C03_A01,REV_05453,REV_05453_C03,5452,Ambiance: Perfect,Ambience,Annotated,,Ambience,Annotated,,unresolved,Genuinely ambiguous / rhetorical statement or insufficient context to definitively infer evaluative sentiment. Left unresolved to prevent fabricating ground truth.,low
REV_05453_C04_A01,REV_05453,REV_05453_C04,5452,"Food: Now comes the real part,",Food,Annotated,,Food,Annotated,,unresolved,Genuinely ambiguous / rhetorical statement or insufficient context to definitively infer evaluative sentiment. Left unresolved to prevent fabricating ground truth.,low
REV_05453_C07_A01,REV_05453,REV_05453_C07,5452,The wide spread of the food with varied cuisines and live music just made my day,Ambience,Annotated,,Ambience,Annotated,,unresolved,Genuinely ambiguous / rhetorical statement or insufficient context to definitively infer evaluative sentiment. Left unresolved to prevent fabricating ground truth.,low
REV_05453_C07_A02,REV_05453,REV_05453_C07,5452,The wide spread of the food with varied cuisines and live music just made my day,Food,Annotated,,Food,Annotated,,unresolved,Genuinely ambiguous / rhetorical statement or insufficient context to definitively infer evaluative sentiment. Left unresolved to prevent fabricating ground truth.,low
REV_05453_C10_A01,REV_05453,REV_05453_C10,5452,which was such a delight,General Experience,Annotated,,General Experience,Annotated,,unresolved,Genuinely ambiguous / rhetorical statement or insufficient context to definitively infer evaluative sentiment. Left unresolved to prevent fabricating ground truth.,low
REV_05453_C13_A01,REV_05453,REV_05453_C13,5452,S.: It was all worth,Price / Value,Annotated,,Price / Value,Annotated,,unresolved,Genuinely ambiguous / rhetorical statement or insufficient context to definitively infer evaluative sentiment. Left unresolved to prevent fabricating ground truth.,low
REV_05455_C05_A01,REV_05455,REV_05455_C05,5454,Especially try out their Sunday brunch or special buffets during festival time,General Experience,Annotated,,General Experience,Annotated,,unresolved,Genuinely ambiguous / rhetorical statement or insufficient context to definitively infer evaluative sentiment. Left unresolved to prevent fabricating ground truth.,low
REV_05465_C03_A01,REV_05465,REV_05465_C03,5464,From cuisines,Food,Annotated,,Food,Annotated,,unresolved,Genuinely ambiguous / rhetorical statement or insufficient context to definitively infer evaluative sentiment. Left unresolved to prevent fabricating ground truth.,low
REV_05469_C09_A01,REV_05469,REV_05469_C09,5468,"Further, there were hardly any starters which was definitely something that we did not expect",Food,Annotated,,Food,Annotated,,unresolved,Genuinely ambiguous / rhetorical statement or insufficient context to definitively infer evaluative sentiment. Left unresolved to prevent fabricating ground truth.,low
REV_05488_C02_A01,REV_05488,REV_05488_C02,5487,I had my breakfast this morning in Feast restaurant,Food,Annotated,,,No Aspect Opinion,,changed,Reclassified procedural order / transaction narrative without evaluative opinion to 'No Aspect Opinion',high
REV_05506_C05_A01,REV_05506,REV_05506_C05,5505,Special thanks to Varsha and chef Kranati,Food,Annotated,,Food,Annotated,,unresolved,Genuinely ambiguous / rhetorical statement or insufficient context to definitively infer evaluative sentiment. Left unresolved to prevent fabricating ground truth.,low
REV_05508_C03_A01,REV_05508,REV_05508_C03,5507,It's pleasure to have food in Sheraton,Food,Annotated,,Food,Annotated,,unresolved,Genuinely ambiguous / rhetorical statement or insufficient context to definitively infer evaluative sentiment. Left unresolved to prevent fabricating ground truth.,low
REV_05528_C03_A01,REV_05528,REV_05528_C03,5527,kudos to Viroopa who made our dining experience pleasant,General Experience,Annotated,,General Experience,Annotated,,unresolved,Genuinely ambiguous / rhetorical statement or insufficient context to definitively infer evaluative sentiment. Left unresolved to prevent fabricating ground truth.,low
REV_05528_C04_A01,REV_05528,REV_05528_C04,5527,Suggest this place for our future team outings,Ambience,Annotated,,Ambience,Annotated,,unresolved,Genuinely ambiguous / rhetorical statement or insufficient context to definitively infer evaluative sentiment. Left unresolved to prevent fabricating ground truth.,low
REV_05539_C03_A01,REV_05539,REV_05539_C03,5538,Their vast buffet menu will give taste of different cuisine,Food,Annotated,,Food,Annotated,,unresolved,Genuinely ambiguous / rhetorical statement or insufficient context to definitively infer evaluative sentiment. Left unresolved to prevent fabricating ground truth.,low
REV_05553_C02_A01,REV_05553,REV_05553_C02,5552,I have ordered Mix veg,Food,Annotated,,,No Aspect Opinion,,changed,Reclassified factual entity mention / procedural statement without evaluative opinion to 'No Aspect Opinion',high
REV_05555_C08_A01,REV_05555,REV_05555_C08,5554,I felt like I am eating plain rice,Food,Annotated,,Food,Annotated,,unresolved,Genuinely ambiguous / rhetorical statement or insufficient context to definitively infer evaluative sentiment. Left unresolved to prevent fabricating ground truth.,low
REV_05561_C02_A01,REV_05561,REV_05561_C02,5560,with spoons designed to eat perfectly,Food,Annotated,,Food,Annotated,,unresolved,Genuinely ambiguous / rhetorical statement or insufficient context to definitively infer evaluative sentiment. Left unresolved to prevent fabricating ground truth.,low
REV_05561_C03_A01,REV_05561,REV_05561_C03,5560,grave and curd with Onion's are well added,Food,Annotated,,Food,Annotated,,unresolved,Genuinely ambiguous / rhetorical statement or insufficient context to definitively infer evaluative sentiment. Left unresolved to prevent fabricating ground truth.,low
REV_05572_C02_A01,REV_05572,REV_05572_C02,5571,tastes like Manchurian,Food,Annotated,,Food,Annotated,,unresolved,Genuinely ambiguous / rhetorical statement or insufficient context to definitively infer evaluative sentiment. Left unresolved to prevent fabricating ground truth.,low
REV_05575_C03_A01,REV_05575,REV_05575_C03,5574,I hope BeingHungry Kondapur you guys are aware of the fact that customer is everything for you,General Experience,Annotated,,General Experience,Annotated,,unresolved,Genuinely ambiguous / rhetorical statement or insufficient context to definitively infer evaluative sentiment. Left unresolved to prevent fabricating ground truth.,low
REV_05575_C04_A01,REV_05575,REV_05575_C04,5574,Serve quality food man,Food,Annotated,,Food,Annotated,,unresolved,Genuinely ambiguous / rhetorical statement or insufficient context to definitively infer evaluative sentiment. Left unresolved to prevent fabricating ground truth.,low
REV_05575_C04_A02,REV_05575,REV_05575_C04,5574,Serve quality food man,Service,Annotated,,Service,Annotated,,unresolved,Genuinely ambiguous / rhetorical statement or insufficient context to definitively infer evaluative sentiment. Left unresolved to prevent fabricating ground truth.,low
REV_05589_C01_A01,REV_05589,REV_05589_C01,5588,This place is quite close to our office,Ambience,Annotated,,Ambience,Annotated,,unresolved,Genuinely ambiguous / rhetorical statement or insufficient context to definitively infer evaluative sentiment. Left unresolved to prevent fabricating ground truth.,low
REV_05589_C02_A01,REV_05589,REV_05589_C02,5588,"but still instead of going, me and my colleagues generally order from Zomato",Service,Annotated,,Service,Annotated,,unresolved,Genuinely ambiguous / rhetorical statement or insufficient context to definitively infer evaluative sentiment. Left unresolved to prevent fabricating ground truth.,low
REV_05589_C06_A01,REV_05589,REV_05589_C06,5588,"and he ensures that whenever I'm travelling to Delhi, I get that biryani for him from Hyderabad",Food,Annotated,,Food,Annotated,,unresolved,Genuinely ambiguous / rhetorical statement or insufficient context to definitively infer evaluative sentiment. Left unresolved to prevent fabricating ground truth.,low
REV_05628_C03_A01,REV_05628,REV_05628_C03,5627,"Must try : Premium forest berry shake, caramel brownie shake, Peri Peri fries",Food,Annotated,,Food,Annotated,,unresolved,Genuinely ambiguous / rhetorical statement or insufficient context to definitively infer evaluative sentiment. Left unresolved to prevent fabricating ground truth.,low
REV_05651_C02_A01,REV_05651,REV_05651_C02,5650,The best thing about them is that they use their own brand Gelato ice cream which is particularly on the healthy side,Food,Annotated,,Food,Annotated,,unresolved,Genuinely ambiguous / rhetorical statement or insufficient context to definitively infer evaluative sentiment. Left unresolved to prevent fabricating ground truth.,low
REV_05651_C03_A01,REV_05651,REV_05651_C03,5650,Had the pleasure of tasting the new menu a couple of days back,Food,Annotated,,,No Aspect Opinion,,changed,Reclassified procedural order / transaction narrative without evaluative opinion to 'No Aspect Opinion',high
REV_05653_C02_A01,REV_05653,REV_05653_C02,5652,All under one roof which makes Temptys different from rest,Ambience,Annotated,,Ambience,Annotated,,unresolved,Genuinely ambiguous / rhetorical statement or insufficient context to definitively infer evaluative sentiment. Left unresolved to prevent fabricating ground truth.,low
REV_05653_C03_A01,REV_05653,REV_05653_C03,5652,I in a group of 8 landed this Sunday afternoon to relish their newly added shakes and flavoured snacks,Food,Annotated,,,No Aspect Opinion,,changed,Reclassified procedural order / transaction narrative without evaluative opinion to 'No Aspect Opinion',high
REV_05653_C07_A01,REV_05653,REV_05653_C07,5652,The perfect aroma of corn,Food,Annotated,,Food,Annotated,,unresolved,Genuinely ambiguous / rhetorical statement or insufficient context to definitively infer evaluative sentiment. Left unresolved to prevent fabricating ground truth.,low
REV_05653_C09_A01,REV_05653,REV_05653_C09,5652,Caramel Brownie will definitely be favourites to all the chocolate and brownie lovers,Food,Annotated,,Food,Annotated,,unresolved,Genuinely ambiguous / rhetorical statement or insufficient context to definitively infer evaluative sentiment. Left unresolved to prevent fabricating ground truth.,low
REV_05653_C13_A01,REV_05653,REV_05653_C13,5652,The snacks behaves cherry on the top with piri piri flavour,Food,Annotated,,Food,Annotated,,unresolved,Genuinely ambiguous / rhetorical statement or insufficient context to definitively infer evaluative sentiment. Left unresolved to prevent fabricating ground truth.,low
REV_05653_C14_A01,REV_05653,REV_05653_C14,5652,Someone once said you eat food first with your eyes then with nose and finally you get to taste it,Food,Annotated,,Food,Annotated,,unresolved,Genuinely ambiguous / rhetorical statement or insufficient context to definitively infer evaluative sentiment. Left unresolved to prevent fabricating ground truth.,low
REV_05653_C15_A01,REV_05653,REV_05653_C15,5652,These snacks surpasses everything,Food,Annotated,,Food,Annotated,,unresolved,Genuinely ambiguous / rhetorical statement or insufficient context to definitively infer evaluative sentiment. Left unresolved to prevent fabricating ground truth.,low
REV_05653_C16_A01,REV_05653,REV_05653_C16,5652,The potato wedges and french fries were crispy and had the exemplary colour,Food,Annotated,,Food,Annotated,Positive,changed,Filled omitted sentiment as 'Positive' for aspect 'Food' based on explicit evaluative opinion in clause,high
REV_05660_C01_A01,REV_05660,REV_05660_C01,5659,This was the first time I ordered from Tempteys looking at the reviews and their descriptions of food preparation,Food,Annotated,,,No Aspect Opinion,,changed,Reclassified procedural order / transaction narrative without evaluative opinion to 'No Aspect Opinion',high
REV_05665_C04_A01,REV_05665,REV_05665_C04,5664,I faced just one issue and that was the absence of a straw in my home delivery order which made it difficult for me to enjoy it more delightfully,Service,Annotated,,Service,Annotated,,unresolved,Genuinely ambiguous / rhetorical statement or insufficient context to definitively infer evaluative sentiment. Left unresolved to prevent fabricating ground truth.,low
REV_05708_C03_A01,REV_05708,REV_05708_C03,5707,We were the only customers inside this place during our one hour stay,Ambience,Annotated,,Ambience,Annotated,,unresolved,Genuinely ambiguous / rhetorical statement or insufficient context to definitively infer evaluative sentiment. Left unresolved to prevent fabricating ground truth.,low
REV_05714_C01_A01,REV_05714,REV_05714_C01,5713,I don’t feel the taste of flavour that had ordered,Food,Annotated,,,No Aspect Opinion,,changed,Reclassified procedural order / transaction narrative without evaluative opinion to 'No Aspect Opinion',high
REV_05717_C06_A01,REV_05717,REV_05717_C06,5716,They don't know how to make fast foods,Service,Annotated,,Service,Annotated,,unresolved,Genuinely ambiguous / rhetorical statement or insufficient context to definitively infer evaluative sentiment. Left unresolved to prevent fabricating ground truth.,low
REV_05717_C07_A01,REV_05717,REV_05717_C07,5716,Pastries could be considered,Food,Annotated,,Food,Annotated,,unresolved,Genuinely ambiguous / rhetorical statement or insufficient context to definitively infer evaluative sentiment. Left unresolved to prevent fabricating ground truth.,low
REV_05721_C03_A01,REV_05721,REV_05721_C03,5720,Beeesssttt fries,Food,Annotated,,Food,Annotated,,unresolved,Genuinely ambiguous / rhetorical statement or insufficient context to definitively infer evaluative sentiment. Left unresolved to prevent fabricating ground truth.,low
REV_05729_C01_A01,REV_05729,REV_05729_C01,5728,Ordered paneer tikka pizza through swiggy,Food,Annotated,,,No Aspect Opinion,,changed,Reclassified factual entity mention / procedural statement without evaluative opinion to 'No Aspect Opinion',high
REV_05729_C05_A01,REV_05729,REV_05729_C05,5728,better order 1 pizza for two people,Food,Annotated,,,No Aspect Opinion,,changed,Reclassified procedural order / transaction narrative without evaluative opinion to 'No Aspect Opinion',high
REV_05729_C05_A02,REV_05729,REV_05729_C05,5728,better order 1 pizza for two people,Service,Annotated,,,No Aspect Opinion,,changed,Reclassified procedural order / transaction narrative without evaluative opinion to 'No Aspect Opinion',high
REV_05735_C08_A01,REV_05735,REV_05735_C08,5734,"I had their Chicken pizza, chocolate milkshake, red velvet pastry and all varieties of their chicken burgers, not one is disappointing",Food,Annotated,,,No Aspect Opinion,,changed,Reclassified procedural order / transaction narrative without evaluative opinion to 'No Aspect Opinion',high
REV_05739_C04_A01,REV_05739,REV_05739_C04,5738,"The bakery offers a set of beautifully decorated colorful cakes, not sure of the taste though",Food,Annotated,,Food,Annotated,,unresolved,Genuinely ambiguous / rhetorical statement or insufficient context to definitively infer evaluative sentiment. Left unresolved to prevent fabricating ground truth.,low
REV_05748_C06_A01,REV_05748,REV_05748_C06,5747,but the paneer was very dry,Food,Annotated,,Food,Annotated,,unresolved,Genuinely ambiguous / rhetorical statement or insufficient context to definitively infer evaluative sentiment. Left unresolved to prevent fabricating ground truth.,low
REV_05757_C03_A01,REV_05757,REV_05757_C03,5756,The have a wide variety of different pastries,Food,Annotated,,Food,Annotated,,unresolved,Genuinely ambiguous / rhetorical statement or insufficient context to definitively infer evaluative sentiment. Left unresolved to prevent fabricating ground truth.,low
REV_05759_C04_A01,REV_05759,REV_05759_C04,5758,The ambience is a bit too old and seems a little unkempt,Ambience,Annotated,,Ambience,Annotated,,unresolved,Genuinely ambiguous / rhetorical statement or insufficient context to definitively infer evaluative sentiment. Left unresolved to prevent fabricating ground truth.,low
REV_05761_C05_A01,REV_05761,REV_05761_C05,5760,Ambiance not extraordinary,Ambience,Annotated,,Ambience,Annotated,,unresolved,Genuinely ambiguous / rhetorical statement or insufficient context to definitively infer evaluative sentiment. Left unresolved to prevent fabricating ground truth.,low
REV_05781_C01_A01,REV_05781,REV_05781_C01,5780,Like this place to hangout for hours,Ambience,Annotated,,Ambience,Annotated,,unresolved,Genuinely ambiguous / rhetorical statement or insufficient context to definitively infer evaluative sentiment. Left unresolved to prevent fabricating ground truth.,low
REV_05794_C02_A01,REV_05794,REV_05794_C02,5793,combined of sandwich and muffin and Cool drink,Food,Annotated,,Food,Annotated,,unresolved,Genuinely ambiguous / rhetorical statement or insufficient context to definitively infer evaluative sentiment. Left unresolved to prevent fabricating ground truth.,low
REV_05802_C02_A01,REV_05802,REV_05802_C02,5801,Ordered a chicken cheese roll and butter chicken roll,Food,Annotated,,,No Aspect Opinion,,changed,Reclassified factual entity mention / procedural statement without evaluative opinion to 'No Aspect Opinion',high
REV_05817_C08_A01,REV_05817,REV_05817_C08,5816,and offers happy hours every day till evening,General Experience,Annotated,,General Experience,Annotated,,unresolved,Genuinely ambiguous / rhetorical statement or insufficient context to definitively infer evaluative sentiment. Left unresolved to prevent fabricating ground truth.,low
REV_05829_C03_A01,REV_05829,REV_05829_C03,5828,Most of dishes mentioned/recommended in other reviews were not even part of their menu,Food,Annotated,,Food,Annotated,,unresolved,Genuinely ambiguous / rhetorical statement or insufficient context to definitively infer evaluative sentiment. Left unresolved to prevent fabricating ground truth.,low
REV_05829_C03_A02,REV_05829,REV_05829_C03,5828,Most of dishes mentioned/recommended in other reviews were not even part of their menu,General Experience,Annotated,,General Experience,Annotated,,unresolved,Genuinely ambiguous / rhetorical statement or insufficient context to definitively infer evaluative sentiment. Left unresolved to prevent fabricating ground truth.,low
REV_05829_C04_A01,REV_05829,REV_05829_C04,5828,First time i had such a disappointment with any 4+ rated restaurant,General Experience,Annotated,,,No Aspect Opinion,,changed,Reclassified procedural order / transaction narrative without evaluative opinion to 'No Aspect Opinion',high
REV_05843_C01_A01,REV_05843,REV_05843_C01,5842,Perfect hangout place,General Experience,Annotated,,General Experience,Annotated,,unresolved,Genuinely ambiguous / rhetorical statement or insufficient context to definitively infer evaluative sentiment. Left unresolved to prevent fabricating ground truth.,low
REV_05848_C08_A01,REV_05848,REV_05848_C08,5847,Food& drinks 5/5,Food,Annotated,,,No Aspect Opinion,,changed,Reclassified procedural order / transaction narrative without evaluative opinion to 'No Aspect Opinion',high
REV_05857_C03_A01,REV_05857,REV_05857_C03,5856,"We ordered pizza, Veg manchuria and crispy corn",Food,Annotated,,,No Aspect Opinion,,changed,Reclassified factual entity mention / procedural statement without evaluative opinion to 'No Aspect Opinion',high
REV_05865_C01_A01,REV_05865,REV_05865_C01,5864,"Been here on a Thursday afternoon, the place is very different from the pics, indoor seating is congested and uncomfortable, starters in the happy hours can be improved",Ambience,Annotated,,Ambience,Annotated,Negative,changed,Filled omitted sentiment as 'Negative' for aspect 'Ambience' based on explicit evaluative opinion in clause,high
REV_05865_C01_A02,REV_05865,REV_05865_C01,5864,"Been here on a Thursday afternoon, the place is very different from the pics, indoor seating is congested and uncomfortable, starters in the happy hours can be improved",Food,Annotated,,Ambience,Annotated,Negative,changed,Filled omitted sentiment as 'Negative' for aspect 'Ambience' based on explicit evaluative opinion in clause,high
REV_05880_C03_A01,REV_05880,REV_05880_C03,5879,It took three people from their staff one after the other to confirm what we had ordered,Service,Annotated,,,No Aspect Opinion,,changed,Reclassified procedural order / transaction narrative without evaluative opinion to 'No Aspect Opinion',high
REV_05880_C06_A01,REV_05880,REV_05880_C06,5879,This was when there were only 5 tables occupied,Ambience,Annotated,,,No Aspect Opinion,,changed,Reclassified procedural order / transaction narrative without evaluative opinion to 'No Aspect Opinion',high
REV_05880_C07_A01,REV_05880,REV_05880_C07,5879,The staff seemed inexperienced,Service,Annotated,,Service,Annotated,,unresolved,Genuinely ambiguous / rhetorical statement or insufficient context to definitively infer evaluative sentiment. Left unresolved to prevent fabricating ground truth.,low
REV_05882_C02_A01,REV_05882,REV_05882_C02,5881,"Roof-Top, Pleasant atmosphere and “OK” crowd",Ambience,Annotated,,Ambience,Annotated,,unresolved,Genuinely ambiguous / rhetorical statement or insufficient context to definitively infer evaluative sentiment. Left unresolved to prevent fabricating ground truth.,low
REV_05882_C04_A01,REV_05882,REV_05882_C04,5881,"This place is a newbie in town (or maybe I am wrong) However, I got to meet an Old Pal who was playing on sets as the guest Dj for that night there",Ambience,Annotated,,,No Aspect Opinion,,changed,Reclassified procedural order / transaction narrative without evaluative opinion to 'No Aspect Opinion',high
REV_05882_C05_A01,REV_05882,REV_05882_C05,5881,Music played was Electronic & Bollywood,Ambience,Annotated,,Ambience,Annotated,,unresolved,Genuinely ambiguous / rhetorical statement or insufficient context to definitively infer evaluative sentiment. Left unresolved to prevent fabricating ground truth.,low
REV_05894_C03_A01,REV_05894,REV_05894_C03,5893,The staff doesn't know a thing about service,Service,Annotated,,Service,Annotated,,unresolved,Genuinely ambiguous / rhetorical statement or insufficient context to definitively infer evaluative sentiment. Left unresolved to prevent fabricating ground truth.,low
REV_05894_C04_A01,REV_05894,REV_05894_C04,5893,Tables are unclean and stick,Ambience,Annotated,,Ambience,Annotated,,unresolved,Genuinely ambiguous / rhetorical statement or insufficient context to definitively infer evaluative sentiment. Left unresolved to prevent fabricating ground truth.,low
REV_05894_C05_A01,REV_05894,REV_05894_C05,5893,As usual the stupid DJ is Soo loud,Ambience,Annotated,,Ambience,Annotated,,unresolved,Genuinely ambiguous / rhetorical statement or insufficient context to definitively infer evaluative sentiment. Left unresolved to prevent fabricating ground truth.,low
REV_05894_C09_A01,REV_05894,REV_05894_C09,5893,Waiter is so absent minded,Service,Annotated,,Service,Annotated,,unresolved,Genuinely ambiguous / rhetorical statement or insufficient context to definitively infer evaluative sentiment. Left unresolved to prevent fabricating ground truth.,low
REV_05894_C15_A01,REV_05894,REV_05894_C15,5893,"Special mention to Dharmender, who was very attentive",Service,Annotated,,Service,Annotated,,unresolved,Genuinely ambiguous / rhetorical statement or insufficient context to definitively infer evaluative sentiment. Left unresolved to prevent fabricating ground truth.,low
REV_05894_C21_A01,REV_05894,REV_05894_C21,5893,"The seating could be arranged better, seats weren't that comfortable and I keep hurting my knees Everytime I make a move",Ambience,Annotated,,Ambience,Annotated,,unresolved,Genuinely ambiguous / rhetorical statement or insufficient context to definitively infer evaluative sentiment. Left unresolved to prevent fabricating ground truth.,low
REV_05894_C23_A01,REV_05894,REV_05894_C23,5893,"If you can please get the DJ to reduce the volume at least during peak dinner hours, I couldn't hear anything my colleagues sitting across the table were speaking",Ambience,Annotated,,Ambience,Annotated,,unresolved,Genuinely ambiguous / rhetorical statement or insufficient context to definitively infer evaluative sentiment. Left unresolved to prevent fabricating ground truth.,low
REV_05902_C04_A01,REV_05902,REV_05902_C04,5901,The staff is exceptional,Service,Annotated,,Service,Annotated,,unresolved,Genuinely ambiguous / rhetorical statement or insufficient context to definitively infer evaluative sentiment. Left unresolved to prevent fabricating ground truth.,low
REV_05902_C05_A01,REV_05902,REV_05902_C05,5901,Very polite and friendly,Service,Annotated,,Service,Annotated,,unresolved,Genuinely ambiguous / rhetorical statement or insufficient context to definitively infer evaluative sentiment. Left unresolved to prevent fabricating ground truth.,low
REV_05902_C06_A01,REV_05902,REV_05902_C06,5901,Our server was Dharmendra,Service,Annotated,,Service,Annotated,,unresolved,Genuinely ambiguous / rhetorical statement or insufficient context to definitively infer evaluative sentiment. Left unresolved to prevent fabricating ground truth.,low
REV_05902_C07_A01,REV_05902,REV_05902_C07,5901,Very efficient and friendly fellow,Service,Annotated,,Service,Annotated,,unresolved,Genuinely ambiguous / rhetorical statement or insufficient context to definitively infer evaluative sentiment. Left unresolved to prevent fabricating ground truth.,low
REV_05902_C08_A01,REV_05902,REV_05902_C08,5901,Makes excellent suggestions,General Experience,Annotated,,General Experience,Annotated,,unresolved,Genuinely ambiguous / rhetorical statement or insufficient context to definitively infer evaluative sentiment. Left unresolved to prevent fabricating ground truth.,low
REV_05913_C03_A01,REV_05913,REV_05913_C03,5912,They have the best view from the roof top area,Ambience,Annotated,,Ambience,Annotated,,unresolved,Genuinely ambiguous / rhetorical statement or insufficient context to definitively infer evaluative sentiment. Left unresolved to prevent fabricating ground truth.,low
REV_05913_C04_A01,REV_05913,REV_05913_C04,5912,We visited this place for dinner,Food,Annotated,,Food,Annotated,,unresolved,Genuinely ambiguous / rhetorical statement or insufficient context to definitively infer evaluative sentiment. Left unresolved to prevent fabricating ground truth.,low
REV_05913_C08_A01,REV_05913,REV_05913_C08,5912,"Comming to the mocktails the virgin colada, chatpata madness and sex on the beach were very soothing",Ambience,Annotated,,Ambience,Annotated,,unresolved,Genuinely ambiguous / rhetorical statement or insufficient context to definitively infer evaluative sentiment. Left unresolved to prevent fabricating ground truth.,low
REV_05913_C10_A01,REV_05913,REV_05913_C10,5912,Hyderabadi tawa fish which was so much flavourful,Food,Annotated,,Food,Annotated,Positive,changed,Filled omitted sentiment as 'Positive' for aspect 'Food' based on explicit evaluative opinion in clause,high
REV_05915_C02_A01,REV_05915,REV_05915_C02,5914,The rooftop seating is very airy,Ambience,Annotated,,Ambience,Annotated,,unresolved,Genuinely ambiguous / rhetorical statement or insufficient context to definitively infer evaluative sentiment. Left unresolved to prevent fabricating ground truth.,low
REV_05915_C04_A01,REV_05915,REV_05915_C04,5914,▪Virgin Mojito,Food,Annotated,,Food,Annotated,,unresolved,Genuinely ambiguous / rhetorical statement or insufficient context to definitively infer evaluative sentiment. Left unresolved to prevent fabricating ground truth.,low
REV_05915_C08_A01,REV_05915,REV_05915_C08,5914,▪Chicken Manchow soup,Food,Annotated,,Food,Annotated,,unresolved,Genuinely ambiguous / rhetorical statement or insufficient context to definitively infer evaluative sentiment. Left unresolved to prevent fabricating ground truth.,low
REV_05915_C09_A01,REV_05915,REV_05915_C09,5914,tasted ok,Food,Annotated,,Food,Annotated,,unresolved,Genuinely ambiguous / rhetorical statement or insufficient context to definitively infer evaluative sentiment. Left unresolved to prevent fabricating ground truth.,low
REV_05915_C10_A01,REV_05915,REV_05915_C10,5914,▪Hyderabadi Tawa Fish,Food,Annotated,,Food,Annotated,,unresolved,Genuinely ambiguous / rhetorical statement or insufficient context to definitively infer evaluative sentiment. Left unresolved to prevent fabricating ground truth.,low
REV_05915_C11_A01,REV_05915,REV_05915_C11,5914,this one was a crowd pleaser,Ambience,Annotated,,Ambience,Annotated,,unresolved,Genuinely ambiguous / rhetorical statement or insufficient context to definitively infer evaluative sentiment. Left unresolved to prevent fabricating ground truth.,low
REV_05915_C13_A01,REV_05915,REV_05915_C13,5914,▪Lahsuni Paneer Tikka,Food,Annotated,,Food,Annotated,,unresolved,Genuinely ambiguous / rhetorical statement or insufficient context to definitively infer evaluative sentiment. Left unresolved to prevent fabricating ground truth.,low
REV_05915_C17_A01,REV_05915,REV_05915_C17,5914,▪Tandoori Brocolli,Food,Annotated,,Food,Annotated,,unresolved,Genuinely ambiguous / rhetorical statement or insufficient context to definitively infer evaluative sentiment. Left unresolved to prevent fabricating ground truth.,low
REV_05915_C21_A01,REV_05915,REV_05915_C21,5914,▪Butter Naan,Food,Annotated,,Food,Annotated,,unresolved,Genuinely ambiguous / rhetorical statement or insufficient context to definitively infer evaluative sentiment. Left unresolved to prevent fabricating ground truth.,low
REV_05915_C28_A01,REV_05915,REV_05915_C28,5914,Could have tasted better,Food,Annotated,,Food,Annotated,,unresolved,Genuinely ambiguous / rhetorical statement or insufficient context to definitively infer evaluative sentiment. Left unresolved to prevent fabricating ground truth.,low
REV_05915_C30_A01,REV_05915,REV_05915_C30,5914,The music can also be better,Ambience,Annotated,,Ambience,Annotated,,unresolved,Genuinely ambiguous / rhetorical statement or insufficient context to definitively infer evaluative sentiment. Left unresolved to prevent fabricating ground truth.,low
REV_05921_C02_A01,REV_05921,REV_05921_C02,5920,It was super crowded,Ambience,Annotated,,Ambience,Annotated,,unresolved,Genuinely ambiguous / rhetorical statement or insufficient context to definitively infer evaluative sentiment. Left unresolved to prevent fabricating ground truth.,low
REV_05927_C03_A01,REV_05927,REV_05927_C03,5926,"But the Staff and the ""entitled"" crowd will spoil the experience completely for you",Ambience,Annotated,,Ambience,Annotated,,unresolved,Genuinely ambiguous / rhetorical statement or insufficient context to definitively infer evaluative sentiment. Left unresolved to prevent fabricating ground truth.,low
REV_05927_C03_A02,REV_05927,REV_05927_C03,5926,"But the Staff and the ""entitled"" crowd will spoil the experience completely for you",General Experience,Annotated,,General Experience,Annotated,,unresolved,Genuinely ambiguous / rhetorical statement or insufficient context to definitively infer evaluative sentiment. Left unresolved to prevent fabricating ground truth.,low
REV_05927_C03_A03,REV_05927,REV_05927_C03,5926,"But the Staff and the ""entitled"" crowd will spoil the experience completely for you",Service,Annotated,,Service,Annotated,,unresolved,Genuinely ambiguous / rhetorical statement or insufficient context to definitively infer evaluative sentiment. Left unresolved to prevent fabricating ground truth.,low
REV_05949_C23_A01,REV_05949,REV_05949_C23,5948,The thin crust pizza loaded with cheese and topped with veggies like zucchini was the best main course that we had among the served,Food,Annotated,,Food,Annotated,,unresolved,Genuinely ambiguous / rhetorical statement or insufficient context to definitively infer evaluative sentiment. Left unresolved to prevent fabricating ground truth.,low
REV_05949_C23_A02,REV_05949,REV_05949_C23,5948,The thin crust pizza loaded with cheese and topped with veggies like zucchini was the best main course that we had among the served,Service,Annotated,,Service,Annotated,,unresolved,Genuinely ambiguous / rhetorical statement or insufficient context to definitively infer evaluative sentiment. Left unresolved to prevent fabricating ground truth.,low
REV_05949_C26_A01,REV_05949,REV_05949_C26,5948,The pizza was,Food,Annotated,,Food,Annotated,,unresolved,Genuinely ambiguous / rhetorical statement or insufficient context to definitively infer evaluative sentiment. Left unresolved to prevent fabricating ground truth.,low
REV_05949_C33_A01,REV_05949,REV_05949_C33,5948,The blend of Oreo and chocolates was nothing out of the box and tasted like a regular chocolate shake,Food,Annotated,,Food,Annotated,,unresolved,Genuinely ambiguous / rhetorical statement or insufficient context to definitively infer evaluative sentiment. Left unresolved to prevent fabricating ground truth.,low
REV_05949_C36_A01,REV_05949,REV_05949_C36,5948,Prism Pizza (If you need a main course),Food,Annotated,,Food,Annotated,,unresolved,Genuinely ambiguous / rhetorical statement or insufficient context to definitively infer evaluative sentiment. Left unresolved to prevent fabricating ground truth.,low
REV_05949_C38_A01,REV_05949,REV_05949_C38,5948,So is not recommended,General Experience,Annotated,,General Experience,Annotated,,unresolved,Genuinely ambiguous / rhetorical statement or insufficient context to definitively infer evaluative sentiment. Left unresolved to prevent fabricating ground truth.,low
REV_05958_C03_A01,REV_05958,REV_05958_C03,5957,Spacious,Ambience,Annotated,,Ambience,Annotated,,unresolved,Genuinely ambiguous / rhetorical statement or insufficient context to definitively infer evaluative sentiment. Left unresolved to prevent fabricating ground truth.,low
REV_05958_C05_A01,REV_05958,REV_05958_C05,5957,One of the best pub in Hyderabad,General Experience,Annotated,,General Experience,Annotated,,unresolved,Genuinely ambiguous / rhetorical statement or insufficient context to definitively infer evaluative sentiment. Left unresolved to prevent fabricating ground truth.,low
REV_05962_C01_A01,REV_05962,REV_05962_C01,5961,This place charges both an entry fee,Price / Value,Annotated,,Price / Value,Annotated,,unresolved,Genuinely ambiguous / rhetorical statement or insufficient context to definitively infer evaluative sentiment. Left unresolved to prevent fabricating ground truth.,low
REV_05962_C02_A01,REV_05962,REV_05962_C02,5961,and a cover charge,Price / Value,Annotated,,Price / Value,Annotated,,unresolved,Genuinely ambiguous / rhetorical statement or insufficient context to definitively infer evaluative sentiment. Left unresolved to prevent fabricating ground truth.,low
REV_05962_C05_A01,REV_05962,REV_05962_C05,5961,but I tasted no wasabi so our order was clearly wrong,Service,Annotated,,Service,Annotated,,unresolved,Genuinely ambiguous / rhetorical statement or insufficient context to definitively infer evaluative sentiment. Left unresolved to prevent fabricating ground truth.,low
REV_05962_C07_A01,REV_05962,REV_05962_C07,5961,"Despite promising us for over an hour to find us an indoor table, they sat us outdoor with the mosquitos which they weren’t able to control with citronella sticks",Ambience,Annotated,,Ambience,Annotated,,unresolved,Genuinely ambiguous / rhetorical statement or insufficient context to definitively infer evaluative sentiment. Left unresolved to prevent fabricating ground truth.,low
REV_05965_C04_A01,REV_05965,REV_05965_C04,5964,"Bestpart of this place is lightning, wow beauty it is",General Experience,Annotated,,General Experience,Annotated,,unresolved,Genuinely ambiguous / rhetorical statement or insufficient context to definitively infer evaluative sentiment. Left unresolved to prevent fabricating ground truth.,low
REV_05980_C03_A01,REV_05980,REV_05980_C03,5979,had a wonderful time,General Experience,Annotated,,,No Aspect Opinion,,changed,Reclassified procedural order / transaction narrative without evaluative opinion to 'No Aspect Opinion',high
REV_06006_C05_A01,REV_06006,REV_06006_C05,6005,coming to price,Price / Value,Annotated,,Price / Value,Annotated,,unresolved,Genuinely ambiguous / rhetorical statement or insufficient context to definitively infer evaluative sentiment. Left unresolved to prevent fabricating ground truth.,low
REV_06015_C01_A01,REV_06015,REV_06015_C01,6014,Fine that you are taking cover charge,Price / Value,Annotated,,Price / Value,Annotated,,unresolved,Genuinely ambiguous / rhetorical statement or insufficient context to definitively infer evaluative sentiment. Left unresolved to prevent fabricating ground truth.,low
REV_06015_C03_A01,REV_06015,REV_06015_C03,6014,We did not get place to seat then why is this defuction,Ambience,Annotated,,Ambience,Annotated,,unresolved,Genuinely ambiguous / rhetorical statement or insufficient context to definitively infer evaluative sentiment. Left unresolved to prevent fabricating ground truth.,low
REV_06017_C01_A01,REV_06017,REV_06017_C01,6016,Irresponsible Restaurant,Service,Annotated,,Service,Annotated,,unresolved,Genuinely ambiguous / rhetorical statement or insufficient context to definitively infer evaluative sentiment. Left unresolved to prevent fabricating ground truth.,low
REV_06021_C05_A01,REV_06021,REV_06021_C05,6020,Rice was very sufficient,Food,Annotated,,Food,Annotated,,unresolved,Genuinely ambiguous / rhetorical statement or insufficient context to definitively infer evaluative sentiment. Left unresolved to prevent fabricating ground truth.,low
REV_06021_C06_A01,REV_06021,REV_06021_C06,6020,Please check the food,Food,Annotated,,Food,Annotated,,unresolved,Genuinely ambiguous / rhetorical statement or insufficient context to definitively infer evaluative sentiment. Left unresolved to prevent fabricating ground truth.,low
REV_06035_C03_A01,REV_06035,REV_06035_C03,6034,I found half of the container comes filled with oil only,Food,Annotated,,Food,Annotated,,unresolved,Genuinely ambiguous / rhetorical statement or insufficient context to definitively infer evaluative sentiment. Left unresolved to prevent fabricating ground truth.,low
REV_06035_C06_A01,REV_06035,REV_06035_C06,6034,They will surve just oil,Food,Annotated,,Food,Annotated,,unresolved,Genuinely ambiguous / rhetorical statement or insufficient context to definitively infer evaluative sentiment. Left unresolved to prevent fabricating ground truth.,low
REV_06052_C02_A01,REV_06052,REV_06052_C02,6051,it was like the old and new dishes were mixed,Food,Annotated,,Food,Annotated,,unresolved,Genuinely ambiguous / rhetorical statement or insufficient context to definitively infer evaluative sentiment. Left unresolved to prevent fabricating ground truth.,low
REV_06059_C01_A01,REV_06059,REV_06059_C01,6058,food was delivered before time,Food,Annotated,,Food,Annotated,,unresolved,Genuinely ambiguous / rhetorical statement or insufficient context to definitively infer evaluative sentiment. Left unresolved to prevent fabricating ground truth.,low
REV_06107_C03_A01,REV_06107,REV_06107_C03,6106,I almost had their every food item in vegeterian,Food,Annotated,,,No Aspect Opinion,,changed,Reclassified procedural order / transaction narrative without evaluative opinion to 'No Aspect Opinion',high
REV_06107_C06_A01,REV_06107,REV_06107_C06,6106,Worth going,Price / Value,Annotated,,Price / Value,Annotated,,unresolved,Genuinely ambiguous / rhetorical statement or insufficient context to definitively infer evaluative sentiment. Left unresolved to prevent fabricating ground truth.,low
REV_06115_C02_A01,REV_06115,REV_06115_C02,6114,"The dumplings, noodles and fish main course are the best that I have tried here",Food,Annotated,,Food,Annotated,,unresolved,Genuinely ambiguous / rhetorical statement or insufficient context to definitively infer evaluative sentiment. Left unresolved to prevent fabricating ground truth.,low
REV_06126_C01_A01,REV_06126,REV_06126_C01,6125,One of the best “Chicken satay” u’ll get it here,Food,Annotated,,Food,Annotated,,unresolved,Genuinely ambiguous / rhetorical statement or insufficient context to definitively infer evaluative sentiment. Left unresolved to prevent fabricating ground truth.,low
REV_06130_C01_A01,REV_06130,REV_06130_C01,6129,One of the few restaurants in the city which offers authentic Chinese cuisine,Food,Annotated,,Food,Annotated,,unresolved,Genuinely ambiguous / rhetorical statement or insufficient context to definitively infer evaluative sentiment. Left unresolved to prevent fabricating ground truth.,low
REV_06130_C02_A01,REV_06130,REV_06130_C02,6129,We had a pleasant dining experience,General Experience,Annotated,,,No Aspect Opinion,,changed,Reclassified procedural order / transaction narrative without evaluative opinion to 'No Aspect Opinion',high
REV_06130_C05_A01,REV_06130,REV_06130_C05,6129,Worth trying all the dishes,Food,Annotated,,Food,Annotated,,unresolved,Genuinely ambiguous / rhetorical statement or insufficient context to definitively infer evaluative sentiment. Left unresolved to prevent fabricating ground truth.,low
REV_06130_C05_A02,REV_06130,REV_06130_C05,6129,Worth trying all the dishes,General Experience,Annotated,,General Experience,Annotated,,unresolved,Genuinely ambiguous / rhetorical statement or insufficient context to definitively infer evaluative sentiment. Left unresolved to prevent fabricating ground truth.,low
REV_06130_C05_A03,REV_06130,REV_06130_C05,6129,Worth trying all the dishes,Price / Value,Annotated,,Price / Value,Annotated,,unresolved,Genuinely ambiguous / rhetorical statement or insufficient context to definitively infer evaluative sentiment. Left unresolved to prevent fabricating ground truth.,low
REV_06146_C01_A01,REV_06146,REV_06146_C01,6145,Ordered thai green curry with jasmine rice and veg dimsum,Food,Annotated,,,No Aspect Opinion,,changed,Reclassified factual entity mention / procedural statement without evaluative opinion to 'No Aspect Opinion',high
REV_06146_C04_A01,REV_06146,REV_06146_C04,6145,Thai green curry is very light and not so flavor full,Food,Annotated,,Food,Annotated,,unresolved,Genuinely ambiguous / rhetorical statement or insufficient context to definitively infer evaluative sentiment. Left unresolved to prevent fabricating ground truth.,low
REV_06151_C02_A01,REV_06151,REV_06151_C02,6150,As the name indicates it's a Chinese restaurant it stands on that word,Food,Annotated,,Food,Annotated,,unresolved,Genuinely ambiguous / rhetorical statement or insufficient context to definitively infer evaluative sentiment. Left unresolved to prevent fabricating ground truth.,low
REV_06168_C01_A01,REV_06168,REV_06168_C01,6167,satisfied with order and as well as delivery,Service,Annotated,,Service,Annotated,,unresolved,Genuinely ambiguous / rhetorical statement or insufficient context to definitively infer evaluative sentiment. Left unresolved to prevent fabricating ground truth.,low
REV_06180_C01_A01,REV_06180,REV_06180_C01,6179,I was there today with three colleagues for lunch,Service,Annotated,,Service,Annotated,,unresolved,Genuinely ambiguous / rhetorical statement or insufficient context to definitively infer evaluative sentiment. Left unresolved to prevent fabricating ground truth.,low
REV_06180_C07_A01,REV_06180,REV_06180_C07,6179,"We shared two sea food dishes, fried rice and noodles for main course",Food,Annotated,,Food,Annotated,,unresolved,Genuinely ambiguous / rhetorical statement or insufficient context to definitively infer evaluative sentiment. Left unresolved to prevent fabricating ground truth.,low
REV_06180_C10_A01,REV_06180,REV_06180_C10,6179,was told he is too busy,Service,Annotated,,Service,Annotated,,unresolved,Genuinely ambiguous / rhetorical statement or insufficient context to definitively infer evaluative sentiment. Left unresolved to prevent fabricating ground truth.,low
REV_06199_C01_A01,REV_06199,REV_06199_C01,6198,"I ordered chicken fried rice, there were not too much topins",Food,Annotated,,,No Aspect Opinion,,changed,Reclassified factual entity mention / procedural statement without evaluative opinion to 'No Aspect Opinion',high
REV_06207_C02_A01,REV_06207,REV_06207_C02,6206,Must try ulavacharu flavour here,Food,Annotated,,Food,Annotated,,unresolved,Genuinely ambiguous / rhetorical statement or insufficient context to definitively infer evaluative sentiment. Left unresolved to prevent fabricating ground truth.,low
REV_06221_C01_A01,REV_06221,REV_06221_C01,6220,I have book prawns biryani,Food,Annotated,,Food,Annotated,,unresolved,Genuinely ambiguous / rhetorical statement or insufficient context to definitively infer evaluative sentiment. Left unresolved to prevent fabricating ground truth.,low
REV_06279_C03_A01,REV_06279,REV_06279_C03,6278,In beers only KF avialble,Food,Annotated,,Food,Annotated,,unresolved,Genuinely ambiguous / rhetorical statement or insufficient context to definitively infer evaluative sentiment. Left unresolved to prevent fabricating ground truth.,low
REV_06279_C04_A01,REV_06279,REV_06279_C04,6278,For finger food orders they take more than 30 minutes,Food,Annotated,,,No Aspect Opinion,,changed,Reclassified procedural order / transaction narrative without evaluative opinion to 'No Aspect Opinion',high
REV_06279_C04_A02,REV_06279,REV_06279_C04,6278,For finger food orders they take more than 30 minutes,Service,Annotated,,,No Aspect Opinion,,changed,Reclassified procedural order / transaction narrative without evaluative opinion to 'No Aspect Opinion',high
REV_06283_C04_A01,REV_06283,REV_06283_C04,6282,The waiters take extra care of you inside,Service,Annotated,,Service,Annotated,,unresolved,Genuinely ambiguous / rhetorical statement or insufficient context to definitively infer evaluative sentiment. Left unresolved to prevent fabricating ground truth.,low
REV_06291_C02_A01,REV_06291,REV_06291_C02,6290,"Surprisingly, it was quiet",Ambience,Annotated,,Ambience,Annotated,,unresolved,Genuinely ambiguous / rhetorical statement or insufficient context to definitively infer evaluative sentiment. Left unresolved to prevent fabricating ground truth.,low
REV_06291_C04_A01,REV_06291,REV_06291_C04,6290,It's quite spacious,Ambience,Annotated,,Ambience,Annotated,,unresolved,Genuinely ambiguous / rhetorical statement or insufficient context to definitively infer evaluative sentiment. Left unresolved to prevent fabricating ground truth.,low
REV_06305_C02_A01,REV_06305,REV_06305_C02,6304,at Holiday Inn in Hyderabad,Ambience,Annotated,,Ambience,Annotated,,unresolved,Genuinely ambiguous / rhetorical statement or insufficient context to definitively infer evaluative sentiment. Left unresolved to prevent fabricating ground truth.,low
REV_06305_C06_A01,REV_06305,REV_06305_C06,6304,but there's always the outside seating for the quiet-ears,Ambience,Annotated,,Ambience,Annotated,,unresolved,Genuinely ambiguous / rhetorical statement or insufficient context to definitively infer evaluative sentiment. Left unresolved to prevent fabricating ground truth.,low
REV_06310_C02_A01,REV_06310,REV_06310_C02,6309,I have been visited here lot of times,General Experience,Annotated,,General Experience,Annotated,,unresolved,Genuinely ambiguous / rhetorical statement or insufficient context to definitively infer evaluative sentiment. Left unresolved to prevent fabricating ground truth.,low
REV_06310_C03_A01,REV_06310,REV_06310_C03,6309,The atmosphere and interior is excellent and live music with dance floor,Ambience,Annotated,,Ambience,Annotated,Positive,changed,Filled omitted sentiment as 'Positive' for aspect 'Ambience' based on explicit evaluative opinion in clause,high
REV_06310_C10_A01,REV_06310,REV_06310_C10,6309,Specially thanks to super star Sonu and another bartender,General Experience,Annotated,,General Experience,Annotated,,unresolved,Genuinely ambiguous / rhetorical statement or insufficient context to definitively infer evaluative sentiment. Left unresolved to prevent fabricating ground truth.,low
REV_06310_C14_A01,REV_06310,REV_06310_C14,6309,hats off chefs for awasome taste of food,Food,Annotated,,Food,Annotated,,unresolved,Genuinely ambiguous / rhetorical statement or insufficient context to definitively infer evaluative sentiment. Left unresolved to prevent fabricating ground truth.,low
REV_06321_C05_A01,REV_06321,REV_06321_C05,6320,Zomato says you can get free dish from complete menu and,Food,Annotated,,Food,Annotated,,unresolved,Genuinely ambiguous / rhetorical statement or insufficient context to definitively infer evaluative sentiment. Left unresolved to prevent fabricating ground truth.,low
REV_06323_C04_A01,REV_06323,REV_06323_C04,6322,His pleasing personality and positive smile is one of the things which makes this place special,General Experience,Annotated,,General Experience,Annotated,,unresolved,Genuinely ambiguous / rhetorical statement or insufficient context to definitively infer evaluative sentiment. Left unresolved to prevent fabricating ground truth.,low
REV_06326_C04_A01,REV_06326,REV_06326_C04,6325,waiter is giving stupid excuses about not serving food before happy hours,Food,Annotated,,Food,Annotated,,unresolved,Genuinely ambiguous / rhetorical statement or insufficient context to definitively infer evaluative sentiment. Left unresolved to prevent fabricating ground truth.,low
REV_06326_C04_A02,REV_06326,REV_06326_C04,6325,waiter is giving stupid excuses about not serving food before happy hours,Service,Annotated,,Service,Annotated,,unresolved,Genuinely ambiguous / rhetorical statement or insufficient context to definitively infer evaluative sentiment. Left unresolved to prevent fabricating ground truth.,low
REV_06326_C05_A01,REV_06326,REV_06326_C05,6325,What is this service,Service,Annotated,,Service,Annotated,,unresolved,Genuinely ambiguous / rhetorical statement or insufficient context to definitively infer evaluative sentiment. Left unresolved to prevent fabricating ground truth.,low
REV_06326_C06_A01,REV_06326,REV_06326_C06,6325,Why do you even have happy hours when you don’t want to serve the happy hours menu,Food,Annotated,,Food,Annotated,,unresolved,Genuinely ambiguous / rhetorical statement or insufficient context to definitively infer evaluative sentiment. Left unresolved to prevent fabricating ground truth.,low
REV_06326_C06_A02,REV_06326,REV_06326_C06,6325,Why do you even have happy hours when you don’t want to serve the happy hours menu,Service,Annotated,,Service,Annotated,,unresolved,Genuinely ambiguous / rhetorical statement or insufficient context to definitively infer evaluative sentiment. Left unresolved to prevent fabricating ground truth.,low
REV_06343_C01_A01,REV_06343,REV_06343_C01,6342,You know what is the best part of hospitality,Service,Annotated,,Service,Annotated,,unresolved,Genuinely ambiguous / rhetorical statement or insufficient context to definitively infer evaluative sentiment. Left unresolved to prevent fabricating ground truth.,low
REV_06356_C07_A01,REV_06356,REV_06356_C07,6355,"The biggest surprise came along with bill , they thought the group was drunk and no matching to the number of drinks ordered Vs Billed",Price / Value,Annotated,,,No Aspect Opinion,,changed,Reclassified procedural order / transaction narrative without evaluative opinion to 'No Aspect Opinion',high
REV_06356_C07_A02,REV_06356,REV_06356_C07,6355,"The biggest surprise came along with bill , they thought the group was drunk and no matching to the number of drinks ordered Vs Billed",Service,Annotated,,,No Aspect Opinion,,changed,Reclassified procedural order / transaction narrative without evaluative opinion to 'No Aspect Opinion',high
REV_06364_C01_A01,REV_06364,REV_06364_C01,6363,These stars are just for the food and drinks,Food,Annotated,,Food,Annotated,,unresolved,Genuinely ambiguous / rhetorical statement or insufficient context to definitively infer evaluative sentiment. Left unresolved to prevent fabricating ground truth.,low
REV_06364_C04_A01,REV_06364,REV_06364_C04,6363,Even the food he served was without any accompaniments that were supposed to be there,Food,Annotated,,,No Aspect Opinion,,changed,Reclassified procedural order / transaction narrative without evaluative opinion to 'No Aspect Opinion',high
REV_06364_C04_A02,REV_06364,REV_06364_C04,6363,Even the food he served was without any accompaniments that were supposed to be there,Service,Annotated,,,No Aspect Opinion,,changed,Reclassified procedural order / transaction narrative without evaluative opinion to 'No Aspect Opinion',high
REV_06377_C05_A01,REV_06377,REV_06377_C05,6376,You save a hell lot money at that time,Price / Value,Annotated,,Price / Value,Annotated,,unresolved,Genuinely ambiguous / rhetorical statement or insufficient context to definitively infer evaluative sentiment. Left unresolved to prevent fabricating ground truth.,low
REV_06377_C08_A01,REV_06377,REV_06377_C08,6376,Do pay a visit,General Experience,Annotated,,General Experience,Annotated,,unresolved,Genuinely ambiguous / rhetorical statement or insufficient context to definitively infer evaluative sentiment. Left unresolved to prevent fabricating ground truth.,low
REV_06379_C03_A01,REV_06379,REV_06379_C03,6378,I used to visit this place every weekend or in fact twice a week,General Experience,Annotated,,General Experience,Annotated,,unresolved,Genuinely ambiguous / rhetorical statement or insufficient context to definitively infer evaluative sentiment. Left unresolved to prevent fabricating ground truth.,low
REV_06379_C06_A01,REV_06379,REV_06379_C06,6378,However there has been a drastic change in the prices all of a sudden,Price / Value,Annotated,,Price / Value,Annotated,,unresolved,Genuinely ambiguous / rhetorical statement or insufficient context to definitively infer evaluative sentiment. Left unresolved to prevent fabricating ground truth.,low
REV_06379_C07_A01,REV_06379,REV_06379_C07,6378,Prices have been almost doubled,Price / Value,Annotated,,Price / Value,Annotated,,unresolved,Genuinely ambiguous / rhetorical statement or insufficient context to definitively infer evaluative sentiment. Left unresolved to prevent fabricating ground truth.,low
REV_06379_C12_A01,REV_06379,REV_06379_C12,6378,"With hike in prices, customer expects a sophisticated and improved ambience, fancy cutlery on the table",Ambience,Annotated,,Ambience,Annotated,,unresolved,Genuinely ambiguous / rhetorical statement or insufficient context to definitively infer evaluative sentiment. Left unresolved to prevent fabricating ground truth.,low
REV_06379_C12_A02,REV_06379,REV_06379_C12,6378,"With hike in prices, customer expects a sophisticated and improved ambience, fancy cutlery on the table",Price / Value,Annotated,,Price / Value,Annotated,,unresolved,Genuinely ambiguous / rhetorical statement or insufficient context to definitively infer evaluative sentiment. Left unresolved to prevent fabricating ground truth.,low
REV_06383_C02_A01,REV_06383,REV_06383_C02,6382,This restaurant do not match zomato gold standards,General Experience,Annotated,,General Experience,Annotated,,unresolved,Genuinely ambiguous / rhetorical statement or insufficient context to definitively infer evaluative sentiment. Left unresolved to prevent fabricating ground truth.,low
REV_06383_C03_A01,REV_06383,REV_06383_C03,6382,"First thing , the price and ambience do not match at all",Ambience,Annotated,,Ambience,Annotated,,unresolved,Genuinely ambiguous / rhetorical statement or insufficient context to definitively infer evaluative sentiment. Left unresolved to prevent fabricating ground truth.,low
REV_06383_C03_A02,REV_06383,REV_06383_C03,6382,"First thing , the price and ambience do not match at all",Price / Value,Annotated,,Price / Value,Annotated,,unresolved,Genuinely ambiguous / rhetorical statement or insufficient context to definitively infer evaluative sentiment. Left unresolved to prevent fabricating ground truth.,low
REV_06383_C07_A01,REV_06383,REV_06383_C07,6382,This place do not deserve 4+ rating,General Experience,Annotated,,,No Aspect Opinion,,changed,Reclassified procedural order / transaction narrative without evaluative opinion to 'No Aspect Opinion',high
REV_06389_C01_A01,REV_06389,REV_06389_C01,6388,"I order from this place all the time, never visited though",Service,Annotated,,Service,Annotated,,unresolved,Genuinely ambiguous / rhetorical statement or insufficient context to definitively infer evaluative sentiment. Left unresolved to prevent fabricating ground truth.,low
REV_06397_C04_A01,REV_06397,REV_06397_C04,6396,You need to go back to your basics else you will loose the customers slowly,Service,Annotated,,Service,Annotated,,unresolved,Genuinely ambiguous / rhetorical statement or insufficient context to definitively infer evaluative sentiment. Left unresolved to prevent fabricating ground truth.,low
REV_06401_C02_A01,REV_06401,REV_06401_C02,6400,Noodles not cooked well,Food,Annotated,,Food,Annotated,,unresolved,Genuinely ambiguous / rhetorical statement or insufficient context to definitively infer evaluative sentiment. Left unresolved to prevent fabricating ground truth.,low
REV_06401_C03_A01,REV_06401,REV_06401_C03,6400,Soup has too much of corn floor and unable to eat,Food,Annotated,,Food,Annotated,,unresolved,Genuinely ambiguous / rhetorical statement or insufficient context to definitively infer evaluative sentiment. Left unresolved to prevent fabricating ground truth.,low
REV_06405_C03_A01,REV_06405,REV_06405_C03,6404,It was dark and sort of out of order too,Service,Annotated,,Ambience,Annotated,Negative,changed,Filled omitted sentiment as 'Negative' for aspect 'Ambience' based on explicit evaluative opinion in clause,high
REV_06405_C04_A01,REV_06405,REV_06405_C04,6404,Rating : 3/5,General Experience,Annotated,,,No Aspect Opinion,,changed,Reclassified procedural order / transaction narrative without evaluative opinion to 'No Aspect Opinion',high
REV_06405_C05_A01,REV_06405,REV_06405_C05,6404,Food: We reached here just to have sizzlers as we wanted it and could find only some on the list being this one of them,Food,Annotated,,Food,Annotated,,unresolved,Genuinely ambiguous / rhetorical statement or insufficient context to definitively infer evaluative sentiment. Left unresolved to prevent fabricating ground truth.,low
REV_06405_C13_A01,REV_06405,REV_06405_C13,6404,Rating : 3/5,General Experience,Annotated,,,No Aspect Opinion,,changed,Reclassified procedural order / transaction narrative without evaluative opinion to 'No Aspect Opinion',high
REV_06407_C07_A01,REV_06407,REV_06407_C07,6406,We ordered apollo fish which was not at all worth eating and the mushroom starter itself gave a unwilligness to eat,Price / Value,Annotated,,,No Aspect Opinion,,changed,Reclassified factual entity mention / procedural statement without evaluative opinion to 'No Aspect Opinion',high
REV_06419_C01_A01,REV_06419,REV_06419_C01,6418,Over rated restaurant,General Experience,Annotated,,General Experience,Annotated,,unresolved,Genuinely ambiguous / rhetorical statement or insufficient context to definitively infer evaluative sentiment. Left unresolved to prevent fabricating ground truth.,low
REV_06419_C08_A01,REV_06419,REV_06419_C08,6418,Over all rating 1/5,General Experience,Annotated,,,No Aspect Opinion,,changed,Reclassified procedural order / transaction narrative without evaluative opinion to 'No Aspect Opinion',high
REV_06423_C01_A01,REV_06423,REV_06423_C01,6422,Totally overrated,General Experience,Annotated,,General Experience,Annotated,,unresolved,Genuinely ambiguous / rhetorical statement or insufficient context to definitively infer evaluative sentiment. Left unresolved to prevent fabricating ground truth.,low
REV_06423_C03_A01,REV_06423,REV_06423_C03,6422,There's only one guy who does all the service and you have to wait long for your turn to come up,Service,Annotated,,Service,Annotated,,unresolved,Genuinely ambiguous / rhetorical statement or insufficient context to definitively infer evaluative sentiment. Left unresolved to prevent fabricating ground truth.,low
REV_06423_C04_A01,REV_06423,REV_06423_C04,6422,And the place looks like some forbidden house,Ambience,Annotated,,Ambience,Annotated,,unresolved,Genuinely ambiguous / rhetorical statement or insufficient context to definitively infer evaluative sentiment. Left unresolved to prevent fabricating ground truth.,low
REV_06472_C16_A01,REV_06472,REV_06472_C16,6471,Taste-5/5,Food,Annotated,,,No Aspect Opinion,,changed,Reclassified procedural order / transaction narrative without evaluative opinion to 'No Aspect Opinion',high
REV_06476_C01_A01,REV_06476,REV_06476_C01,6475,Chicken nuggets must try here,Food,Annotated,,Food,Annotated,,unresolved,Genuinely ambiguous / rhetorical statement or insufficient context to definitively infer evaluative sentiment. Left unresolved to prevent fabricating ground truth.,low
REV_06476_C02_A01,REV_06476,REV_06476_C02,6475,bbq chicken mandi is too gud,Food,Annotated,,Food,Annotated,,unresolved,Genuinely ambiguous / rhetorical statement or insufficient context to definitively infer evaluative sentiment. Left unresolved to prevent fabricating ground truth.,low
REV_06476_C05_A01,REV_06476,REV_06476_C05,6475,But itsgud only for taste food,Food,Annotated,,Food,Annotated,,unresolved,Genuinely ambiguous / rhetorical statement or insufficient context to definitively infer evaluative sentiment. Left unresolved to prevent fabricating ground truth.,low
REV_06476_C06_A01,REV_06476,REV_06476_C06,6475,waiting time is too high bettween 8-10,Service,Annotated,,,No Aspect Opinion,,changed,Reclassified procedural order / transaction narrative without evaluative opinion to 'No Aspect Opinion',high
REV_06482_C08_A01,REV_06482,REV_06482_C08,6481,"Ambience is spot on arabic, songs played are romantic",Ambience,Annotated,,Ambience,Annotated,,unresolved,Genuinely ambiguous / rhetorical statement or insufficient context to definitively infer evaluative sentiment. Left unresolved to prevent fabricating ground truth.,low
REV_06482_C10_A01,REV_06482,REV_06482_C10,6481,Nothing to complain about the place at the same time nothing to praise too,General Experience,Annotated,,General Experience,Annotated,,unresolved,Genuinely ambiguous / rhetorical statement or insufficient context to definitively infer evaluative sentiment. Left unresolved to prevent fabricating ground truth.,low
REV_06482_C18_A01,REV_06482,REV_06482_C18,6481,they give you mayonise and chutney to go along,Food,Annotated,,Food,Annotated,,unresolved,Genuinely ambiguous / rhetorical statement or insufficient context to definitively infer evaluative sentiment. Left unresolved to prevent fabricating ground truth.,low
REV_06482_C22_A01,REV_06482,REV_06482_C22,6481,Definitely going again,General Experience,Annotated,,General Experience,Annotated,,unresolved,Genuinely ambiguous / rhetorical statement or insufficient context to definitively infer evaluative sentiment. Left unresolved to prevent fabricating ground truth.,low
REV_06484_C02_A01,REV_06484,REV_06484_C02,6483,the food here is aptly cooked,Food,Annotated,,Food,Annotated,,unresolved,Genuinely ambiguous / rhetorical statement or insufficient context to definitively infer evaluative sentiment. Left unresolved to prevent fabricating ground truth.,low
REV_06494_C01_A01,REV_06494,REV_06494_C01,6493,This is a small place on the 6th floor of a hotel,Ambience,Annotated,,Ambience,Annotated,,unresolved,Genuinely ambiguous / rhetorical statement or insufficient context to definitively infer evaluative sentiment. Left unresolved to prevent fabricating ground truth.,low
REV_06498_C01_A01,REV_06498,REV_06498_C01,6497,The place is a bit isolated,Ambience,Annotated,,Ambience,Annotated,,unresolved,Genuinely ambiguous / rhetorical statement or insufficient context to definitively infer evaluative sentiment. Left unresolved to prevent fabricating ground truth.,low
REV_06498_C02_A01,REV_06498,REV_06498_C02,6497,the food,Food,Annotated,,Food,Annotated,,unresolved,Genuinely ambiguous / rhetorical statement or insufficient context to definitively infer evaluative sentiment. Left unresolved to prevent fabricating ground truth.,low
REV_06503_C04_A01,REV_06503,REV_06503_C04,6502,We have already heard a lot about mandi in their restaurant,General Experience,Annotated,,General Experience,Annotated,,unresolved,Genuinely ambiguous / rhetorical statement or insufficient context to definitively infer evaluative sentiment. Left unresolved to prevent fabricating ground truth.,low
REV_06516_C01_A01,REV_06516,REV_06516_C01,6515,Excellent,General Experience,Annotated,,General Experience,Annotated,,unresolved,Genuinely ambiguous / rhetorical statement or insufficient context to definitively infer evaluative sentiment. Left unresolved to prevent fabricating ground truth.,low
REV_06576_C09_A01,REV_06576,REV_06576_C09,6575,"Overall, if not for anything for your tastebuds and boozing satisfaction you must hit the floor",General Experience,Annotated,,General Experience,Annotated,,unresolved,Genuinely ambiguous / rhetorical statement or insufficient context to definitively infer evaluative sentiment. Left unresolved to prevent fabricating ground truth.,low
REV_06582_C02_A01,REV_06582,REV_06582_C02,6581,Overall : 4/5,General Experience,Annotated,,,No Aspect Opinion,,changed,Reclassified procedural order / transaction narrative without evaluative opinion to 'No Aspect Opinion',high
REV_06584_C04_A01,REV_06584,REV_06584_C04,6583,the metal table and the chairs might cause a slight discomfort to some,Ambience,Annotated,,Ambience,Annotated,,unresolved,Genuinely ambiguous / rhetorical statement or insufficient context to definitively infer evaluative sentiment. Left unresolved to prevent fabricating ground truth.,low
REV_06594_C01_A01,REV_06594,REV_06594_C01,6593,Visited this place for dinner,Food,Annotated,,Food,Annotated,,unresolved,Genuinely ambiguous / rhetorical statement or insufficient context to definitively infer evaluative sentiment. Left unresolved to prevent fabricating ground truth.,low
REV_06603_C01_A01,REV_06603,REV_06603_C01,6602,Only 3 stars for taste of food,Food,Annotated,,,No Aspect Opinion,,changed,Reclassified procedural order / transaction narrative without evaluative opinion to 'No Aspect Opinion',high
REV_06603_C02_A01,REV_06603,REV_06603_C02,6602,So visited here with colleagues for lunch,General Experience,Annotated,,General Experience,Annotated,,unresolved,Genuinely ambiguous / rhetorical statement or insufficient context to definitively infer evaluative sentiment. Left unresolved to prevent fabricating ground truth.,low
REV_06614_C04_A01,REV_06614,REV_06614_C04,6613,Cool place to hangout with friends,Ambience,Annotated,,Ambience,Annotated,,unresolved,Genuinely ambiguous / rhetorical statement or insufficient context to definitively infer evaluative sentiment. Left unresolved to prevent fabricating ground truth.,low
REV_06614_C06_A01,REV_06614,REV_06614_C06,6613,we enjoyed,General Experience,Annotated,,General Experience,Annotated,,unresolved,Genuinely ambiguous / rhetorical statement or insufficient context to definitively infer evaluative sentiment. Left unresolved to prevent fabricating ground truth.,low
REV_06616_C02_A01,REV_06616,REV_06616_C02,6615,Place,Ambience,Annotated,,Ambience,Annotated,,unresolved,Genuinely ambiguous / rhetorical statement or insufficient context to definitively infer evaluative sentiment. Left unresolved to prevent fabricating ground truth.,low
REV_06616_C04_A01,REV_06616,REV_06616_C04,6615,I would love to hangout there again,General Experience,Annotated,,General Experience,Annotated,,unresolved,Genuinely ambiguous / rhetorical statement or insufficient context to definitively infer evaluative sentiment. Left unresolved to prevent fabricating ground truth.,low
REV_06634_C02_A01,REV_06634,REV_06634_C02,6633,"As this place is mainly a bar, it is not sensible to comment on the food",Food,Annotated,,Food,Annotated,,unresolved,Genuinely ambiguous / rhetorical statement or insufficient context to definitively infer evaluative sentiment. Left unresolved to prevent fabricating ground truth.,low
REV_06636_C01_A01,REV_06636,REV_06636_C01,6635,They claim to be a European bar who serves continental cuisine,Food,Annotated,,Food,Annotated,,unresolved,Genuinely ambiguous / rhetorical statement or insufficient context to definitively infer evaluative sentiment. Left unresolved to prevent fabricating ground truth.,low
REV_06636_C06_A01,REV_06636,REV_06636_C06,6635,splitting the bill as well,Price / Value,Annotated,,,No Aspect Opinion,,changed,Reclassified procedural order / transaction narrative without evaluative opinion to 'No Aspect Opinion',high
REV_06636_C06_A02,REV_06636,REV_06636_C06,6635,splitting the bill as well,Service,Annotated,,,No Aspect Opinion,,changed,Reclassified procedural order / transaction narrative without evaluative opinion to 'No Aspect Opinion',high
REV_06636_C09_A01,REV_06636,REV_06636_C09,6635,Food: The pizzas were pretty mediocre,Food,Annotated,,Food,Annotated,,unresolved,Genuinely ambiguous / rhetorical statement or insufficient context to definitively infer evaluative sentiment. Left unresolved to prevent fabricating ground truth.,low
REV_06636_C16_A01,REV_06636,REV_06636_C16,6635,Ambience: It has dim low light and calm ambience with a street view and a music 🎵,Ambience,Annotated,,Ambience,Annotated,,unresolved,Genuinely ambiguous / rhetorical statement or insufficient context to definitively infer evaluative sentiment. Left unresolved to prevent fabricating ground truth.,low
REV_06636_C18_A01,REV_06636,REV_06636_C18,6635,The tables were typically made out of moulded tin and gave a different feel and look,Ambience,Annotated,,Ambience,Annotated,,unresolved,Genuinely ambiguous / rhetorical statement or insufficient context to definitively infer evaluative sentiment. Left unresolved to prevent fabricating ground truth.,low
REV_06636_C19_A01,REV_06636,REV_06636_C19,6635,Worth a shot with Zomato Gold,Price / Value,Annotated,,Price / Value,Annotated,,unresolved,Genuinely ambiguous / rhetorical statement or insufficient context to definitively infer evaluative sentiment. Left unresolved to prevent fabricating ground truth.,low
REV_06648_C05_A01,REV_06648,REV_06648_C05,6647,"Since we were not drinking, the menu also seemed very limited",Food,Annotated,,Food,Annotated,,unresolved,Genuinely ambiguous / rhetorical statement or insufficient context to definitively infer evaluative sentiment. Left unresolved to prevent fabricating ground truth.,low
REV_06648_C06_A01,REV_06648,REV_06648_C06,6647,Go there if you wanna drink n snack,Food,Annotated,,Food,Annotated,,unresolved,Genuinely ambiguous / rhetorical statement or insufficient context to definitively infer evaluative sentiment. Left unresolved to prevent fabricating ground truth.,low
REV_06656_C01_A01,REV_06656,REV_06656_C01,6655,Been here in the evening and at the right place to get a view of the busy city road and enjoy a sip of chilling drink,Ambience,Annotated,,Ambience,Annotated,,unresolved,Genuinely ambiguous / rhetorical statement or insufficient context to definitively infer evaluative sentiment. Left unresolved to prevent fabricating ground truth.,low
REV_06656_C01_A02,REV_06656,REV_06656_C01,6655,Been here in the evening and at the right place to get a view of the busy city road and enjoy a sip of chilling drink,Food,Annotated,,Food,Annotated,,unresolved,Genuinely ambiguous / rhetorical statement or insufficient context to definitively infer evaluative sentiment. Left unresolved to prevent fabricating ground truth.,low
REV_06660_C03_A01,REV_06660,REV_06660_C03,6659,We tried veg platter and schezwan noodles,Food,Annotated,,,No Aspect Opinion,,changed,Reclassified procedural order / transaction narrative without evaluative opinion to 'No Aspect Opinion',high
REV_06660_C05_A01,REV_06660,REV_06660_C05,6659,Lots of brews available,Food,Annotated,,Food,Annotated,,unresolved,Genuinely ambiguous / rhetorical statement or insufficient context to definitively infer evaluative sentiment. Left unresolved to prevent fabricating ground truth.,low
REV_06669_C03_A01,REV_06669,REV_06669_C03,6668,Food,Food,Annotated,,,No Aspect Opinion,,changed,Reclassified factual entity mention / procedural statement without evaluative opinion to 'No Aspect Opinion',high
REV_06669_C07_A01,REV_06669,REV_06669_C07,6668,The drinks i felt are overpriced,Price / Value,Annotated,,Price / Value,Annotated,Negative,changed,Filled omitted sentiment as 'Negative' for aspect 'Price / Value' based on explicit evaluative opinion in clause,high
REV_06675_C05_A01,REV_06675,REV_06675_C05,6674,Kudos to the team for serving us,Service,Annotated,,Service,Annotated,,unresolved,Genuinely ambiguous / rhetorical statement or insufficient context to definitively infer evaluative sentiment. Left unresolved to prevent fabricating ground truth.,low
REV_06681_C02_A01,REV_06681,REV_06681_C02,6680,Definitely I will suggest this restaurant to everyone,General Experience,Annotated,,General Experience,Annotated,,unresolved,Genuinely ambiguous / rhetorical statement or insufficient context to definitively infer evaluative sentiment. Left unresolved to prevent fabricating ground truth.,low
REV_06681_C04_A01,REV_06681,REV_06681_C04,6680,And all the staffs are very polite and well mannered,Service,Annotated,,Service,Annotated,,unresolved,Genuinely ambiguous / rhetorical statement or insufficient context to definitively infer evaluative sentiment. Left unresolved to prevent fabricating ground truth.,low
REV_06681_C05_A01,REV_06681,REV_06681_C05,6680,Mr suvendu and Narendra served us the best,Service,Annotated,,Service,Annotated,,unresolved,Genuinely ambiguous / rhetorical statement or insufficient context to definitively infer evaluative sentiment. Left unresolved to prevent fabricating ground truth.,low
REV_06683_C01_A01,REV_06683,REV_06683_C01,6682,"Polite and friendly staf, you get new items on request",Service,Annotated,,Service,Annotated,,unresolved,Genuinely ambiguous / rhetorical statement or insufficient context to definitively infer evaluative sentiment. Left unresolved to prevent fabricating ground truth.,low
REV_06683_C03_A01,REV_06683,REV_06683_C03,6682,satisfactory,General Experience,Annotated,,General Experience,Annotated,,unresolved,Genuinely ambiguous / rhetorical statement or insufficient context to definitively infer evaluative sentiment. Left unresolved to prevent fabricating ground truth.,low
REV_06683_C05_A01,REV_06683,REV_06683_C05,6682,Can visit,General Experience,Annotated,,General Experience,Annotated,,unresolved,Genuinely ambiguous / rhetorical statement or insufficient context to definitively infer evaluative sentiment. Left unresolved to prevent fabricating ground truth.,low
REV_06693_C02_A01,REV_06693,REV_06693_C02,6692,Pan shot Rabbdi n ice cream,Food,Annotated,,Food,Annotated,,unresolved,Genuinely ambiguous / rhetorical statement or insufficient context to definitively infer evaluative sentiment. Left unresolved to prevent fabricating ground truth.,low
REV_06702_C02_A01,REV_06702,REV_06702_C02,6701,Shaqeel was really helpful and on his toes to cater to us the whole time,General Experience,Annotated,,General Experience,Annotated,,unresolved,Genuinely ambiguous / rhetorical statement or insufficient context to definitively infer evaluative sentiment. Left unresolved to prevent fabricating ground truth.,low
REV_06711_C02_A01,REV_06711,REV_06711_C02,6710,Sakin and subendro were very friendly there,Service,Annotated,,Service,Annotated,,unresolved,Genuinely ambiguous / rhetorical statement or insufficient context to definitively infer evaluative sentiment. Left unresolved to prevent fabricating ground truth.,low
REV_06715_C07_A01,REV_06715,REV_06715_C07,6714,That is a negative of the management over there,Service,Annotated,,Service,Annotated,,unresolved,Genuinely ambiguous / rhetorical statement or insufficient context to definitively infer evaluative sentiment. Left unresolved to prevent fabricating ground truth.,low
REV_06715_C08_A01,REV_06715,REV_06715_C08,6714,Coming to the food,Food,Annotated,,Food,Annotated,,unresolved,Genuinely ambiguous / rhetorical statement or insufficient context to definitively infer evaluative sentiment. Left unresolved to prevent fabricating ground truth.,low
REV_06715_C20_A01,REV_06715,REV_06715_C20,6714,Only one rice item,Food,Annotated,,Food,Annotated,,unresolved,Genuinely ambiguous / rhetorical statement or insufficient context to definitively infer evaluative sentiment. Left unresolved to prevent fabricating ground truth.,low
REV_06715_C25_A01,REV_06715,REV_06715_C25,6714,3 desi sweets and as usual pastries cakes and pudding,Food,Annotated,,,No Aspect Opinion,,changed,Reclassified procedural order / transaction narrative without evaluative opinion to 'No Aspect Opinion',high
REV_06715_C26_A01,REV_06715,REV_06715_C26,6714,And lastly the people working over there forces us to give 5 rating on zomato even before we complete our lunch and leave out,General Experience,Annotated,,,No Aspect Opinion,,changed,Reclassified procedural order / transaction narrative without evaluative opinion to 'No Aspect Opinion',high
REV_06718_C02_A01,REV_06718,REV_06718_C02,6717,Only things is biryani cud have been better,Food,Annotated,,Food,Annotated,,unresolved,Genuinely ambiguous / rhetorical statement or insufficient context to definitively infer evaluative sentiment. Left unresolved to prevent fabricating ground truth.,low
REV_06718_C04_A01,REV_06718,REV_06718_C04,6717,Make a prebooking otherwise getting table is difficult,Ambience,Annotated,,Ambience,Annotated,,unresolved,Genuinely ambiguous / rhetorical statement or insufficient context to definitively infer evaluative sentiment. Left unresolved to prevent fabricating ground truth.,low
REV_06733_C02_A01,REV_06733,REV_06733_C02,6732,Thankyou Raza subendhu and Ashraful and UK were really helpful and polite in serving the food,Food,Annotated,,Food,Annotated,,unresolved,Genuinely ambiguous / rhetorical statement or insufficient context to definitively infer evaluative sentiment. Left unresolved to prevent fabricating ground truth.,low
REV_06733_C02_A02,REV_06733,REV_06733_C02,6732,Thankyou Raza subendhu and Ashraful and UK were really helpful and polite in serving the food,Service,Annotated,,Service,Annotated,,unresolved,Genuinely ambiguous / rhetorical statement or insufficient context to definitively infer evaluative sentiment. Left unresolved to prevent fabricating ground truth.,low
REV_06735_C01_A01,REV_06735,REV_06735_C01,6734,Food ok,Food,Annotated,,Food,Annotated,,unresolved,Genuinely ambiguous / rhetorical statement or insufficient context to definitively infer evaluative sentiment. Left unresolved to prevent fabricating ground truth.,low
REV_06756_C03_A01,REV_06756,REV_06756_C03,6755,The food quality was excellent,Food,Annotated,,Food,Annotated,,unresolved,Genuinely ambiguous / rhetorical statement or insufficient context to definitively infer evaluative sentiment. Left unresolved to prevent fabricating ground truth.,low
REV_06756_C05_A01,REV_06756,REV_06756_C05,6755,Ambience,Ambience,Annotated,,,No Aspect Opinion,,changed,Reclassified factual entity mention / procedural statement without evaluative opinion to 'No Aspect Opinion',high
REV_06756_C06_A01,REV_06756,REV_06756_C06,6755,5 star for the prices you pay for,Price / Value,Annotated,,,No Aspect Opinion,,changed,Reclassified procedural order / transaction narrative without evaluative opinion to 'No Aspect Opinion',high
REV_06756_C07_A01,REV_06756,REV_06756_C07,6755,Service- 5 star,Service,Annotated,,,No Aspect Opinion,,changed,Reclassified procedural order / transaction narrative without evaluative opinion to 'No Aspect Opinion',high
REV_06769_C08_A01,REV_06769,REV_06769_C08,6768,Then moving on to the grill they had chicken fish and prawns on BBQ in non veg,Food,Annotated,,,No Aspect Opinion,,changed,Reclassified procedural order / transaction narrative without evaluative opinion to 'No Aspect Opinion',high
REV_06769_C10_A01,REV_06769,REV_06769_C10,6768,chicken was a little hard,Food,Annotated,,Food,Annotated,,unresolved,Genuinely ambiguous / rhetorical statement or insufficient context to definitively infer evaluative sentiment. Left unresolved to prevent fabricating ground truth.,low
REV_06769_C11_A01,REV_06769,REV_06769_C11,6768,In vegetarian paneer mushroom and pineapple were served,Food,Annotated,,,No Aspect Opinion,,changed,Reclassified procedural order / transaction narrative without evaluative opinion to 'No Aspect Opinion',high
REV_06769_C11_A02,REV_06769,REV_06769_C11,6768,In vegetarian paneer mushroom and pineapple were served,Service,Annotated,,,No Aspect Opinion,,changed,Reclassified procedural order / transaction narrative without evaluative opinion to 'No Aspect Opinion',high
REV_06769_C17_A01,REV_06769,REV_06769_C17,6768,We were almost filled with starters,Food,Annotated,,Food,Annotated,,unresolved,Genuinely ambiguous / rhetorical statement or insufficient context to definitively infer evaluative sentiment. Left unresolved to prevent fabricating ground truth.,low
REV_06769_C20_A01,REV_06769,REV_06769_C20,6768,Crab curry and mutter paneer,Food,Annotated,,Food,Annotated,,unresolved,Genuinely ambiguous / rhetorical statement or insufficient context to definitively infer evaluative sentiment. Left unresolved to prevent fabricating ground truth.,low
REV_06769_C21_A01,REV_06769,REV_06769_C21,6768,And in desserts,Food,Annotated,,Food,Annotated,,unresolved,Genuinely ambiguous / rhetorical statement or insufficient context to definitively infer evaluative sentiment. Left unresolved to prevent fabricating ground truth.,low
REV_06771_C01_A01,REV_06771,REV_06771_C01,6770,This place is highly recommended,General Experience,Annotated,,General Experience,Annotated,Positive,changed,Filled omitted sentiment as 'Positive' for aspect 'General Experience' based on explicit evaluative opinion in clause,high
REV_06771_C03_A01,REV_06771,REV_06771_C03,6770,Basically u ca order any of the two’s menu from one table,Ambience,Annotated,,Ambience,Annotated,,unresolved,Genuinely ambiguous / rhetorical statement or insufficient context to definitively infer evaluative sentiment. Left unresolved to prevent fabricating ground truth.,low
REV_06771_C03_A02,REV_06771,REV_06771_C03,6770,Basically u ca order any of the two’s menu from one table,Food,Annotated,,Food,Annotated,,unresolved,Genuinely ambiguous / rhetorical statement or insufficient context to definitively infer evaluative sentiment. Left unresolved to prevent fabricating ground truth.,low
REV_06771_C03_A03,REV_06771,REV_06771_C03,6770,Basically u ca order any of the two’s menu from one table,Service,Annotated,,Service,Annotated,,unresolved,Genuinely ambiguous / rhetorical statement or insufficient context to definitively infer evaluative sentiment. Left unresolved to prevent fabricating ground truth.,low
REV_06771_C05_A01,REV_06771,REV_06771_C05,6770,"Urban Asia has asian food like chinese, thai food, etc",Food,Annotated,,Food,Annotated,,unresolved,Genuinely ambiguous / rhetorical statement or insufficient context to definitively infer evaluative sentiment. Left unresolved to prevent fabricating ground truth.,low
REV_06771_C10_A01,REV_06771,REV_06771_C10,6770,"Subba’s secret recipe noodles was gravy noodles with lots of veggies, mushroom, chicken",Food,Annotated,,Food,Annotated,,unresolved,Genuinely ambiguous / rhetorical statement or insufficient context to definitively infer evaluative sentiment. Left unresolved to prevent fabricating ground truth.,low
REV_06771_C12_A01,REV_06771,REV_06771_C12,6770,Sanghai Fried Rice was a mixed of noodles and rice in which noodles was more than the rice,Food,Annotated,,Food,Annotated,,unresolved,Genuinely ambiguous / rhetorical statement or insufficient context to definitively infer evaluative sentiment. Left unresolved to prevent fabricating ground truth.,low
REV_06771_C13_A01,REV_06771,REV_06771_C13,6770,Taste was 5/5,Food,Annotated,,,No Aspect Opinion,,changed,Reclassified procedural order / transaction narrative without evaluative opinion to 'No Aspect Opinion',high
REV_06781_C03_A01,REV_06781,REV_06781_C03,6780,checked out Menu for having different thing and ordered starter Corn and Cheese Crudettes in smoked Butter Garlic,Food,Annotated,,,No Aspect Opinion,,changed,Reclassified procedural order / transaction narrative without evaluative opinion to 'No Aspect Opinion',high
REV_06783_C01_A01,REV_06783,REV_06783_C01,6782,Used to be a frequent visitor at this place,General Experience,Annotated,,General Experience,Annotated,,unresolved,Genuinely ambiguous / rhetorical statement or insufficient context to definitively infer evaluative sentiment. Left unresolved to prevent fabricating ground truth.,low
REV_06783_C03_A01,REV_06783,REV_06783_C03,6782,Food was aweful to taste,Food,Annotated,,Food,Annotated,,unresolved,Genuinely ambiguous / rhetorical statement or insufficient context to definitively infer evaluative sentiment. Left unresolved to prevent fabricating ground truth.,low
REV_06789_C01_A01,REV_06789,REV_06789_C01,6788,The food was not made well,Food,Annotated,,Food,Annotated,,unresolved,Genuinely ambiguous / rhetorical statement or insufficient context to definitively infer evaluative sentiment. Left unresolved to prevent fabricating ground truth.,low
REV_06789_C02_A01,REV_06789,REV_06789_C02,6788,the service needs a lot of improvement,Service,Annotated,,Service,Annotated,,unresolved,Genuinely ambiguous / rhetorical statement or insufficient context to definitively infer evaluative sentiment. Left unresolved to prevent fabricating ground truth.,low
REV_06793_C07_A01,REV_06793,REV_06793_C07,6792,Had ordered Lotus leaf fried rice,Food,Annotated,,,No Aspect Opinion,,changed,Reclassified factual entity mention / procedural statement without evaluative opinion to 'No Aspect Opinion',high
REV_06793_C08_A01,REV_06793,REV_06793_C08,6792,but that neither had any distinguishing flavor of lotus leaf nor a hint of chili oil,Food,Annotated,,,No Aspect Opinion,,changed,Reclassified procedural order / transaction narrative without evaluative opinion to 'No Aspect Opinion',high
REV_06793_C09_A01,REV_06793,REV_06793_C09,6792,but what lets you down is the service,Service,Annotated,,Service,Annotated,,unresolved,Genuinely ambiguous / rhetorical statement or insufficient context to definitively infer evaluative sentiment. Left unresolved to prevent fabricating ground truth.,low
REV_06793_C10_A01,REV_06793,REV_06793_C10,6792,Too SLOW,Service,Annotated,,Service,Annotated,,unresolved,Genuinely ambiguous / rhetorical statement or insufficient context to definitively infer evaluative sentiment. Left unresolved to prevent fabricating ground truth.,low
REV_06793_C11_A01,REV_06793,REV_06793_C11,6792,And they also goofed up on the Zomato 1+1 food offer,Food,Annotated,,,No Aspect Opinion,,changed,Reclassified procedural order / transaction narrative without evaluative opinion to 'No Aspect Opinion',high
REV_06814_C04_A01,REV_06814,REV_06814_C04,6813,"The buffet had dumplings, sushi, which I felt were food for buffet",Food,Annotated,,,No Aspect Opinion,,changed,Reclassified procedural order / transaction narrative without evaluative opinion to 'No Aspect Opinion',high
REV_06814_C05_A01,REV_06814,REV_06814_C05,6813,We we in mood to eat proper Chinese,Food,Annotated,,Food,Annotated,,unresolved,Genuinely ambiguous / rhetorical statement or insufficient context to definitively infer evaluative sentiment. Left unresolved to prevent fabricating ground truth.,low
REV_06814_C06_A01,REV_06814,REV_06814_C06,6813,"We ordered a pork dimsum, stir fried chicken starter",Food,Annotated,,,No Aspect Opinion,,changed,Reclassified factual entity mention / procedural statement without evaluative opinion to 'No Aspect Opinion',high
REV_06814_C07_A01,REV_06814,REV_06814_C07,6813,Another chicken main course and fried rice,Food,Annotated,,Food,Annotated,,unresolved,Genuinely ambiguous / rhetorical statement or insufficient context to definitively infer evaluative sentiment. Left unresolved to prevent fabricating ground truth.,low
REV_06814_C11_A01,REV_06814,REV_06814_C11,6813,Also they had so 91 bucks extra S,Price / Value,Annotated,,,No Aspect Opinion,,changed,Reclassified procedural order / transaction narrative without evaluative opinion to 'No Aspect Opinion',high
REV_06814_C13_A01,REV_06814,REV_06814_C13,6813,Which made us change the bill again,Price / Value,Annotated,,,No Aspect Opinion,,changed,Reclassified procedural order / transaction narrative without evaluative opinion to 'No Aspect Opinion',high
REV_06814_C13_A02,REV_06814,REV_06814_C13,6813,Which made us change the bill again,Service,Annotated,,,No Aspect Opinion,,changed,Reclassified procedural order / transaction narrative without evaluative opinion to 'No Aspect Opinion',high
REV_06814_C18_A01,REV_06814,REV_06814_C18,6813,Can come back again for another turn of Chinese,General Experience,Annotated,,General Experience,Annotated,Positive,changed,Filled omitted sentiment as 'Positive' for aspect 'General Experience' based on explicit evaluative opinion in clause,high
REV_06816_C01_A01,REV_06816,REV_06816_C01,6815,Went here for a family dinner on a weeknight,Food,Annotated,,Food,Annotated,,unresolved,Genuinely ambiguous / rhetorical statement or insufficient context to definitively infer evaluative sentiment. Left unresolved to prevent fabricating ground truth.,low
REV_06816_C07_A01,REV_06816,REV_06816_C07,6815,Budget,Price / Value,Annotated,,Price / Value,Annotated,,unresolved,Genuinely ambiguous / rhetorical statement or insufficient context to definitively infer evaluative sentiment. Left unresolved to prevent fabricating ground truth.,low
REV_06816_C10_A01,REV_06816,REV_06816_C10,6815,Lots of little desserts,Food,Annotated,,Food,Annotated,,unresolved,Genuinely ambiguous / rhetorical statement or insufficient context to definitively infer evaluative sentiment. Left unresolved to prevent fabricating ground truth.,low
REV_06834_C01_A01,REV_06834,REV_06834_C01,6833,"It is two restaurants under the same roof, really don't know why so, because they present you the menu of both at either place",Food,Annotated,,Food,Annotated,,unresolved,Genuinely ambiguous / rhetorical statement or insufficient context to definitively infer evaluative sentiment. Left unresolved to prevent fabricating ground truth.,low
REV_06834_C05_A01,REV_06834,REV_06834_C05,6833,"The service, on the other hand, is a little disappointing probably because of the confusion between the restaurants",Service,Annotated,,Service,Annotated,,unresolved,Genuinely ambiguous / rhetorical statement or insufficient context to definitively infer evaluative sentiment. Left unresolved to prevent fabricating ground truth.,low
REV_06848_C11_A01,REV_06848,REV_06848_C11,6847,"One can give it a try, especially those Chinese food lovers",Food,Annotated,,Food,Annotated,,unresolved,Genuinely ambiguous / rhetorical statement or insufficient context to definitively infer evaluative sentiment. Left unresolved to prevent fabricating ground truth.,low
REV_06856_C01_A01,REV_06856,REV_06856_C01,6855,I went there for lunch with an high expectation,General Experience,Annotated,,General Experience,Annotated,,unresolved,Genuinely ambiguous / rhetorical statement or insufficient context to definitively infer evaluative sentiment. Left unresolved to prevent fabricating ground truth.,low
REV_06856_C04_A01,REV_06856,REV_06856_C04,6855,for non veg buffet was little disappointing,General Experience,Annotated,,General Experience,Annotated,,unresolved,Genuinely ambiguous / rhetorical statement or insufficient context to definitively infer evaluative sentiment. Left unresolved to prevent fabricating ground truth.,low
REV_06856_C06_A01,REV_06856,REV_06856_C06,6855,Till this all the experience was moreover ok,General Experience,Annotated,,General Experience,Annotated,,unresolved,Genuinely ambiguous / rhetorical statement or insufficient context to definitively infer evaluative sentiment. Left unresolved to prevent fabricating ground truth.,low
REV_06856_C07_A01,REV_06856,REV_06856_C07,6855,at the end when the payment part came they provided a bill without GST numbers,Price / Value,Annotated,,,No Aspect Opinion,,changed,Reclassified procedural order / transaction narrative without evaluative opinion to 'No Aspect Opinion',high
REV_06856_C07_A02,REV_06856,REV_06856_C07,6855,at the end when the payment part came they provided a bill without GST numbers,Service,Annotated,,,No Aspect Opinion,,changed,Reclassified procedural order / transaction narrative without evaluative opinion to 'No Aspect Opinion',high
REV_06860_C02_A01,REV_06860,REV_06860_C02,6859,To my surprise it was not overcrowed so I was relieved that i could enjoy my lunch,General Experience,Annotated,,General Experience,Annotated,,unresolved,Genuinely ambiguous / rhetorical statement or insufficient context to definitively infer evaluative sentiment. Left unresolved to prevent fabricating ground truth.,low
REV_06867_C04_A01,REV_06867,REV_06867_C04,6866,One does start feeling the aura of fine dine,Ambience,Annotated,,Ambience,Annotated,,unresolved,Genuinely ambiguous / rhetorical statement or insufficient context to definitively infer evaluative sentiment. Left unresolved to prevent fabricating ground truth.,low
REV_06867_C07_A01,REV_06867,REV_06867_C07,6866,"Vegetable chilli sticks (1st pic) is a must for all vegetarians here ,if felt really satiating having tasted one of the best Chinese dish I ever ordered (5/5)",Food,Annotated,,Food,Annotated,,unresolved,Genuinely ambiguous / rhetorical statement or insufficient context to definitively infer evaluative sentiment. Left unresolved to prevent fabricating ground truth.,low
REV_06867_C19_A01,REV_06867,REV_06867_C19,6866,Final verdict,General Experience,Annotated,,General Experience,Annotated,,unresolved,Genuinely ambiguous / rhetorical statement or insufficient context to definitively infer evaluative sentiment. Left unresolved to prevent fabricating ground truth.,low
REV_06867_C22_A01,REV_06867,REV_06867_C22,6866,visit here frequently,General Experience,Annotated,,General Experience,Annotated,,unresolved,Genuinely ambiguous / rhetorical statement or insufficient context to definitively infer evaluative sentiment. Left unresolved to prevent fabricating ground truth.,low
REV_06869_C04_A01,REV_06869,REV_06869_C04,6868,We were ignored for more than half an hour despite calling for the waiters multiple times,Service,Annotated,,Service,Annotated,,unresolved,Genuinely ambiguous / rhetorical statement or insufficient context to definitively infer evaluative sentiment. Left unresolved to prevent fabricating ground truth.,low
REV_06869_C07_A01,REV_06869,REV_06869_C07,6868,Roasted chilli and basil chicken:3.5/5,Food,Annotated,,,No Aspect Opinion,,changed,Reclassified procedural order / transaction narrative without evaluative opinion to 'No Aspect Opinion',high
REV_06869_C10_A01,REV_06869,REV_06869_C10,6868,Sushi platter:4.5/5,Food,Annotated,,,No Aspect Opinion,,changed,Reclassified procedural order / transaction narrative without evaluative opinion to 'No Aspect Opinion',high
REV_06871_C04_A01,REV_06871,REV_06871_C04,6870,only problem is Ac is not working,Ambience,Annotated,,Ambience,Annotated,,unresolved,Genuinely ambiguous / rhetorical statement or insufficient context to definitively infer evaluative sentiment. Left unresolved to prevent fabricating ground truth.,low
REV_06881_C03_A01,REV_06881,REV_06881_C03,6880,The food was okay,Food,Annotated,,Food,Annotated,Neutral,changed,Filled omitted sentiment as 'Neutral' for aspect 'Food' based on explicit evaluative opinion in clause,high
REV_06881_C06_A01,REV_06881,REV_06881_C06,6880,We had been here for dinner and it took us a,Food,Annotated,,,No Aspect Opinion,,changed,Reclassified procedural order / transaction narrative without evaluative opinion to 'No Aspect Opinion',high
REV_06881_C07_A01,REV_06881,REV_06881_C07,6880,to figure out that both urban Asia and Eat India company are together,Food,Annotated,,Food,Annotated,,unresolved,Genuinely ambiguous / rhetorical statement or insufficient context to definitively infer evaluative sentiment. Left unresolved to prevent fabricating ground truth.,low
REV_06883_C05_A01,REV_06883,REV_06883_C05,6882,"When we reach there, we asked waiter to suggest their best sellers in starters and main course",Food,Annotated,,Food,Annotated,,unresolved,Genuinely ambiguous / rhetorical statement or insufficient context to definitively infer evaluative sentiment. Left unresolved to prevent fabricating ground truth.,low
REV_06883_C05_A02,REV_06883,REV_06883_C05,6882,"When we reach there, we asked waiter to suggest their best sellers in starters and main course",Service,Annotated,,Service,Annotated,,unresolved,Genuinely ambiguous / rhetorical statement or insufficient context to definitively infer evaluative sentiment. Left unresolved to prevent fabricating ground truth.,low
REV_06883_C07_A01,REV_06883,REV_06883_C07,6882,They were not trained enough to speak confidently about the items mentioned in the menu,Food,Annotated,,Food,Annotated,,unresolved,Genuinely ambiguous / rhetorical statement or insufficient context to definitively infer evaluative sentiment. Left unresolved to prevent fabricating ground truth.,low
REV_06883_C09_A01,REV_06883,REV_06883_C09,6882,The order arrived after 15 minutes,Service,Annotated,,,No Aspect Opinion,,changed,Reclassified procedural order / transaction narrative without evaluative opinion to 'No Aspect Opinion',high
REV_06883_C13_A01,REV_06883,REV_06883_C13,6882,"In main course, we had patiala shahi paneer",Food,Annotated,,,No Aspect Opinion,,changed,Reclassified procedural order / transaction narrative without evaluative opinion to 'No Aspect Opinion',high
REV_06883_C17_A01,REV_06883,REV_06883_C17,6882,"After having such a horrifying experience, they included 5% tips for their waiters",General Experience,Annotated,,,No Aspect Opinion,,changed,Reclassified procedural order / transaction narrative without evaluative opinion to 'No Aspect Opinion',high
REV_06883_C18_A01,REV_06883,REV_06883_C18,6882,Think before you visit this place,Ambience,Annotated,,Ambience,Annotated,,unresolved,Genuinely ambiguous / rhetorical statement or insufficient context to definitively infer evaluative sentiment. Left unresolved to prevent fabricating ground truth.,low
REV_06883_C19_A01,REV_06883,REV_06883_C19,6882,"And in any circumstance, if you are visiting, beware of this waiter tip and you have right to remove it from your bill",Price / Value,Annotated,,,No Aspect Opinion,,changed,Reclassified procedural order / transaction narrative without evaluative opinion to 'No Aspect Opinion',high
REV_06883_C19_A02,REV_06883,REV_06883_C19,6882,"And in any circumstance, if you are visiting, beware of this waiter tip and you have right to remove it from your bill",Service,Annotated,,,No Aspect Opinion,,changed,Reclassified procedural order / transaction narrative without evaluative opinion to 'No Aspect Opinion',high
REV_06893_C02_A01,REV_06893,REV_06893_C02,6892,You can randomly choose any item from the menu and be assured that you will not regreat,Food,Annotated,,Food,Annotated,,unresolved,Genuinely ambiguous / rhetorical statement or insufficient context to definitively infer evaluative sentiment. Left unresolved to prevent fabricating ground truth.,low
REV_06893_C03_A01,REV_06893,REV_06893_C03,6892,Staffs in the restaurant are quite professional,Service,Annotated,,Service,Annotated,,unresolved,Genuinely ambiguous / rhetorical statement or insufficient context to definitively infer evaluative sentiment. Left unresolved to prevent fabricating ground truth.,low
REV_06897_C06_A01,REV_06897,REV_06897_C06,6896,"We opted for buffet, here also they served fusion of both the restaurant",Service,Annotated,,,No Aspect Opinion,,changed,Reclassified procedural order / transaction narrative without evaluative opinion to 'No Aspect Opinion',high
REV_06897_C07_A01,REV_06897,REV_06897_C07,6896,For example they served chicken sorba for non-veg and Khaw-Souy for veg,Food,Annotated,,,No Aspect Opinion,,changed,Reclassified procedural order / transaction narrative without evaluative opinion to 'No Aspect Opinion',high
REV_06897_C07_A02,REV_06897,REV_06897_C07,6896,For example they served chicken sorba for non-veg and Khaw-Souy for veg,Service,Annotated,,,No Aspect Opinion,,changed,Reclassified procedural order / transaction narrative without evaluative opinion to 'No Aspect Opinion',high
REV_06903_C10_A01,REV_06903,REV_06903_C10,6902,I was pretty excited about going to this place,General Experience,Annotated,,General Experience,Annotated,,unresolved,Genuinely ambiguous / rhetorical statement or insufficient context to definitively infer evaluative sentiment. Left unresolved to prevent fabricating ground truth.,low
REV_06934_C13_A01,REV_06934,REV_06934_C13,6933,One word review: Can try once,General Experience,Annotated,,General Experience,Annotated,,unresolved,Genuinely ambiguous / rhetorical statement or insufficient context to definitively infer evaluative sentiment. Left unresolved to prevent fabricating ground truth.,low
REV_06936_C05_A01,REV_06936,REV_06936_C05,6935,For eg the noodles came first,Food,Annotated,,Food,Annotated,,unresolved,Genuinely ambiguous / rhetorical statement or insufficient context to definitively infer evaluative sentiment. Left unresolved to prevent fabricating ground truth.,low
REV_06936_C06_A01,REV_06936,REV_06936_C06,6935,the gravy came only only half the noodles were finished,Food,Annotated,,Food,Annotated,,unresolved,Genuinely ambiguous / rhetorical statement or insufficient context to definitively infer evaluative sentiment. Left unresolved to prevent fabricating ground truth.,low
REV_06936_C07_A01,REV_06936,REV_06936_C07,6935,The server too looked bit tired indicating it was end of his shift,Service,Annotated,,Service,Annotated,,unresolved,Genuinely ambiguous / rhetorical statement or insufficient context to definitively infer evaluative sentiment. Left unresolved to prevent fabricating ground truth.,low
REV_06936_C09_A01,REV_06936,REV_06936_C09,6935,"4.5 star for food, 3 star for service",Food,Annotated,,,No Aspect Opinion,,changed,Reclassified procedural order / transaction narrative without evaluative opinion to 'No Aspect Opinion',high
REV_06936_C09_A02,REV_06936,REV_06936_C09,6935,"4.5 star for food, 3 star for service",Service,Annotated,,,No Aspect Opinion,,changed,Reclassified procedural order / transaction narrative without evaluative opinion to 'No Aspect Opinion',high
REV_06983_C03_A01,REV_06983,REV_06983_C03,6982,"One of the best in Hyderabad, especially the red velvet cupcakes",General Experience,Annotated,,General Experience,Annotated,,unresolved,Genuinely ambiguous / rhetorical statement or insufficient context to definitively infer evaluative sentiment. Left unresolved to prevent fabricating ground truth.,low
REV_06983_C04_A01,REV_06983,REV_06983_C04,6982,It is a bit on the pricier side,Price / Value,Annotated,,Price / Value,Annotated,,unresolved,Genuinely ambiguous / rhetorical statement or insufficient context to definitively infer evaluative sentiment. Left unresolved to prevent fabricating ground truth.,low
REV_06989_C09_A01,REV_06989,REV_06989_C09,6988,My first and last visit today,General Experience,Annotated,,General Experience,Annotated,,unresolved,Genuinely ambiguous / rhetorical statement or insufficient context to definitively infer evaluative sentiment. Left unresolved to prevent fabricating ground truth.,low
REV_06993_C02_A01,REV_06993,REV_06993_C02,6992,My sister aspires to start her own bakery and holds Labonel Fine Baking in high regard,Food,Annotated,,Food,Annotated,,unresolved,Genuinely ambiguous / rhetorical statement or insufficient context to definitively infer evaluative sentiment. Left unresolved to prevent fabricating ground truth.,low
REV_06993_C09_A01,REV_06993,REV_06993_C09,6992,"So, not only was i expected to drop whatever i was doing at a moment's notice i believe they expected me to teleport to their store",Service,Annotated,,Service,Annotated,,unresolved,Genuinely ambiguous / rhetorical statement or insufficient context to definitively infer evaluative sentiment. Left unresolved to prevent fabricating ground truth.,low
REV_06993_C14_A01,REV_06993,REV_06993_C14,6992,there was no response,Service,Annotated,,Service,Annotated,,unresolved,Genuinely ambiguous / rhetorical statement or insufficient context to definitively infer evaluative sentiment. Left unresolved to prevent fabricating ground truth.,low
REV_06993_C20_A01,REV_06993,REV_06993_C20,6992,"I know I will not be repeating the mistake of ordering something from this place and to anyone who reads this, you have been warned :)",General Experience,Annotated,,General Experience,Annotated,,unresolved,Genuinely ambiguous / rhetorical statement or insufficient context to definitively infer evaluative sentiment. Left unresolved to prevent fabricating ground truth.,low
REV_06997_C05_A01,REV_06997,REV_06997_C05,6996,This bakery makes me happy,General Experience,Annotated,,General Experience,Annotated,,unresolved,Genuinely ambiguous / rhetorical statement or insufficient context to definitively infer evaluative sentiment. Left unresolved to prevent fabricating ground truth.,low
REV_06997_C08_A01,REV_06997,REV_06997_C08,6996,"A fine carrot cake cupcake that almost makes you feel like you're eating ""healthy"" until you eat the luscious cream cheese frosting",Food,Annotated,,Food,Annotated,,unresolved,Genuinely ambiguous / rhetorical statement or insufficient context to definitively infer evaluative sentiment. Left unresolved to prevent fabricating ground truth.,low
REV_07011_C02_A01,REV_07011,REV_07011_C02,7010,And to be honest I did not like it much I would prefer a cheese cake from FSM,Food,Annotated,,Food,Annotated,,unresolved,Genuinely ambiguous / rhetorical statement or insufficient context to definitively infer evaluative sentiment. Left unresolved to prevent fabricating ground truth.,low
REV_07011_C04_A01,REV_07011,REV_07011_C04,7010,I would recommend to try them,General Experience,Annotated,,General Experience,Annotated,,unresolved,Genuinely ambiguous / rhetorical statement or insufficient context to definitively infer evaluative sentiment. Left unresolved to prevent fabricating ground truth.,low
REV_07013_C02_A01,REV_07013,REV_07013_C02,7012,It's definitely one of the best patisseries in Hyderabad and every branch of it's lives upto the expectations,General Experience,Annotated,,General Experience,Annotated,,unresolved,Genuinely ambiguous / rhetorical statement or insufficient context to definitively infer evaluative sentiment. Left unresolved to prevent fabricating ground truth.,low
REV_07035_C03_A01,REV_07035,REV_07035_C03,7034,Before the pickup I just called them to check if the cake is ready and they simply say there is no order on my name at all,Service,Annotated,,Service,Annotated,,unresolved,Genuinely ambiguous / rhetorical statement or insufficient context to definitively infer evaluative sentiment. Left unresolved to prevent fabricating ground truth.,low
REV_07047_C05_A01,REV_07047,REV_07047_C05,7046,The price is a bit steep though,Price / Value,Annotated,,Price / Value,Annotated,,unresolved,Genuinely ambiguous / rhetorical statement or insufficient context to definitively infer evaluative sentiment. Left unresolved to prevent fabricating ground truth.,low
REV_07047_C06_A01,REV_07047,REV_07047_C06,7046,"but an occasional indulgence which the product is meant for anyway, is perfectly fine",Food,Annotated,,Food,Annotated,,unresolved,Genuinely ambiguous / rhetorical statement or insufficient context to definitively infer evaluative sentiment. Left unresolved to prevent fabricating ground truth.,low
REV_07055_C02_A01,REV_07055,REV_07055_C02,7054,The bakery is just fantastic and has some of the best brownies and cupcakes you could hope for,General Experience,Annotated,,General Experience,Annotated,,unresolved,Genuinely ambiguous / rhetorical statement or insufficient context to definitively infer evaluative sentiment. Left unresolved to prevent fabricating ground truth.,low
REV_07059_C09_A01,REV_07059,REV_07059_C09,7058,"I almost travelled 20 km from my place to collect my @ order and due to heavy traffic, I reached the place exactly 5 min late from their closing time",Service,Annotated,,,No Aspect Opinion,,changed,Reclassified procedural order / transaction narrative without evaluative opinion to 'No Aspect Opinion',high
REV_07059_C13_A01,REV_07059,REV_07059_C13,7058,I said I will come in 5 min they said they will wait,Service,Annotated,,,No Aspect Opinion,,changed,Reclassified procedural order / transaction narrative without evaluative opinion to 'No Aspect Opinion',high
REV_07059_C16_A01,REV_07059,REV_07059_C16,7058,What an awful service,Service,Annotated,,Service,Annotated,,unresolved,Genuinely ambiguous / rhetorical statement or insufficient context to definitively infer evaluative sentiment. Left unresolved to prevent fabricating ground truth.,low
REV_07059_C17_A01,REV_07059,REV_07059_C17,7058,"If you have a big party, please don't rely and order anything from this place",Service,Annotated,,Service,Annotated,,unresolved,Genuinely ambiguous / rhetorical statement or insufficient context to definitively infer evaluative sentiment. Left unresolved to prevent fabricating ground truth.,low
REV_07066_C03_A01,REV_07066,REV_07066_C03,7065,once you taste their cake i am sure you'll forget what you paid,Food,Annotated,,,No Aspect Opinion,,changed,Reclassified procedural order / transaction narrative without evaluative opinion to 'No Aspect Opinion',high
REV_07071_C03_A01,REV_07071,REV_07071_C03,7070,"Coffee was fantastic and Mushroom, Corn and Jalapeño Pizza was out of this world",Food,Annotated,,Food,Annotated,,unresolved,Genuinely ambiguous / rhetorical statement or insufficient context to definitively infer evaluative sentiment. Left unresolved to prevent fabricating ground truth.,low
REV_07081_C02_A01,REV_07081,REV_07081_C02,7080,Must try,General Experience,Annotated,,General Experience,Annotated,,unresolved,Genuinely ambiguous / rhetorical statement or insufficient context to definitively infer evaluative sentiment. Left unresolved to prevent fabricating ground truth.,low
REV_07083_C03_A01,REV_07083,REV_07083_C03,7082,"Spacious, evergreen english songs eg Nirvana, Bryan Adams, on the back ground",Ambience,Annotated,,Ambience,Annotated,,unresolved,Genuinely ambiguous / rhetorical statement or insufficient context to definitively infer evaluative sentiment. Left unresolved to prevent fabricating ground truth.,low
REV_07083_C07_A01,REV_07083,REV_07083_C07,7082,Recommended if you care the ambiance and coffee more than the food items,Ambience,Annotated,,Ambience,Annotated,,unresolved,Genuinely ambiguous / rhetorical statement or insufficient context to definitively infer evaluative sentiment. Left unresolved to prevent fabricating ground truth.,low
REV_07083_C07_A02,REV_07083,REV_07083_C07,7082,Recommended if you care the ambiance and coffee more than the food items,Food,Annotated,,Food,Annotated,,unresolved,Genuinely ambiguous / rhetorical statement or insufficient context to definitively infer evaluative sentiment. Left unresolved to prevent fabricating ground truth.,low
REV_07083_C07_A03,REV_07083,REV_07083_C07,7082,Recommended if you care the ambiance and coffee more than the food items,General Experience,Annotated,,General Experience,Annotated,,unresolved,Genuinely ambiguous / rhetorical statement or insufficient context to definitively infer evaluative sentiment. Left unresolved to prevent fabricating ground truth.,low
REV_07094_C01_A01,REV_07094,REV_07094_C01,7093,#DRIVEN CAFE,Food,Annotated,,Food,Annotated,,unresolved,Genuinely ambiguous / rhetorical statement or insufficient context to definitively infer evaluative sentiment. Left unresolved to prevent fabricating ground truth.,low
REV_07094_C04_A01,REV_07094,REV_07094_C04,7093,This place is well setup in gachibowli near sheraton Hotel,General Experience,Annotated,,General Experience,Annotated,,unresolved,Genuinely ambiguous / rhetorical statement or insufficient context to definitively infer evaluative sentiment. Left unresolved to prevent fabricating ground truth.,low
REV_07094_C08_A01,REV_07094,REV_07094_C08,7093,The walnut brownies was one of my favourites on their menu,Food,Annotated,,Food,Annotated,,unresolved,Genuinely ambiguous / rhetorical statement or insufficient context to definitively infer evaluative sentiment. Left unresolved to prevent fabricating ground truth.,low
REV_07114_C02_A01,REV_07114,REV_07114_C02,7113,I always wanted to visit this cafe since it's launch,General Experience,Annotated,,General Experience,Annotated,,unresolved,Genuinely ambiguous / rhetorical statement or insufficient context to definitively infer evaluative sentiment. Left unresolved to prevent fabricating ground truth.,low
REV_07116_C02_A01,REV_07116,REV_07116_C02,7115,These fantastic machines will definitely enthral your looks,General Experience,Annotated,,General Experience,Annotated,,unresolved,Genuinely ambiguous / rhetorical statement or insufficient context to definitively infer evaluative sentiment. Left unresolved to prevent fabricating ground truth.,low
REV_07116_C03_A01,REV_07116,REV_07116_C03,7115,"Coming to the ambience the environment of the place looks like you're literally sitting in a garage, between few superbikes",Ambience,Annotated,,Ambience,Annotated,,unresolved,Genuinely ambiguous / rhetorical statement or insufficient context to definitively infer evaluative sentiment. Left unresolved to prevent fabricating ground truth.,low
REV_07119_C02_A01,REV_07119,REV_07119_C02,7118,the ambience too,Ambience,Annotated,,Ambience,Annotated,,unresolved,Genuinely ambiguous / rhetorical statement or insufficient context to definitively infer evaluative sentiment. Left unresolved to prevent fabricating ground truth.,low
REV_07134_C02_A01,REV_07134,REV_07134_C02,7133,One of the most authentic places for coffee in Hyderabad,General Experience,Annotated,,General Experience,Annotated,,unresolved,Genuinely ambiguous / rhetorical statement or insufficient context to definitively infer evaluative sentiment. Left unresolved to prevent fabricating ground truth.,low
REV_07134_C04_A01,REV_07134,REV_07134_C04,7133,as a coffee connoisseur they made me happy,General Experience,Annotated,,General Experience,Annotated,,unresolved,Genuinely ambiguous / rhetorical statement or insufficient context to definitively infer evaluative sentiment. Left unresolved to prevent fabricating ground truth.,low
REV_07136_C02_A01,REV_07136,REV_07136_C02,7135,It was super diluted (read 'water' ) and tasteless,Food,Annotated,,Food,Annotated,Negative,changed,Filled omitted sentiment as 'Negative' for aspect 'Food' based on explicit evaluative opinion in clause,high
REV_07147_C01_A01,REV_07147,REV_07147_C01,7146,"Well been to this place for 4 times now, the reason being it's unique ambience, peace and the opportunity nto spend quality time",Ambience,Annotated,,,No Aspect Opinion,,changed,Reclassified procedural order / transaction narrative without evaluative opinion to 'No Aspect Opinion',high
REV_07147_C01_A02,REV_07147,REV_07147_C01,7146,"Well been to this place for 4 times now, the reason being it's unique ambience, peace and the opportunity nto spend quality time",Food,Annotated,,,No Aspect Opinion,,changed,Reclassified procedural order / transaction narrative without evaluative opinion to 'No Aspect Opinion',high
REV_07166_C02_A01,REV_07166,REV_07166_C02,7165,A place for grabbing quick bites,Service,Annotated,,Service,Annotated,,unresolved,Genuinely ambiguous / rhetorical statement or insufficient context to definitively infer evaluative sentiment. Left unresolved to prevent fabricating ground truth.,low
REV_07170_C03_A01,REV_07170,REV_07170_C03,7169,Overall satisfied with the taste and service,Food,Annotated,,Food,Annotated,,unresolved,Genuinely ambiguous / rhetorical statement or insufficient context to definitively infer evaluative sentiment. Left unresolved to prevent fabricating ground truth.,low
REV_07170_C03_A02,REV_07170,REV_07170_C03,7169,Overall satisfied with the taste and service,Service,Annotated,,Service,Annotated,,unresolved,Genuinely ambiguous / rhetorical statement or insufficient context to definitively infer evaluative sentiment. Left unresolved to prevent fabricating ground truth.,low
REV_07174_C02_A01,REV_07174,REV_07174_C02,7173,"They accept orders, take money and then they don't deliver food",Food,Annotated,,Food,Annotated,,unresolved,Genuinely ambiguous / rhetorical statement or insufficient context to definitively infer evaluative sentiment. Left unresolved to prevent fabricating ground truth.,low
REV_07174_C02_A02,REV_07174,REV_07174_C02,7173,"They accept orders, take money and then they don't deliver food",Price / Value,Annotated,,Price / Value,Annotated,,unresolved,Genuinely ambiguous / rhetorical statement or insufficient context to definitively infer evaluative sentiment. Left unresolved to prevent fabricating ground truth.,low
REV_07174_C03_A01,REV_07174,REV_07174_C03,7173,It's happening continuously with Faasos managed restaurants,Service,Annotated,,Service,Annotated,,unresolved,Genuinely ambiguous / rhetorical statement or insufficient context to definitively infer evaluative sentiment. Left unresolved to prevent fabricating ground truth.,low
REV_07174_C04_A01,REV_07174,REV_07174_C04,7173,Had a similar experience with their Ovenstory pizza as well,Food,Annotated,,,No Aspect Opinion,,changed,Reclassified procedural order / transaction narrative without evaluative opinion to 'No Aspect Opinion',high
REV_07174_C04_A02,REV_07174,REV_07174_C04,7173,Had a similar experience with their Ovenstory pizza as well,General Experience,Annotated,,,No Aspect Opinion,,changed,Reclassified procedural order / transaction narrative without evaluative opinion to 'No Aspect Opinion',high
REV_07174_C06_A01,REV_07174,REV_07174_C06,7173,I think my money for Faasos order is also gone,Price / Value,Annotated,,Price / Value,Annotated,,unresolved,Genuinely ambiguous / rhetorical statement or insufficient context to definitively infer evaluative sentiment. Left unresolved to prevent fabricating ground truth.,low
REV_07174_C06_A02,REV_07174,REV_07174_C06,7173,I think my money for Faasos order is also gone,Service,Annotated,,Service,Annotated,,unresolved,Genuinely ambiguous / rhetorical statement or insufficient context to definitively infer evaluative sentiment. Left unresolved to prevent fabricating ground truth.,low
REV_07180_C06_A01,REV_07180,REV_07180_C06,7179,when I called restaurant they didn’t agree to send me correct order and asked me to contact zomato which I couldn’t get in touch with,Service,Annotated,,Service,Annotated,,unresolved,Genuinely ambiguous / rhetorical statement or insufficient context to definitively infer evaluative sentiment. Left unresolved to prevent fabricating ground truth.,low
REV_07188_C02_A01,REV_07188,REV_07188_C02,7187,Ordered their chicken cheese melt roll,Food,Annotated,,,No Aspect Opinion,,changed,Reclassified factual entity mention / procedural statement without evaluative opinion to 'No Aspect Opinion',high
REV_07192_C02_A01,REV_07192,REV_07192_C02,7191,"It had Kuttu Aata parathas, Paneer curry, Sabudana vada",Food,Annotated,,,No Aspect Opinion,,changed,Reclassified procedural order / transaction narrative without evaluative opinion to 'No Aspect Opinion',high
REV_07196_C02_A01,REV_07196,REV_07196_C02,7195,Ordered the Singhada aloo paratha and panner makhanwala meal,Food,Annotated,,,No Aspect Opinion,,changed,Reclassified factual entity mention / procedural statement without evaluative opinion to 'No Aspect Opinion',high
REV_07201_C02_A01,REV_07201,REV_07201_C02,7200,I ordered sabudana meal,Food,Annotated,,,No Aspect Opinion,,changed,Reclassified factual entity mention / procedural statement without evaluative opinion to 'No Aspect Opinion',high
REV_07201_C13_A01,REV_07201,REV_07201_C13,7200,coz i already reviewed the delivery once which somehow got deleted,Service,Annotated,,,No Aspect Opinion,,changed,Reclassified procedural order / transaction narrative without evaluative opinion to 'No Aspect Opinion',high
REV_07217_C01_A01,REV_07217,REV_07217_C01,7216,Recently I ordered Cheese melt chicken wrap and Masala chicken tikka wrap,Food,Annotated,,,No Aspect Opinion,,changed,Reclassified procedural order / transaction narrative without evaluative opinion to 'No Aspect Opinion',high
REV_07235_C04_A01,REV_07235,REV_07235_C04,7234,Taste,Food,Annotated,,,No Aspect Opinion,,changed,Reclassified factual entity mention / procedural statement without evaluative opinion to 'No Aspect Opinion',high
REV_07235_C06_A01,REV_07235,REV_07235_C06,7234,I have tried various rice bowls from menu,Food,Annotated,,,No Aspect Opinion,,changed,Reclassified procedural order / transaction narrative without evaluative opinion to 'No Aspect Opinion',high
REV_07246_C01_A01,REV_07246,REV_07246_C01,7245,Highly overpriced,Price / Value,Annotated,,Price / Value,Annotated,Negative,changed,Filled omitted sentiment as 'Negative' for aspect 'Price / Value' based on explicit evaluative opinion in clause,high
REV_07254_C06_A01,REV_07254,REV_07254_C06,7253,Overall if you are looking for NO SALAD only chicken wraps which are my kind of things faasos won't disappoint you for sure,Food,Annotated,,Food,Annotated,,unresolved,Genuinely ambiguous / rhetorical statement or insufficient context to definitively infer evaluative sentiment. Left unresolved to prevent fabricating ground truth.,low
REV_07265_C02_A01,REV_07265,REV_07265_C02,7264,150 bucks for an omlette and some meat,Price / Value,Annotated,,,No Aspect Opinion,,changed,Reclassified procedural order / transaction narrative without evaluative opinion to 'No Aspect Opinion',high
REV_07265_C04_A01,REV_07265,REV_07265_C04,7264,your outrageous prices are driving me away,Price / Value,Annotated,,Price / Value,Annotated,,unresolved,Genuinely ambiguous / rhetorical statement or insufficient context to definitively infer evaluative sentiment. Left unresolved to prevent fabricating ground truth.,low
REV_07265_C06_A01,REV_07265,REV_07265_C06,7264,someone who would like to enjoy your sausage roll once again without having to take another loan,Service,Annotated,,Service,Annotated,,unresolved,Genuinely ambiguous / rhetorical statement or insufficient context to definitively infer evaluative sentiment. Left unresolved to prevent fabricating ground truth.,low
REV_07279_C04_A01,REV_07279,REV_07279_C04,7278,Can order when u feel for Dum,Service,Annotated,,Service,Annotated,,unresolved,Genuinely ambiguous / rhetorical statement or insufficient context to definitively infer evaluative sentiment. Left unresolved to prevent fabricating ground truth.,low
REV_07287_C06_A01,REV_07287,REV_07287_C06,7286,I think its waste of time to visit,General Experience,Annotated,,General Experience,Annotated,,unresolved,Genuinely ambiguous / rhetorical statement or insufficient context to definitively infer evaluative sentiment. Left unresolved to prevent fabricating ground truth.,low
REV_07304_C01_A01,REV_07304,REV_07304_C01,7303,I have ordered from here one veg biryani and one dum chicken biryani for two people,Food,Annotated,,,No Aspect Opinion,,changed,Reclassified factual entity mention / procedural statement without evaluative opinion to 'No Aspect Opinion',high
REV_07304_C04_A01,REV_07304,REV_07304_C04,7303,Taste 5/5,Food,Annotated,,,No Aspect Opinion,,changed,Reclassified procedural order / transaction narrative without evaluative opinion to 'No Aspect Opinion',high
REV_07347_C01_A01,REV_07347,REV_07347_C01,7346,Nestled between the hustle bustle of Gachibowli is a small cafe OMBC,Food,Annotated,,Food,Annotated,,unresolved,Genuinely ambiguous / rhetorical statement or insufficient context to definitively infer evaluative sentiment. Left unresolved to prevent fabricating ground truth.,low
REV_07347_C03_A01,REV_07347,REV_07347_C03,7346,"Having visited the cafe a handful of times, some of our favourites include the everything bagel, chocochip cookies, margherita pizza and the banana cake",Food,Annotated,,Food,Annotated,,unresolved,Genuinely ambiguous / rhetorical statement or insufficient context to definitively infer evaluative sentiment. Left unresolved to prevent fabricating ground truth.,low
REV_07347_C06_A01,REV_07347,REV_07347_C06,7346,Sometimes we have received our pizzas before the muffins,Service,Annotated,,Service,Annotated,,unresolved,Genuinely ambiguous / rhetorical statement or insufficient context to definitively infer evaluative sentiment. Left unresolved to prevent fabricating ground truth.,low
REV_07347_C08_A01,REV_07347,REV_07347_C08,7346,This place is perfect for an outing with friends or even for work meetings and offers a wide range of choice from savoury to sweets,General Experience,Annotated,,General Experience,Annotated,,unresolved,Genuinely ambiguous / rhetorical statement or insufficient context to definitively infer evaluative sentiment. Left unresolved to prevent fabricating ground truth.,low
REV_07351_C03_A01,REV_07351,REV_07351_C03,7350,The staff was quite uncourteous and turned is it quite impolitely,Service,Annotated,,Service,Annotated,,unresolved,Genuinely ambiguous / rhetorical statement or insufficient context to definitively infer evaluative sentiment. Left unresolved to prevent fabricating ground truth.,low
REV_07357_C01_A01,REV_07357,REV_07357_C01,7356,This bakery is present in a prime location,Ambience,Annotated,,Ambience,Annotated,,unresolved,Genuinely ambiguous / rhetorical statement or insufficient context to definitively infer evaluative sentiment. Left unresolved to prevent fabricating ground truth.,low
REV_07357_C04_A01,REV_07357,REV_07357_C04,7356,"I tried blueberry cake and 🍄 mushroom makhni 🥪 sandwich here, neither of which was upto the mark",Food,Annotated,,,No Aspect Opinion,,changed,Reclassified procedural order / transaction narrative without evaluative opinion to 'No Aspect Opinion',high
REV_07359_C01_A01,REV_07359,REV_07359_C01,7358,Wonderful cream cheese bagels,Food,Annotated,,Food,Annotated,,unresolved,Genuinely ambiguous / rhetorical statement or insufficient context to definitively infer evaluative sentiment. Left unresolved to prevent fabricating ground truth.,low
REV_07359_C04_A01,REV_07359,REV_07359_C04,7358,The bagels are very nicely toasted and had a very generous amount of cream cheese on them,Food,Annotated,,,No Aspect Opinion,,changed,Reclassified procedural order / transaction narrative without evaluative opinion to 'No Aspect Opinion',high
REV_07369_C02_A01,REV_07369,REV_07369_C02,7368,"Ordered a few things- tomato basil soup, chicken sandwich, Madras filter coffee, mushroom soup, chocolate pastry and chilli cheese toast",Food,Annotated,,,No Aspect Opinion,,changed,Reclassified factual entity mention / procedural statement without evaluative opinion to 'No Aspect Opinion',high
REV_07387_C02_A01,REV_07387,REV_07387_C02,7386,Although little did we know how incredibly disrespectful the staff really is,Service,Annotated,,Service,Annotated,,unresolved,Genuinely ambiguous / rhetorical statement or insufficient context to definitively infer evaluative sentiment. Left unresolved to prevent fabricating ground truth.,low
REV_07387_C04_A01,REV_07387,REV_07387_C04,7386,"10 minutes later one of the staff folks comes back saying "" are you sure there is a hair """,Service,Annotated,,,No Aspect Opinion,,changed,Reclassified procedural order / transaction narrative without evaluative opinion to 'No Aspect Opinion',high
REV_07391_C03_A01,REV_07391,REV_07391_C03,7390,My favourite is the Blueberry muffin which one should definitely try,Food,Annotated,,Food,Annotated,,unresolved,Genuinely ambiguous / rhetorical statement or insufficient context to definitively infer evaluative sentiment. Left unresolved to prevent fabricating ground truth.,low
REV_07394_C01_A01,REV_07394,REV_07394_C01,7393,Beautiful and classy set up of a bakery with real essence of baking ingrained,General Experience,Annotated,,General Experience,Annotated,,unresolved,Genuinely ambiguous / rhetorical statement or insufficient context to definitively infer evaluative sentiment. Left unresolved to prevent fabricating ground truth.,low
REV_07394_C03_A01,REV_07394,REV_07394_C03,7393,This place is a bliss for bread lovers,General Experience,Annotated,,General Experience,Annotated,,unresolved,Genuinely ambiguous / rhetorical statement or insufficient context to definitively infer evaluative sentiment. Left unresolved to prevent fabricating ground truth.,low
REV_07411_C02_A01,REV_07411,REV_07411_C02,7410,So we stuck to their menu,Food,Annotated,,Food,Annotated,,unresolved,Genuinely ambiguous / rhetorical statement or insufficient context to definitively infer evaluative sentiment. Left unresolved to prevent fabricating ground truth.,low
REV_07411_C03_A01,REV_07411,REV_07411_C03,7410,"We had ordered Hot Chocolate, Apple Iced Tea, Chicken Melt Sandwich and Fizzy Lemonade",Food,Annotated,,,No Aspect Opinion,,changed,Reclassified factual entity mention / procedural statement without evaluative opinion to 'No Aspect Opinion',high
REV_07428_C04_A01,REV_07428,REV_07428_C04,7427,the service would make your soul and heart happy 😃,Service,Annotated,,Service,Annotated,,unresolved,Genuinely ambiguous / rhetorical statement or insufficient context to definitively infer evaluative sentiment. Left unresolved to prevent fabricating ground truth.,low
REV_07442_C02_A01,REV_07442,REV_07442_C02,7441,The service was prompt,Service,Annotated,,Service,Annotated,Positive,changed,Filled omitted sentiment as 'Positive' for aspect 'Service' based on explicit evaluative opinion in clause,high
REV_07456_C01_A01,REV_07456,REV_07456_C01,7455,I was at lime for buffet once,General Experience,Annotated,,General Experience,Annotated,,unresolved,Genuinely ambiguous / rhetorical statement or insufficient context to definitively infer evaluative sentiment. Left unresolved to prevent fabricating ground truth.,low
REV_07456_C02_A01,REV_07456,REV_07456_C02,7455,I was just really surprised to see the quality of food for the price they offered,Food,Annotated,,Food,Annotated,,unresolved,Genuinely ambiguous / rhetorical statement or insufficient context to definitively infer evaluative sentiment. Left unresolved to prevent fabricating ground truth.,low
REV_07456_C02_A02,REV_07456,REV_07456_C02,7455,I was just really surprised to see the quality of food for the price they offered,Price / Value,Annotated,,Price / Value,Annotated,,unresolved,Genuinely ambiguous / rhetorical statement or insufficient context to definitively infer evaluative sentiment. Left unresolved to prevent fabricating ground truth.,low
REV_07456_C06_A01,REV_07456,REV_07456_C06,7455,Dinesh,Food,Annotated,,Food,Annotated,,unresolved,Genuinely ambiguous / rhetorical statement or insufficient context to definitively infer evaluative sentiment. Left unresolved to prevent fabricating ground truth.,low
REV_07456_C07_A01,REV_07456,REV_07456_C07,7455,Met him and decided the menu,Food,Annotated,,Food,Annotated,,unresolved,Genuinely ambiguous / rhetorical statement or insufficient context to definitively infer evaluative sentiment. Left unresolved to prevent fabricating ground truth.,low
REV_07456_C11_A01,REV_07456,REV_07456_C11,7455,The starters were yummiest amongst all,Food,Annotated,,Food,Annotated,,unresolved,Genuinely ambiguous / rhetorical statement or insufficient context to definitively infer evaluative sentiment. Left unresolved to prevent fabricating ground truth.,low
REV_07456_C12_A01,REV_07456,REV_07456_C12,7455,Baby corn chilli garlic is the best,Food,Annotated,,Food,Annotated,,unresolved,Genuinely ambiguous / rhetorical statement or insufficient context to definitively infer evaluative sentiment. Left unresolved to prevent fabricating ground truth.,low
REV_07456_C15_A01,REV_07456,REV_07456_C15,7455,It was lemonade kind,Food,Annotated,,Food,Annotated,,unresolved,Genuinely ambiguous / rhetorical statement or insufficient context to definitively infer evaluative sentiment. Left unresolved to prevent fabricating ground truth.,low
REV_07456_C17_A01,REV_07456,REV_07456_C17,7455,enjoying it alot,General Experience,Annotated,,General Experience,Annotated,,unresolved,Genuinely ambiguous / rhetorical statement or insufficient context to definitively infer evaluative sentiment. Left unresolved to prevent fabricating ground truth.,low
REV_07456_C19_A01,REV_07456,REV_07456_C19,7455,the menu,Food,Annotated,,Food,Annotated,,unresolved,Genuinely ambiguous / rhetorical statement or insufficient context to definitively infer evaluative sentiment. Left unresolved to prevent fabricating ground truth.,low
REV_07456_C21_A01,REV_07456,REV_07456_C21,7455,Elders were surprised to see that in a restaurant they could get it,General Experience,Annotated,,General Experience,Annotated,,unresolved,Genuinely ambiguous / rhetorical statement or insufficient context to definitively infer evaluative sentiment. Left unresolved to prevent fabricating ground truth.,low
REV_07458_C01_A01,REV_07458,REV_07458_C01,7457,Excellent place for family get together,Ambience,Annotated,,Ambience,Annotated,,unresolved,Genuinely ambiguous / rhetorical statement or insufficient context to definitively infer evaluative sentiment. Left unresolved to prevent fabricating ground truth.,low
REV_07464_C01_A01,REV_07464,REV_07464_C01,7463,Food & presentation is superbbbbbb,Food,Annotated,,Food,Annotated,,unresolved,Genuinely ambiguous / rhetorical statement or insufficient context to definitively infer evaluative sentiment. Left unresolved to prevent fabricating ground truth.,low
REV_07464_C02_A01,REV_07464,REV_07464_C02,7463,We gave catering contract to lime (Mr Dinesh) for my son's bday party,Food,Annotated,,Food,Annotated,,unresolved,Genuinely ambiguous / rhetorical statement or insufficient context to definitively infer evaluative sentiment. Left unresolved to prevent fabricating ground truth.,low
REV_07464_C05_A01,REV_07464,REV_07464_C05,7463,Food was ready on time,Food,Annotated,,Food,Annotated,,unresolved,Genuinely ambiguous / rhetorical statement or insufficient context to definitively infer evaluative sentiment. Left unresolved to prevent fabricating ground truth.,low
REV_07464_C09_A01,REV_07464,REV_07464_C09,7463,Not to miss that the staff was courageous,Service,Annotated,,Service,Annotated,,unresolved,Genuinely ambiguous / rhetorical statement or insufficient context to definitively infer evaluative sentiment. Left unresolved to prevent fabricating ground truth.,low
REV_07468_C01_A01,REV_07468,REV_07468_C01,7467,I had been for a quick bday treat with my friends,Service,Annotated,,Service,Annotated,,unresolved,Genuinely ambiguous / rhetorical statement or insufficient context to definitively infer evaluative sentiment. Left unresolved to prevent fabricating ground truth.,low
REV_07468_C03_A01,REV_07468,REV_07468_C03,7467,but believe me all of us enjoyed the food over there,Food,Annotated,,Food,Annotated,Positive,changed,Filled omitted sentiment as 'Positive' for aspect 'Food' based on explicit evaluative opinion in clause,high
REV_07472_C03_A01,REV_07472,REV_07472_C03,7471,the service was par excellence,Service,Annotated,,Service,Annotated,,unresolved,Genuinely ambiguous / rhetorical statement or insufficient context to definitively infer evaluative sentiment. Left unresolved to prevent fabricating ground truth.,low
REV_07472_C08_A01,REV_07472,REV_07472_C08,7471,I would really recommend lime for their quality and service,Food,Annotated,,Food,Annotated,,unresolved,Genuinely ambiguous / rhetorical statement or insufficient context to definitively infer evaluative sentiment. Left unresolved to prevent fabricating ground truth.,low
REV_07472_C08_A02,REV_07472,REV_07472_C08,7471,I would really recommend lime for their quality and service,General Experience,Annotated,,General Experience,Annotated,,unresolved,Genuinely ambiguous / rhetorical statement or insufficient context to definitively infer evaluative sentiment. Left unresolved to prevent fabricating ground truth.,low
REV_07472_C08_A03,REV_07472,REV_07472_C08,7471,I would really recommend lime for their quality and service,Service,Annotated,,Service,Annotated,,unresolved,Genuinely ambiguous / rhetorical statement or insufficient context to definitively infer evaluative sentiment. Left unresolved to prevent fabricating ground truth.,low
REV_07477_C02_A01,REV_07477,REV_07477_C02,7476,Food was excellent,Food,Annotated,,Food,Annotated,,unresolved,Genuinely ambiguous / rhetorical statement or insufficient context to definitively infer evaluative sentiment. Left unresolved to prevent fabricating ground truth.,low
REV_07489_C04_A01,REV_07489,REV_07489_C04,7488,For a small scale party recently I took their catering services and I must say all my guests and family were delighted with the diverse menu as well as quality of food,Food,Annotated,,Food,Annotated,,unresolved,Genuinely ambiguous / rhetorical statement or insufficient context to definitively infer evaluative sentiment. Left unresolved to prevent fabricating ground truth.,low
REV_07491_C01_A01,REV_07491,REV_07491_C01,7490,Went for a lunch buffet on a Monday and the restaurant was not crowded,Ambience,Annotated,,,No Aspect Opinion,,changed,Reclassified factual entity mention / procedural statement without evaluative opinion to 'No Aspect Opinion',high
REV_07494_C03_A01,REV_07494,REV_07494_C03,7493,Since it is located inside roads no hassle of traffic sound,Ambience,Annotated,,Ambience,Annotated,,unresolved,Genuinely ambiguous / rhetorical statement or insufficient context to definitively infer evaluative sentiment. Left unresolved to prevent fabricating ground truth.,low
REV_07548_C01_A01,REV_07548,REV_07548_C01,7547,I have been to khaan saab couple of days before before i went there i have gone through all the reviews in zomato and i was amazed with those reviews(paid reviews),General Experience,Annotated,,,No Aspect Opinion,,changed,Reclassified procedural order / transaction narrative without evaluative opinion to 'No Aspect Opinion',high
REV_07548_C02_A01,REV_07548,REV_07548_C02,7547,The worse experience i had at khaan saab,General Experience,Annotated,,,No Aspect Opinion,,changed,Reclassified procedural order / transaction narrative without evaluative opinion to 'No Aspect Opinion',high
REV_07548_C03_A01,REV_07548,REV_07548_C03,7547,Cons: worse hospitality,Service,Annotated,,Service,Annotated,,unresolved,Genuinely ambiguous / rhetorical statement or insufficient context to definitively infer evaluative sentiment. Left unresolved to prevent fabricating ground truth.,low
REV_07548_C07_A01,REV_07548,REV_07548_C07,7547,I have paid 2000 for 3 dishes,Food,Annotated,,,No Aspect Opinion,,changed,Reclassified procedural order / transaction narrative without evaluative opinion to 'No Aspect Opinion',high
REV_07548_C09_A01,REV_07548,REV_07548_C09,7547,paid reviews,General Experience,Annotated,,,No Aspect Opinion,,changed,Reclassified procedural order / transaction narrative without evaluative opinion to 'No Aspect Opinion',high
REV_07556_C02_A01,REV_07556,REV_07556_C02,7555,The meal was satisfying,Food,Annotated,,Food,Annotated,,unresolved,Genuinely ambiguous / rhetorical statement or insufficient context to definitively infer evaluative sentiment. Left unresolved to prevent fabricating ground truth.,low
REV_07556_C04_A01,REV_07556,REV_07556_C04,7555,We would like to visit the place again,General Experience,Annotated,,General Experience,Annotated,,unresolved,Genuinely ambiguous / rhetorical statement or insufficient context to definitively infer evaluative sentiment. Left unresolved to prevent fabricating ground truth.,low
REV_07562_C01_A01,REV_07562,REV_07562_C01,7561,Was high on expectations after visiting khaan Saab in GVK,General Experience,Annotated,,General Experience,Annotated,,unresolved,Genuinely ambiguous / rhetorical statement or insufficient context to definitively infer evaluative sentiment. Left unresolved to prevent fabricating ground truth.,low
REV_07570_C02_A01,REV_07570,REV_07570_C02,7569,unfortunately there was no buffet serving on Friday’s that thing I was not knowing,Food,Annotated,,Food,Annotated,,unresolved,Genuinely ambiguous / rhetorical statement or insufficient context to definitively infer evaluative sentiment. Left unresolved to prevent fabricating ground truth.,low
REV_07575_C05_A01,REV_07575,REV_07575_C05,7574,no intimation before we order,Service,Annotated,,Service,Annotated,,unresolved,Genuinely ambiguous / rhetorical statement or insufficient context to definitively infer evaluative sentiment. Left unresolved to prevent fabricating ground truth.,low
REV_07587_C02_A01,REV_07587,REV_07587_C02,7586,I had chicken and mutton biryani,Food,Annotated,,,No Aspect Opinion,,changed,Reclassified procedural order / transaction narrative without evaluative opinion to 'No Aspect Opinion',high
REV_07587_C08_A01,REV_07587,REV_07587_C08,7586,the lighting could be more improved,Ambience,Annotated,,Ambience,Annotated,,unresolved,Genuinely ambiguous / rhetorical statement or insufficient context to definitively infer evaluative sentiment. Left unresolved to prevent fabricating ground truth.,low
REV_07589_C01_A01,REV_07589,REV_07589_C01,7588,Food(4/5)- We had chicken Tikka biryani and mutton biryani,Food,Annotated,,,No Aspect Opinion,,changed,Reclassified procedural order / transaction narrative without evaluative opinion to 'No Aspect Opinion',high
REV_07589_C08_A01,REV_07589,REV_07589_C08,7588,They were attentive and brought all the demanded things swiftly,Service,Annotated,,,No Aspect Opinion,,changed,Reclassified procedural order / transaction narrative without evaluative opinion to 'No Aspect Opinion',high
REV_07592_C05_A01,REV_07592,REV_07592_C05,7591,"Food- we ordered kurmure cheese kebab, Kadhai paneer kashmiri",Food,Annotated,,,No Aspect Opinion,,changed,Reclassified procedural order / transaction narrative without evaluative opinion to 'No Aspect Opinion',high
REV_07592_C06_A01,REV_07592,REV_07592_C06,7591,and garlic naan,Food,Annotated,,Food,Annotated,,unresolved,Genuinely ambiguous / rhetorical statement or insufficient context to definitively infer evaluative sentiment. Left unresolved to prevent fabricating ground truth.,low
REV_07607_C05_A01,REV_07607,REV_07607_C05,7606,one of the best kebab i have had in the city,Food,Annotated,,Food,Annotated,,unresolved,Genuinely ambiguous / rhetorical statement or insufficient context to definitively infer evaluative sentiment. Left unresolved to prevent fabricating ground truth.,low
REV_07609_C03_A01,REV_07609,REV_07609_C03,7608,It was totally a soul warming meal,Food,Annotated,,Food,Annotated,,unresolved,Genuinely ambiguous / rhetorical statement or insufficient context to definitively infer evaluative sentiment. Left unresolved to prevent fabricating ground truth.,low
REV_07621_C02_A01,REV_07621,REV_07621_C02,7620,U can feel relaxed here,Ambience,Annotated,,Ambience,Annotated,,unresolved,Genuinely ambiguous / rhetorical statement or insufficient context to definitively infer evaluative sentiment. Left unresolved to prevent fabricating ground truth.,low
REV_07633_C04_A01,REV_07633,REV_07633_C04,7632,Biryani full of masala and little rice,Food,Annotated,,Food,Annotated,,unresolved,Genuinely ambiguous / rhetorical statement or insufficient context to definitively infer evaluative sentiment. Left unresolved to prevent fabricating ground truth.,low
REV_07633_C05_A01,REV_07633,REV_07633_C05,7632,Jyadha masala thoda rice,Food,Annotated,,Food,Annotated,,unresolved,Genuinely ambiguous / rhetorical statement or insufficient context to definitively infer evaluative sentiment. Left unresolved to prevent fabricating ground truth.,low
REV_07633_C09_A01,REV_07633,REV_07633_C09,7632,One water bottle cost is 47Rs,Price / Value,Annotated,,Price / Value,Annotated,,unresolved,Genuinely ambiguous / rhetorical statement or insufficient context to definitively infer evaluative sentiment. Left unresolved to prevent fabricating ground truth.,low
REV_07640_C02_A01,REV_07640,REV_07640_C02,7639,the food needs improvement in all the aspects,Food,Annotated,,Food,Annotated,,unresolved,Genuinely ambiguous / rhetorical statement or insufficient context to definitively infer evaluative sentiment. Left unresolved to prevent fabricating ground truth.,low
REV_07640_C05_A01,REV_07640,REV_07640_C05,7639,the food quality has to be improved,Food,Annotated,,Food,Annotated,,unresolved,Genuinely ambiguous / rhetorical statement or insufficient context to definitively infer evaluative sentiment. Left unresolved to prevent fabricating ground truth.,low
REV_07642_C03_A01,REV_07642,REV_07642_C03,7641,The ambience inside and the interiors were definitely apt to their punch line,Ambience,Annotated,,Ambience,Annotated,,unresolved,Genuinely ambiguous / rhetorical statement or insufficient context to definitively infer evaluative sentiment. Left unresolved to prevent fabricating ground truth.,low
REV_07642_C05_A01,REV_07642,REV_07642_C05,7641,We ordered main course only as we were way too hungry,Food,Annotated,,,No Aspect Opinion,,changed,Reclassified factual entity mention / procedural statement without evaluative opinion to 'No Aspect Opinion',high
REV_07642_C19_A01,REV_07642,REV_07642_C19,7641,However we ordered only 2 and when the food arrived we understood why the waiter said so in the first place,Food,Annotated,,,No Aspect Opinion,,changed,Reclassified procedural order / transaction narrative without evaluative opinion to 'No Aspect Opinion',high
REV_07642_C19_A02,REV_07642,REV_07642_C19,7641,However we ordered only 2 and when the food arrived we understood why the waiter said so in the first place,Service,Annotated,,,No Aspect Opinion,,changed,Reclassified procedural order / transaction narrative without evaluative opinion to 'No Aspect Opinion',high
REV_07642_C20_A01,REV_07642,REV_07642_C20,7641,So we ordered one side dish later on and enjoyed the food,Food,Annotated,,Food,Annotated,Positive,changed,Filled omitted sentiment as 'Positive' for aspect 'Food' based on explicit evaluative opinion in clause,high
REV_07642_C21_A01,REV_07642,REV_07642_C21,7641,The taste and the quality was really excellent for all the money,Food,Annotated,,Food,Annotated,,unresolved,Genuinely ambiguous / rhetorical statement or insufficient context to definitively infer evaluative sentiment. Left unresolved to prevent fabricating ground truth.,low
REV_07642_C21_A02,REV_07642,REV_07642_C21,7641,The taste and the quality was really excellent for all the money,Price / Value,Annotated,,Price / Value,Annotated,,unresolved,Genuinely ambiguous / rhetorical statement or insufficient context to definitively infer evaluative sentiment. Left unresolved to prevent fabricating ground truth.,low
REV_07642_C26_A01,REV_07642,REV_07642_C26,7641,They charge GST,Price / Value,Annotated,,Price / Value,Annotated,,unresolved,Genuinely ambiguous / rhetorical statement or insufficient context to definitively infer evaluative sentiment. Left unresolved to prevent fabricating ground truth.,low
REV_07642_C27_A01,REV_07642,REV_07642_C27,7641,they charge water at such a idiotic price,Price / Value,Annotated,,Price / Value,Annotated,,unresolved,Genuinely ambiguous / rhetorical statement or insufficient context to definitively infer evaluative sentiment. Left unresolved to prevent fabricating ground truth.,low
REV_07642_C29_A01,REV_07642,REV_07642_C29,7641,The whole place was very well decorated and I could easily spend one hour just clicking pictures,General Experience,Annotated,,General Experience,Annotated,,unresolved,Genuinely ambiguous / rhetorical statement or insufficient context to definitively infer evaluative sentiment. Left unresolved to prevent fabricating ground truth.,low
REV_07644_C01_A01,REV_07644,REV_07644_C01,7643,"I ordered noodles and manchurian combo from this place, first of all i would like to suggest management to send fork along with the food as they have only sent the spoons and needless to say you cannot eat noodles from spoon",Food,Annotated,,,No Aspect Opinion,,changed,Reclassified factual entity mention / procedural statement without evaluative opinion to 'No Aspect Opinion',high
REV_07644_C01_A02,REV_07644,REV_07644_C01,7643,"I ordered noodles and manchurian combo from this place, first of all i would like to suggest management to send fork along with the food as they have only sent the spoons and needless to say you cannot eat noodles from spoon",Service,Annotated,,,No Aspect Opinion,,changed,Reclassified factual entity mention / procedural statement without evaluative opinion to 'No Aspect Opinion',high
REV_07648_C03_A01,REV_07648,REV_07648_C03,7647,Had been here a few times with my team for linch buffets,Food,Annotated,,,No Aspect Opinion,,changed,Reclassified procedural order / transaction narrative without evaluative opinion to 'No Aspect Opinion',high
REV_07656_C01_A01,REV_07656,REV_07656_C01,7655,Kindly stop listing north indian dishes like chicken chatpata,Food,Annotated,,Food,Annotated,,unresolved,Genuinely ambiguous / rhetorical statement or insufficient context to definitively infer evaluative sentiment. Left unresolved to prevent fabricating ground truth.,low
REV_07662_C02_A01,REV_07662,REV_07662_C02,7661,"In food, I tried Paneer tikka masala, masala kulcha",Food,Annotated,,,No Aspect Opinion,,changed,Reclassified procedural order / transaction narrative without evaluative opinion to 'No Aspect Opinion',high
REV_07666_C03_A01,REV_07666,REV_07666_C03,7665,This time it was a total disappointment in terms of the Veg Food,Food,Annotated,,Food,Annotated,,unresolved,Genuinely ambiguous / rhetorical statement or insufficient context to definitively infer evaluative sentiment. Left unresolved to prevent fabricating ground truth.,low
REV_07666_C05_A01,REV_07666,REV_07666_C05,7665,There was no difference in terms of taste and appearance for Veg Dum Biryani & Veg Pulao,Food,Annotated,,Food,Annotated,,unresolved,Genuinely ambiguous / rhetorical statement or insufficient context to definitively infer evaluative sentiment. Left unresolved to prevent fabricating ground truth.,low
REV_07666_C06_A01,REV_07666,REV_07666_C06,7665,Both of these dishes were same I don't know how the restaurant makes that difference,Food,Annotated,,Food,Annotated,,unresolved,Genuinely ambiguous / rhetorical statement or insufficient context to definitively infer evaluative sentiment. Left unresolved to prevent fabricating ground truth.,low
REV_07666_C13_A01,REV_07666,REV_07666_C13,7665,The manager/executive from the restaurant to whom I spoke over the phone just kept saying one thing that sir we are working on your order and it will take 10 mins,Service,Annotated,,,No Aspect Opinion,,changed,Reclassified procedural order / transaction narrative without evaluative opinion to 'No Aspect Opinion',high
REV_07679_C03_A01,REV_07679,REV_07679_C03,7678,Looking forward to go there personally and check out some of their dishes,Food,Annotated,,Food,Annotated,,unresolved,Genuinely ambiguous / rhetorical statement or insufficient context to definitively infer evaluative sentiment. Left unresolved to prevent fabricating ground truth.,low
REV_07683_C07_A01,REV_07683,REV_07683_C07,7682,Not sure how they got these many positive reviews,General Experience,Annotated,,,No Aspect Opinion,,changed,Reclassified procedural order / transaction narrative without evaluative opinion to 'No Aspect Opinion',high
REV_07684_C02_A01,REV_07684,REV_07684_C02,7683,I ordered Chicken kalmi kabab and Chicken boneless biryani,Food,Annotated,,,No Aspect Opinion,,changed,Reclassified factual entity mention / procedural statement without evaluative opinion to 'No Aspect Opinion',high
REV_07688_C01_A01,REV_07688,REV_07688_C01,7687,Restaurant was Not very much active,General Experience,Annotated,,General Experience,Annotated,,unresolved,Genuinely ambiguous / rhetorical statement or insufficient context to definitively infer evaluative sentiment. Left unresolved to prevent fabricating ground truth.,low
REV_07693_C01_A01,REV_07693,REV_07693_C01,7692,An under rated restaurant,General Experience,Annotated,,General Experience,Annotated,,unresolved,Genuinely ambiguous / rhetorical statement or insufficient context to definitively infer evaluative sentiment. Left unresolved to prevent fabricating ground truth.,low
REV_07706_C01_A01,REV_07706,REV_07706_C01,7705,FOOD:,Food,Annotated,,Food,Annotated,,unresolved,Genuinely ambiguous / rhetorical statement or insufficient context to definitively infer evaluative sentiment. Left unresolved to prevent fabricating ground truth.,low
REV_07706_C08_A01,REV_07706,REV_07706_C08,7705,SERVICE:,Service,Annotated,,Service,Annotated,,unresolved,Genuinely ambiguous / rhetorical statement or insufficient context to definitively infer evaluative sentiment. Left unresolved to prevent fabricating ground truth.,low
REV_07706_C13_A01,REV_07706,REV_07706_C13,7705,AMBIENCE:,Ambience,Annotated,,Ambience,Annotated,,unresolved,Genuinely ambiguous / rhetorical statement or insufficient context to definitively infer evaluative sentiment. Left unresolved to prevent fabricating ground truth.,low
REV_07706_C15_A01,REV_07706,REV_07706_C15,7705,It is not very fancy,Price / Value,Annotated,,Price / Value,Annotated,,unresolved,Genuinely ambiguous / rhetorical statement or insufficient context to definitively infer evaluative sentiment. Left unresolved to prevent fabricating ground truth.,low
REV_07706_C16_A01,REV_07706,REV_07706_C16,7705,"they have a private hall as well so if you're looking for a closed off area to dine, you have that option",Ambience,Annotated,,Ambience,Annotated,,unresolved,Genuinely ambiguous / rhetorical statement or insufficient context to definitively infer evaluative sentiment. Left unresolved to prevent fabricating ground truth.,low
REV_07737_C01_A01,REV_07737,REV_07737_C01,7736,Very less priced restaurant located in SLN terminus,General Experience,Annotated,,General Experience,Annotated,,unresolved,Genuinely ambiguous / rhetorical statement or insufficient context to definitively infer evaluative sentiment. Left unresolved to prevent fabricating ground truth.,low
REV_07737_C02_A01,REV_07737,REV_07737_C02,7736,Ordered tangdi kebab and chicken tikka biriyani,Food,Annotated,,,No Aspect Opinion,,changed,Reclassified factual entity mention / procedural statement without evaluative opinion to 'No Aspect Opinion',high
REV_07737_C03_A01,REV_07737,REV_07737_C03,7736,Tangdi kebab dint meet the expectations,Food,Annotated,,Food,Annotated,,unresolved,Genuinely ambiguous / rhetorical statement or insufficient context to definitively infer evaluative sentiment. Left unresolved to prevent fabricating ground truth.,low
REV_07737_C09_A01,REV_07737,REV_07737_C09,7736,Quite impressed with it,General Experience,Annotated,,General Experience,Annotated,,unresolved,Genuinely ambiguous / rhetorical statement or insufficient context to definitively infer evaluative sentiment. Left unresolved to prevent fabricating ground truth.,low
REV_07755_C03_A01,REV_07755,REV_07755_C03,7754,"and I get only 1 , when I call zomatto then he say call restaurant, this is u r responsiblity",Service,Annotated,,,No Aspect Opinion,,changed,Reclassified procedural order / transaction narrative without evaluative opinion to 'No Aspect Opinion',high
REV_07759_C03_A01,REV_07759,REV_07759_C03,7758,Must say it was a pretty interesting dish,Food,Annotated,,Food,Annotated,,unresolved,Genuinely ambiguous / rhetorical statement or insufficient context to definitively infer evaluative sentiment. Left unresolved to prevent fabricating ground truth.,low
REV_07763_C02_A01,REV_07763,REV_07763_C02,7762,Ambiance,Ambience,Annotated,,,No Aspect Opinion,,changed,Reclassified factual entity mention / procedural statement without evaluative opinion to 'No Aspect Opinion',high
REV_07763_C03_A01,REV_07763,REV_07763_C03,7762,"Tandoori food works is located at food court available at SLN Terminus, Gachibowli",Food,Annotated,,Food,Annotated,,unresolved,Genuinely ambiguous / rhetorical statement or insufficient context to definitively infer evaluative sentiment. Left unresolved to prevent fabricating ground truth.,low
REV_07763_C04_A01,REV_07763,REV_07763_C04,7762,It is a small outlet having sitting area common for whole food court,Food,Annotated,,Food,Annotated,,unresolved,Genuinely ambiguous / rhetorical statement or insufficient context to definitively infer evaluative sentiment. Left unresolved to prevent fabricating ground truth.,low
REV_07763_C05_A01,REV_07763,REV_07763_C05,7762,Food-,Food,Annotated,,Food,Annotated,,unresolved,Genuinely ambiguous / rhetorical statement or insufficient context to definitively infer evaluative sentiment. Left unresolved to prevent fabricating ground truth.,low
REV_07763_C06_A01,REV_07763,REV_07763_C06,7762,We placed an order for Stuffed Tangdi Kebabs having 2 fully stuffed Chicken leg pieces and topped with mayonnaise,Food,Annotated,,,No Aspect Opinion,,changed,Reclassified procedural order / transaction narrative without evaluative opinion to 'No Aspect Opinion',high
REV_07763_C06_A02,REV_07763,REV_07763_C06,7762,We placed an order for Stuffed Tangdi Kebabs having 2 fully stuffed Chicken leg pieces and topped with mayonnaise,Service,Annotated,,,No Aspect Opinion,,changed,Reclassified procedural order / transaction narrative without evaluative opinion to 'No Aspect Opinion',high
REV_07763_C10_A01,REV_07763,REV_07763_C10,7762,Tandoori Food Works offers 1+1 dish on Zomato Gold membership,Food,Annotated,,,No Aspect Opinion,,changed,Reclassified procedural order / transaction narrative without evaluative opinion to 'No Aspect Opinion',high
REV_07763_C11_A01,REV_07763,REV_07763_C11,7762,Service-,Service,Annotated,,Service,Annotated,,unresolved,Genuinely ambiguous / rhetorical statement or insufficient context to definitively infer evaluative sentiment. Left unresolved to prevent fabricating ground truth.,low
REV_07765_C01_A01,REV_07765,REV_07765_C01,7764,Ordered chicken tikka kebab and chicken butter masala,Food,Annotated,,,No Aspect Opinion,,changed,Reclassified factual entity mention / procedural statement without evaluative opinion to 'No Aspect Opinion',high
REV_07772_C01_A01,REV_07772,REV_07772_C01,7771,Ordered a chicken biriyani,Food,Annotated,,,No Aspect Opinion,,changed,Reclassified factual entity mention / procedural statement without evaluative opinion to 'No Aspect Opinion',high
REV_07777_C02_A01,REV_07777,REV_07777_C02,7776,Food was really extraordinary,Food,Annotated,,Food,Annotated,,unresolved,Genuinely ambiguous / rhetorical statement or insufficient context to definitively infer evaluative sentiment. Left unresolved to prevent fabricating ground truth.,low
REV_07786_C01_A01,REV_07786,REV_07786_C01,7785,Received something's,Service,Annotated,,Service,Annotated,,unresolved,Genuinely ambiguous / rhetorical statement or insufficient context to definitively infer evaluative sentiment. Left unresolved to prevent fabricating ground truth.,low
REV_07831_C01_A01,REV_07831,REV_07831_C01,7830,Went for lunch,Food,Annotated,,,No Aspect Opinion,,changed,Reclassified factual entity mention / procedural statement without evaluative opinion to 'No Aspect Opinion',high
REV_07831_C02_A01,REV_07831,REV_07831_C02,7830,Ordered Mix,Food,Annotated,,,No Aspect Opinion,,changed,Reclassified factual entity mention / procedural statement without evaluative opinion to 'No Aspect Opinion',high
REV_07831_C03_A01,REV_07831,REV_07831_C03,7830,"Veg curry, Roti, Plain Naan & Biryani",Food,Annotated,,Food,Annotated,,unresolved,Genuinely ambiguous / rhetorical statement or insufficient context to definitively infer evaluative sentiment. Left unresolved to prevent fabricating ground truth.,low
REV_07841_C01_A01,REV_07841,REV_07841_C01,7840,Small restaurant,Food,Annotated,,Food,Annotated,,unresolved,Genuinely ambiguous / rhetorical statement or insufficient context to definitively infer evaluative sentiment. Left unresolved to prevent fabricating ground truth.,low
REV_07841_C02_A01,REV_07841,REV_07841_C02,7840,Restaurant in Underground,Food,Annotated,,Food,Annotated,,unresolved,Genuinely ambiguous / rhetorical statement or insufficient context to definitively infer evaluative sentiment. Left unresolved to prevent fabricating ground truth.,low
REV_07841_C07_A01,REV_07841,REV_07841_C07,7840,Counter staff very busy to listening music on headphones,Ambience,Annotated,,Ambience,Annotated,,unresolved,Genuinely ambiguous / rhetorical statement or insufficient context to definitively infer evaluative sentiment. Left unresolved to prevent fabricating ground truth.,low
REV_07841_C07_A02,REV_07841,REV_07841_C07,7840,Counter staff very busy to listening music on headphones,Service,Annotated,,Service,Annotated,,unresolved,Genuinely ambiguous / rhetorical statement or insufficient context to definitively infer evaluative sentiment. Left unresolved to prevent fabricating ground truth.,low
REV_07841_C08_A01,REV_07841,REV_07841_C08,7840,staff can't manage online and local restaurant orders,Service,Annotated,,Service,Annotated,,unresolved,Genuinely ambiguous / rhetorical statement or insufficient context to definitively infer evaluative sentiment. Left unresolved to prevent fabricating ground truth.,low
REV_07853_C01_A01,REV_07853,REV_07853_C01,7852,Did the cook change,Food,Annotated,,Food,Annotated,,unresolved,Genuinely ambiguous / rhetorical statement or insufficient context to definitively infer evaluative sentiment. Left unresolved to prevent fabricating ground truth.,low
REV_07859_C01_A01,REV_07859,REV_07859_C01,7858,Awful food,Food,Annotated,,Food,Annotated,Negative,changed,Filled omitted sentiment as 'Negative' for aspect 'Food' based on explicit evaluative opinion in clause,high
REV_07866_C02_A01,REV_07866,REV_07866_C02,7865,food i ever had in my life,Food,Annotated,,,No Aspect Opinion,,changed,Reclassified procedural order / transaction narrative without evaluative opinion to 'No Aspect Opinion',high
REV_07871_C02_A01,REV_07871,REV_07871_C02,7870,paneer curry was tasteless,Food,Annotated,,Food,Annotated,Negative,changed,Filled omitted sentiment as 'Negative' for aspect 'Food' based on explicit evaluative opinion in clause,high
REV_07894_C03_A01,REV_07894,REV_07894_C03,7893,Seemed like they have taken customer satisfaction for granted,General Experience,Annotated,,General Experience,Annotated,,unresolved,Genuinely ambiguous / rhetorical statement or insufficient context to definitively infer evaluative sentiment. Left unresolved to prevent fabricating ground truth.,low
REV_07899_C02_A01,REV_07899,REV_07899_C02,7898,your person fooling you,Service,Annotated,,Service,Annotated,,unresolved,Genuinely ambiguous / rhetorical statement or insufficient context to definitively infer evaluative sentiment. Left unresolved to prevent fabricating ground truth.,low
REV_07899_C03_A01,REV_07899,REV_07899_C03,7898,he told me to cancel order,Service,Annotated,,Service,Annotated,,unresolved,Genuinely ambiguous / rhetorical statement or insufficient context to definitively infer evaluative sentiment. Left unresolved to prevent fabricating ground truth.,low
REV_07926_C01_A01,REV_07926,REV_07926_C01,7925,Visited this place at night,Ambience,Annotated,,Ambience,Annotated,,unresolved,Genuinely ambiguous / rhetorical statement or insufficient context to definitively infer evaluative sentiment. Left unresolved to prevent fabricating ground truth.,low
REV_07926_C02_A01,REV_07926,REV_07926_C02,7925,"Had chicken Biryani, Fish Biryani, tandoori chicken as starter",Food,Annotated,,,No Aspect Opinion,,changed,Reclassified procedural order / transaction narrative without evaluative opinion to 'No Aspect Opinion',high
REV_07944_C05_A01,REV_07944,REV_07944_C05,7943,We always feel comfortable to seat in AC room rather outside,Ambience,Annotated,,Ambience,Annotated,,unresolved,Genuinely ambiguous / rhetorical statement or insufficient context to definitively infer evaluative sentiment. Left unresolved to prevent fabricating ground truth.,low
REV_07944_C06_A01,REV_07944,REV_07944_C06,7943,Parking available,Ambience,Annotated,,Ambience,Annotated,,unresolved,Genuinely ambiguous / rhetorical statement or insufficient context to definitively infer evaluative sentiment. Left unresolved to prevent fabricating ground truth.,low
REV_07944_C08_A01,REV_07944,REV_07944_C08,7943,Many times they do not accept the card payment so make sure you carry cash or they have ICICI ATM in front of cash counter,Service,Annotated,,Service,Annotated,,unresolved,Genuinely ambiguous / rhetorical statement or insufficient context to definitively infer evaluative sentiment. Left unresolved to prevent fabricating ground truth.,low
REV_07961_C08_A01,REV_07961,REV_07961_C08,7960,Quality: 5/5Quantity: 5/5,Food,Annotated,,,No Aspect Opinion,,changed,Reclassified procedural order / transaction narrative without evaluative opinion to 'No Aspect Opinion',high
REV_07966_C04_A01,REV_07966,REV_07966_C04,7965,Thumbs up to them,General Experience,Annotated,,General Experience,Annotated,,unresolved,Genuinely ambiguous / rhetorical statement or insufficient context to definitively infer evaluative sentiment. Left unresolved to prevent fabricating ground truth.,low
REV_08015_C03_A01,REV_08015,REV_08015_C03,8014,Reliable if you work late hours or just want to catch up with friends late night,General Experience,Annotated,,General Experience,Annotated,,unresolved,Genuinely ambiguous / rhetorical statement or insufficient context to definitively infer evaluative sentiment. Left unresolved to prevent fabricating ground truth.,low
REV_08018_C01_A01,REV_08018,REV_08018_C01,8017,One of the best innovative burger 🍔 concept,Food,Annotated,,Food,Annotated,,unresolved,Genuinely ambiguous / rhetorical statement or insufficient context to definitively infer evaluative sentiment. Left unresolved to prevent fabricating ground truth.,low
REV_08028_C05_A01,REV_08028,REV_08028_C05,8027,Feels moderately over priced,Price / Value,Annotated,,Price / Value,Annotated,,unresolved,Genuinely ambiguous / rhetorical statement or insufficient context to definitively infer evaluative sentiment. Left unresolved to prevent fabricating ground truth.,low
REV_08036_C01_A01,REV_08036,REV_08036_C01,8035,I’ve been to this place on my friends suggestion,General Experience,Annotated,,General Experience,Annotated,,unresolved,Genuinely ambiguous / rhetorical statement or insufficient context to definitively infer evaluative sentiment. Left unresolved to prevent fabricating ground truth.,low
REV_08036_C02_A01,REV_08036,REV_08036_C02,8035,Ordered one single chicken burger I don’t remember the name exactly,Food,Annotated,,,No Aspect Opinion,,changed,Reclassified factual entity mention / procedural statement without evaluative opinion to 'No Aspect Opinion',high
REV_08040_C02_A01,REV_08040,REV_08040_C02,8039,"Tried Milky Way, Mercury and Cosmic Burgers and the Comet Tail Hotdog",Food,Annotated,,,No Aspect Opinion,,changed,Reclassified procedural order / transaction narrative without evaluative opinion to 'No Aspect Opinion',high
REV_08040_C05_A01,REV_08040,REV_08040_C05,8039,Do try out this place,General Experience,Annotated,,General Experience,Annotated,,unresolved,Genuinely ambiguous / rhetorical statement or insufficient context to definitively infer evaluative sentiment. Left unresolved to prevent fabricating ground truth.,low
REV_08060_C02_A01,REV_08060,REV_08060_C02,8059,"Three layers of BBQ chicken strips, a cheese slices and some lettuce",Food,Annotated,,Food,Annotated,,unresolved,Genuinely ambiguous / rhetorical statement or insufficient context to definitively infer evaluative sentiment. Left unresolved to prevent fabricating ground truth.,low
REV_08060_C08_A01,REV_08060,REV_08060_C08,8059,It's more of a mutton sandwich,Food,Annotated,,Food,Annotated,,unresolved,Genuinely ambiguous / rhetorical statement or insufficient context to definitively infer evaluative sentiment. Left unresolved to prevent fabricating ground truth.,low
REV_08060_C09_A01,REV_08060,REV_08060_C09,8059,Again the problem here is of over cooking,Food,Annotated,,Food,Annotated,,unresolved,Genuinely ambiguous / rhetorical statement or insufficient context to definitively infer evaluative sentiment. Left unresolved to prevent fabricating ground truth.,low
REV_08060_C10_A01,REV_08060,REV_08060_C10,8059,The mutton started to crumble,Food,Annotated,,Food,Annotated,,unresolved,Genuinely ambiguous / rhetorical statement or insufficient context to definitively infer evaluative sentiment. Left unresolved to prevent fabricating ground truth.,low
REV_08065_C02_A01,REV_08065,REV_08065_C02,8064,There’s so much hype to this place and at first you may find 220rs for a Galaxy Burger (my personal fav) a little overpriced,Food,Annotated,,Price / Value,Annotated,Negative,changed,Filled omitted sentiment as 'Negative' for aspect 'Price / Value' based on explicit evaluative opinion in clause,high
REV_08065_C02_A02,REV_08065,REV_08065_C02,8064,There’s so much hype to this place and at first you may find 220rs for a Galaxy Burger (my personal fav) a little overpriced,Price / Value,Annotated,,Price / Value,Annotated,Negative,changed,Filled omitted sentiment as 'Negative' for aspect 'Price / Value' based on explicit evaluative opinion in clause,high
REV_08065_C05_A01,REV_08065,REV_08065_C05,8064,For all burger loves this is “the place” to go,Food,Annotated,,Food,Annotated,,unresolved,Genuinely ambiguous / rhetorical statement or insufficient context to definitively infer evaluative sentiment. Left unresolved to prevent fabricating ground truth.,low
REV_08081_C01_A01,REV_08081,REV_08081_C01,8080,So me and my friends always visit this place after watching a movie,Ambience,Annotated,,Ambience,Annotated,,unresolved,Genuinely ambiguous / rhetorical statement or insufficient context to definitively infer evaluative sentiment. Left unresolved to prevent fabricating ground truth.,low
REV_08081_C04_A01,REV_08081,REV_08081_C04,8080,Do visit if u want eat burgers at a cheaper price,Price / Value,Annotated,,Price / Value,Annotated,,unresolved,Genuinely ambiguous / rhetorical statement or insufficient context to definitively infer evaluative sentiment. Left unresolved to prevent fabricating ground truth.,low
REV_08083_C01_A01,REV_08083,REV_08083_C01,8082,I ordered twice from here,General Experience,Annotated,,,No Aspect Opinion,,changed,Reclassified factual entity mention / procedural statement without evaluative opinion to 'No Aspect Opinion',high
REV_08083_C03_A01,REV_08083,REV_08083_C03,8082,The burger consistency isnt exactly top notch,Food,Annotated,,Food,Annotated,,unresolved,Genuinely ambiguous / rhetorical statement or insufficient context to definitively infer evaluative sentiment. Left unresolved to prevent fabricating ground truth.,low
REV_08109_C03_A01,REV_08109,REV_08109_C03,8108,Must Try- Polstar burger,Food,Annotated,,Food,Annotated,,unresolved,Genuinely ambiguous / rhetorical statement or insufficient context to definitively infer evaluative sentiment. Left unresolved to prevent fabricating ground truth.,low
REV_08117_C01_A01,REV_08117,REV_08117_C01,8116,the rating is such because of the name,General Experience,Annotated,,General Experience,Annotated,,unresolved,Genuinely ambiguous / rhetorical statement or insufficient context to definitively infer evaluative sentiment. Left unresolved to prevent fabricating ground truth.,low
REV_08117_C02_A01,REV_08117,REV_08117_C02,8116,we had thought it was like an american grill restaurant,General Experience,Annotated,,,No Aspect Opinion,,changed,Reclassified procedural order / transaction narrative without evaluative opinion to 'No Aspect Opinion',high
REV_08135_C02_A01,REV_08135,REV_08135_C02,8134,Will be crowded over weekdays as it is close to multiple IT Companies,Ambience,Annotated,,Ambience,Annotated,,unresolved,Genuinely ambiguous / rhetorical statement or insufficient context to definitively infer evaluative sentiment. Left unresolved to prevent fabricating ground truth.,low
REV_08139_C02_A01,REV_08139,REV_08139_C02,8138,"Went with friends for lunch, what ever we ordered Veg or Non veg, started , main course all are not upto mark",Food,Annotated,,,No Aspect Opinion,,changed,Reclassified procedural order / transaction narrative without evaluative opinion to 'No Aspect Opinion',high
REV_08139_C03_A01,REV_08139,REV_08139_C03,8138,No one of us r happy with food served,Food,Annotated,,,No Aspect Opinion,,changed,Reclassified procedural order / transaction narrative without evaluative opinion to 'No Aspect Opinion',high
REV_08139_C03_A02,REV_08139,REV_08139_C03,8138,No one of us r happy with food served,Service,Annotated,,,No Aspect Opinion,,changed,Reclassified procedural order / transaction narrative without evaluative opinion to 'No Aspect Opinion',high
REV_08139_C04_A01,REV_08139,REV_08139_C04,8138,Serving is fast,Service,Annotated,,Service,Annotated,,unresolved,Genuinely ambiguous / rhetorical statement or insufficient context to definitively infer evaluative sentiment. Left unresolved to prevent fabricating ground truth.,low
REV_08139_C05_A01,REV_08139,REV_08139_C05,8138,ambience is ok,Ambience,Annotated,,Ambience,Annotated,,unresolved,Genuinely ambiguous / rhetorical statement or insufficient context to definitively infer evaluative sentiment. Left unresolved to prevent fabricating ground truth.,low
REV_08148_C02_A01,REV_08148,REV_08148_C02,8147,"We ordered kadai paneer, its a disaster",Food,Annotated,,,No Aspect Opinion,,changed,Reclassified factual entity mention / procedural statement without evaluative opinion to 'No Aspect Opinion',high
REV_08148_C03_A01,REV_08148,REV_08148_C03,8147,Instead they gave us tomato curry with few paneer pieces in it,Food,Annotated,,Food,Annotated,,unresolved,Genuinely ambiguous / rhetorical statement or insufficient context to definitively infer evaluative sentiment. Left unresolved to prevent fabricating ground truth.,low
REV_08159_C03_A01,REV_08159,REV_08159_C03,8158,ambience make you to feel free,Ambience,Annotated,,Ambience,Annotated,,unresolved,Genuinely ambiguous / rhetorical statement or insufficient context to definitively infer evaluative sentiment. Left unresolved to prevent fabricating ground truth.,low
REV_08164_C01_A01,REV_08164,REV_08164_C01,8163,It amazes me to see the current rating of the restaurant on Zomato,General Experience,Annotated,,General Experience,Annotated,,unresolved,Genuinely ambiguous / rhetorical statement or insufficient context to definitively infer evaluative sentiment. Left unresolved to prevent fabricating ground truth.,low
REV_08164_C02_A01,REV_08164,REV_08164_C02,8163,The taste of food,Food,Annotated,,Food,Annotated,,unresolved,Genuinely ambiguous / rhetorical statement or insufficient context to definitively infer evaluative sentiment. Left unresolved to prevent fabricating ground truth.,low
REV_08164_C04_A01,REV_08164,REV_08164_C04,8163,The food quality has degraded with time,Food,Annotated,,Food,Annotated,,unresolved,Genuinely ambiguous / rhetorical statement or insufficient context to definitively infer evaluative sentiment. Left unresolved to prevent fabricating ground truth.,low
REV_08179_C04_A01,REV_08179,REV_08179_C04,8178,Try the cocktails or mocktail,Food,Annotated,,Food,Annotated,,unresolved,Genuinely ambiguous / rhetorical statement or insufficient context to definitively infer evaluative sentiment. Left unresolved to prevent fabricating ground truth.,low
REV_08181_C09_A01,REV_08181,REV_08181_C09,8180,but the cool breeze,Ambience,Annotated,,Ambience,Annotated,,unresolved,Genuinely ambiguous / rhetorical statement or insufficient context to definitively infer evaluative sentiment. Left unresolved to prevent fabricating ground truth.,low
REV_08181_C10_A01,REV_08181,REV_08181_C10,8180,the ambience made up for it and we enjoyed the night,Ambience,Annotated,,Ambience,Annotated,,unresolved,Genuinely ambiguous / rhetorical statement or insufficient context to definitively infer evaluative sentiment. Left unresolved to prevent fabricating ground truth.,low
REV_08193_C04_A01,REV_08193,REV_08193_C04,8192,I can give 5 stars to the Ice cream,General Experience,Annotated,,,No Aspect Opinion,,changed,Reclassified procedural order / transaction narrative without evaluative opinion to 'No Aspect Opinion',high
REV_08205_C01_A01,REV_08205,REV_08205_C01,8204,Heyy veggies,Food,Annotated,,Food,Annotated,,unresolved,Genuinely ambiguous / rhetorical statement or insufficient context to definitively infer evaluative sentiment. Left unresolved to prevent fabricating ground truth.,low
REV_08205_C04_A01,REV_08205,REV_08205_C04,8204,very tough to recommend or think of any standout,General Experience,Annotated,,General Experience,Annotated,,unresolved,Genuinely ambiguous / rhetorical statement or insufficient context to definitively infer evaluative sentiment. Left unresolved to prevent fabricating ground truth.,low
REV_08217_C01_A01,REV_08217,REV_08217_C01,8216,Ordered because I wanted to eat momos so much and DLF area is popular for street food,Food,Annotated,,,No Aspect Opinion,,changed,Reclassified factual entity mention / procedural statement without evaluative opinion to 'No Aspect Opinion',high
REV_08217_C04_A01,REV_08217,REV_08217_C04,8216,Had ordered two veg steamed momos,Food,Annotated,,,No Aspect Opinion,,changed,Reclassified factual entity mention / procedural statement without evaluative opinion to 'No Aspect Opinion',high
REV_08227_C03_A01,REV_08227,REV_08227_C03,8226,They provide momos with mayo and red sauce,Food,Annotated,,Food,Annotated,,unresolved,Genuinely ambiguous / rhetorical statement or insufficient context to definitively infer evaluative sentiment. Left unresolved to prevent fabricating ground truth.,low
REV_08229_C03_A01,REV_08229,REV_08229_C03,8228,Couldnt click a pic of tht we finished it fast,Service,Annotated,,Service,Annotated,,unresolved,Genuinely ambiguous / rhetorical statement or insufficient context to definitively infer evaluative sentiment. Left unresolved to prevent fabricating ground truth.,low
REV_08229_C04_A01,REV_08229,REV_08229_C04,8228,And the next one is fried chicken momos thts also a must try,Food,Annotated,,Food,Annotated,,unresolved,Genuinely ambiguous / rhetorical statement or insufficient context to definitively infer evaluative sentiment. Left unresolved to prevent fabricating ground truth.,low
REV_08235_C10_A01,REV_08235,REV_08235_C10,8234,Chichen steamed momo:All of the above applies,Food,Annotated,,Food,Annotated,,unresolved,Genuinely ambiguous / rhetorical statement or insufficient context to definitively infer evaluative sentiment. Left unresolved to prevent fabricating ground truth.,low
REV_08235_C11_A01,REV_08235,REV_08235_C11,8234,the chicken smelled as if it was day old,Food,Annotated,,Food,Annotated,,unresolved,Genuinely ambiguous / rhetorical statement or insufficient context to definitively infer evaluative sentiment. Left unresolved to prevent fabricating ground truth.,low
REV_08243_C02_A01,REV_08243,REV_08243_C02,8242,I ordered chicken steam momos,Food,Annotated,,,No Aspect Opinion,,changed,Reclassified factual entity mention / procedural statement without evaluative opinion to 'No Aspect Opinion',high
REV_08257_C02_A01,REV_08257,REV_08257_C02,8256,Momo's very perfectly fried and very crispy from out,Food,Annotated,,Food,Annotated,Positive,changed,Filled omitted sentiment as 'Positive' for aspect 'Food' based on explicit evaluative opinion in clause,high
REV_08258_C04_A01,REV_08258,REV_08258_C04,8257,would like to order next time,Service,Annotated,,Service,Annotated,,unresolved,Genuinely ambiguous / rhetorical statement or insufficient context to definitively infer evaluative sentiment. Left unresolved to prevent fabricating ground truth.,low
REV_08258_C05_A01,REV_08258,REV_08258_C05,8257,lovely food,Food,Annotated,,Food,Annotated,,unresolved,Genuinely ambiguous / rhetorical statement or insufficient context to definitively infer evaluative sentiment. Left unresolved to prevent fabricating ground truth.,low
REV_08280_C01_A01,REV_08280,REV_08280_C01,8279,delivered before time in hot condition,Service,Annotated,,Service,Annotated,,unresolved,Genuinely ambiguous / rhetorical statement or insufficient context to definitively infer evaluative sentiment. Left unresolved to prevent fabricating ground truth.,low
REV_08311_C03_A01,REV_08311,REV_08311_C03,8310,It is fairly priced,Price / Value,Annotated,,Price / Value,Annotated,,unresolved,Genuinely ambiguous / rhetorical statement or insufficient context to definitively infer evaluative sentiment. Left unresolved to prevent fabricating ground truth.,low
REV_08316_C03_A01,REV_08316,REV_08316_C03,8315,Come the bill without gold benefits,Price / Value,Annotated,,,No Aspect Opinion,,changed,Reclassified procedural order / transaction narrative without evaluative opinion to 'No Aspect Opinion',high
REV_08316_C03_A02,REV_08316,REV_08316_C03,8315,Come the bill without gold benefits,Service,Annotated,,,No Aspect Opinion,,changed,Reclassified procedural order / transaction narrative without evaluative opinion to 'No Aspect Opinion',high
REV_08322_C03_A01,REV_08322,REV_08322_C03,8321,We ordered shakes on sunny day,Food,Annotated,,,No Aspect Opinion,,changed,Reclassified factual entity mention / procedural statement without evaluative opinion to 'No Aspect Opinion',high
REV_08322_C05_A01,REV_08322,REV_08322_C05,8321,"Smooties are okish, they are not thick shakes",Food,Annotated,,Food,Annotated,,unresolved,Genuinely ambiguous / rhetorical statement or insufficient context to definitively infer evaluative sentiment. Left unresolved to prevent fabricating ground truth.,low
REV_08330_C02_A01,REV_08330,REV_08330_C02,8329,"I was visiting TCR after a long time and ordered a Dark on warm mug, Salad and a Mint Mojito",Food,Annotated,,Ambience,Annotated,Negative,changed,Filled omitted sentiment as 'Negative' for aspect 'Ambience' based on explicit evaluative opinion in clause,high
REV_08330_C08_A01,REV_08330,REV_08330_C08,8329,The syrups flavor dominated all the way till half the glass,Food,Annotated,,Food,Annotated,,unresolved,Genuinely ambiguous / rhetorical statement or insufficient context to definitively infer evaluative sentiment. Left unresolved to prevent fabricating ground truth.,low
REV_08340_C01_A01,REV_08340,REV_08340_C01,8339,Have been to The Chocolate Room at other locations so visit to this one was quite awaiting,General Experience,Annotated,,General Experience,Annotated,,unresolved,Genuinely ambiguous / rhetorical statement or insufficient context to definitively infer evaluative sentiment. Left unresolved to prevent fabricating ground truth.,low
REV_08340_C02_A01,REV_08340,REV_08340_C02,8339,Like the ambiance and the aroma of hot chocolate that fills the restaurant,Ambience,Annotated,,Ambience,Annotated,,unresolved,Genuinely ambiguous / rhetorical statement or insufficient context to definitively infer evaluative sentiment. Left unresolved to prevent fabricating ground truth.,low
REV_08340_C04_A01,REV_08340,REV_08340_C04,8339,Definitely a little heavy on the pocket,Price / Value,Annotated,,Price / Value,Annotated,,unresolved,Genuinely ambiguous / rhetorical statement or insufficient context to definitively infer evaluative sentiment. Left unresolved to prevent fabricating ground truth.,low
REV_08340_C07_A01,REV_08340,REV_08340_C07,8339,• Chicken cheese sandwich,Food,Annotated,,Food,Annotated,,unresolved,Genuinely ambiguous / rhetorical statement or insufficient context to definitively infer evaluative sentiment. Left unresolved to prevent fabricating ground truth.,low
REV_08340_C08_A01,REV_08340,REV_08340_C08,8339,• Chocolate walnut sundae,Food,Annotated,,Food,Annotated,,unresolved,Genuinely ambiguous / rhetorical statement or insufficient context to definitively infer evaluative sentiment. Left unresolved to prevent fabricating ground truth.,low
REV_08340_C10_A01,REV_08340,REV_08340_C10,8339,"The staff needs to focus on hygiene, there were cockroaches around the billing counter which was really disappointing",Ambience,Annotated,,Ambience,Annotated,,unresolved,Genuinely ambiguous / rhetorical statement or insufficient context to definitively infer evaluative sentiment. Left unresolved to prevent fabricating ground truth.,low
REV_08340_C10_A02,REV_08340,REV_08340_C10,8339,"The staff needs to focus on hygiene, there were cockroaches around the billing counter which was really disappointing",Service,Annotated,,Service,Annotated,,unresolved,Genuinely ambiguous / rhetorical statement or insufficient context to definitively infer evaluative sentiment. Left unresolved to prevent fabricating ground truth.,low
REV_08340_C11_A01,REV_08340,REV_08340_C11,8339,we pointed the same to the staff,Service,Annotated,,Service,Annotated,,unresolved,Genuinely ambiguous / rhetorical statement or insufficient context to definitively infer evaluative sentiment. Left unresolved to prevent fabricating ground truth.,low
REV_08351_C04_A01,REV_08351,REV_08351_C04,8350,The best i feel is Gachibowli chocolate room,Food,Annotated,,Food,Annotated,,unresolved,Genuinely ambiguous / rhetorical statement or insufficient context to definitively infer evaluative sentiment. Left unresolved to prevent fabricating ground truth.,low
REV_08351_C06_A01,REV_08351,REV_08351_C06,8350,- one+one on pasta,Food,Annotated,,Food,Annotated,,unresolved,Genuinely ambiguous / rhetorical statement or insufficient context to definitively infer evaluative sentiment. Left unresolved to prevent fabricating ground truth.,low
REV_08352_C03_A01,REV_08352,REV_08352_C03,8351,Going through their super extensive menu would probably make you tired,Food,Annotated,,Food,Annotated,,unresolved,Genuinely ambiguous / rhetorical statement or insufficient context to definitively infer evaluative sentiment. Left unresolved to prevent fabricating ground truth.,low
REV_08352_C05_A01,REV_08352,REV_08352_C05,8351,The place is cosy enough for you to carry a laptop and spend a couple hours on an assignment,Ambience,Annotated,,Ambience,Annotated,,unresolved,Genuinely ambiguous / rhetorical statement or insufficient context to definitively infer evaluative sentiment. Left unresolved to prevent fabricating ground truth.,low
REV_08352_C06_A01,REV_08352,REV_08352_C06,8351,"I’d recommend you do that cause anyway, they deliver orders after forever",General Experience,Annotated,,General Experience,Annotated,,unresolved,Genuinely ambiguous / rhetorical statement or insufficient context to definitively infer evaluative sentiment. Left unresolved to prevent fabricating ground truth.,low
REV_08352_C11_A01,REV_08352,REV_08352_C11,8351,The Toblerone Shake and the Kitkat Shake are the shizzz,Food,Annotated,,Food,Annotated,,unresolved,Genuinely ambiguous / rhetorical statement or insufficient context to definitively infer evaluative sentiment. Left unresolved to prevent fabricating ground truth.,low
REV_08359_C05_A01,REV_08359,REV_08359_C05,8358,Chocizza and sandwich are worth trying here,General Experience,Annotated,,General Experience,Annotated,,unresolved,Genuinely ambiguous / rhetorical statement or insufficient context to definitively infer evaluative sentiment. Left unresolved to prevent fabricating ground truth.,low
REV_08359_C05_A02,REV_08359,REV_08359_C05,8358,Chocizza and sandwich are worth trying here,Price / Value,Annotated,,Price / Value,Annotated,,unresolved,Genuinely ambiguous / rhetorical statement or insufficient context to definitively infer evaluative sentiment. Left unresolved to prevent fabricating ground truth.,low
REV_08367_C03_A01,REV_08367,REV_08367_C03,8366,"As expected, I was so confused about what to order because everything on the menu looked DELISH",Food,Annotated,,Food,Annotated,,unresolved,Genuinely ambiguous / rhetorical statement or insufficient context to definitively infer evaluative sentiment. Left unresolved to prevent fabricating ground truth.,low
REV_08367_C03_A02,REV_08367,REV_08367_C03,8366,"As expected, I was so confused about what to order because everything on the menu looked DELISH",Service,Annotated,,Service,Annotated,,unresolved,Genuinely ambiguous / rhetorical statement or insufficient context to definitively infer evaluative sentiment. Left unresolved to prevent fabricating ground truth.,low
REV_08367_C04_A01,REV_08367,REV_08367_C04,8366,I ended up ordering a Choco Crunch Mocha,Food,Annotated,,Food,Annotated,,unresolved,Genuinely ambiguous / rhetorical statement or insufficient context to definitively infer evaluative sentiment. Left unresolved to prevent fabricating ground truth.,low
REV_08367_C05_A01,REV_08367,REV_08367_C05,8366,The ambience was so cool for hangouts,Ambience,Annotated,,Ambience,Annotated,,unresolved,Genuinely ambiguous / rhetorical statement or insufficient context to definitively infer evaluative sentiment. Left unresolved to prevent fabricating ground truth.,low
REV_08384_C01_A01,REV_08384,REV_08384_C01,8383,The chocolate room as name suggests should have variety of chocolate flavour products,Food,Annotated,,Food,Annotated,,unresolved,Genuinely ambiguous / rhetorical statement or insufficient context to definitively infer evaluative sentiment. Left unresolved to prevent fabricating ground truth.,low
REV_08384_C04_A01,REV_08384,REV_08384_C04,8383,The place should be only place for chocolates and its products,Food,Annotated,,Food,Annotated,,unresolved,Genuinely ambiguous / rhetorical statement or insufficient context to definitively infer evaluative sentiment. Left unresolved to prevent fabricating ground truth.,low
REV_08393_C03_A01,REV_08393,REV_08393_C03,8392,Better than many places,General Experience,Annotated,,General Experience,Annotated,,unresolved,Genuinely ambiguous / rhetorical statement or insufficient context to definitively infer evaluative sentiment. Left unresolved to prevent fabricating ground truth.,low
REV_08396_C03_A01,REV_08396,REV_08396_C03,8395,Taste is above avg,Food,Annotated,,Food,Annotated,,unresolved,Genuinely ambiguous / rhetorical statement or insufficient context to definitively infer evaluative sentiment. Left unresolved to prevent fabricating ground truth.,low
REV_08408_C04_A01,REV_08408,REV_08408_C04,8407,I kept my patience and waited for the order to arrive,Service,Annotated,,Service,Annotated,,unresolved,Genuinely ambiguous / rhetorical statement or insufficient context to definitively infer evaluative sentiment. Left unresolved to prevent fabricating ground truth.,low
REV_08412_C09_A01,REV_08412,REV_08412_C09,8411,"To keep the show running, we had caesar salad on the side which definetly requires a revamp and the joint can play with salad dressings, spices rather than having it served just with mayo",Food,Annotated,,,No Aspect Opinion,,changed,Reclassified procedural order / transaction narrative without evaluative opinion to 'No Aspect Opinion',high
REV_08412_C09_A02,REV_08412,REV_08412_C09,8411,"To keep the show running, we had caesar salad on the side which definetly requires a revamp and the joint can play with salad dressings, spices rather than having it served just with mayo",Service,Annotated,,,No Aspect Opinion,,changed,Reclassified procedural order / transaction narrative without evaluative opinion to 'No Aspect Opinion',high
REV_08412_C10_A01,REV_08412,REV_08412_C10,8411,"In the end, we had Biryani which gets served under the brand of Fireblast Biryani",Food,Annotated,,,No Aspect Opinion,,changed,Reclassified procedural order / transaction narrative without evaluative opinion to 'No Aspect Opinion',high
REV_08412_C10_A02,REV_08412,REV_08412_C10,8411,"In the end, we had Biryani which gets served under the brand of Fireblast Biryani",Service,Annotated,,,No Aspect Opinion,,changed,Reclassified procedural order / transaction narrative without evaluative opinion to 'No Aspect Opinion',high
REV_08412_C11_A01,REV_08412,REV_08412_C11,8411,This biryani has still a long way to go and in order to beat the best of Biryani's in town need some more experiments with flavors,Food,Annotated,,Food,Annotated,,unresolved,Genuinely ambiguous / rhetorical statement or insufficient context to definitively infer evaluative sentiment. Left unresolved to prevent fabricating ground truth.,low
REV_08412_C11_A02,REV_08412,REV_08412_C11,8411,This biryani has still a long way to go and in order to beat the best of Biryani's in town need some more experiments with flavors,Service,Annotated,,Service,Annotated,,unresolved,Genuinely ambiguous / rhetorical statement or insufficient context to definitively infer evaluative sentiment. Left unresolved to prevent fabricating ground truth.,low
REV_08412_C13_A01,REV_08412,REV_08412_C13,8411,the ambiance requires immideat attention,Ambience,Annotated,,Ambience,Annotated,,unresolved,Genuinely ambiguous / rhetorical statement or insufficient context to definitively infer evaluative sentiment. Left unresolved to prevent fabricating ground truth.,low
REV_08412_C15_A01,REV_08412,REV_08412_C15,8411,A bit of touch up in both food and ambiance can turn this into a 5 star rating experience,Ambience,Annotated,,,No Aspect Opinion,,changed,Reclassified procedural order / transaction narrative without evaluative opinion to 'No Aspect Opinion',high
REV_08412_C15_A02,REV_08412,REV_08412_C15,8411,A bit of touch up in both food and ambiance can turn this into a 5 star rating experience,Food,Annotated,,,No Aspect Opinion,,changed,Reclassified procedural order / transaction narrative without evaluative opinion to 'No Aspect Opinion',high
REV_08412_C15_A03,REV_08412,REV_08412_C15,8411,A bit of touch up in both food and ambiance can turn this into a 5 star rating experience,General Experience,Annotated,,,No Aspect Opinion,,changed,Reclassified procedural order / transaction narrative without evaluative opinion to 'No Aspect Opinion',high
REV_08417_C01_A01,REV_08417,REV_08417_C01,8416,It's hard to find places which give delivery upto morning 4am,Service,Annotated,,Service,Annotated,,unresolved,Genuinely ambiguous / rhetorical statement or insufficient context to definitively infer evaluative sentiment. Left unresolved to prevent fabricating ground truth.,low
REV_08417_C04_A01,REV_08417,REV_08417_C04,8416,"They deliver chicken wings,salad,popcorn,fries,biriyani and Andhra style chicken from evening till morning",Food,Annotated,,Food,Annotated,,unresolved,Genuinely ambiguous / rhetorical statement or insufficient context to definitively infer evaluative sentiment. Left unresolved to prevent fabricating ground truth.,low
REV_08417_C08_A01,REV_08417,REV_08417_C08,8416,Also tried their strawberry mocktail which was refreshing,Food,Annotated,,,No Aspect Opinion,,changed,Reclassified procedural order / transaction narrative without evaluative opinion to 'No Aspect Opinion',high
REV_08417_C15_A01,REV_08417,REV_08417_C15,8416,So if you are planning to have something beforig indulging urself in Creamstone visit here,General Experience,Annotated,,General Experience,Annotated,,unresolved,Genuinely ambiguous / rhetorical statement or insufficient context to definitively infer evaluative sentiment. Left unresolved to prevent fabricating ground truth.,low
REV_08418_C05_A01,REV_08418,REV_08418_C05,8417,"We tried Pattaya Thai, Texas BBQ, Mexican Jerk, Original Hot and Amazon Wild",Food,Annotated,,,No Aspect Opinion,,changed,Reclassified procedural order / transaction narrative without evaluative opinion to 'No Aspect Opinion',high
REV_08418_C07_A01,REV_08418,REV_08418_C07,8417,"We then moved on to Chicken Nuggets, Chicken Fried Burger and Grilled Chicken Salad",Food,Annotated,,Food,Annotated,,unresolved,Genuinely ambiguous / rhetorical statement or insufficient context to definitively infer evaluative sentiment. Left unresolved to prevent fabricating ground truth.,low
REV_08418_C14_A01,REV_08418,REV_08418_C14,8417,"We were very well taken care by Mr Srinivas, the branch manager",Service,Annotated,,Service,Annotated,,unresolved,Genuinely ambiguous / rhetorical statement or insufficient context to definitively infer evaluative sentiment. Left unresolved to prevent fabricating ground truth.,low
REV_08418_C15_A01,REV_08418,REV_08418_C15,8417,Ambience is okay and needs to be worked upon a bit being an upcoming fast-food joint,Ambience,Annotated,,Ambience,Annotated,,unresolved,Genuinely ambiguous / rhetorical statement or insufficient context to definitively infer evaluative sentiment. Left unresolved to prevent fabricating ground truth.,low
REV_08418_C15_A02,REV_08418,REV_08418_C15,8417,Ambience is okay and needs to be worked upon a bit being an upcoming fast-food joint,Food,Annotated,,Food,Annotated,,unresolved,Genuinely ambiguous / rhetorical statement or insufficient context to definitively infer evaluative sentiment. Left unresolved to prevent fabricating ground truth.,low
REV_08418_C15_A03,REV_08418,REV_08418_C15,8417,Ambience is okay and needs to be worked upon a bit being an upcoming fast-food joint,Service,Annotated,,Service,Annotated,,unresolved,Genuinely ambiguous / rhetorical statement or insufficient context to definitively infer evaluative sentiment. Left unresolved to prevent fabricating ground truth.,low
REV_08418_C16_A01,REV_08418,REV_08418_C16,8417,"Overall, an excellent place for Chicken Wing lovers and that too at a moderate price range",Food,Annotated,,Food,Annotated,,unresolved,Genuinely ambiguous / rhetorical statement or insufficient context to definitively infer evaluative sentiment. Left unresolved to prevent fabricating ground truth.,low
REV_08418_C16_A02,REV_08418,REV_08418_C16,8417,"Overall, an excellent place for Chicken Wing lovers and that too at a moderate price range",Price / Value,Annotated,,Price / Value,Annotated,,unresolved,Genuinely ambiguous / rhetorical statement or insufficient context to definitively infer evaluative sentiment. Left unresolved to prevent fabricating ground truth.,low
REV_08420_C08_A01,REV_08420,REV_08420_C08,8419,They have self service system,Service,Annotated,,Service,Annotated,,unresolved,Genuinely ambiguous / rhetorical statement or insufficient context to definitively infer evaluative sentiment. Left unresolved to prevent fabricating ground truth.,low
REV_08420_C12_A01,REV_08420,REV_08420_C12,8419,The only thing which needs improvement is the presentation of the dishes,Food,Annotated,,Food,Annotated,,unresolved,Genuinely ambiguous / rhetorical statement or insufficient context to definitively infer evaluative sentiment. Left unresolved to prevent fabricating ground truth.,low
REV_08420_C19_A01,REV_08420,REV_08420_C19,8419,"The menu seems interesting as they also serve biryani, not the authentic one",Food,Annotated,,Food,Annotated,,unresolved,Genuinely ambiguous / rhetorical statement or insufficient context to definitively infer evaluative sentiment. Left unresolved to prevent fabricating ground truth.,low
REV_08420_C19_A02,REV_08420,REV_08420_C19,8419,"The menu seems interesting as they also serve biryani, not the authentic one",Service,Annotated,,Service,Annotated,,unresolved,Genuinely ambiguous / rhetorical statement or insufficient context to definitively infer evaluative sentiment. Left unresolved to prevent fabricating ground truth.,low
REV_08420_C20_A01,REV_08420,REV_08420_C20,8419,"related to their respective genre, like wings dum biryani and drumsticks dum biryani",Food,Annotated,,Food,Annotated,,unresolved,Genuinely ambiguous / rhetorical statement or insufficient context to definitively infer evaluative sentiment. Left unresolved to prevent fabricating ground truth.,low
REV_08420_C33_A01,REV_08420,REV_08420_C33,8419,Recommended,General Experience,Annotated,,General Experience,Annotated,,unresolved,Genuinely ambiguous / rhetorical statement or insufficient context to definitively infer evaluative sentiment. Left unresolved to prevent fabricating ground truth.,low
REV_08426_C01_A01,REV_08426,REV_08426_C01,8425,Follow my insta : Eat_vth_me,Food,Annotated,,Food,Annotated,,unresolved,Genuinely ambiguous / rhetorical statement or insufficient context to definitively infer evaluative sentiment. Left unresolved to prevent fabricating ground truth.,low
REV_08426_C02_A01,REV_08426,REV_08426_C02,8425,I have been to this place to try some sumptuous food,Food,Annotated,,Food,Annotated,,unresolved,Genuinely ambiguous / rhetorical statement or insufficient context to definitively infer evaluative sentiment. Left unresolved to prevent fabricating ground truth.,low
REV_08426_C08_A01,REV_08426,REV_08426_C08,8425,Mango and,Food,Annotated,,Food,Annotated,,unresolved,Genuinely ambiguous / rhetorical statement or insufficient context to definitively infer evaluative sentiment. Left unresolved to prevent fabricating ground truth.,low
REV_08426_C12_A01,REV_08426,REV_08426_C12,8425,Lemonade : 4/5,Food,Annotated,,,No Aspect Opinion,,changed,Reclassified procedural order / transaction narrative without evaluative opinion to 'No Aspect Opinion',high
REV_08426_C13_A01,REV_08426,REV_08426_C13,8425,Then started with a healthy starters,Food,Annotated,,Food,Annotated,,unresolved,Genuinely ambiguous / rhetorical statement or insufficient context to definitively infer evaluative sentiment. Left unresolved to prevent fabricating ground truth.,low
REV_08426_C18_A01,REV_08426,REV_08426_C18,8425,"Their green salad is super healthy with unwilted cabbage , yellow green and red peppe with sprinkle of bitty paneer and garlic on top",Food,Annotated,,Food,Annotated,,unresolved,Genuinely ambiguous / rhetorical statement or insufficient context to definitively infer evaluative sentiment. Left unresolved to prevent fabricating ground truth.,low
REV_08426_C19_A01,REV_08426,REV_08426_C19,8425,The protion of sauces and were in correct quota making it super healthy,Food,Annotated,,Food,Annotated,,unresolved,Genuinely ambiguous / rhetorical statement or insufficient context to definitively infer evaluative sentiment. Left unresolved to prevent fabricating ground truth.,low
REV_08426_C21_A01,REV_08426,REV_08426_C21,8425,Asian chicken salad,Food,Annotated,,Food,Annotated,,unresolved,Genuinely ambiguous / rhetorical statement or insufficient context to definitively infer evaluative sentiment. Left unresolved to prevent fabricating ground truth.,low
REV_08426_C24_A01,REV_08426,REV_08426_C24,8425,Their chicken wing were lit,Food,Annotated,,Food,Annotated,,unresolved,Genuinely ambiguous / rhetorical statement or insufficient context to definitively infer evaluative sentiment. Left unresolved to prevent fabricating ground truth.,low
REV_08426_C29_A01,REV_08426,REV_08426_C29,8425,A patty of panner coated with flour and frizzled till the top and bottom layers are crispy and placed between the layers of cheese,Food,Annotated,,Food,Annotated,Positive,changed,Filled omitted sentiment as 'Positive' for aspect 'Food' based on explicit evaluative opinion in clause,high
REV_08441_C01_A01,REV_08441,REV_08441_C01,8440,"Compared to buds, we really found the best taste of wings and fires",Food,Annotated,,Food,Annotated,Positive,changed,Filled omitted sentiment as 'Positive' for aspect 'Food' based on explicit evaluative opinion in clause,high
REV_08443_C04_A01,REV_08443,REV_08443_C04,8442,and one more suggestion is to change the menu regularly,Food,Annotated,,Food,Annotated,,unresolved,Genuinely ambiguous / rhetorical statement or insufficient context to definitively infer evaluative sentiment. Left unresolved to prevent fabricating ground truth.,low
REV_08453_C02_A01,REV_08453,REV_08453_C02,8452,Happily enjoyed with family,General Experience,Annotated,,General Experience,Annotated,,unresolved,Genuinely ambiguous / rhetorical statement or insufficient context to definitively infer evaluative sentiment. Left unresolved to prevent fabricating ground truth.,low
REV_08458_C03_A01,REV_08458,REV_08458_C03,8457,Fries were not well packed,Food,Annotated,,Service,Annotated,Positive,changed,Filled omitted sentiment as 'Positive' for aspect 'Service' based on explicit evaluative opinion in clause,high
REV_08461_C02_A01,REV_08461,REV_08461_C02,8460,Different drinks customized food especially Biryani top notch,Food,Annotated,,Food,Annotated,,unresolved,Genuinely ambiguous / rhetorical statement or insufficient context to definitively infer evaluative sentiment. Left unresolved to prevent fabricating ground truth.,low
REV_08484_C01_A01,REV_08484,REV_08484_C01,8483,I have ordered from Dominos all my life,Food,Annotated,,,No Aspect Opinion,,changed,Reclassified factual entity mention / procedural statement without evaluative opinion to 'No Aspect Opinion',high
REV_08484_C05_A01,REV_08484,REV_08484_C05,8483,"and he gave a very casual answer saying ""ma'am parking me late hogya, jaane do"" I tried to argue saying that its not my problem and he agreed to give me a 300 rs refund",Ambience,Annotated,,,No Aspect Opinion,,changed,Reclassified procedural order / transaction narrative without evaluative opinion to 'No Aspect Opinion',high
REV_08484_C06_A01,REV_08484,REV_08484_C06,8483,"I asked him to do it at the moment and he said, his manager is busy so it cant be done right now",Service,Annotated,,Service,Annotated,,unresolved,Genuinely ambiguous / rhetorical statement or insufficient context to definitively infer evaluative sentiment. Left unresolved to prevent fabricating ground truth.,low
REV_08488_C01_A01,REV_08488,REV_08488_C01,8487,Domino's doesn't live up to the standards any more,General Experience,Annotated,,General Experience,Annotated,,unresolved,Genuinely ambiguous / rhetorical statement or insufficient context to definitively infer evaluative sentiment. Left unresolved to prevent fabricating ground truth.,low
REV_08488_C02_A01,REV_08488,REV_08488_C02,8487,I ordered a pizza,Food,Annotated,,,No Aspect Opinion,,changed,Reclassified factual entity mention / procedural statement without evaluative opinion to 'No Aspect Opinion',high
REV_08488_C08_A01,REV_08488,REV_08488_C08,8487,I want my money back,Price / Value,Annotated,,Price / Value,Annotated,,unresolved,Genuinely ambiguous / rhetorical statement or insufficient context to definitively infer evaluative sentiment. Left unresolved to prevent fabricating ground truth.,low
REV_08488_C09_A01,REV_08488,REV_08488_C09,8487,I will never order from dominos again and would advise that they shut down at least this store since they are not able to live up to the standards,Service,Annotated,,Service,Annotated,,unresolved,Genuinely ambiguous / rhetorical statement or insufficient context to definitively infer evaluative sentiment. Left unresolved to prevent fabricating ground truth.,low
REV_08488_C10_A01,REV_08488,REV_08488_C10,8487,Attached images of the smashed pizza,Food,Annotated,,Food,Annotated,,unresolved,Genuinely ambiguous / rhetorical statement or insufficient context to definitively infer evaluative sentiment. Left unresolved to prevent fabricating ground truth.,low
REV_08494_C06_A01,REV_08494,REV_08494_C06,8493,Waited for 15 min,Service,Annotated,,,No Aspect Opinion,,changed,Reclassified procedural order / transaction narrative without evaluative opinion to 'No Aspect Opinion',high
REV_08494_C12_A01,REV_08494,REV_08494_C12,8493,Finally had it enough and asked them to cancel my order and refund the money,Price / Value,Annotated,,,No Aspect Opinion,,changed,Reclassified procedural order / transaction narrative without evaluative opinion to 'No Aspect Opinion',high
REV_08494_C12_A02,REV_08494,REV_08494_C12,8493,Finally had it enough and asked them to cancel my order and refund the money,Service,Annotated,,,No Aspect Opinion,,changed,Reclassified procedural order / transaction narrative without evaluative opinion to 'No Aspect Opinion',high
REV_08494_C14_A01,REV_08494,REV_08494_C14,8493,But ordered on my wife's insistence,Service,Annotated,,,No Aspect Opinion,,changed,Reclassified procedural order / transaction narrative without evaluative opinion to 'No Aspect Opinion',high
REV_08494_C16_A01,REV_08494,REV_08494_C16,8493,Now even my wife doesn't want to order Dominos ever again,Service,Annotated,,Service,Annotated,,unresolved,Genuinely ambiguous / rhetorical statement or insufficient context to definitively infer evaluative sentiment. Left unresolved to prevent fabricating ground truth.,low
REV_08494_C18_A01,REV_08494,REV_08494_C18,8493,Zomato doesn't have any view on what the restaurant is doing with the order,Ambience,Annotated,,Ambience,Annotated,,unresolved,Genuinely ambiguous / rhetorical statement or insufficient context to definitively infer evaluative sentiment. Left unresolved to prevent fabricating ground truth.,low
REV_08494_C18_A02,REV_08494,REV_08494_C18,8493,Zomato doesn't have any view on what the restaurant is doing with the order,Service,Annotated,,Service,Annotated,,unresolved,Genuinely ambiguous / rhetorical statement or insufficient context to definitively infer evaluative sentiment. Left unresolved to prevent fabricating ground truth.,low
REV_08496_C02_A01,REV_08496,REV_08496_C02,8495,I forgot that I have preferred a cheese burst pizza,Food,Annotated,,Food,Annotated,,unresolved,Genuinely ambiguous / rhetorical statement or insufficient context to definitively infer evaluative sentiment. Left unresolved to prevent fabricating ground truth.,low
REV_08502_C02_A01,REV_08502,REV_08502_C02,8501,"Inspite of raising a complain 3-4 times, I did not receive any customer support and wasn't even contacted by their supervisor",Service,Annotated,,,No Aspect Opinion,,changed,Reclassified procedural order / transaction narrative without evaluative opinion to 'No Aspect Opinion',high
REV_08506_C01_A01,REV_08506,REV_08506_C01,8505,The delivery was faster than expected,Service,Annotated,,Service,Annotated,,unresolved,Genuinely ambiguous / rhetorical statement or insufficient context to definitively infer evaluative sentiment. Left unresolved to prevent fabricating ground truth.,low
REV_08506_C02_A01,REV_08506,REV_08506_C02,8505,I couldn't believe I got a call just 5 minutes after I placed the order and the guy was at the doorstep,Service,Annotated,,,No Aspect Opinion,,changed,Reclassified procedural order / transaction narrative without evaluative opinion to 'No Aspect Opinion',high
REV_08513_C01_A01,REV_08513,REV_08513_C01,8512,i m not getting from which outlet i need to book order for gachibowli address,Service,Annotated,,Service,Annotated,,unresolved,Genuinely ambiguous / rhetorical statement or insufficient context to definitively infer evaluative sentiment. Left unresolved to prevent fabricating ground truth.,low
REV_08529_C01_A01,REV_08529,REV_08529_C01,8528,Never got the pizza and Zomato just closed my order mentioning it has been received and asking for a review,Food,Annotated,,,No Aspect Opinion,,changed,Reclassified procedural order / transaction narrative without evaluative opinion to 'No Aspect Opinion',high
REV_08529_C01_A02,REV_08529,REV_08529_C01,8528,Never got the pizza and Zomato just closed my order mentioning it has been received and asking for a review,Service,Annotated,,,No Aspect Opinion,,changed,Reclassified procedural order / transaction narrative without evaluative opinion to 'No Aspect Opinion',high
REV_08540_C01_A01,REV_08540,REV_08540_C01,8539,fast,Service,Annotated,,Service,Annotated,,unresolved,Genuinely ambiguous / rhetorical statement or insufficient context to definitively infer evaluative sentiment. Left unresolved to prevent fabricating ground truth.,low
REV_08575_C02_A01,REV_08575,REV_08575_C02,8574,rumali shawarma with/without salad is the best one till date,Food,Annotated,,Food,Annotated,,unresolved,Genuinely ambiguous / rhetorical statement or insufficient context to definitively infer evaluative sentiment. Left unresolved to prevent fabricating ground truth.,low
REV_08579_C01_A01,REV_08579,REV_08579_C01,8578,(Strong recommendation- never ever order from here),General Experience,Annotated,,General Experience,Annotated,,unresolved,Genuinely ambiguous / rhetorical statement or insufficient context to definitively infer evaluative sentiment. Left unresolved to prevent fabricating ground truth.,low
REV_08579_C01_A02,REV_08579,REV_08579_C01,8578,(Strong recommendation- never ever order from here),Service,Annotated,,Service,Annotated,,unresolved,Genuinely ambiguous / rhetorical statement or insufficient context to definitively infer evaluative sentiment. Left unresolved to prevent fabricating ground truth.,low
REV_08579_C04_A01,REV_08579,REV_08579_C04,8578,The chicken was spoiled and smelling badly,Food,Annotated,,Food,Annotated,Negative,changed,Filled omitted sentiment as 'Negative' for aspect 'Food' based on explicit evaluative opinion in clause,high
REV_08585_C03_A01,REV_08585,REV_08585_C03,8584,"no mayonnaise, chicken smelling like hell and uncooked rumali roti",Food,Annotated,,Food,Annotated,,unresolved,Genuinely ambiguous / rhetorical statement or insufficient context to definitively infer evaluative sentiment. Left unresolved to prevent fabricating ground truth.,low
REV_08585_C04_A01,REV_08585,REV_08585_C04,8584,never going to eat at this place,Food,Annotated,,Food,Annotated,,unresolved,Genuinely ambiguous / rhetorical statement or insufficient context to definitively infer evaluative sentiment. Left unresolved to prevent fabricating ground truth.,low
REV_08587_C01_A01,REV_08587,REV_08587_C01,8586,Unprofessional and unhygienic,Service,Annotated,,Ambience,Annotated,Negative,changed,Filled omitted sentiment as 'Negative' for aspect 'Ambience' based on explicit evaluative opinion in clause,high
REV_08587_C02_A01,REV_08587,REV_08587_C02,8586,Shawarma fast food shops have sprang up in every nook and corner of the city,Food,Annotated,,Food,Annotated,,unresolved,Genuinely ambiguous / rhetorical statement or insufficient context to definitively infer evaluative sentiment. Left unresolved to prevent fabricating ground truth.,low
REV_08587_C02_A02,REV_08587,REV_08587_C02,8586,Shawarma fast food shops have sprang up in every nook and corner of the city,Service,Annotated,,Service,Annotated,,unresolved,Genuinely ambiguous / rhetorical statement or insufficient context to definitively infer evaluative sentiment. Left unresolved to prevent fabricating ground truth.,low
REV_08587_C05_A01,REV_08587,REV_08587_C05,8586,Ordered rumali roti shawarma,Food,Annotated,,,No Aspect Opinion,,changed,Reclassified factual entity mention / procedural statement without evaluative opinion to 'No Aspect Opinion',high
REV_08597_C04_A01,REV_08597,REV_08597_C04,8596,Perfect for one on diet or a vegetarian as they don't use much chicken,Food,Annotated,,Food,Annotated,,unresolved,Genuinely ambiguous / rhetorical statement or insufficient context to definitively infer evaluative sentiment. Left unresolved to prevent fabricating ground truth.,low
REV_08603_C01_A01,REV_08603,REV_08603_C01,8602,No chicken in shawarma only cabbage and tomato,Food,Annotated,,Food,Annotated,,unresolved,Genuinely ambiguous / rhetorical statement or insufficient context to definitively infer evaluative sentiment. Left unresolved to prevent fabricating ground truth.,low
REV_08610_C01_A01,REV_08610,REV_08610_C01,8609,They cancelled my order after 30 mins of payment,Service,Annotated,,,No Aspect Opinion,,changed,Reclassified procedural order / transaction narrative without evaluative opinion to 'No Aspect Opinion',high
REV_08625_C01_A01,REV_08625,REV_08625_C01,8624,awsme food,Food,Annotated,,Food,Annotated,,unresolved,Genuinely ambiguous / rhetorical statement or insufficient context to definitively infer evaluative sentiment. Left unresolved to prevent fabricating ground truth.,low
REV_08643_C05_A01,REV_08643,REV_08643_C05,8642,this is for 2nd time similar experience with zomato,General Experience,Annotated,,General Experience,Annotated,,unresolved,Genuinely ambiguous / rhetorical statement or insufficient context to definitively infer evaluative sentiment. Left unresolved to prevent fabricating ground truth.,low
REV_08646_C01_A01,REV_08646,REV_08646_C01,8645,warest food I get I need a refund I can show u pic also of ur food it is shit,Food,Annotated,,Food,Annotated,,unresolved,Genuinely ambiguous / rhetorical statement or insufficient context to definitively infer evaluative sentiment. Left unresolved to prevent fabricating ground truth.,low
REV_08669_C03_A01,REV_08669,REV_08669_C03,8668,I’ve been to this place for lunch,Food,Annotated,,Food,Annotated,,unresolved,Genuinely ambiguous / rhetorical statement or insufficient context to definitively infer evaluative sentiment. Left unresolved to prevent fabricating ground truth.,low
REV_08681_C03_A01,REV_08681,REV_08681_C03,8680,And the prices are ultimately best,Price / Value,Annotated,,Price / Value,Annotated,,unresolved,Genuinely ambiguous / rhetorical statement or insufficient context to definitively infer evaluative sentiment. Left unresolved to prevent fabricating ground truth.,low
REV_08692_C10_A01,REV_08692,REV_08692_C10,8691,Now coming to the main stuff (FOOD),Food,Annotated,,Food,Annotated,,unresolved,Genuinely ambiguous / rhetorical statement or insufficient context to definitively infer evaluative sentiment. Left unresolved to prevent fabricating ground truth.,low
REV_08692_C12_A01,REV_08692,REV_08692_C12,8691,Chicken kebab Platter,Food,Annotated,,Food,Annotated,,unresolved,Genuinely ambiguous / rhetorical statement or insufficient context to definitively infer evaluative sentiment. Left unresolved to prevent fabricating ground truth.,low
REV_08692_C13_A01,REV_08692,REV_08692_C13,8691,Pizza primavera,Food,Annotated,,Food,Annotated,,unresolved,Genuinely ambiguous / rhetorical statement or insufficient context to definitively infer evaluative sentiment. Left unresolved to prevent fabricating ground truth.,low
REV_08692_C15_A01,REV_08692,REV_08692_C15,8691,Honey chilli chicken wings,Food,Annotated,,Food,Annotated,,unresolved,Genuinely ambiguous / rhetorical statement or insufficient context to definitively infer evaluative sentiment. Left unresolved to prevent fabricating ground truth.,low
REV_08692_C16_A01,REV_08692,REV_08692_C16,8691,Sizzling chicken tikka biryuani,Food,Annotated,,Food,Annotated,,unresolved,Genuinely ambiguous / rhetorical statement or insufficient context to definitively infer evaluative sentiment. Left unresolved to prevent fabricating ground truth.,low
REV_08692_C21_A01,REV_08692,REV_08692_C21,8691,Fruit sangarika (Non alcoholic drink),Food,Annotated,,Food,Annotated,,unresolved,Genuinely ambiguous / rhetorical statement or insufficient context to definitively infer evaluative sentiment. Left unresolved to prevent fabricating ground truth.,low
REV_08692_C22_A01,REV_08692,REV_08692_C22,8691,Virgin mango margarita,Food,Annotated,,Food,Annotated,,unresolved,Genuinely ambiguous / rhetorical statement or insufficient context to definitively infer evaluative sentiment. Left unresolved to prevent fabricating ground truth.,low
REV_08692_C23_A01,REV_08692,REV_08692_C23,8691,taste,Food,Annotated,,,No Aspect Opinion,,changed,Reclassified factual entity mention / procedural statement without evaluative opinion to 'No Aspect Opinion',high
REV_08695_C13_A01,REV_08695,REV_08695_C13,8694,"It was the best so far, must try this",General Experience,Annotated,,General Experience,Annotated,,unresolved,Genuinely ambiguous / rhetorical statement or insufficient context to definitively infer evaluative sentiment. Left unresolved to prevent fabricating ground truth.,low
REV_08700_C01_A01,REV_08700,REV_08700_C01,8699,It's during this time of the year where the cricket fanactics are on a lookout for places offering sports screenings and feel almost heartbroken not to find any dedicated sports bar in town,Ambience,Annotated,,Ambience,Annotated,,unresolved,Genuinely ambiguous / rhetorical statement or insufficient context to definitively infer evaluative sentiment. Left unresolved to prevent fabricating ground truth.,low
REV_08700_C03_A01,REV_08700,REV_08700_C03,8699,"Located at Level 4 of SLN Terminus Mall in Gachibowli, the tagline for the place is ""Kebabs, Beers & Sports"" each of which is incorporated in the menu as well as the setting quite aptly",Food,Annotated,,,No Aspect Opinion,,changed,Reclassified procedural order / transaction narrative without evaluative opinion to 'No Aspect Opinion',high
REV_08700_C06_A01,REV_08700,REV_08700_C06,8699,"The platter came with 3 different tikkas of our choice, namely Veg Shami, Peri Peri and Lemon Pepper Paneer Tikka on a sizzling hot plate with onions on the base",Food,Annotated,,,No Aspect Opinion,,changed,Reclassified procedural order / transaction narrative without evaluative opinion to 'No Aspect Opinion',high
REV_08700_C15_A01,REV_08700,REV_08700_C15,8699,The kitchen should probably revisit the recipe and take care in seasoning the fried fish with some salt and pepper,Food,Annotated,,Food,Annotated,,unresolved,Genuinely ambiguous / rhetorical statement or insufficient context to definitively infer evaluative sentiment. Left unresolved to prevent fabricating ground truth.,low
REV_08700_C21_A01,REV_08700,REV_08700_C21,8699,it had a bit too much of sweetness for my taste,Food,Annotated,,,No Aspect Opinion,,changed,Reclassified procedural order / transaction narrative without evaluative opinion to 'No Aspect Opinion',high
REV_08700_C24_A01,REV_08700,REV_08700_C24,8699,The service too wasn't any exemplary as the staff almost at all times paid no heed to the diners calling them out for help,Service,Annotated,,,No Aspect Opinion,,changed,Reclassified procedural order / transaction narrative without evaluative opinion to 'No Aspect Opinion',high
REV_08700_C27_A01,REV_08700,REV_08700_C27,8699,The kitchen deserves appreciation for sending out dishes fast into the dining room,Food,Annotated,,Food,Annotated,,unresolved,Genuinely ambiguous / rhetorical statement or insufficient context to definitively infer evaluative sentiment. Left unresolved to prevent fabricating ground truth.,low
REV_08700_C27_A02,REV_08700,REV_08700_C27,8699,The kitchen deserves appreciation for sending out dishes fast into the dining room,Service,Annotated,,Service,Annotated,,unresolved,Genuinely ambiguous / rhetorical statement or insufficient context to definitively infer evaluative sentiment. Left unresolved to prevent fabricating ground truth.,low
REV_08702_C01_A01,REV_08702,REV_08702_C01,8701,Rating: 3.5,General Experience,Annotated,,,No Aspect Opinion,,changed,Reclassified procedural order / transaction narrative without evaluative opinion to 'No Aspect Opinion',high
REV_08702_C03_A01,REV_08702,REV_08702_C03,8701,"With TV screens playing different kinds of sports and walls adorned with sports memorabilia, the place is a crowd-puller during this IPL season",Ambience,Annotated,,Ambience,Annotated,,unresolved,Genuinely ambiguous / rhetorical statement or insufficient context to definitively infer evaluative sentiment. Left unresolved to prevent fabricating ground truth.,low
REV_08702_C05_A01,REV_08702,REV_08702_C05,8701,Our Sunday lunch started with a few drinks,Food,Annotated,,Food,Annotated,,unresolved,Genuinely ambiguous / rhetorical statement or insufficient context to definitively infer evaluative sentiment. Left unresolved to prevent fabricating ground truth.,low
REV_08702_C06_A01,REV_08702,REV_08702_C06,8701,"Mint Julep, Virgin Mojito, Virgin Sangria, Virgin Pina Colada, Zen Zero",Food,Annotated,,Food,Annotated,,unresolved,Genuinely ambiguous / rhetorical statement or insufficient context to definitively infer evaluative sentiment. Left unresolved to prevent fabricating ground truth.,low
REV_08702_C07_A01,REV_08702,REV_08702_C07,8701,"a mojito like drink with cola, Calvados",Food,Annotated,,Food,Annotated,,unresolved,Genuinely ambiguous / rhetorical statement or insufficient context to definitively infer evaluative sentiment. Left unresolved to prevent fabricating ground truth.,low
REV_08702_C12_A01,REV_08702,REV_08702_C12,8701,"In the starters, we tried their sizzling tikka platter that had an assortment of regular chicken, lemon pepper, malai, nasheman, paneer and fish tikkas",Food,Annotated,,,No Aspect Opinion,,changed,Reclassified procedural order / transaction narrative without evaluative opinion to 'No Aspect Opinion',high
REV_08702_C13_A01,REV_08702,REV_08702_C13,8701,The stand out ones here were the fish and lemon pepper tikkas,Food,Annotated,,Food,Annotated,,unresolved,Genuinely ambiguous / rhetorical statement or insufficient context to definitively infer evaluative sentiment. Left unresolved to prevent fabricating ground truth.,low
REV_08702_C15_A01,REV_08702,REV_08702_C15,8701,One thing we noticed in these starters was the lack of consistency,Food,Annotated,,Food,Annotated,,unresolved,Genuinely ambiguous / rhetorical statement or insufficient context to definitively infer evaluative sentiment. Left unresolved to prevent fabricating ground truth.,low
REV_08702_C18_A01,REV_08702,REV_08702_C18,8701,The tangdi kebab was well made,Food,Annotated,,Food,Annotated,,unresolved,Genuinely ambiguous / rhetorical statement or insufficient context to definitively infer evaluative sentiment. Left unresolved to prevent fabricating ground truth.,low
REV_08702_C21_A01,REV_08702,REV_08702_C21,8701,I visited this place twice,General Experience,Annotated,,General Experience,Annotated,,unresolved,Genuinely ambiguous / rhetorical statement or insufficient context to definitively infer evaluative sentiment. Left unresolved to prevent fabricating ground truth.,low
REV_08702_C22_A01,REV_08702,REV_08702_C22,8701,"During the first visit, I tried the Chicken peri peri tikka roll, Chicken Rajiala, Onion Kulcha and Thai Green Chicken curry for mains",Food,Annotated,,,No Aspect Opinion,,changed,Reclassified procedural order / transaction narrative without evaluative opinion to 'No Aspect Opinion',high
REV_08702_C24_A01,REV_08702,REV_08702_C24,8701,We were told that the chicken rajiala was a star on their menu,Food,Annotated,,Food,Annotated,,unresolved,Genuinely ambiguous / rhetorical statement or insufficient context to definitively infer evaluative sentiment. Left unresolved to prevent fabricating ground truth.,low
REV_08702_C26_A01,REV_08702,REV_08702_C26,8701,It tasted like a regular buffet green chicken curry,Food,Annotated,,Food,Annotated,,unresolved,Genuinely ambiguous / rhetorical statement or insufficient context to definitively infer evaluative sentiment. Left unresolved to prevent fabricating ground truth.,low
REV_08702_C28_A01,REV_08702,REV_08702_C28,8701,The thai green chicken curry blew us off with it's flavors,Food,Annotated,,Food,Annotated,,unresolved,Genuinely ambiguous / rhetorical statement or insufficient context to definitively infer evaluative sentiment. Left unresolved to prevent fabricating ground truth.,low
REV_08702_C29_A01,REV_08702,REV_08702_C29,8701,Each of the flavors in the dish could be tasted individually,Food,Annotated,,Food,Annotated,,unresolved,Genuinely ambiguous / rhetorical statement or insufficient context to definitively infer evaluative sentiment. Left unresolved to prevent fabricating ground truth.,low
REV_08702_C37_A01,REV_08702,REV_08702_C37,8701,They only had a couple of desserts in both instances,Food,Annotated,,,No Aspect Opinion,,changed,Reclassified procedural order / transaction narrative without evaluative opinion to 'No Aspect Opinion',high
REV_08702_C40_A01,REV_08702,REV_08702_C40,8701,"Overall, one thing that the place needs is consistency",General Experience,Annotated,,General Experience,Annotated,,unresolved,Genuinely ambiguous / rhetorical statement or insufficient context to definitively infer evaluative sentiment. Left unresolved to prevent fabricating ground truth.,low
REV_08707_C06_A01,REV_08707,REV_08707_C06,8706,and even gud luck finding a place even with a proper reservation,General Experience,Annotated,,General Experience,Annotated,,unresolved,Genuinely ambiguous / rhetorical statement or insufficient context to definitively infer evaluative sentiment. Left unresolved to prevent fabricating ground truth.,low
REV_08714_C02_A01,REV_08714,REV_08714_C02,8713,Chinese starters are fine,Food,Annotated,,Food,Annotated,,unresolved,Genuinely ambiguous / rhetorical statement or insufficient context to definitively infer evaluative sentiment. Left unresolved to prevent fabricating ground truth.,low
REV_08714_C05_A01,REV_08714,REV_08714_C05,8713,Iced tea had a very strong flavour of tea,Food,Annotated,,,No Aspect Opinion,,changed,Reclassified procedural order / transaction narrative without evaluative opinion to 'No Aspect Opinion',high
REV_08715_C05_A01,REV_08715,REV_08715_C05,8714,Ambience,Ambience,Annotated,,,No Aspect Opinion,,changed,Reclassified factual entity mention / procedural statement without evaluative opinion to 'No Aspect Opinion',high
REV_08725_C12_A01,REV_08725,REV_08725_C12,8724,We got seated in a semi lit corner,Ambience,Annotated,,,No Aspect Opinion,,changed,Reclassified procedural order / transaction narrative without evaluative opinion to 'No Aspect Opinion',high
REV_08725_C15_A01,REV_08725,REV_08725_C15,8724,Ratings,General Experience,Annotated,,General Experience,Annotated,,unresolved,Genuinely ambiguous / rhetorical statement or insufficient context to definitively infer evaluative sentiment. Left unresolved to prevent fabricating ground truth.,low
REV_08725_C23_A01,REV_08725,REV_08725_C23,8724,The food was delayed and drinks just did't come,Food,Annotated,,Service,Annotated,Negative,changed,Filled omitted sentiment as 'Negative' for aspect 'Service' based on explicit evaluative opinion in clause,high
REV_08725_C23_A02,REV_08725,REV_08725_C23,8724,The food was delayed and drinks just did't come,Service,Annotated,,Service,Annotated,Negative,changed,Filled omitted sentiment as 'Negative' for aspect 'Service' based on explicit evaluative opinion in clause,high
REV_08725_C24_A01,REV_08725,REV_08725_C24,8724,"We had to repeatedly ask the waiter to serve the drinks at-least, so that we can end our boredom",Service,Annotated,,,No Aspect Opinion,,changed,Reclassified procedural order / transaction narrative without evaluative opinion to 'No Aspect Opinion',high
REV_08725_C30_A01,REV_08725,REV_08725_C30,8724,Food,Food,Annotated,,,No Aspect Opinion,,changed,Reclassified factual entity mention / procedural statement without evaluative opinion to 'No Aspect Opinion',high
REV_08725_C33_A01,REV_08725,REV_08725_C33,8724,"We ordered a cranberry breezer, virgin mojito and couple of Pinacoladas(Yes, we took advantage of Gold membership)",Food,Annotated,,,No Aspect Opinion,,changed,Reclassified factual entity mention / procedural statement without evaluative opinion to 'No Aspect Opinion',high
REV_08725_C49_A01,REV_08725,REV_08725_C49,8724,Rating = (Ambiance + Service + Food + VFM)/4 = 2.375,Ambience,Annotated,,,No Aspect Opinion,,changed,Reclassified procedural order / transaction narrative without evaluative opinion to 'No Aspect Opinion',high
REV_08725_C49_A02,REV_08725,REV_08725_C49,8724,Rating = (Ambiance + Service + Food + VFM)/4 = 2.375,Food,Annotated,,,No Aspect Opinion,,changed,Reclassified procedural order / transaction narrative without evaluative opinion to 'No Aspect Opinion',high
REV_08725_C49_A03,REV_08725,REV_08725_C49,8724,Rating = (Ambiance + Service + Food + VFM)/4 = 2.375,Service,Annotated,,,No Aspect Opinion,,changed,Reclassified procedural order / transaction narrative without evaluative opinion to 'No Aspect Opinion',high
REV_08730_C02_A01,REV_08730,REV_08730_C02,8729,Staff is not trained well and manager on-site is not at all worried for customer experience,General Experience,Annotated,,General Experience,Annotated,,unresolved,Genuinely ambiguous / rhetorical statement or insufficient context to definitively infer evaluative sentiment. Left unresolved to prevent fabricating ground truth.,low
REV_08730_C02_A02,REV_08730,REV_08730_C02,8729,Staff is not trained well and manager on-site is not at all worried for customer experience,Service,Annotated,,Service,Annotated,,unresolved,Genuinely ambiguous / rhetorical statement or insufficient context to definitively infer evaluative sentiment. Left unresolved to prevent fabricating ground truth.,low
REV_08730_C09_A01,REV_08730,REV_08730_C09,8729,hope you guys have improved now and not giving same experience to others,General Experience,Annotated,,General Experience,Annotated,,unresolved,Genuinely ambiguous / rhetorical statement or insufficient context to definitively infer evaluative sentiment. Left unresolved to prevent fabricating ground truth.,low
REV_08736_C04_A01,REV_08736,REV_08736_C04,8735,There is an outside sitting area as well with the pleasant view of the botanical gardens,Ambience,Annotated,,Ambience,Annotated,,unresolved,Genuinely ambiguous / rhetorical statement or insufficient context to definitively infer evaluative sentiment. Left unresolved to prevent fabricating ground truth.,low
REV_08736_C08_A01,REV_08736,REV_08736_C08,8735,There is no shortage of chicken pieces in the soup unlike other outlets and the soup is also a perfect combination of spiciness and sourness,Food,Annotated,,Food,Annotated,,unresolved,Genuinely ambiguous / rhetorical statement or insufficient context to definitively infer evaluative sentiment. Left unresolved to prevent fabricating ground truth.,low
REV_08736_C09_A01,REV_08736,REV_08736_C09,8735,"Starters: Honey baby corn, chicken tikka, paneer fry, fish",Food,Annotated,,Food,Annotated,,unresolved,Genuinely ambiguous / rhetorical statement or insufficient context to definitively infer evaluative sentiment. Left unresolved to prevent fabricating ground truth.,low
REV_08744_C05_A01,REV_08744,REV_08744_C05,8743,Also a kid friendly place,Service,Annotated,,Service,Annotated,,unresolved,Genuinely ambiguous / rhetorical statement or insufficient context to definitively infer evaluative sentiment. Left unresolved to prevent fabricating ground truth.,low
REV_08754_C03_A01,REV_08754,REV_08754_C03,8753,"On the fourth day, I noticed that ""Naan"" wasn't available at the counter",Food,Annotated,,Food,Annotated,,unresolved,Genuinely ambiguous / rhetorical statement or insufficient context to definitively infer evaluative sentiment. Left unresolved to prevent fabricating ground truth.,low
REV_08754_C05_A01,REV_08754,REV_08754_C05,8753,Chef Tarunima was checking with all the customers and educating them on the availability of live counters,Service,Annotated,,Service,Annotated,,unresolved,Genuinely ambiguous / rhetorical statement or insufficient context to definitively infer evaluative sentiment. Left unresolved to prevent fabricating ground truth.,low
REV_08762_C01_A01,REV_08762,REV_08762_C01,8761,Tried the dinner buffet here and was really happy,General Experience,Annotated,,,No Aspect Opinion,,changed,Reclassified procedural order / transaction narrative without evaluative opinion to 'No Aspect Opinion',high
REV_08766_C01_A01,REV_08766,REV_08766_C01,8765,Sunday brunch experience at Cascade-Radisson,General Experience,Annotated,,General Experience,Annotated,,unresolved,Genuinely ambiguous / rhetorical statement or insufficient context to definitively infer evaluative sentiment. Left unresolved to prevent fabricating ground truth.,low
REV_08766_C08_A01,REV_08766,REV_08766_C08,8765,"Ambiance instead was a total let down, at least for us",Ambience,Annotated,,Ambience,Annotated,,unresolved,Genuinely ambiguous / rhetorical statement or insufficient context to definitively infer evaluative sentiment. Left unresolved to prevent fabricating ground truth.,low
REV_08766_C21_A01,REV_08766,REV_08766_C21,8765,Most of the times we go out with some kind of discounts or coupons,Price / Value,Annotated,,Price / Value,Annotated,,unresolved,Genuinely ambiguous / rhetorical statement or insufficient context to definitively infer evaluative sentiment. Left unresolved to prevent fabricating ground truth.,low
REV_08770_C02_A01,REV_08770,REV_08770_C02,8769,Mr Salim helped us in getting some dishes that were not on the menu,Food,Annotated,,Food,Annotated,,unresolved,Genuinely ambiguous / rhetorical statement or insufficient context to definitively infer evaluative sentiment. Left unresolved to prevent fabricating ground truth.,low
REV_08775_C09_A01,REV_08775,REV_08775_C09,8774,You will find lots and lots of varities in buffet,Food,Annotated,,Food,Annotated,,unresolved,Genuinely ambiguous / rhetorical statement or insufficient context to definitively infer evaluative sentiment. Left unresolved to prevent fabricating ground truth.,low
REV_08775_C16_A01,REV_08775,REV_08775_C16,8774,I cannt even think to visit this place again,General Experience,Annotated,,General Experience,Annotated,,unresolved,Genuinely ambiguous / rhetorical statement or insufficient context to definitively infer evaluative sentiment. Left unresolved to prevent fabricating ground truth.,low
REV_08775_C17_A01,REV_08775,REV_08775_C17,8774,Ambience,Ambience,Annotated,,,No Aspect Opinion,,changed,Reclassified factual entity mention / procedural statement without evaluative opinion to 'No Aspect Opinion',high
REV_08775_C19_A01,REV_08775,REV_08775_C19,8774,Food,Food,Annotated,,,No Aspect Opinion,,changed,Reclassified factual entity mention / procedural statement without evaluative opinion to 'No Aspect Opinion',high
REV_08775_C21_A01,REV_08775,REV_08775_C21,8774,Service,Service,Annotated,,,No Aspect Opinion,,changed,Reclassified factual entity mention / procedural statement without evaluative opinion to 'No Aspect Opinion',high
REV_08775_C23_A01,REV_08775,REV_08775_C23,8774,Price,Price / Value,Annotated,,,No Aspect Opinion,,changed,Reclassified factual entity mention / procedural statement without evaluative opinion to 'No Aspect Opinion',high
REV_08808_C01_A01,REV_08808,REV_08808_C01,8807,Have visited this place for a corporate luncheon with 26 folks,General Experience,Annotated,,,No Aspect Opinion,,changed,Reclassified procedural order / transaction narrative without evaluative opinion to 'No Aspect Opinion',high
REV_08820_C02_A01,REV_08820,REV_08820_C02,8819,Was staying at this hotel so had breakfast at this diner,General Experience,Annotated,,,No Aspect Opinion,,changed,Reclassified procedural order / transaction narrative without evaluative opinion to 'No Aspect Opinion',high
REV_08828_C03_A01,REV_08828,REV_08828_C03,8827,Not clustered and has a relaxed atmosphere to it,Ambience,Annotated,,Ambience,Annotated,,unresolved,Genuinely ambiguous / rhetorical statement or insufficient context to definitively infer evaluative sentiment. Left unresolved to prevent fabricating ground truth.,low
REV_08828_C07_A01,REV_08828,REV_08828_C07,8827,I went for the egg salad and the chicken salad,Food,Annotated,,,No Aspect Opinion,,changed,Reclassified factual entity mention / procedural statement without evaluative opinion to 'No Aspect Opinion',high
REV_08828_C10_A01,REV_08828,REV_08828_C10,8827,Very happy with the Hong Kong fish and zaffrani chicken,Food,Annotated,,Food,Annotated,,unresolved,Genuinely ambiguous / rhetorical statement or insufficient context to definitively infer evaluative sentiment. Left unresolved to prevent fabricating ground truth.,low
REV_08828_C17_A01,REV_08828,REV_08828_C17,8827,Fish was very salty so i had to pass that,Food,Annotated,,,No Aspect Opinion,,changed,Reclassified procedural order / transaction narrative without evaluative opinion to 'No Aspect Opinion',high
REV_08828_C20_A01,REV_08828,REV_08828_C20,8827,They had rotis and nans to order (live),Service,Annotated,,,No Aspect Opinion,,changed,Reclassified procedural order / transaction narrative without evaluative opinion to 'No Aspect Opinion',high
REV_08828_C22_A01,REV_08828,REV_08828_C22,8827,did not excite my taste buds much,Food,Annotated,,Food,Annotated,,unresolved,Genuinely ambiguous / rhetorical statement or insufficient context to definitively infer evaluative sentiment. Left unresolved to prevent fabricating ground truth.,low
REV_08828_C24_A01,REV_08828,REV_08828_C24,8827,"Some more options in main course was one veg biryani, Mutton biryani, chicken curry, Chicken curry was something I would go for again",Food,Annotated,,Food,Annotated,,unresolved,Genuinely ambiguous / rhetorical statement or insufficient context to definitively infer evaluative sentiment. Left unresolved to prevent fabricating ground truth.,low
REV_08828_C25_A01,REV_08828,REV_08828_C25,8827,not so much happy with the biryani,Food,Annotated,,Food,Annotated,,unresolved,Genuinely ambiguous / rhetorical statement or insufficient context to definitively infer evaluative sentiment. Left unresolved to prevent fabricating ground truth.,low
REV_08828_C34_A01,REV_08828,REV_08828_C34,8827,Soups is placed after the biryani,Food,Annotated,,Food,Annotated,,unresolved,Genuinely ambiguous / rhetorical statement or insufficient context to definitively infer evaluative sentiment. Left unresolved to prevent fabricating ground truth.,low
REV_08842_C02_A01,REV_08842,REV_08842_C02,8841,They do not believe in serving a glass of water unless specifically asked for after 20 minutes of being there,Service,Annotated,,,No Aspect Opinion,,changed,Reclassified procedural order / transaction narrative without evaluative opinion to 'No Aspect Opinion',high
REV_08842_C03_A01,REV_08842,REV_08842_C03,8841,The smell of the cleaning liquid was so strong that i lost my appetite and to top it gave me a splitting headache,Ambience,Annotated,,Ambience,Annotated,,unresolved,Genuinely ambiguous / rhetorical statement or insufficient context to definitively infer evaluative sentiment. Left unresolved to prevent fabricating ground truth.,low
REV_08842_C06_A01,REV_08842,REV_08842_C06,8841,I asked them to pack up the food because there was no way i was going to eat from there bearing the mind numbing smell,Ambience,Annotated,,Ambience,Annotated,,unresolved,Genuinely ambiguous / rhetorical statement or insufficient context to definitively infer evaluative sentiment. Left unresolved to prevent fabricating ground truth.,low
REV_08842_C06_A02,REV_08842,REV_08842_C06,8841,I asked them to pack up the food because there was no way i was going to eat from there bearing the mind numbing smell,Food,Annotated,,Food,Annotated,,unresolved,Genuinely ambiguous / rhetorical statement or insufficient context to definitively infer evaluative sentiment. Left unresolved to prevent fabricating ground truth.,low
REV_08844_C02_A01,REV_08844,REV_08844_C02,8843,Happy dinning,Food,Annotated,,Food,Annotated,,unresolved,Genuinely ambiguous / rhetorical statement or insufficient context to definitively infer evaluative sentiment. Left unresolved to prevent fabricating ground truth.,low
REV_08848_C01_A01,REV_08848,REV_08848_C01,8847,I was excited about the team lunch at Hyatt,General Experience,Annotated,,General Experience,Annotated,,unresolved,Genuinely ambiguous / rhetorical statement or insufficient context to definitively infer evaluative sentiment. Left unresolved to prevent fabricating ground truth.,low
REV_08848_C12_A01,REV_08848,REV_08848_C12,8847,The quality of food changed with subsequent refill,Food,Annotated,,Food,Annotated,,unresolved,Genuinely ambiguous / rhetorical statement or insufficient context to definitively infer evaluative sentiment. Left unresolved to prevent fabricating ground truth.,low
REV_08854_C10_A01,REV_08854,REV_08854_C10,8853,Asked the Manager (Mr Maneesh Singh and Prakash) to show the original prices on any Menu or Booklet or Hyatt Website,Food,Annotated,,Food,Annotated,,unresolved,Genuinely ambiguous / rhetorical statement or insufficient context to definitively infer evaluative sentiment. Left unresolved to prevent fabricating ground truth.,low
REV_08854_C10_A02,REV_08854,REV_08854_C10,8853,Asked the Manager (Mr Maneesh Singh and Prakash) to show the original prices on any Menu or Booklet or Hyatt Website,Price / Value,Annotated,,Price / Value,Annotated,,unresolved,Genuinely ambiguous / rhetorical statement or insufficient context to definitively infer evaluative sentiment. Left unresolved to prevent fabricating ground truth.,low
REV_08854_C10_A03,REV_08854,REV_08854_C10,8853,Asked the Manager (Mr Maneesh Singh and Prakash) to show the original prices on any Menu or Booklet or Hyatt Website,Service,Annotated,,Service,Annotated,,unresolved,Genuinely ambiguous / rhetorical statement or insufficient context to definitively infer evaluative sentiment. Left unresolved to prevent fabricating ground truth.,low
REV_08856_C04_A01,REV_08856,REV_08856_C04,8855,Wrong dish names are placed on many items,Food,Annotated,,Food,Annotated,,unresolved,Genuinely ambiguous / rhetorical statement or insufficient context to definitively infer evaluative sentiment. Left unresolved to prevent fabricating ground truth.,low
REV_08856_C06_A01,REV_08856,REV_08856_C06,8855,They charged 2199 plus taxes,Price / Value,Annotated,,,No Aspect Opinion,,changed,Reclassified procedural order / transaction narrative without evaluative opinion to 'No Aspect Opinion',high
REV_08866_C01_A01,REV_08866,REV_08866_C01,8865,"Amid the busy lanes of financial district, lies this serene place with lots of greenery and makes one feel pleasant on the outset",General Experience,Annotated,,General Experience,Annotated,,unresolved,Genuinely ambiguous / rhetorical statement or insufficient context to definitively infer evaluative sentiment. Left unresolved to prevent fabricating ground truth.,low
REV_08866_C03_A01,REV_08866,REV_08866_C03,8865,Very well managed place I must say,General Experience,Annotated,,General Experience,Annotated,,unresolved,Genuinely ambiguous / rhetorical statement or insufficient context to definitively infer evaluative sentiment. Left unresolved to prevent fabricating ground truth.,low
REV_08866_C15_A01,REV_08866,REV_08866_C15,8865,Requested for the dessert section to be extended a little further,Food,Annotated,,Food,Annotated,,unresolved,Genuinely ambiguous / rhetorical statement or insufficient context to definitively infer evaluative sentiment. Left unresolved to prevent fabricating ground truth.,low
REV_08866_C17_A01,REV_08866,REV_08866_C17,8865,"Coming to the food, there's loads of choice",Food,Annotated,,Food,Annotated,,unresolved,Genuinely ambiguous / rhetorical statement or insufficient context to definitively infer evaluative sentiment. Left unresolved to prevent fabricating ground truth.,low
REV_08870_C03_A01,REV_08870,REV_08870_C03,8869,Highly recommended this place for a romantic dinner,General Experience,Annotated,,General Experience,Annotated,Positive,changed,Filled omitted sentiment as 'Positive' for aspect 'General Experience' based on explicit evaluative opinion in clause,high
REV_08888_C06_A01,REV_08888,REV_08888_C06,8887,Would definitely recommend,General Experience,Annotated,,General Experience,Annotated,,unresolved,Genuinely ambiguous / rhetorical statement or insufficient context to definitively infer evaluative sentiment. Left unresolved to prevent fabricating ground truth.,low
REV_08891_C04_A01,REV_08891,REV_08891_C04,8890,I wasted my money,Price / Value,Annotated,,Price / Value,Annotated,Negative,changed,Filled omitted sentiment as 'Negative' for aspect 'Price / Value' based on explicit evaluative opinion in clause,high
REV_08908_C01_A01,REV_08908,REV_08908_C01,8907,Been here for a buffet lunch on weekdays,Food,Annotated,,Food,Annotated,,unresolved,Genuinely ambiguous / rhetorical statement or insufficient context to definitively infer evaluative sentiment. Left unresolved to prevent fabricating ground truth.,low
REV_08920_C02_A01,REV_08920,REV_08920_C02,8919,I have been to this place last year for lunch,Food,Annotated,,Food,Annotated,,unresolved,Genuinely ambiguous / rhetorical statement or insufficient context to definitively infer evaluative sentiment. Left unresolved to prevent fabricating ground truth.,low
REV_08928_C05_A01,REV_08928,REV_08928_C05,8927,"Regardless of your nationality, just imagine how hard it would be to have food, which you have never had in your life",Food,Annotated,,,No Aspect Opinion,,changed,Reclassified procedural order / transaction narrative without evaluative opinion to 'No Aspect Opinion',high
REV_08928_C07_A01,REV_08928,REV_08928_C07,8927,"When you stay at a hotel and the hotel prepares same of similar dishes almost every day, you will be easily sick and tired of having the food all the time",Food,Annotated,,Food,Annotated,,unresolved,Genuinely ambiguous / rhetorical statement or insufficient context to definitively infer evaluative sentiment. Left unresolved to prevent fabricating ground truth.,low
REV_08928_C08_A01,REV_08928,REV_08928_C08,8927,"Besides, India is a country where it is hard to find restaurants that serve pork or beef dishes",Food,Annotated,,Food,Annotated,,unresolved,Genuinely ambiguous / rhetorical statement or insufficient context to definitively infer evaluative sentiment. Left unresolved to prevent fabricating ground truth.,low
REV_08928_C08_A02,REV_08928,REV_08928_C08,8927,"Besides, India is a country where it is hard to find restaurants that serve pork or beef dishes",Service,Annotated,,Service,Annotated,,unresolved,Genuinely ambiguous / rhetorical statement or insufficient context to definitively infer evaluative sentiment. Left unresolved to prevent fabricating ground truth.,low
REV_08928_C10_A01,REV_08928,REV_08928_C10,8927,but most dishes in India are with this herb regardless of the type of food,Food,Annotated,,Food,Annotated,,unresolved,Genuinely ambiguous / rhetorical statement or insufficient context to definitively infer evaluative sentiment. Left unresolved to prevent fabricating ground truth.,low
REV_08928_C12_A01,REV_08928,REV_08928_C12,8927,"However, I find foods at this Collage restaurant at Hyatt Hyderabad is not using those herbs for Western or Asian food",Food,Annotated,,Food,Annotated,,unresolved,Genuinely ambiguous / rhetorical statement or insufficient context to definitively infer evaluative sentiment. Left unresolved to prevent fabricating ground truth.,low
REV_08928_C14_A01,REV_08928,REV_08928_C14,8927,"Besides, for buffet dinner, majority of the food are daily changed",Food,Annotated,,Food,Annotated,,unresolved,Genuinely ambiguous / rhetorical statement or insufficient context to definitively infer evaluative sentiment. Left unresolved to prevent fabricating ground truth.,low
REV_08928_C16_A01,REV_08928,REV_08928_C16,8927,"Therefore, my food life at Collage @Hyatt Hyderabad is always happy because of so much efforts the <<chef Prashant>>, <<chef Pushkar>>, <<chef Sankhar>> and <<chef Santosh>>, are putting into to cater my taste",Food,Annotated,,Food,Annotated,,unresolved,Genuinely ambiguous / rhetorical statement or insufficient context to definitively infer evaluative sentiment. Left unresolved to prevent fabricating ground truth.,low
REV_08928_C18_A01,REV_08928,REV_08928_C18,8927,"Sometimes, we even talk about food making and recipes",Food,Annotated,,Food,Annotated,,unresolved,Genuinely ambiguous / rhetorical statement or insufficient context to definitively infer evaluative sentiment. Left unresolved to prevent fabricating ground truth.,low
REV_08928_C20_A01,REV_08928,REV_08928_C20,8927,"During breakfast and dinnertime, these chefs always come to my table and ask if the buffet foods at the Collage restaurant fit my taste",Ambience,Annotated,,Ambience,Annotated,,unresolved,Genuinely ambiguous / rhetorical statement or insufficient context to definitively infer evaluative sentiment. Left unresolved to prevent fabricating ground truth.,low
REV_08928_C20_A02,REV_08928,REV_08928_C20,8927,"During breakfast and dinnertime, these chefs always come to my table and ask if the buffet foods at the Collage restaurant fit my taste",Food,Annotated,,Food,Annotated,,unresolved,Genuinely ambiguous / rhetorical statement or insufficient context to definitively infer evaluative sentiment. Left unresolved to prevent fabricating ground truth.,low
REV_08940_C03_A01,REV_08940,REV_08940_C03,8939,We had our dinner and breakfast at collage food,Food,Annotated,,,No Aspect Opinion,,changed,Reclassified procedural order / transaction narrative without evaluative opinion to 'No Aspect Opinion',high
REV_08942_C06_A01,REV_08942,REV_08942_C06,8941,In the Indian had only Biryani & raara gosht,Food,Annotated,,,No Aspect Opinion,,changed,Reclassified procedural order / transaction narrative without evaluative opinion to 'No Aspect Opinion',high
REV_08942_C07_A01,REV_08942,REV_08942_C07,8941,"The highlight was in place like Hyatt your serving Vada Pav as part of the sunday brunch, come on you must be really kidding me, I am sure you can do better than this",General Experience,Annotated,,General Experience,Annotated,,unresolved,Genuinely ambiguous / rhetorical statement or insufficient context to definitively infer evaluative sentiment. Left unresolved to prevent fabricating ground truth.,low
REV_08942_C08_A01,REV_08942,REV_08942_C08,8941,Lauki mussalam on the vegetarian spread just to name a few of the not so appetising options there,Food,Annotated,,Food,Annotated,,unresolved,Genuinely ambiguous / rhetorical statement or insufficient context to definitively infer evaluative sentiment. Left unresolved to prevent fabricating ground truth.,low
REV_08942_C11_A01,REV_08942,REV_08942_C11,8941,but the food quality & buffet spread is so so so disappointing,Food,Annotated,,Food,Annotated,,unresolved,Genuinely ambiguous / rhetorical statement or insufficient context to definitively infer evaluative sentiment. Left unresolved to prevent fabricating ground truth.,low
REV_08944_C03_A01,REV_08944,REV_08944_C03,8943,Only the staffs could have been a little more attentive,Service,Annotated,,Service,Annotated,,unresolved,Genuinely ambiguous / rhetorical statement or insufficient context to definitively infer evaluative sentiment. Left unresolved to prevent fabricating ground truth.,low
REV_08954_C04_A01,REV_08954,REV_08954_C04,8953,I didn't understand its northeast food or korean food,Food,Annotated,,Food,Annotated,,unresolved,Genuinely ambiguous / rhetorical statement or insufficient context to definitively infer evaluative sentiment. Left unresolved to prevent fabricating ground truth.,low
REV_08956_C01_A01,REV_08956,REV_08956_C01,8955,A fine and cute place like that of a cottage to have variety dishes,Food,Annotated,,Food,Annotated,,unresolved,Genuinely ambiguous / rhetorical statement or insufficient context to definitively infer evaluative sentiment. Left unresolved to prevent fabricating ground truth.,low
REV_08956_C02_A01,REV_08956,REV_08956_C02,8955,Drinks:,Food,Annotated,,Food,Annotated,,unresolved,Genuinely ambiguous / rhetorical statement or insufficient context to definitively infer evaluative sentiment. Left unresolved to prevent fabricating ground truth.,low
REV_08956_C07_A01,REV_08956,REV_08956_C07,8955,Green ice mountain mojito: You can find green apples in this drink,Food,Annotated,,Food,Annotated,,unresolved,Genuinely ambiguous / rhetorical statement or insufficient context to definitively infer evaluative sentiment. Left unresolved to prevent fabricating ground truth.,low
REV_08956_C10_A01,REV_08956,REV_08956_C10,8955,I would like to suggest to bring the drinks along with the main course rather than us having to wait and ask for it after the main course,Service,Annotated,,Service,Annotated,,unresolved,Genuinely ambiguous / rhetorical statement or insufficient context to definitively infer evaluative sentiment. Left unresolved to prevent fabricating ground truth.,low
REV_08956_C13_A01,REV_08956,REV_08956_C13,8955,This is a thumbs down comparing to the other dishes i had,Food,Annotated,,,No Aspect Opinion,,changed,Reclassified procedural order / transaction narrative without evaluative opinion to 'No Aspect Opinion',high
REV_08956_C15_A01,REV_08956,REV_08956_C15,8955,Both of it had a unique taste,Food,Annotated,,,No Aspect Opinion,,changed,Reclassified procedural order / transaction narrative without evaluative opinion to 'No Aspect Opinion',high
REV_08956_C18_A01,REV_08956,REV_08956_C18,8955,The piece were eatable,Food,Annotated,,Food,Annotated,,unresolved,Genuinely ambiguous / rhetorical statement or insufficient context to definitively infer evaluative sentiment. Left unresolved to prevent fabricating ground truth.,low
REV_08956_C23_A01,REV_08956,REV_08956_C23,8955,The gravy is ravishing as well,Food,Annotated,,Food,Annotated,,unresolved,Genuinely ambiguous / rhetorical statement or insufficient context to definitively infer evaluative sentiment. Left unresolved to prevent fabricating ground truth.,low
REV_08970_C04_A01,REV_08970,REV_08970_C04,8969,Try the Teriyaki Chicken,Food,Annotated,,Food,Annotated,,unresolved,Genuinely ambiguous / rhetorical statement or insufficient context to definitively infer evaluative sentiment. Left unresolved to prevent fabricating ground truth.,low
REV_08970_C05_A01,REV_08970,REV_08970_C05,8969,"The main course as well as the starters in pork and beef dishes are yum, especially their Naga Smoked Curry",Food,Annotated,,Food,Annotated,,unresolved,Genuinely ambiguous / rhetorical statement or insufficient context to definitively infer evaluative sentiment. Left unresolved to prevent fabricating ground truth.,low
REV_08975_C06_A01,REV_08975,REV_08975_C06,8974,🍽️ Teriyaki Chicken (served with flavoured rice and green vegetables),Food,Annotated,,,No Aspect Opinion,,changed,Reclassified procedural order / transaction narrative without evaluative opinion to 'No Aspect Opinion',high
REV_08975_C06_A02,REV_08975,REV_08975_C06,8974,🍽️ Teriyaki Chicken (served with flavoured rice and green vegetables),Service,Annotated,,,No Aspect Opinion,,changed,Reclassified procedural order / transaction narrative without evaluative opinion to 'No Aspect Opinion',high
REV_08975_C07_A01,REV_08975,REV_08975_C07,8974,Drinks:,Food,Annotated,,Food,Annotated,,unresolved,Genuinely ambiguous / rhetorical statement or insufficient context to definitively infer evaluative sentiment. Left unresolved to prevent fabricating ground truth.,low
REV_08975_C10_A01,REV_08975,REV_08975_C10,8974,"Of the four dishes listed above, the first three were recommended by Madcapmanikin",Food,Annotated,,Food,Annotated,,unresolved,Genuinely ambiguous / rhetorical statement or insufficient context to definitively infer evaluative sentiment. Left unresolved to prevent fabricating ground truth.,low
REV_08975_C10_A02,REV_08975,REV_08975_C10,8974,"Of the four dishes listed above, the first three were recommended by Madcapmanikin",General Experience,Annotated,,General Experience,Annotated,,unresolved,Genuinely ambiguous / rhetorical statement or insufficient context to definitively infer evaluative sentiment. Left unresolved to prevent fabricating ground truth.,low
REV_08975_C14_A01,REV_08975,REV_08975_C14,8974,"But Zing's came highly recommended by Suchismita Chatterjee Dutta as well, the other lady whose suggestions have always been on point",General Experience,Annotated,,General Experience,Annotated,Positive,changed,Filled omitted sentiment as 'Positive' for aspect 'General Experience' based on explicit evaluative opinion in clause,high
REV_08975_C15_A01,REV_08975,REV_08975_C15,8974,"In all honesty, when the starters arrived, I felt that the portions were quite small",Food,Annotated,,Food,Annotated,,unresolved,Genuinely ambiguous / rhetorical statement or insufficient context to definitively infer evaluative sentiment. Left unresolved to prevent fabricating ground truth.,low
REV_08975_C21_A01,REV_08975,REV_08975_C21,8974,The first taste of the spoonful of rice mixed with the curry converted my brain into mush,Food,Annotated,,Food,Annotated,,unresolved,Genuinely ambiguous / rhetorical statement or insufficient context to definitively infer evaluative sentiment. Left unresolved to prevent fabricating ground truth.,low
REV_08975_C25_A01,REV_08975,REV_08975_C25,8974,The side of blanched beans worked so well to cleanse the palate between mouthfuls so that one could experience the flavours over and over again,General Experience,Annotated,,General Experience,Annotated,,unresolved,Genuinely ambiguous / rhetorical statement or insufficient context to definitively infer evaluative sentiment. Left unresolved to prevent fabricating ground truth.,low
REV_08975_C27_A01,REV_08975,REV_08975_C27,8974,It was only by the end of the meal that I realised the starters were portioned well enough to awaken the taste buds,Food,Annotated,,Food,Annotated,,unresolved,Genuinely ambiguous / rhetorical statement or insufficient context to definitively infer evaluative sentiment. Left unresolved to prevent fabricating ground truth.,low
REV_08975_C30_A01,REV_08975,REV_08975_C30,8974,THIS IS COMFORT FOOD,Food,Annotated,,Food,Annotated,,unresolved,Genuinely ambiguous / rhetorical statement or insufficient context to definitively infer evaluative sentiment. Left unresolved to prevent fabricating ground truth.,low
REV_08975_C31_A01,REV_08975,REV_08975_C31,8974,"SANELY PRICED, IMPECCABLY PORTIONED, HONEST FOOD THAT WARMS YOU UP FROM WITHIN",Food,Annotated,,Food,Annotated,,unresolved,Genuinely ambiguous / rhetorical statement or insufficient context to definitively infer evaluative sentiment. Left unresolved to prevent fabricating ground truth.,low
REV_08984_C01_A01,REV_08984,REV_08984_C01,8983,Having heard a lot about this place and my curiosity to try a new cuisine that's a part of India,Food,Annotated,,Food,Annotated,,unresolved,Genuinely ambiguous / rhetorical statement or insufficient context to definitively infer evaluative sentiment. Left unresolved to prevent fabricating ground truth.,low
REV_08984_C02_A01,REV_08984,REV_08984_C02,8983,"but different from the other usual cuisines, led me and a bunch of my friends to Zing's for dinner",Food,Annotated,,Food,Annotated,,unresolved,Genuinely ambiguous / rhetorical statement or insufficient context to definitively infer evaluative sentiment. Left unresolved to prevent fabricating ground truth.,low
REV_08984_C10_A01,REV_08984,REV_08984_C10,8983,"The best thing would be the prices- everything is so resonably priced, it's not easy to find non-veg (especially pork, beef etc) at these prices",Price / Value,Annotated,,Price / Value,Annotated,,unresolved,Genuinely ambiguous / rhetorical statement or insufficient context to definitively infer evaluative sentiment. Left unresolved to prevent fabricating ground truth.,low
REV_08984_C11_A01,REV_08984,REV_08984_C11,8983,One major area of feedback would be the service,Service,Annotated,,Service,Annotated,,unresolved,Genuinely ambiguous / rhetorical statement or insufficient context to definitively infer evaluative sentiment. Left unresolved to prevent fabricating ground truth.,low
REV_08984_C13_A01,REV_08984,REV_08984_C13,8983,and it took a bit of effort for us to get their attention and get them to the table each time,Ambience,Annotated,,Ambience,Annotated,,unresolved,Genuinely ambiguous / rhetorical statement or insufficient context to definitively infer evaluative sentiment. Left unresolved to prevent fabricating ground truth.,low
REV_08989_C02_A01,REV_08989,REV_08989_C02,8988,he forgot half of the food that I ordered,Food,Annotated,,,No Aspect Opinion,,changed,Reclassified procedural order / transaction narrative without evaluative opinion to 'No Aspect Opinion',high
REV_08989_C05_A01,REV_08989,REV_08989_C05,8988,"they don't even talk to you straight face,not polite, do not visit",Service,Annotated,,Service,Annotated,,unresolved,Genuinely ambiguous / rhetorical statement or insufficient context to definitively infer evaluative sentiment. Left unresolved to prevent fabricating ground truth.,low
REV_08992_C03_A01,REV_08992,REV_08992_C03,8991,And the chutney given as complimentary with the main course is worth trying,General Experience,Annotated,,General Experience,Annotated,,unresolved,Genuinely ambiguous / rhetorical statement or insufficient context to definitively infer evaluative sentiment. Left unresolved to prevent fabricating ground truth.,low
REV_08992_C03_A02,REV_08992,REV_08992_C03,8991,And the chutney given as complimentary with the main course is worth trying,Price / Value,Annotated,,Price / Value,Annotated,,unresolved,Genuinely ambiguous / rhetorical statement or insufficient context to definitively infer evaluative sentiment. Left unresolved to prevent fabricating ground truth.,low
REV_08992_C05_A01,REV_08992,REV_08992_C05,8991,Happy feasting:),Food,Annotated,,Food,Annotated,,unresolved,Genuinely ambiguous / rhetorical statement or insufficient context to definitively infer evaluative sentiment. Left unresolved to prevent fabricating ground truth.,low
REV_09007_C09_A01,REV_09007,REV_09007_C09,9006,But the flavor of the food makes up for everything making me give 5 stars,Food,Annotated,,,No Aspect Opinion,,changed,Reclassified procedural order / transaction narrative without evaluative opinion to 'No Aspect Opinion',high
REV_09009_C01_A01,REV_09009,REV_09009_C01,9008,This tiny joint serves excellent Northeastern & East Asian food,Food,Annotated,,Food,Annotated,,unresolved,Genuinely ambiguous / rhetorical statement or insufficient context to definitively infer evaluative sentiment. Left unresolved to prevent fabricating ground truth.,low
REV_09021_C07_A01,REV_09021,REV_09021_C07,9020,The service is a bit shifty,Service,Annotated,,Service,Annotated,,unresolved,Genuinely ambiguous / rhetorical statement or insufficient context to definitively infer evaluative sentiment. Left unresolved to prevent fabricating ground truth.,low
REV_09021_C09_A01,REV_09021,REV_09021_C09,9020,"Unbelievable prices (for now), as well",Price / Value,Annotated,,Price / Value,Annotated,,unresolved,Genuinely ambiguous / rhetorical statement or insufficient context to definitively infer evaluative sentiment. Left unresolved to prevent fabricating ground truth.,low
REV_09040_C02_A01,REV_09040,REV_09040_C02,9039,Folks at the restaurant were least bothered in taking our order right since we sat down on an empty table,Ambience,Annotated,,Ambience,Annotated,,unresolved,Genuinely ambiguous / rhetorical statement or insufficient context to definitively infer evaluative sentiment. Left unresolved to prevent fabricating ground truth.,low
REV_09040_C02_A02,REV_09040,REV_09040_C02,9039,Folks at the restaurant were least bothered in taking our order right since we sat down on an empty table,Service,Annotated,,Service,Annotated,,unresolved,Genuinely ambiguous / rhetorical statement or insufficient context to definitively infer evaluative sentiment. Left unresolved to prevent fabricating ground truth.,low
REV_09040_C05_A01,REV_09040,REV_09040_C05,9039,"Although I won't judge the restaurant based on just this item, as chances are it was a one off case",General Experience,Annotated,,General Experience,Annotated,,unresolved,Genuinely ambiguous / rhetorical statement or insufficient context to definitively infer evaluative sentiment. Left unresolved to prevent fabricating ground truth.,low
REV_09040_C06_A01,REV_09040,REV_09040_C06,9039,But the service and staff attitude was a real put off,Service,Annotated,,Service,Annotated,,unresolved,Genuinely ambiguous / rhetorical statement or insufficient context to definitively infer evaluative sentiment. Left unresolved to prevent fabricating ground truth.,low
REV_09040_C09_A01,REV_09040,REV_09040_C09,9039,"Something seemed to be very off, as a restaurant having 4.6 rating usually won't come across this way",General Experience,Annotated,,,No Aspect Opinion,,changed,Reclassified procedural order / transaction narrative without evaluative opinion to 'No Aspect Opinion',high
REV_09042_C08_A01,REV_09042,REV_09042_C08,9041,I will be trying out other food items as well and accordingly I will update my review,Food,Annotated,,Food,Annotated,,unresolved,Genuinely ambiguous / rhetorical statement or insufficient context to definitively infer evaluative sentiment. Left unresolved to prevent fabricating ground truth.,low
REV_09056_C04_A01,REV_09056,REV_09056_C04,9055,"Alongwith the popular chocolate ones do try the caramel, strawberry and colour pop ones too",Food,Annotated,,Food,Annotated,,unresolved,Genuinely ambiguous / rhetorical statement or insufficient context to definitively infer evaluative sentiment. Left unresolved to prevent fabricating ground truth.,low
REV_09062_C03_A01,REV_09062,REV_09062_C03,9061,almost the taste of usa,Food,Annotated,,Food,Annotated,,unresolved,Genuinely ambiguous / rhetorical statement or insufficient context to definitively infer evaluative sentiment. Left unresolved to prevent fabricating ground truth.,low
REV_09066_C04_A01,REV_09066,REV_09066_C04,9065,I am not ordering from here ever again,General Experience,Annotated,,General Experience,Annotated,,unresolved,Genuinely ambiguous / rhetorical statement or insufficient context to definitively infer evaluative sentiment. Left unresolved to prevent fabricating ground truth.,low
REV_09075_C03_A01,REV_09075,REV_09075_C03,9074,Best donuts in town for sure,General Experience,Annotated,,General Experience,Annotated,,unresolved,Genuinely ambiguous / rhetorical statement or insufficient context to definitively infer evaluative sentiment. Left unresolved to prevent fabricating ground truth.,low
REV_09075_C04_A01,REV_09075,REV_09075_C04,9074,Little cosy place for chitchat,Ambience,Annotated,,Ambience,Annotated,,unresolved,Genuinely ambiguous / rhetorical statement or insufficient context to definitively infer evaluative sentiment. Left unresolved to prevent fabricating ground truth.,low
REV_09084_C04_A01,REV_09084,REV_09084_C04,9083,Food,Food,Annotated,,,No Aspect Opinion,,changed,Reclassified factual entity mention / procedural statement without evaluative opinion to 'No Aspect Opinion',high
REV_09086_C02_A01,REV_09086,REV_09086_C02,9085,I personally love sugar glaze classic and honestly it was perfect for me,General Experience,Annotated,,General Experience,Annotated,,unresolved,Genuinely ambiguous / rhetorical statement or insufficient context to definitively infer evaluative sentiment. Left unresolved to prevent fabricating ground truth.,low
REV_09119_C01_A01,REV_09119,REV_09119_C01,9118,Been to this place a few times before,General Experience,Annotated,,General Experience,Annotated,,unresolved,Genuinely ambiguous / rhetorical statement or insufficient context to definitively infer evaluative sentiment. Left unresolved to prevent fabricating ground truth.,low
REV_09134_C02_A01,REV_09134,REV_09134_C02,9133,It was heaven for me when i sipped it,Food,Annotated,,Food,Annotated,,unresolved,Genuinely ambiguous / rhetorical statement or insufficient context to definitively infer evaluative sentiment. Left unresolved to prevent fabricating ground truth.,low
REV_09138_C09_A01,REV_09138,REV_09138_C09,9137,I can say that majority were chocolate based,Food,Annotated,,Food,Annotated,,unresolved,Genuinely ambiguous / rhetorical statement or insufficient context to definitively infer evaluative sentiment. Left unresolved to prevent fabricating ground truth.,low
REV_09138_C16_A01,REV_09138,REV_09138_C16,9137,This one had a mango glaze on top and center filled with mango puree or jam,Food,Annotated,,,No Aspect Opinion,,changed,Reclassified procedural order / transaction narrative without evaluative opinion to 'No Aspect Opinion',high
REV_09138_C20_A01,REV_09138,REV_09138_C20,9137,The fifth one had a chocolate topping,Food,Annotated,,,No Aspect Opinion,,changed,Reclassified procedural order / transaction narrative without evaluative opinion to 'No Aspect Opinion',high
REV_09138_C28_A01,REV_09138,REV_09138_C28,9137,Breaking away from my usual style of writing I will come to the location and ambience after the food,Ambience,Annotated,,Ambience,Annotated,,unresolved,Genuinely ambiguous / rhetorical statement or insufficient context to definitively infer evaluative sentiment. Left unresolved to prevent fabricating ground truth.,low
REV_09138_C28_A02,REV_09138,REV_09138_C28,9137,Breaking away from my usual style of writing I will come to the location and ambience after the food,Food,Annotated,,Food,Annotated,,unresolved,Genuinely ambiguous / rhetorical statement or insufficient context to definitively infer evaluative sentiment. Left unresolved to prevent fabricating ground truth.,low
REV_09138_C32_A01,REV_09138,REV_09138_C32,9137,The interiors like other Dunkin Donuts outlets is quirky with pop colour furniture and interesting wall designs,Ambience,Annotated,,Ambience,Annotated,,unresolved,Genuinely ambiguous / rhetorical statement or insufficient context to definitively infer evaluative sentiment. Left unresolved to prevent fabricating ground truth.,low
REV_09138_C33_A01,REV_09138,REV_09138_C33,9137,On a Sunday afternoon the place was moderately crowded,Ambience,Annotated,,Ambience,Annotated,,unresolved,Genuinely ambiguous / rhetorical statement or insufficient context to definitively infer evaluative sentiment. Left unresolved to prevent fabricating ground truth.,low
REV_09155_C04_A01,REV_09155,REV_09155_C04,9154,One of the coolest hangout place in Kondapur,Ambience,Annotated,,Ambience,Annotated,,unresolved,Genuinely ambiguous / rhetorical statement or insufficient context to definitively infer evaluative sentiment. Left unresolved to prevent fabricating ground truth.,low
REV_09155_C05_A01,REV_09155,REV_09155_C05,9154,Must try,General Experience,Annotated,,General Experience,Annotated,,unresolved,Genuinely ambiguous / rhetorical statement or insufficient context to definitively infer evaluative sentiment. Left unresolved to prevent fabricating ground truth.,low
REV_09165_C04_A01,REV_09165,REV_09165_C04,9164,I am sure I am not going to use zomtato or this restaurant services in future,General Experience,Annotated,,General Experience,Annotated,,unresolved,Genuinely ambiguous / rhetorical statement or insufficient context to definitively infer evaluative sentiment. Left unresolved to prevent fabricating ground truth.,low
REV_09211_C01_A01,REV_09211,REV_09211_C01,9210,I had visited this outlet on 26.05.18 it is a small open air food court where we can find starters to biryanis,Food,Annotated,,,No Aspect Opinion,,changed,Reclassified procedural order / transaction narrative without evaluative opinion to 'No Aspect Opinion',high
REV_09236_C02_A01,REV_09236,REV_09236_C02,9235,"quality of the food need to be improved, I do not see anything except cauliflower and beans in biryani",Food,Annotated,,Food,Annotated,,unresolved,Genuinely ambiguous / rhetorical statement or insufficient context to definitively infer evaluative sentiment. Left unresolved to prevent fabricating ground truth.,low
REV_09241_C02_A01,REV_09241,REV_09241_C02,9240,The zomato valvet cancelled my order without notifying me,Service,Annotated,,Service,Annotated,,unresolved,Genuinely ambiguous / rhetorical statement or insufficient context to definitively infer evaluative sentiment. Left unresolved to prevent fabricating ground truth.,low
REV_09247_C04_A01,REV_09247,REV_09247_C04,9246,Must recommended,General Experience,Annotated,,General Experience,Annotated,,unresolved,Genuinely ambiguous / rhetorical statement or insufficient context to definitively infer evaluative sentiment. Left unresolved to prevent fabricating ground truth.,low
REV_09249_C05_A01,REV_09249,REV_09249_C05,9248,"If u haven't been here, give it a try",General Experience,Annotated,,General Experience,Annotated,,unresolved,Genuinely ambiguous / rhetorical statement or insufficient context to definitively infer evaluative sentiment. Left unresolved to prevent fabricating ground truth.,low
REV_09255_C01_A01,REV_09255,REV_09255_C01,9254,"As the name suggests, this place serves the authentic hyderabadi cuisine",Food,Annotated,,Food,Annotated,,unresolved,Genuinely ambiguous / rhetorical statement or insufficient context to definitively infer evaluative sentiment. Left unresolved to prevent fabricating ground truth.,low
REV_09255_C05_A01,REV_09255,REV_09255_C05,9254,We first started off with Yakhni shorba which is a mutton soup,Food,Annotated,,Food,Annotated,,unresolved,Genuinely ambiguous / rhetorical statement or insufficient context to definitively infer evaluative sentiment. Left unresolved to prevent fabricating ground truth.,low
REV_09255_C07_A01,REV_09255,REV_09255_C07,9254,"Then we tried main course Nalli gosht and Murgh lababdar with bread, Murg musallam and Hyderabadi mutton biryani",Food,Annotated,,,No Aspect Opinion,,changed,Reclassified procedural order / transaction narrative without evaluative opinion to 'No Aspect Opinion',high
REV_09255_C08_A01,REV_09255,REV_09255_C08,9254,"Then the mocktails Virgin mojito, Mojito fantasy(strawberry), coolers(coconut, cucumber, lime, mint), Mango mule, Blue hawaii, Soda fountain",Food,Annotated,,Food,Annotated,,unresolved,Genuinely ambiguous / rhetorical statement or insufficient context to definitively infer evaluative sentiment. Left unresolved to prevent fabricating ground truth.,low
REV_09259_C08_A01,REV_09259,REV_09259_C08,9258,From the basic mojitos to the flavoured ones,Food,Annotated,,Food,Annotated,,unresolved,Genuinely ambiguous / rhetorical statement or insufficient context to definitively infer evaluative sentiment. Left unresolved to prevent fabricating ground truth.,low
REV_09259_C09_A01,REV_09259,REV_09259_C09,9258,"The signature mocktails and a must try outs are Mango Bloom, Soda Fountain and Strawberry Mojito",Food,Annotated,,Food,Annotated,,unresolved,Genuinely ambiguous / rhetorical statement or insufficient context to definitively infer evaluative sentiment. Left unresolved to prevent fabricating ground truth.,low
REV_09259_C10_A01,REV_09259,REV_09259_C10,9258,"Coming to the starters, it's the best to begin with some soup",Food,Annotated,,Food,Annotated,,unresolved,Genuinely ambiguous / rhetorical statement or insufficient context to definitively infer evaluative sentiment. Left unresolved to prevent fabricating ground truth.,low
REV_09259_C11_A01,REV_09259,REV_09259_C11,9258,Yakhni Shorba is the best try out soup,Food,Annotated,,Food,Annotated,,unresolved,Genuinely ambiguous / rhetorical statement or insufficient context to definitively infer evaluative sentiment. Left unresolved to prevent fabricating ground truth.,low
REV_09259_C12_A01,REV_09259,REV_09259_C12,9258,"Phucket fish, wok tossed chicken and Sholay Kebabs are the other three delicacies in the starters menu",Food,Annotated,,Food,Annotated,,unresolved,Genuinely ambiguous / rhetorical statement or insufficient context to definitively infer evaluative sentiment. Left unresolved to prevent fabricating ground truth.,low
REV_09259_C23_A01,REV_09259,REV_09259_C23,9258,After a full on meal desserts are a must,Food,Annotated,,Food,Annotated,,unresolved,Genuinely ambiguous / rhetorical statement or insufficient context to definitively infer evaluative sentiment. Left unresolved to prevent fabricating ground truth.,low
REV_09259_C26_A01,REV_09259,REV_09259_C26,9258,"The ambience is serene and calm,goes well",Ambience,Annotated,,Ambience,Annotated,,unresolved,Genuinely ambiguous / rhetorical statement or insufficient context to definitively infer evaluative sentiment. Left unresolved to prevent fabricating ground truth.,low
REV_09259_C27_A01,REV_09259,REV_09259_C27,9258,having your meal here,Food,Annotated,,Food,Annotated,,unresolved,Genuinely ambiguous / rhetorical statement or insufficient context to definitively infer evaluative sentiment. Left unresolved to prevent fabricating ground truth.,low
REV_09263_C02_A01,REV_09263,REV_09263_C02,9262,So i thought of ordering from a 4* restaurant to be sure,General Experience,Annotated,,,No Aspect Opinion,,changed,Reclassified procedural order / transaction narrative without evaluative opinion to 'No Aspect Opinion',high
REV_09263_C07_A01,REV_09263,REV_09263_C07,9262,How can they charge 50 rs for that,Price / Value,Annotated,,,No Aspect Opinion,,changed,Reclassified procedural order / transaction narrative without evaluative opinion to 'No Aspect Opinion',high
REV_09268_C01_A01,REV_09268,REV_09268_C01,9267,"Ordered Chicken Biryani, Shahi Tukda and Malai Kebab through swiggy",Food,Annotated,,,No Aspect Opinion,,changed,Reclassified factual entity mention / procedural statement without evaluative opinion to 'No Aspect Opinion',high
REV_09268_C07_A01,REV_09268,REV_09268_C07,9267,Rating: 4.5/5,General Experience,Annotated,,,No Aspect Opinion,,changed,Reclassified procedural order / transaction narrative without evaluative opinion to 'No Aspect Opinion',high
REV_09268_C10_A01,REV_09268,REV_09268_C10,9267,Murg Malai Kebab: 1/5,Food,Annotated,,,No Aspect Opinion,,changed,Reclassified procedural order / transaction narrative without evaluative opinion to 'No Aspect Opinion',high
REV_09277_C01_A01,REV_09277,REV_09277_C01,9276,"Quality of food and fine dining, we have enjoyed the service and ambiance of hyderabadidaawat restaurant at Gatchibowli, hyderabad",Ambience,Annotated,,Ambience,Annotated,,unresolved,Genuinely ambiguous / rhetorical statement or insufficient context to definitively infer evaluative sentiment. Left unresolved to prevent fabricating ground truth.,low
REV_09277_C01_A02,REV_09277,REV_09277_C01,9276,"Quality of food and fine dining, we have enjoyed the service and ambiance of hyderabadidaawat restaurant at Gatchibowli, hyderabad",Food,Annotated,,Food,Annotated,,unresolved,Genuinely ambiguous / rhetorical statement or insufficient context to definitively infer evaluative sentiment. Left unresolved to prevent fabricating ground truth.,low
REV_09277_C01_A03,REV_09277,REV_09277_C01,9276,"Quality of food and fine dining, we have enjoyed the service and ambiance of hyderabadidaawat restaurant at Gatchibowli, hyderabad",Service,Annotated,,Service,Annotated,,unresolved,Genuinely ambiguous / rhetorical statement or insufficient context to definitively infer evaluative sentiment. Left unresolved to prevent fabricating ground truth.,low
REV_09281_C03_A01,REV_09281,REV_09281_C03,9280,Very reasonable and humble staff,Price / Value,Annotated,,Price / Value,Annotated,,unresolved,Genuinely ambiguous / rhetorical statement or insufficient context to definitively infer evaluative sentiment. Left unresolved to prevent fabricating ground truth.,low
REV_09281_C03_A02,REV_09281,REV_09281_C03,9280,Very reasonable and humble staff,Service,Annotated,,Service,Annotated,,unresolved,Genuinely ambiguous / rhetorical statement or insufficient context to definitively infer evaluative sentiment. Left unresolved to prevent fabricating ground truth.,low
REV_09284_C01_A01,REV_09284,REV_09284_C01,9283,not cooked property,Food,Annotated,,Food,Annotated,,unresolved,Genuinely ambiguous / rhetorical statement or insufficient context to definitively infer evaluative sentiment. Left unresolved to prevent fabricating ground truth.,low
REV_09299_C01_A01,REV_09299,REV_09299_C01,9298,Went for a casual with my roomie to this place,Ambience,Annotated,,,No Aspect Opinion,,changed,Reclassified factual entity mention / procedural statement without evaluative opinion to 'No Aspect Opinion',high
REV_09299_C06_A01,REV_09299,REV_09299_C06,9298,In the same course we ordered the usual tandoori roti and Murg tikka lababdar,Food,Annotated,,,No Aspect Opinion,,changed,Reclassified procedural order / transaction narrative without evaluative opinion to 'No Aspect Opinion',high
REV_09325_C02_A01,REV_09325,REV_09325_C02,9324,Staff 5/5 food5/5 must try cheelote kabab,Service,Annotated,,,No Aspect Opinion,,changed,Reclassified procedural order / transaction narrative without evaluative opinion to 'No Aspect Opinion',high
REV_09332_C01_A01,REV_09332,REV_09332_C01,9331,A newbie in the neighborhood calls for a visit,Ambience,Annotated,,Ambience,Annotated,,unresolved,Genuinely ambiguous / rhetorical statement or insufficient context to definitively infer evaluative sentiment. Left unresolved to prevent fabricating ground truth.,low
REV_09332_C06_A01,REV_09332,REV_09332_C06,9331,Ordered Pathar-Gosht and Afghan Kebab as wanted to start off light,Food,Annotated,,,No Aspect Opinion,,changed,Reclassified factual entity mention / procedural statement without evaluative opinion to 'No Aspect Opinion',high
REV_09332_C07_A01,REV_09332,REV_09332_C07,9331,As surprising as it can be the Afghan Kebab turned to be the way an authentic kebab should be and not the imitation ones that are spread across cities,Food,Annotated,,Food,Annotated,,unresolved,Genuinely ambiguous / rhetorical statement or insufficient context to definitively infer evaluative sentiment. Left unresolved to prevent fabricating ground truth.,low
REV_09332_C11_A01,REV_09332,REV_09332_C11,9331,Chicken and Mutton,Food,Annotated,,Food,Annotated,,unresolved,Genuinely ambiguous / rhetorical statement or insufficient context to definitively infer evaluative sentiment. Left unresolved to prevent fabricating ground truth.,low
REV_09332_C16_A01,REV_09332,REV_09332_C16,9331,The colours of the rice was perfectly blended as it reflected the Typical Hyderabadi style,Food,Annotated,,Food,Annotated,,unresolved,Genuinely ambiguous / rhetorical statement or insufficient context to definitively infer evaluative sentiment. Left unresolved to prevent fabricating ground truth.,low
REV_09332_C25_A01,REV_09332,REV_09332_C25,9331,Food: 4*,Food,Annotated,,,No Aspect Opinion,,changed,Reclassified procedural order / transaction narrative without evaluative opinion to 'No Aspect Opinion',high
REV_09332_C26_A01,REV_09332,REV_09332_C26,9331,Ambiance 4.5 *,Ambience,Annotated,,,No Aspect Opinion,,changed,Reclassified procedural order / transaction narrative without evaluative opinion to 'No Aspect Opinion',high
REV_09332_C28_A01,REV_09332,REV_09332_C28,9331,Staff Hospitality: 5*,Service,Annotated,,,No Aspect Opinion,,changed,Reclassified procedural order / transaction narrative without evaluative opinion to 'No Aspect Opinion',high
REV_09336_C07_A01,REV_09336,REV_09336_C07,9335,The cherry on the cake was the dessert,Food,Annotated,,Food,Annotated,,unresolved,Genuinely ambiguous / rhetorical statement or insufficient context to definitively infer evaluative sentiment. Left unresolved to prevent fabricating ground truth.,low
REV_09336_C08_A01,REV_09336,REV_09336_C08,9335,Toffee banana with ice Cream,Food,Annotated,,Food,Annotated,,unresolved,Genuinely ambiguous / rhetorical statement or insufficient context to definitively infer evaluative sentiment. Left unresolved to prevent fabricating ground truth.,low
REV_09336_C11_A01,REV_09336,REV_09336_C11,9335,Our bill was ~ 1700/- for 2,Price / Value,Annotated,,,No Aspect Opinion,,changed,Reclassified procedural order / transaction narrative without evaluative opinion to 'No Aspect Opinion',high
REV_09336_C11_A02,REV_09336,REV_09336_C11,9335,Our bill was ~ 1700/- for 2,Service,Annotated,,,No Aspect Opinion,,changed,Reclassified procedural order / transaction narrative without evaluative opinion to 'No Aspect Opinion',high
REV_09336_C14_A01,REV_09336,REV_09336_C14,9335,Taste-5/5,Food,Annotated,,,No Aspect Opinion,,changed,Reclassified procedural order / transaction narrative without evaluative opinion to 'No Aspect Opinion',high
REV_09346_C02_A01,REV_09346,REV_09346_C02,9345,Last visit for a Sunday dinner changed the perception however,General Experience,Annotated,,General Experience,Annotated,,unresolved,Genuinely ambiguous / rhetorical statement or insufficient context to definitively infer evaluative sentiment. Left unresolved to prevent fabricating ground truth.,low
REV_09346_C04_A01,REV_09346,REV_09346_C04,9345,the ambiance comes alive in the night with a lounge like feel,Ambience,Annotated,,Ambience,Annotated,,unresolved,Genuinely ambiguous / rhetorical statement or insufficient context to definitively infer evaluative sentiment. Left unresolved to prevent fabricating ground truth.,low
REV_09346_C06_A01,REV_09346,REV_09346_C06,9345,I am guessing they put their best efforts on a weekend compared to weekdays as the food quality was significantly better,Food,Annotated,,Food,Annotated,,unresolved,Genuinely ambiguous / rhetorical statement or insufficient context to definitively infer evaluative sentiment. Left unresolved to prevent fabricating ground truth.,low
REV_09354_C02_A01,REV_09354,REV_09354_C02,9353,Excellent variety of food and taste,Food,Annotated,,Food,Annotated,,unresolved,Genuinely ambiguous / rhetorical statement or insufficient context to definitively infer evaluative sentiment. Left unresolved to prevent fabricating ground truth.,low
REV_09358_C01_A01,REV_09358,REV_09358_C01,9357,The dining experience at Zega was truly splendid,General Experience,Annotated,,General Experience,Annotated,,unresolved,Genuinely ambiguous / rhetorical statement or insufficient context to definitively infer evaluative sentiment. Left unresolved to prevent fabricating ground truth.,low
REV_09358_C03_A01,REV_09358,REV_09358_C03,9357,"But what set this place apart from almost every other restaurant was the service provided by Arjun and Kuldeep, which can only be described as exquisite",Service,Annotated,,Service,Annotated,,unresolved,Genuinely ambiguous / rhetorical statement or insufficient context to definitively infer evaluative sentiment. Left unresolved to prevent fabricating ground truth.,low
REV_09358_C05_A01,REV_09358,REV_09358_C05,9357,Marvellous food along with top notch service provided for one of the best dining experiences till date,Food,Annotated,,Food,Annotated,,unresolved,Genuinely ambiguous / rhetorical statement or insufficient context to definitively infer evaluative sentiment. Left unresolved to prevent fabricating ground truth.,low
REV_09358_C05_A02,REV_09358,REV_09358_C05,9357,Marvellous food along with top notch service provided for one of the best dining experiences till date,General Experience,Annotated,,General Experience,Annotated,,unresolved,Genuinely ambiguous / rhetorical statement or insufficient context to definitively infer evaluative sentiment. Left unresolved to prevent fabricating ground truth.,low
REV_09358_C05_A03,REV_09358,REV_09358_C05,9357,Marvellous food along with top notch service provided for one of the best dining experiences till date,Service,Annotated,,Service,Annotated,,unresolved,Genuinely ambiguous / rhetorical statement or insufficient context to definitively infer evaluative sentiment. Left unresolved to prevent fabricating ground truth.,low
REV_09362_C02_A01,REV_09362,REV_09362_C02,9361,I rated them 1 star on my first visit,General Experience,Annotated,,,No Aspect Opinion,,changed,Reclassified procedural order / transaction narrative without evaluative opinion to 'No Aspect Opinion',high
REV_09362_C03_A01,REV_09362,REV_09362_C03,9361,They were apologetic (invited me again immediately) and I didn’t show up until after 10months because of the traumatic first visit,Service,Annotated,,Service,Annotated,,unresolved,Genuinely ambiguous / rhetorical statement or insufficient context to definitively infer evaluative sentiment. Left unresolved to prevent fabricating ground truth.,low
REV_09362_C06_A01,REV_09362,REV_09362_C06,9361,"bamboo shoots, shiitake mushroom and all the works",Food,Annotated,,Food,Annotated,,unresolved,Genuinely ambiguous / rhetorical statement or insufficient context to definitively infer evaluative sentiment. Left unresolved to prevent fabricating ground truth.,low
REV_09362_C15_A01,REV_09362,REV_09362_C15,9361,go during the day because it is well lit and has a wonderful view outside,Ambience,Annotated,,Ambience,Annotated,,unresolved,Genuinely ambiguous / rhetorical statement or insufficient context to definitively infer evaluative sentiment. Left unresolved to prevent fabricating ground truth.,low
REV_09362_C16_A01,REV_09362,REV_09362_C16,9361,I will be there again,General Experience,Annotated,,General Experience,Annotated,,unresolved,Genuinely ambiguous / rhetorical statement or insufficient context to definitively infer evaluative sentiment. Left unresolved to prevent fabricating ground truth.,low
REV_09376_C05_A01,REV_09376,REV_09376_C05,9375,We love warm welcome from Barnali,Ambience,Annotated,,Ambience,Annotated,,unresolved,Genuinely ambiguous / rhetorical statement or insufficient context to definitively infer evaluative sentiment. Left unresolved to prevent fabricating ground truth.,low
REV_09376_C06_A01,REV_09376,REV_09376_C06,9375,I thank Sriram for his security service,Service,Annotated,,Service,Annotated,,unresolved,Genuinely ambiguous / rhetorical statement or insufficient context to definitively infer evaluative sentiment. Left unresolved to prevent fabricating ground truth.,low
REV_09378_C01_A01,REV_09378,REV_09378_C01,9377,Been to Zega about 5 times now and have stuck to the same choice of orders,General Experience,Annotated,,,No Aspect Opinion,,changed,Reclassified procedural order / transaction narrative without evaluative opinion to 'No Aspect Opinion',high
REV_09378_C05_A01,REV_09378,REV_09378_C05,9377,It is authentic and a delight to my taste buds,Food,Annotated,,Food,Annotated,,unresolved,Genuinely ambiguous / rhetorical statement or insufficient context to definitively infer evaluative sentiment. Left unresolved to prevent fabricating ground truth.,low
REV_09383_C02_A01,REV_09383,REV_09383_C02,9382,The food is designed with the essence of the restaurant,Food,Annotated,,Food,Annotated,,unresolved,Genuinely ambiguous / rhetorical statement or insufficient context to definitively infer evaluative sentiment. Left unresolved to prevent fabricating ground truth.,low
REV_09399_C02_A01,REV_09399,REV_09399_C02,9398,They were having offers on dimsums and beer,Price / Value,Annotated,,Price / Value,Annotated,,unresolved,Genuinely ambiguous / rhetorical statement or insufficient context to definitively infer evaluative sentiment. Left unresolved to prevent fabricating ground truth.,low
REV_09413_C02_A01,REV_09413,REV_09413_C02,9412,Hostess Barnali is awsm,General Experience,Annotated,,General Experience,Annotated,,unresolved,Genuinely ambiguous / rhetorical statement or insufficient context to definitively infer evaluative sentiment. Left unresolved to prevent fabricating ground truth.,low
REV_09413_C03_A01,REV_09413,REV_09413_C03,9412,She had helping us in choosing the food and she is so caring,Food,Annotated,,,No Aspect Opinion,,changed,Reclassified procedural order / transaction narrative without evaluative opinion to 'No Aspect Opinion',high
REV_09421_C03_A01,REV_09421,REV_09421_C03,9420,"Rock ice, innovations in cocktails attract me all the time",Ambience,Annotated,,Ambience,Annotated,,unresolved,Genuinely ambiguous / rhetorical statement or insufficient context to definitively infer evaluative sentiment. Left unresolved to prevent fabricating ground truth.,low
REV_09425_C06_A01,REV_09425,REV_09425_C06,9424,Wish there was some live music on weekdays,Ambience,Annotated,,Ambience,Annotated,,unresolved,Genuinely ambiguous / rhetorical statement or insufficient context to definitively infer evaluative sentiment. Left unresolved to prevent fabricating ground truth.,low
REV_09436_C03_A01,REV_09436,REV_09436_C03,9435,Ordered a Chicken Keema paratha and got some vegetarian paratha instead,Food,Annotated,,,No Aspect Opinion,,changed,Reclassified factual entity mention / procedural statement without evaluative opinion to 'No Aspect Opinion',high
REV_09436_C04_A01,REV_09436,REV_09436_C04,9435,Not only was the order incorrect,Service,Annotated,,Service,Annotated,,unresolved,Genuinely ambiguous / rhetorical statement or insufficient context to definitively infer evaluative sentiment. Left unresolved to prevent fabricating ground truth.,low
REV_09441_C03_A01,REV_09441,REV_09441_C03,9440,It is really a wholesome and flavorful meal for a person,Food,Annotated,,Food,Annotated,Positive,changed,Filled omitted sentiment as 'Positive' for aspect 'Food' based on explicit evaluative opinion in clause,high
REV_09447_C05_A01,REV_09447,REV_09447_C05,9446,I think rastaurant should take care of this during cooking,Food,Annotated,,Food,Annotated,,unresolved,Genuinely ambiguous / rhetorical statement or insufficient context to definitively infer evaluative sentiment. Left unresolved to prevent fabricating ground truth.,low
REV_09449_C01_A01,REV_09449,REV_09449_C01,9448,worste quality,Food,Annotated,,Food,Annotated,,unresolved,Genuinely ambiguous / rhetorical statement or insufficient context to definitively infer evaluative sentiment. Left unresolved to prevent fabricating ground truth.,low
REV_09449_C02_A01,REV_09449,REV_09449_C02,9448,got hair on the food,Food,Annotated,,,No Aspect Opinion,,changed,Reclassified procedural order / transaction narrative without evaluative opinion to 'No Aspect Opinion',high
REV_09459_C03_A01,REV_09459,REV_09459_C03,9458,"Do try the chicken and cheese parathas, one of the best",Food,Annotated,,Food,Annotated,,unresolved,Genuinely ambiguous / rhetorical statement or insufficient context to definitively infer evaluative sentiment. Left unresolved to prevent fabricating ground truth.,low
REV_09463_C05_A01,REV_09463,REV_09463_C05,9462,"But what a pleasant surprise, two monster size of parathas of each flavour were delivered",Food,Annotated,,Food,Annotated,,unresolved,Genuinely ambiguous / rhetorical statement or insufficient context to definitively infer evaluative sentiment. Left unresolved to prevent fabricating ground truth.,low
REV_09463_C11_A01,REV_09463,REV_09463_C11,9462,"Undoubtedly, full marks to the food",Food,Annotated,,Food,Annotated,,unresolved,Genuinely ambiguous / rhetorical statement or insufficient context to definitively infer evaluative sentiment. Left unresolved to prevent fabricating ground truth.,low
REV_09463_C12_A01,REV_09463,REV_09463_C12,9462,Follow me on Instagram on veganyums_ for more food fun,Food,Annotated,,Food,Annotated,,unresolved,Genuinely ambiguous / rhetorical statement or insufficient context to definitively infer evaluative sentiment. Left unresolved to prevent fabricating ground truth.,low
REV_09479_C02_A01,REV_09479,REV_09479_C02,9478,"They offer high quality stuffed parathas with curd, butter and two different chutneys",Food,Annotated,,Food,Annotated,,unresolved,Genuinely ambiguous / rhetorical statement or insufficient context to definitively infer evaluative sentiment. Left unresolved to prevent fabricating ground truth.,low
REV_09479_C03_A01,REV_09479,REV_09479_C03,9478,Their Mexican corn and Paneer tadaka are my favorites,Food,Annotated,,Food,Annotated,,unresolved,Genuinely ambiguous / rhetorical statement or insufficient context to definitively infer evaluative sentiment. Left unresolved to prevent fabricating ground truth.,low
REV_09534_C01_A01,REV_09534,REV_09534_C01,9533,Starting off with food,Food,Annotated,,Food,Annotated,,unresolved,Genuinely ambiguous / rhetorical statement or insufficient context to definitively infer evaluative sentiment. Left unresolved to prevent fabricating ground truth.,low
REV_09538_C03_A01,REV_09538,REV_09538_C03,9537,I got captivated with the flavour of that,Food,Annotated,,,No Aspect Opinion,,changed,Reclassified procedural order / transaction narrative without evaluative opinion to 'No Aspect Opinion',high
REV_09544_C02_A01,REV_09544,REV_09544_C02,9543,"I ordered Chicken Pot Rice, Pot rice is usually wet n not dry, this one was actually dry and it wasn’t made with the wet gravy how Pot rice is actually made",Food,Annotated,,,No Aspect Opinion,,changed,Reclassified factual entity mention / procedural statement without evaluative opinion to 'No Aspect Opinion',high
REV_09544_C04_A01,REV_09544,REV_09544_C04,9543,garam masala in the Pot rice was a big turn off,Food,Annotated,,Food,Annotated,,unresolved,Genuinely ambiguous / rhetorical statement or insufficient context to definitively infer evaluative sentiment. Left unresolved to prevent fabricating ground truth.,low
REV_09552_C03_A01,REV_09552,REV_09552_C03,9551,I wish the portions were bigger since most of the dishes are for family style dining,Food,Annotated,,Food,Annotated,,unresolved,Genuinely ambiguous / rhetorical statement or insufficient context to definitively infer evaluative sentiment. Left unresolved to prevent fabricating ground truth.,low
REV_09556_C07_A01,REV_09556,REV_09556_C07,9555,We didn't like starters,Food,Annotated,,Food,Annotated,,unresolved,Genuinely ambiguous / rhetorical statement or insufficient context to definitively infer evaluative sentiment. Left unresolved to prevent fabricating ground truth.,low
REV_09556_C22_A01,REV_09556,REV_09556_C22,9555,Food (Main course),Food,Annotated,,Food,Annotated,,unresolved,Genuinely ambiguous / rhetorical statement or insufficient context to definitively infer evaluative sentiment. Left unresolved to prevent fabricating ground truth.,low
REV_09565_C07_A01,REV_09565,REV_09565_C07,9564,Waiting time is also apt,Service,Annotated,,Service,Annotated,,unresolved,Genuinely ambiguous / rhetorical statement or insufficient context to definitively infer evaluative sentiment. Left unresolved to prevent fabricating ground truth.,low
REV_09578_C01_A01,REV_09578,REV_09578_C01,9577,Ordered Chicken mushroom tofu soup via swiggy,Food,Annotated,,,No Aspect Opinion,,changed,Reclassified factual entity mention / procedural statement without evaluative opinion to 'No Aspect Opinion',high
REV_09581_C06_A01,REV_09581,REV_09581_C06,9580,"the killer was Pan Fried noodles, if you cant make it the way it is supposed to be then why keep it in the menu",Food,Annotated,,Food,Annotated,,unresolved,Genuinely ambiguous / rhetorical statement or insufficient context to definitively infer evaluative sentiment. Left unresolved to prevent fabricating ground truth.,low
REV_09581_C07_A01,REV_09581,REV_09581_C07,9580,Vegetables,Food,Annotated,,Food,Annotated,,unresolved,Genuinely ambiguous / rhetorical statement or insufficient context to definitively infer evaluative sentiment. Left unresolved to prevent fabricating ground truth.,low
REV_09581_C10_A01,REV_09581,REV_09581_C10,9580,I eat mushroom and like it,Food,Annotated,,Food,Annotated,,unresolved,Genuinely ambiguous / rhetorical statement or insufficient context to definitively infer evaluative sentiment. Left unresolved to prevent fabricating ground truth.,low
REV_09598_C02_A01,REV_09598,REV_09598_C02,9597,Thai flavor is very authentic,Food,Annotated,,Food,Annotated,,unresolved,Genuinely ambiguous / rhetorical statement or insufficient context to definitively infer evaluative sentiment. Left unresolved to prevent fabricating ground truth.,low
REV_09598_C03_A01,REV_09598,REV_09598_C03,9597,I really like the way they cooked tofu,Food,Annotated,,Food,Annotated,,unresolved,Genuinely ambiguous / rhetorical statement or insufficient context to definitively infer evaluative sentiment. Left unresolved to prevent fabricating ground truth.,low
REV_09598_C04_A01,REV_09598,REV_09598_C04,9597,We asked for mushroom free food,Food,Annotated,,Food,Annotated,,unresolved,Genuinely ambiguous / rhetorical statement or insufficient context to definitively infer evaluative sentiment. Left unresolved to prevent fabricating ground truth.,low
REV_09610_C10_A01,REV_09610,REV_09610_C10,9609,"Lighter on pockets, go for it",Price / Value,Annotated,,Price / Value,Annotated,,unresolved,Genuinely ambiguous / rhetorical statement or insufficient context to definitively infer evaluative sentiment. Left unresolved to prevent fabricating ground truth.,low
REV_09618_C02_A01,REV_09618,REV_09618_C02,9617,Chinese Pavilion never disappoints,General Experience,Annotated,,General Experience,Annotated,Positive,changed,Filled omitted sentiment as 'Positive' for aspect 'General Experience' based on explicit evaluative opinion in clause,high
REV_09622_C04_A01,REV_09622,REV_09622_C04,9621,We ordered soups and they are fine,Food,Annotated,,,No Aspect Opinion,,changed,Reclassified factual entity mention / procedural statement without evaluative opinion to 'No Aspect Opinion',high
REV_09622_C11_A01,REV_09622,REV_09622_C11,9621,I recommend to try it once,General Experience,Annotated,,General Experience,Annotated,,unresolved,Genuinely ambiguous / rhetorical statement or insufficient context to definitively infer evaluative sentiment. Left unresolved to prevent fabricating ground truth.,low
REV_09630_C04_A01,REV_09630,REV_09630_C04,9629,They served us Steamed Fish with chilly garlic noodles with Chicken,Food,Annotated,,,No Aspect Opinion,,changed,Reclassified procedural order / transaction narrative without evaluative opinion to 'No Aspect Opinion',high
REV_09630_C04_A02,REV_09630,REV_09630_C04,9629,They served us Steamed Fish with chilly garlic noodles with Chicken,Service,Annotated,,,No Aspect Opinion,,changed,Reclassified procedural order / transaction narrative without evaluative opinion to 'No Aspect Opinion',high
REV_09630_C06_A01,REV_09630,REV_09630_C06,9629,"Thanks Chinese Pavilion, it is always a pleasant experience",General Experience,Annotated,,General Experience,Annotated,,unresolved,Genuinely ambiguous / rhetorical statement or insufficient context to definitively infer evaluative sentiment. Left unresolved to prevent fabricating ground truth.,low
REV_09632_C06_A01,REV_09632,REV_09632_C06,9631,When it comes to food this place does not disappoint,Food,Annotated,,Food,Annotated,,unresolved,Genuinely ambiguous / rhetorical statement or insufficient context to definitively infer evaluative sentiment. Left unresolved to prevent fabricating ground truth.,low
REV_09632_C07_A01,REV_09632,REV_09632_C07,9631,This is a small/comfy restaurant that is surprisingly not very crowded even on weekends,Ambience,Annotated,,Ambience,Annotated,,unresolved,Genuinely ambiguous / rhetorical statement or insufficient context to definitively infer evaluative sentiment. Left unresolved to prevent fabricating ground truth.,low
REV_09632_C10_A01,REV_09632,REV_09632_C10,9631,"No crowd, we got the attention and service we were looking for",Ambience,Annotated,,,No Aspect Opinion,,changed,Reclassified procedural order / transaction narrative without evaluative opinion to 'No Aspect Opinion',high
REV_09632_C10_A02,REV_09632,REV_09632_C10,9631,"No crowd, we got the attention and service we were looking for",Service,Annotated,,,No Aspect Opinion,,changed,Reclassified procedural order / transaction narrative without evaluative opinion to 'No Aspect Opinion',high
REV_05475_C07_A01,REV_05475,REV_05475_C07,5474,FEAST tats really disgusting you guys are serving stale and contaminated food on this high cost,Food,Annotated,Positive,Food,Annotated,Negative,changed,Corrected polarity contradiction: explicit negative evaluation 'disgusting' was erroneously labeled 'Positive',high
REV_05475_C07_A02,REV_05475,REV_05475_C07,5474,FEAST tats really disgusting you guys are serving stale and contaminated food on this high cost,Price / Value,Annotated,Positive,Price / Value,Annotated,Negative,changed,Corrected polarity contradiction: explicit negative evaluation 'disgusting' was erroneously labeled 'Positive',high
REV_00190_C03_A01,REV_00190,REV_00190_C03,189,"Very delicious food, probably the best biryanis in the country and the starters are no less either",Food,Annotated,Negative,Food,Annotated,Positive,changed,Corrected polarity contradiction: unmitigated positive food praise was erroneously labeled 'Negative',high
REV_00299_C13_A01,REV_00299,REV_00299_C13,298,"coming to the desserts we had gulab jamun,halwa ,jalebi(which was served hot from live counter),macarons was not bad , i dont like that brownie,pastry,sandwich was too hard",Service,Annotated,Negative,Service,Annotated,Neutral,changed,"Corrected polarity contradiction: 'not bad' represents acceptable/moderate evaluation, which corresponds to 'Neutral' under guidelines, not 'Negative'",high
REV_00601_C03_A01,REV_00601,REV_00601_C03,600,Not good,General Experience,Annotated,Positive,General Experience,Annotated,Negative,changed,Corrected polarity contradiction: explicit negative evaluation 'Not good' was erroneously labeled 'Positive',high
REV_00601_C07_A01,REV_00601,REV_00601_C07,600,Not fresh,Food,Annotated,Positive,Food,Annotated,Negative,changed,Corrected polarity contradiction: explicit negative evaluation 'Not fresh' was erroneously labeled 'Positive',high
REV_01064_C01_A01,REV_01064,REV_01064_C01,1063,packing is not good,General Experience,Annotated,Positive,General Experience,Annotated,Negative,changed,Corrected polarity contradiction: explicit negative evaluation 'not good' was erroneously labeled 'Positive',high
REV_01204_C05_A01,REV_01204,REV_01204_C05,1203,not great wrt variety and taste,Food,Annotated,Positive,Food,Annotated,Negative,changed,Corrected polarity contradiction: explicit negative evaluation 'not great' was erroneously labeled 'Positive',high
REV_01550_C02_A01,REV_01550,REV_01550_C02,1549,If not good its not KFC at all :p,Food,Annotated,Positive,Food,Annotated,Negative,changed,Corrected polarity contradiction: explicit negative evaluation 'not good' was erroneously labeled 'Positive',high
REV_01616_C02_A01,REV_01616,REV_01616_C02,1615,"today it was not fresh and only bones, no meat",Food,Annotated,Positive,Food,Annotated,Negative,changed,Corrected polarity contradiction: explicit negative evaluation 'not fresh' was erroneously labeled 'Positive',high
REV_01716_C04_A01,REV_01716,REV_01716_C04,1715,it was not good to eat,Food,Annotated,Positive,Food,Annotated,Negative,changed,Corrected polarity contradiction: explicit negative evaluation 'not good' was erroneously labeled 'Positive',high
REV_01720_C01_A01,REV_01720,REV_01720_C01,1719,"I ordered Chicken 65 from this restaurant on 19th feb 2019, the quality of the food was not good, i had vomitings immediately after having the food",Food,Annotated,Positive,Food,Annotated,Negative,changed,Corrected polarity contradiction: explicit negative evaluation 'not good' was erroneously labeled 'Positive',high
REV_01891_C02_A01,REV_01891,REV_01891_C02,1890,ambience is not bad,Food,Annotated,Negative,Food,Annotated,Neutral,changed,"Corrected polarity contradiction: 'not bad' represents acceptable/moderate evaluation, which corresponds to 'Neutral' under guidelines, not 'Negative'",high
REV_01910_C03_A01,REV_01910,REV_01910_C03,1909,"panneer 65 it's test not good , it is very dray",General Experience,Annotated,Positive,General Experience,Annotated,Negative,changed,Corrected polarity contradiction: explicit negative evaluation 'not good' was erroneously labeled 'Positive',high
REV_01971_C02_A01,REV_01971,REV_01971_C02,1970,"In Biryani, the pane-er is not fresh and predestined",Food,Annotated,Positive,Food,Annotated,Negative,changed,Corrected polarity contradiction: explicit negative evaluation 'not fresh' was erroneously labeled 'Positive',high
REV_02395_C05_A01,REV_02395,REV_02395_C05,2394,Service was not good too,Service,Annotated,Positive,Service,Annotated,Negative,changed,Corrected polarity contradiction: explicit negative evaluation 'not good' was erroneously labeled 'Positive',high
REV_02400_C04_A01,REV_02400,REV_02400_C04,2399,they are not hot and even chicken is smelling foul and is not fresh,Food,Annotated,Positive,Food,Annotated,Negative,changed,Corrected polarity contradiction: explicit negative evaluation 'not fresh' was erroneously labeled 'Positive',high
REV_02465_C06_A01,REV_02465,REV_02465_C06,2464,The staff were not friendly because they tried to stop me & another blogger from taking pictures & videos of the place multiple times after even mentioning that we were lifetstyle/food bloggers (maybe they might have had a misconception initially ),Service,Annotated,Positive,Service,Annotated,Negative,changed,Corrected polarity contradiction: explicit negative evaluation 'not friendly' was erroneously labeled 'Positive',high
REV_03178_C13_A01,REV_03178,REV_03178_C13,3177,It was not bad,Food,Annotated,Negative,Food,Annotated,Neutral,changed,"Corrected polarity contradiction: 'not bad' represents acceptable/moderate evaluation, which corresponds to 'Neutral' under guidelines, not 'Negative'",high
REV_03199_C03_A01,REV_03199,REV_03199_C03,3198,Service is pathetic and no friendly environment,Service,Annotated,Positive,Service,Annotated,Negative,changed,Corrected polarity contradiction: explicit negative evaluation 'pathetic' was erroneously labeled 'Positive',high
REV_03231_C62_A01,REV_03231,REV_03231_C62,3230,They were not bad,Food,Annotated,Negative,Food,Annotated,Neutral,changed,"Corrected polarity contradiction: 'not bad' represents acceptable/moderate evaluation, which corresponds to 'Neutral' under guidelines, not 'Negative'",high
REV_03410_C04_A01,REV_03410,REV_03410_C04,3409,QUALITY IS NOT GOOD and PATHETIC,Food,Annotated,Positive,Food,Annotated,Negative,changed,Corrected polarity contradiction: explicit negative evaluation 'QUALITY IS NOT GOOD' was erroneously labeled 'Positive',high
REV_03473_C02_A01,REV_03473,REV_03473_C02,3472,not up to the mark and decor is not good at all,Ambience,Annotated,Positive,Ambience,Annotated,Negative,changed,Corrected polarity contradiction: explicit negative evaluation 'not good' was erroneously labeled 'Positive',high
REV_03498_C01_A01,REV_03498,REV_03498_C01,3497,Not bad,Food,Annotated,Negative,Food,Annotated,Neutral,changed,"Corrected polarity contradiction: 'not bad' represents acceptable/moderate evaluation, which corresponds to 'Neutral' under guidelines, not 'Negative'",high
REV_03838_C04_A01,REV_03838,REV_03838_C04,3837,"Overall, a nice place to have good food if not great :)",Food,Annotated,Positive,Food,Annotated,Negative,changed,Corrected polarity contradiction: explicit negative evaluation 'not great' was erroneously labeled 'Positive',high
REV_03838_C04_A02,REV_03838,REV_03838_C04,3837,"Overall, a nice place to have good food if not great :)",General Experience,Annotated,Positive,General Experience,Annotated,Negative,changed,Corrected polarity contradiction: explicit negative evaluation 'not great' was erroneously labeled 'Positive',high
REV_03860_C09_A01,REV_03860,REV_03860_C09,3859,but not good at suggesting you what to order,Service,Annotated,Positive,Service,Annotated,Negative,changed,Corrected polarity contradiction: explicit negative evaluation 'not good' was erroneously labeled 'Positive',high
REV_04206_C01_A01,REV_04206,REV_04206_C01,4205,Ordered for brownie which was completely dry and was not fresh at all,Food,Annotated,Positive,Food,Annotated,Negative,changed,Corrected polarity contradiction: explicit negative evaluation 'not fresh' was erroneously labeled 'Positive',high
REV_04295_C03_A01,REV_04295,REV_04295_C03,4294,And people are not polite here,Service,Annotated,Positive,Service,Annotated,Negative,changed,Corrected polarity contradiction: explicit negative evaluation 'not polite' was erroneously labeled 'Positive',high
REV_04321_C03_A01,REV_04321,REV_04321_C03,4320,"The quality is also not fresh, they are smelly",Food,Annotated,Positive,Food,Annotated,Negative,changed,Corrected polarity contradiction: explicit negative evaluation 'not fresh' was erroneously labeled 'Positive',high
REV_04452_C03_A01,REV_04452,REV_04452_C03,4451,"Rice is not fried, it’s just over red in color, no schezuan flavour at all, hardly any mushrooms that too not fresh, not even salt was added",Food,Annotated,Positive,Food,Annotated,Negative,changed,Corrected polarity contradiction: explicit negative evaluation 'not fresh' was erroneously labeled 'Positive',high
REV_04626_C03_A01,REV_04626,REV_04626_C03,4625,The ambience was not bad either,Ambience,Annotated,Negative,Ambience,Annotated,Neutral,changed,"Corrected polarity contradiction: 'not bad' represents acceptable/moderate evaluation, which corresponds to 'Neutral' under guidelines, not 'Negative'",high
REV_04679_C02_A01,REV_04679,REV_04679_C02,4678,Place is not so clean & the kitchen counter is not good,Ambience,Annotated,Positive,Ambience,Annotated,Negative,changed,Corrected polarity contradiction: explicit negative evaluation 'not good' was erroneously labeled 'Positive',high
REV_04741_C02_A01,REV_04741,REV_04741_C02,4740,not great,General Experience,Annotated,Positive,General Experience,Annotated,Negative,changed,Corrected polarity contradiction: explicit negative evaluation 'not great' was erroneously labeled 'Positive',high
REV_04779_C04_A01,REV_04779,REV_04779_C04,4778,They are very short staffed and the manager is just not polite,Service,Annotated,Positive,Service,Annotated,Negative,changed,Corrected polarity contradiction: explicit negative evaluation 'not polite' was erroneously labeled 'Positive',high
REV_04831_C02_A01,REV_04831,REV_04831_C02,4830,"The service was horrible, took them 10 minutes to clean our table and another 10 minutes to serve us water",Ambience,Annotated,Positive,Ambience,Annotated,Negative,changed,Corrected polarity contradiction: explicit negative evaluation 'horrible' was erroneously labeled 'Positive',high
REV_04914_C03_A01,REV_04914,REV_04914_C03,4913,Packaging was not good as some of the tikkas got messed up,General Experience,Annotated,Positive,General Experience,Annotated,Negative,changed,Corrected polarity contradiction: explicit negative evaluation 'not good' was erroneously labeled 'Positive',high
REV_06017_C03_A01,REV_06017,REV_06017_C03,6016,I ordered Mushroom masala ( not good in taste) and 3 different types of roti's and in place of roti's they people are delivering white rice,Food,Annotated,Positive,Food,Annotated,Negative,changed,Corrected polarity contradiction: explicit negative evaluation 'not good' was erroneously labeled 'Positive',high
REV_06100_C01_A01,REV_06100,REV_06100_C01,6099,offers are not good,Price / Value,Annotated,Positive,Price / Value,Annotated,Negative,changed,Corrected polarity contradiction: explicit negative evaluation 'not good' was erroneously labeled 'Positive',high
REV_06146_C02_A01,REV_06146,REV_06146_C02,6145,both are just not good,General Experience,Annotated,Positive,General Experience,Annotated,Negative,changed,Corrected polarity contradiction: explicit negative evaluation 'not good' was erroneously labeled 'Positive',high
REV_06213_C03_A01,REV_06213,REV_06213_C03,6212,not great,General Experience,Annotated,Positive,General Experience,Annotated,Negative,changed,Corrected polarity contradiction: explicit negative evaluation 'not great' was erroneously labeled 'Positive',high
REV_06321_C04_A01,REV_06321,REV_06321_C04,6320,Zomato gold and this restaurant is not good as they keep changing conditions and we customers suffer,General Experience,Annotated,Positive,General Experience,Annotated,Negative,changed,Corrected polarity contradiction: explicit negative evaluation 'not good' was erroneously labeled 'Positive',high
REV_06405_C01_A01,REV_06405,REV_06405_C01,6404,"Ambience: Not great, by seeing photos we expected more out of it",Ambience,Annotated,Positive,Ambience,Annotated,Negative,changed,Corrected polarity contradiction: explicit negative evaluation 'Not great' was erroneously labeled 'Positive',high
REV_06405_C09_A01,REV_06405,REV_06405_C09,6404,We ordered some curries and naan again the main course was just about fine not great,Food,Annotated,Positive,Food,Annotated,Negative,changed,Corrected polarity contradiction: explicit negative evaluation 'not great' was erroneously labeled 'Positive',high
REV_06418_C04_A01,REV_06418,REV_06418_C04,6417,Ambiance- okay not great outside sitting is under construction,Ambience,Annotated,Positive,Ambience,Annotated,Negative,changed,Corrected polarity contradiction: explicit negative evaluation 'not great' was erroneously labeled 'Positive',high
REV_06689_C03_A01,REV_06689,REV_06689_C03,6688,Not great spread on the buffet,Food,Annotated,Positive,Food,Annotated,Negative,changed,Corrected polarity contradiction: explicit negative evaluation 'Not great' was erroneously labeled 'Positive',high
REV_06903_C11_A01,REV_06903,REV_06903_C11,6902,unfortunately my experience was so bad that I shall never visit this one again,General Experience,Annotated,Positive,General Experience,Annotated,Negative,changed,Corrected polarity contradiction: explicit negative evaluation 'never visit' was erroneously labeled 'Positive',high
REV_06919_C02_A01,REV_06919,REV_06919_C02,6918,Too worst serving which I never experienced in my life and they were not respecting customers in a good manner,Service,Annotated,Positive,Service,Annotated,Negative,changed,Corrected polarity contradiction: explicit negative evaluation 'Too worst' was erroneously labeled 'Positive',high
REV_07765_C03_A01,REV_07765,REV_07765_C03,7764,But taste was not great,Food,Annotated,Positive,Food,Annotated,Negative,changed,Corrected polarity contradiction: explicit negative evaluation 'not great' was erroneously labeled 'Positive',high
REV_07887_C01_A01,REV_07887,REV_07887_C01,7886,not bad,Food,Annotated,Negative,Food,Annotated,Neutral,changed,"Corrected polarity contradiction: 'not bad' represents acceptable/moderate evaluation, which corresponds to 'Neutral' under guidelines, not 'Negative'",high
REV_07961_C10_A01,REV_07961,REV_07961_C10,7960,not great)Cost : 5/5 (I find it value for money),Price / Value,Annotated,Positive,Price / Value,Annotated,Negative,changed,Corrected polarity contradiction: explicit negative evaluation 'not great' was erroneously labeled 'Positive',high
REV_08113_C01_A01,REV_08113,REV_08113_C01,8112,the item was not fresh prepared,Food,Annotated,Positive,Food,Annotated,Negative,changed,Corrected polarity contradiction: explicit negative evaluation 'not fresh' was erroneously labeled 'Positive',high
REV_08766_C19_A01,REV_08766,REV_08766_C19,8765,not bad on taste,Food,Annotated,Negative,Food,Annotated,Neutral,changed,"Corrected polarity contradiction: 'not bad' represents acceptable/moderate evaluation, which corresponds to 'Neutral' under guidelines, not 'Negative'",high
REV_08854_C03_A01,REV_08854,REV_08854_C03,8853,Food: Not Great,Food,Annotated,Positive,Food,Annotated,Negative,changed,Corrected polarity contradiction: explicit negative evaluation 'Not Great' was erroneously labeled 'Positive',high
REV_08875_C06_A01,REV_08875,REV_08875_C06,8874,This place is not at all for wine lovers as they serve the worst wines at sky high prices,Price / Value,Annotated,Positive,Price / Value,Annotated,Negative,changed,Corrected polarity contradiction: explicit negative evaluation 'worst' was erroneously labeled 'Positive',high
REV_08954_C01_A01,REV_08954,REV_08954_C01,8953,Food is not bad,Food,Annotated,Negative,Food,Annotated,Neutral,changed,"Corrected polarity contradiction: 'not bad' represents acceptable/moderate evaluation, which corresponds to 'Neutral' under guidelines, not 'Negative'",high
REV_09153_C01_A01,REV_09153,REV_09153_C01,9152,Not good and my experience is not at all good,General Experience,Annotated,Positive,General Experience,Annotated,Negative,changed,Corrected polarity contradiction: explicit negative evaluation 'Not good' was erroneously labeled 'Positive',high
REV_09153_C04_A01,REV_09153,REV_09153_C04,9152,The other food experience is also not good,General Experience,Annotated,Positive,General Experience,Annotated,Negative,changed,Corrected polarity contradiction: explicit negative evaluation 'not good' was erroneously labeled 'Positive',high
REV_09193_C01_A01,REV_09193,REV_09193_C01,9192,not bad,Food,Annotated,Negative,Food,Annotated,Neutral,changed,"Corrected polarity contradiction: 'not bad' represents acceptable/moderate evaluation, which corresponds to 'Neutral' under guidelines, not 'Negative'",high
REV_09484_C01_A01,REV_09484,REV_09484_C01,9483,"The food was not at all good, I have ordered chicken keema paratha and the chicken was not fresh it was smelling like any thing bad experience with the restaurant",Food,Annotated,Positive,Food,Annotated,Negative,changed,Corrected polarity contradiction: explicit negative evaluation 'not fresh' was erroneously labeled 'Positive',high
REV_09484_C01_A02,REV_09484,REV_09484_C01,9483,"The food was not at all good, I have ordered chicken keema paratha and the chicken was not fresh it was smelling like any thing bad experience with the restaurant",General Experience,Annotated,Positive,General Experience,Annotated,Negative,changed,Corrected polarity contradiction: explicit negative evaluation 'not fresh' was erroneously labeled 'Positive',high
