assertion_id,clause_id,review_id,establishment_id,star_rating,clause_text,aspect,aspect_target_span,opinion_span,sentiment,theme,annotation_status,clause_relation,elaboration_of,verification_status,verified_aspect,verified_target_span,verified_opinion_span,verified_sentiment,verified_theme,correction_notes,llm_rationale,clause_start_char,clause_end_char,review_text
REV_00073_C01_A01,REV_00073_C01,REV_00073,Beyond Flavours,5.0,Had dinner at this place and the attendant was Papiya,,,,,,No Aspect Opinion,independent,,pending,,,,,,,"Factual narrative, procedural action, menu listing, or non-evaluative statement without opinion.",0,53,Had dinner at this place and the attendant was Papiya. The staff is very friendly and the ambiance is awesome. Good variety of food and beverages.
REV_00073_C02_A01,REV_00073_C02,REV_00073,Beyond Flavours,5.0,The staff is very friendly and the ambiance is awesome,Service,staff,friendly,Positive,Staff courtesy,Annotated,primary_assertion,,pending,,,,,,,Service evaluation (Positive) targeting staff hospitality or turnaround.,55,109,Had dinner at this place and the attendant was Papiya. The staff is very friendly and the ambiance is awesome. Good variety of food and beverages.
REV_00073_C03_A01,REV_00073_C03,REV_00073,Beyond Flavours,5.0,Good variety of food and beverages,Food,food,Good,Positive,Menu variety,Annotated,primary_assertion,,pending,,,,,,,"Culinary evaluation (Positive) on food quality, taste, or portion.",111,145,Had dinner at this place and the attendant was Papiya. The staff is very friendly and the ambiance is awesome. Good variety of food and beverages.
REV_00129_C01_A01,REV_00129_C01,REV_00129,Paradise,5.0,Ege biriyani is very good,Food,biriyani,good,Positive,Taste / Flavor,Annotated,primary_assertion,,pending,,,,,,,"Culinary evaluation (Positive) on food quality, taste, or portion.",0,25,"Ege biriyani is very good and
Service is very good and
Nice place in paradise gachibowli
So I am happy next time visit again with my friends and family"
REV_00129_C02_A01,REV_00129_C02,REV_00129,Paradise,5.0,Service is very good and,Service,Service,good,Positive,Staff hospitality,Annotated,primary_assertion,,pending,,,,,,,Positive appraisal targeting 'Service'.,31,55,"Ege biriyani is very good and
Service is very good and
Nice place in paradise gachibowli
So I am happy next time visit again with my friends and family"
REV_00129_C03_A01,REV_00129_C03,REV_00129,Paradise,5.0,Nice place in paradise gachibowli,Ambience,place,Nice,Positive,Atmosphere,Annotated,primary_assertion,,pending,,,,,,,Ambience evaluation (Positive) regarding environment or facilities.,57,90,"Ege biriyani is very good and
Service is very good and
Nice place in paradise gachibowli
So I am happy next time visit again with my friends and family"
REV_00129_C04_A01,REV_00129_C04,REV_00129,Paradise,5.0,So I am happy next time visit again with my friends and family,General Experience,visit,visit again,Positive,Recommendation,Annotated,primary_assertion,,pending,,,,,,,Holistic evaluation of the restaurant / visit (Positive).,92,154,"Ege biriyani is very good and
Service is very good and
Nice place in paradise gachibowli
So I am happy next time visit again with my friends and family"
REV_00209_C01_A01,REV_00209_C01,REV_00209,Flechazo,5.0,This place Is very nice food was awasome guys are very good,Ambience,place,nice,Positive,Atmosphere,Annotated,primary_assertion,,pending,,,,,,,Ambience evaluation (Positive) regarding environment or facilities.,0,59,This place Is very nice food was awasome guys are very good.we are visiting flehazo restaurant that's lovely place.i think this place is very good place.
REV_00209_C02_A01,REV_00209_C02,REV_00209,Flechazo,5.0,we are visiting flehazo restaurant that's lovely place,,,,,,No Aspect Opinion,descriptive_context,REV_00209_C01_A01,pending,,,,,,,"Factual narrative, procedural action, menu listing, or non-evaluative statement without opinion.",60,114,This place Is very nice food was awasome guys are very good.we are visiting flehazo restaurant that's lovely place.i think this place is very good place.
REV_00209_C03_A01,REV_00209_C03,REV_00209,Flechazo,5.0,i think this place is very good place,Ambience,place,good,Positive,Atmosphere,Annotated,primary_assertion,,pending,,,,,,,Ambience evaluation (Positive) regarding environment or facilities.,115,152,This place Is very nice food was awasome guys are very good.we are visiting flehazo restaurant that's lovely place.i think this place is very good place.
REV_00313_C01_A01,REV_00313_C01,REV_00313,Shah Ghouse Hotel & Restaurant,3.0,biryani was oily,Food,biryani,oily,Negative,Taste / Flavor,Annotated,primary_assertion,,pending,,,,,,,"Culinary evaluation (Negative) on food quality, taste, or portion.",0,16,biryani was oily
REV_00457_C01_A01,REV_00457_C01,REV_00457,Over The Moon Brew Company,5.0,Food,,,,,,No Aspect Opinion,independent,,pending,,,,,,,"Factual narrative, procedural action, menu listing, or non-evaluative statement without opinion.",0,4,"Food and ambience is nice..
Chiken chettinadu and Chicken pulao is toooo good so as beer and vodka....
And I appreciate Kamal's quick sevice..👍👍"
REV_00457_C02_A01,REV_00457_C02,REV_00457,Over The Moon Brew Company,5.0,ambience is nice,Ambience,ambience,nice,Positive,Atmosphere,Annotated,primary_assertion,,pending,,,,,,,Ambience evaluation (Positive) regarding environment or facilities.,9,25,"Food and ambience is nice..
Chiken chettinadu and Chicken pulao is toooo good so as beer and vodka....
And I appreciate Kamal's quick sevice..👍👍"
REV_00457_C03_A01,REV_00457_C03,REV_00457,Over The Moon Brew Company,5.0,Chiken chettinadu and Chicken pulao is toooo good so as beer and vodka,Food,Chicken,good,Positive,Taste / Flavor,Annotated,primary_assertion,,pending,,,,,,,"Culinary evaluation (Positive) on food quality, taste, or portion.",29,99,"Food and ambience is nice..
Chiken chettinadu and Chicken pulao is toooo good so as beer and vodka....
And I appreciate Kamal's quick sevice..👍👍"
REV_00457_C04_A01,REV_00457_C04,REV_00457,Over The Moon Brew Company,5.0,And I appreciate Kamal's quick sevice,Service,sevice,quick,Positive,Service speed,Annotated,primary_assertion,,pending,,,,,,,Service evaluation (Positive) targeting staff hospitality or turnaround.,105,142,"Food and ambience is nice..
Chiken chettinadu and Chicken pulao is toooo good so as beer and vodka....
And I appreciate Kamal's quick sevice..👍👍"
REV_00564_C01_A01,REV_00564_C01,REV_00564,The Fisherman's Wharf,5.0,I've been there with my girlfriend on a weekend,,,,,,No Aspect Opinion,independent,,pending,,,,,,,"Factual narrative, procedural action, menu listing, or non-evaluative statement without opinion.",0,47,"I've been there with my girlfriend on a weekend, the ambiance was soulful. A bit expensive but the food was too good. The staff could be more professional and my girl enjoyed a lot i should say. Hitting the Gachibowli road for long ride? Do stop-by there...."
REV_00564_C02_A01,REV_00564_C02,REV_00564,The Fisherman's Wharf,5.0,the ambiance was soulful,Ambience,ambiance,soulful,Positive,Atmosphere,Annotated,primary_assertion,,pending,,,,,,,Ambience evaluation (Positive) regarding environment or facilities.,49,73,"I've been there with my girlfriend on a weekend, the ambiance was soulful. A bit expensive but the food was too good. The staff could be more professional and my girl enjoyed a lot i should say. Hitting the Gachibowli road for long ride? Do stop-by there...."
REV_00564_C03_A01,REV_00564_C03,REV_00564,The Fisherman's Wharf,5.0,A bit expensive,Price / Value,,expensive,Negative,Pricing / Overpriced,Annotated,primary_assertion,,pending,,,,,,,Pricing / financial evaluation (Negative).,75,90,"I've been there with my girlfriend on a weekend, the ambiance was soulful. A bit expensive but the food was too good. The staff could be more professional and my girl enjoyed a lot i should say. Hitting the Gachibowli road for long ride? Do stop-by there...."
REV_00564_C04_A01,REV_00564_C04,REV_00564,The Fisherman's Wharf,5.0,the food was too good,Food,food,good,Positive,Taste / Flavor,Annotated,primary_assertion,,pending,,,,,,,"Culinary evaluation (Positive) on food quality, taste, or portion.",95,116,"I've been there with my girlfriend on a weekend, the ambiance was soulful. A bit expensive but the food was too good. The staff could be more professional and my girl enjoyed a lot i should say. Hitting the Gachibowli road for long ride? Do stop-by there...."
REV_00564_C05_A01,REV_00564_C05,REV_00564,The Fisherman's Wharf,5.0,The staff could be more professional,Service,staff,could be more professional,Negative,Staff courtesy,Annotated,primary_assertion,,pending,,,,,,,Service evaluation (Negative) targeting staff hospitality or turnaround.,118,154,"I've been there with my girlfriend on a weekend, the ambiance was soulful. A bit expensive but the food was too good. The staff could be more professional and my girl enjoyed a lot i should say. Hitting the Gachibowli road for long ride? Do stop-by there...."
REV_00564_C06_A01,REV_00564_C06,REV_00564,The Fisherman's Wharf,5.0,my girl enjoyed a lot i should say,General Experience,,enjoyed a lot,Positive,Overall Impression,Annotated,primary_assertion,,pending,,,,,,,Holistic evaluation of the restaurant / visit (Positive).,159,193,"I've been there with my girlfriend on a weekend, the ambiance was soulful. A bit expensive but the food was too good. The staff could be more professional and my girl enjoyed a lot i should say. Hitting the Gachibowli road for long ride? Do stop-by there...."
REV_00564_C07_A01,REV_00564_C07,REV_00564,The Fisherman's Wharf,5.0,Hitting the Gachibowli road for long ride,,,,,,No Aspect Opinion,descriptive_context,REV_00564_C06_A01,pending,,,,,,,"Factual narrative, procedural action, menu listing, or non-evaluative statement without opinion.",195,236,"I've been there with my girlfriend on a weekend, the ambiance was soulful. A bit expensive but the food was too good. The staff could be more professional and my girl enjoyed a lot i should say. Hitting the Gachibowli road for long ride? Do stop-by there...."
REV_00564_C08_A01,REV_00564_C08,REV_00564,The Fisherman's Wharf,5.0,Do stop-by there,General Experience,,Do stop-by there,Positive,Overall Impression,Annotated,primary_assertion,,pending,,,,,,,Holistic evaluation of the restaurant / visit (Positive).,238,254,"I've been there with my girlfriend on a weekend, the ambiance was soulful. A bit expensive but the food was too good. The staff could be more professional and my girl enjoyed a lot i should say. Hitting the Gachibowli road for long ride? Do stop-by there...."
REV_00641_C01_A01,REV_00641_C01,REV_00641,eat.fit,5.0,"Great, hygienic and health food",Food,food,Great,Positive,Taste / Flavor,Annotated,primary_assertion,,pending,,,,,,,"Culinary evaluation (Positive) on food quality, taste, or portion.",0,31,"Great, hygienic and health food. Good packing.
All the ingredients look and taste fresh. More importantly, you get what you see.
I hope they maintain the veg non veg segregation.
A little expensive."
REV_00641_C02_A01,REV_00641_C02,REV_00641,eat.fit,5.0,Good packing,General Experience,,Good,Positive,Overall Impression,Annotated,primary_assertion,,pending,,,,,,,Positive appraisal targeting 'General Experience'.,33,45,"Great, hygienic and health food. Good packing.
All the ingredients look and taste fresh. More importantly, you get what you see.
I hope they maintain the veg non veg segregation.
A little expensive."
REV_00641_C03_A01,REV_00641_C03,REV_00641,eat.fit,5.0,All the ingredients look and taste fresh,Food,ingredients,fresh,Positive,Freshness,Annotated,primary_assertion,,pending,,,,,,,"Culinary evaluation (Positive) on food quality, taste, or portion.",48,88,"Great, hygienic and health food. Good packing.
All the ingredients look and taste fresh. More importantly, you get what you see.
I hope they maintain the veg non veg segregation.
A little expensive."
REV_00641_C04_A01,REV_00641_C04,REV_00641,eat.fit,5.0,"More importantly, you get what you see",,,,,,No Aspect Opinion,descriptive_context,REV_00641_C03_A01,pending,,,,,,,"Factual narrative, procedural action, menu listing, or non-evaluative statement without opinion.",90,128,"Great, hygienic and health food. Good packing.
All the ingredients look and taste fresh. More importantly, you get what you see.
I hope they maintain the veg non veg segregation.
A little expensive."
REV_00641_C05_A01,REV_00641_C05,REV_00641,eat.fit,5.0,I hope they maintain the veg non veg segregation,,,,,,No Aspect Opinion,descriptive_context,REV_00641_C03_A01,pending,,,,,,,"Factual narrative, procedural action, menu listing, or non-evaluative statement without opinion.",131,179,"Great, hygienic and health food. Good packing.
All the ingredients look and taste fresh. More importantly, you get what you see.
I hope they maintain the veg non veg segregation.
A little expensive."
REV_00641_C06_A01,REV_00641_C06,REV_00641,eat.fit,5.0,A little expensive,Price / Value,,expensive,Negative,Pricing / Overpriced,Annotated,primary_assertion,,pending,,,,,,,Pricing / financial evaluation (Negative).,182,200,"Great, hygienic and health food. Good packing.
All the ingredients look and taste fresh. More importantly, you get what you see.
I hope they maintain the veg non veg segregation.
A little expensive."
REV_00795_C01_A01,REV_00795_C01,REV_00795,Shah Ghouse Spl Shawarma,5.0,excellent service,Service,service,excellent,Positive,Staff courtesy,Annotated,primary_assertion,,pending,,,,,,,Service evaluation (Positive) targeting staff hospitality or turnaround.,0,17,excellent service
REV_00822_C01_A01,REV_00822_C01,REV_00822,Hyper Local,3.0,I and my friend went here to watch the IPL live screening and have some good time,General Experience,,good,Positive,Overall Impression,Annotated,primary_assertion,,pending,,,,,,,Positive appraisal targeting 'General Experience'.,0,81,"I and my friend went here to watch the IPL live screening and have some good time. One good thing was that they have 2+2 on drinks through Zomato gold. The food pretty decent too, but what I didn't like was that it didn't have good options in drinks, especially non-alcoholic. We eventually went for Masala coke as our second drink it turned out pretty bad. We asked them to exchange for another drink but they wouldn't take it back. Wasn't happy with the service.

Also the live music there wasn't great."
REV_00822_C02_A01,REV_00822_C02,REV_00822,Hyper Local,3.0,One good thing was that they have 2+2 on drinks through Zomato gold,Food,drinks,good,Positive,Taste / Flavor,Annotated,primary_assertion,,pending,,,,,,,"Culinary evaluation (Positive) on food quality, taste, or portion.",83,150,"I and my friend went here to watch the IPL live screening and have some good time. One good thing was that they have 2+2 on drinks through Zomato gold. The food pretty decent too, but what I didn't like was that it didn't have good options in drinks, especially non-alcoholic. We eventually went for Masala coke as our second drink it turned out pretty bad. We asked them to exchange for another drink but they wouldn't take it back. Wasn't happy with the service.

Also the live music there wasn't great."
REV_00822_C03_A01,REV_00822_C03,REV_00822,Hyper Local,3.0,The food pretty decent too,Food,food,pretty decent,Positive,Taste / Flavor,Annotated,primary_assertion,,pending,,,,,,,"Culinary evaluation (Positive) on food quality, taste, or portion.",152,178,"I and my friend went here to watch the IPL live screening and have some good time. One good thing was that they have 2+2 on drinks through Zomato gold. The food pretty decent too, but what I didn't like was that it didn't have good options in drinks, especially non-alcoholic. We eventually went for Masala coke as our second drink it turned out pretty bad. We asked them to exchange for another drink but they wouldn't take it back. Wasn't happy with the service.

Also the live music there wasn't great."
REV_00822_C04_A01,REV_00822_C04,REV_00822,Hyper Local,3.0,"but what I didn't like was that it didn't have good options in drinks, especially non-alcoholic",Food,drinks,good,Positive,Menu variety,Annotated,primary_assertion,,pending,,,,,,,"Culinary evaluation (Positive) on food quality, taste, or portion.",180,275,"I and my friend went here to watch the IPL live screening and have some good time. One good thing was that they have 2+2 on drinks through Zomato gold. The food pretty decent too, but what I didn't like was that it didn't have good options in drinks, especially non-alcoholic. We eventually went for Masala coke as our second drink it turned out pretty bad. We asked them to exchange for another drink but they wouldn't take it back. Wasn't happy with the service.

Also the live music there wasn't great."
REV_00822_C05_A01,REV_00822_C05,REV_00822,Hyper Local,3.0,We eventually went for Masala coke as our second drink it turned out pretty bad,Food,,bad,Negative,Food quality,Annotated,primary_assertion,,pending,,,,,,,Negative evaluation targeting 'Food'.,277,356,"I and my friend went here to watch the IPL live screening and have some good time. One good thing was that they have 2+2 on drinks through Zomato gold. The food pretty decent too, but what I didn't like was that it didn't have good options in drinks, especially non-alcoholic. We eventually went for Masala coke as our second drink it turned out pretty bad. We asked them to exchange for another drink but they wouldn't take it back. Wasn't happy with the service.

Also the live music there wasn't great."
REV_00822_C06_A01,REV_00822_C06,REV_00822,Hyper Local,3.0,We asked them to exchange for another drink,,,,,,No Aspect Opinion,descriptive_context,REV_00822_C05_A01,pending,,,,,,,"Factual narrative, procedural action, menu listing, or non-evaluative statement without opinion.",358,401,"I and my friend went here to watch the IPL live screening and have some good time. One good thing was that they have 2+2 on drinks through Zomato gold. The food pretty decent too, but what I didn't like was that it didn't have good options in drinks, especially non-alcoholic. We eventually went for Masala coke as our second drink it turned out pretty bad. We asked them to exchange for another drink but they wouldn't take it back. Wasn't happy with the service.

Also the live music there wasn't great."
REV_00822_C07_A01,REV_00822_C07,REV_00822,Hyper Local,3.0,they wouldn't take it back,Service,,wouldn't take it back,Negative,Staff courtesy,Annotated,primary_assertion,,pending,,,,,,,Service evaluation (Negative) targeting staff hospitality or turnaround.,406,432,"I and my friend went here to watch the IPL live screening and have some good time. One good thing was that they have 2+2 on drinks through Zomato gold. The food pretty decent too, but what I didn't like was that it didn't have good options in drinks, especially non-alcoholic. We eventually went for Masala coke as our second drink it turned out pretty bad. We asked them to exchange for another drink but they wouldn't take it back. Wasn't happy with the service.

Also the live music there wasn't great."
REV_00822_C08_A01,REV_00822_C08,REV_00822,Hyper Local,3.0,Wasn't happy with the service,Service,service,Wasn't happy,Negative,Staff courtesy,Annotated,primary_assertion,,pending,,,,,,,Service evaluation (Negative) targeting staff hospitality or turnaround.,434,463,"I and my friend went here to watch the IPL live screening and have some good time. One good thing was that they have 2+2 on drinks through Zomato gold. The food pretty decent too, but what I didn't like was that it didn't have good options in drinks, especially non-alcoholic. We eventually went for Masala coke as our second drink it turned out pretty bad. We asked them to exchange for another drink but they wouldn't take it back. Wasn't happy with the service.

Also the live music there wasn't great."
REV_00822_C09_A01,REV_00822_C09,REV_00822,Hyper Local,3.0,Also the live music there wasn't great,Ambience,music,great,Positive,Music / Noise level,Annotated,primary_assertion,,pending,,,,,,,Ambience evaluation (Positive) regarding environment or facilities.,468,506,"I and my friend went here to watch the IPL live screening and have some good time. One good thing was that they have 2+2 on drinks through Zomato gold. The food pretty decent too, but what I didn't like was that it didn't have good options in drinks, especially non-alcoholic. We eventually went for Masala coke as our second drink it turned out pretty bad. We asked them to exchange for another drink but they wouldn't take it back. Wasn't happy with the service.

Also the live music there wasn't great."
REV_00926_C01_A01,REV_00926_C01,REV_00926,Cream Stone,3.0,Never disappoints me,General Experience,,Never disappoints me,Positive,Overall Impression,Annotated,primary_assertion,,pending,,,,,,,Holistic evaluation of the restaurant / visit (Positive).,0,20,"Never disappoints me. Always up to my expectations. Great choices and I love the extra bits like the oreo's, m&m's etc to choose as toppings."
REV_00926_C02_A01,REV_00926_C02,REV_00926,Cream Stone,3.0,Always up to my expectations,General Experience,,Always up to my expectations,Positive,Overall Impression,Annotated,primary_assertion,,pending,,,,,,,Holistic evaluation of the restaurant / visit (Positive).,22,50,"Never disappoints me. Always up to my expectations. Great choices and I love the extra bits like the oreo's, m&m's etc to choose as toppings."
REV_00926_C03_A01,REV_00926_C03,REV_00926,Cream Stone,3.0,"Great choices and I love the extra bits like the oreo's, m&m's etc to choose as toppings",General Experience,,Great,Positive,Overall Impression,Annotated,primary_assertion,,pending,,,,,,,Positive appraisal targeting 'General Experience'.,52,140,"Never disappoints me. Always up to my expectations. Great choices and I love the extra bits like the oreo's, m&m's etc to choose as toppings."
REV_01074_C01_A01,REV_01074_C01,REV_01074,Sardarji's Chaats & More,4.0,one of the better places to go for north Indian style paranthas,,,,,,No Aspect Opinion,independent,,pending,,,,,,,"Factual narrative, procedural action, menu listing, or non-evaluative statement without opinion.",0,63,one of the better places to go for north Indian style paranthas. Chat is also good not that great though if you want north Indian style. Have been here quite a number of times and always find it crowded. Has never disappointed.
REV_01074_C02_A01,REV_01074_C02,REV_01074,Sardarji's Chaats & More,4.0,Chat is also good not that great,General Experience,,good,Positive,Overall Impression,Annotated,primary_assertion,,pending,,,,,,,Positive appraisal targeting 'General Experience'.,65,97,one of the better places to go for north Indian style paranthas. Chat is also good not that great though if you want north Indian style. Have been here quite a number of times and always find it crowded. Has never disappointed.
REV_01074_C03_A01,REV_01074_C03,REV_01074,Sardarji's Chaats & More,4.0,if you want north Indian style,,,,,,No Aspect Opinion,descriptive_context,REV_01074_C02_A01,pending,,,,,,,"Factual narrative, procedural action, menu listing, or non-evaluative statement without opinion.",105,135,one of the better places to go for north Indian style paranthas. Chat is also good not that great though if you want north Indian style. Have been here quite a number of times and always find it crowded. Has never disappointed.
REV_01074_C04_A01,REV_01074_C04,REV_01074,Sardarji's Chaats & More,4.0,Have been here quite a number of times and always find it crowded,,,,,,No Aspect Opinion,descriptive_context,REV_01074_C02_A01,pending,,,,,,,"Factual narrative, procedural action, menu listing, or non-evaluative statement without opinion.",137,202,one of the better places to go for north Indian style paranthas. Chat is also good not that great though if you want north Indian style. Have been here quite a number of times and always find it crowded. Has never disappointed.
REV_01074_C05_A01,REV_01074_C05,REV_01074,Sardarji's Chaats & More,4.0,Has never disappointed,,,,,,No Aspect Opinion,descriptive_context,REV_01074_C02_A01,pending,,,,,,,"Factual narrative, procedural action, menu listing, or non-evaluative statement without opinion.",204,226,one of the better places to go for north Indian style paranthas. Chat is also good not that great though if you want north Indian style. Have been here quite a number of times and always find it crowded. Has never disappointed.
REV_01169_C01_A01,REV_01169_C01,REV_01169,Barbeque Nation,5.0,Amazing food and ambience,Food,food,Amazing,Positive,Food quality,Annotated,primary_assertion,,pending,,,,,,,Culinary praise 'Amazing'.,0,25,"Amazing food and ambience.
Starters were simply delicious.
Desserts were also really good.
Would definitely recommend everyone to visit this place."
REV_01169_C01_A02,REV_01169_C01,REV_01169,Barbeque Nation,5.0,Amazing food and ambience,Ambience,ambience,Amazing,Positive,Atmosphere,Annotated,primary_assertion,,pending,,,,,,,Ambience praise 'Amazing'.,0,25,"Amazing food and ambience.
Starters were simply delicious.
Desserts were also really good.
Would definitely recommend everyone to visit this place."
REV_01169_C02_A01,REV_01169_C02,REV_01169,Barbeque Nation,5.0,Starters were simply delicious,Food,Starters,delicious,Positive,Taste / Flavor,Annotated,primary_assertion,,pending,,,,,,,"Culinary evaluation (Positive) on food quality, taste, or portion.",28,58,"Amazing food and ambience.
Starters were simply delicious.
Desserts were also really good.
Would definitely recommend everyone to visit this place."
REV_01169_C03_A01,REV_01169_C03,REV_01169,Barbeque Nation,5.0,Desserts were also really good,Food,Desserts,good,Positive,Taste / Flavor,Annotated,primary_assertion,,pending,,,,,,,"Culinary evaluation (Positive) on food quality, taste, or portion.",61,91,"Amazing food and ambience.
Starters were simply delicious.
Desserts were also really good.
Would definitely recommend everyone to visit this place."
REV_01169_C04_A01,REV_01169_C04,REV_01169,Barbeque Nation,5.0,Would definitely recommend everyone to visit this place,General Experience,visit,recommend everyone,Positive,Recommendation,Annotated,primary_assertion,,pending,,,,,,,Holistic evaluation of the restaurant / visit (Positive).,94,149,"Amazing food and ambience.
Starters were simply delicious.
Desserts were also really good.
Would definitely recommend everyone to visit this place."
REV_01284_C01_A01,REV_01284_C01,REV_01284,Absolute Sizzlers,1.0,Had a lot of expectations when I read the ne for the first time,,,,,,No Aspect Opinion,independent,,pending,,,,,,,"Factual narrative, procedural action, menu listing, or non-evaluative statement without opinion.",0,63,"Had a lot of expectations when I read the ne for the first time. Was able to visit it after a month.
What a disappointment it was. It's named sizzler but has nothing close to sizzler. You guys really need to work on the art of making sizzler. It looks like sizzler. It only looks"
REV_01284_C02_A01,REV_01284_C02,REV_01284,Absolute Sizzlers,1.0,Was able to visit it after a month,,,,,,No Aspect Opinion,independent,,pending,,,,,,,"Factual narrative, procedural action, menu listing, or non-evaluative statement without opinion.",65,99,"Had a lot of expectations when I read the ne for the first time. Was able to visit it after a month.
What a disappointment it was. It's named sizzler but has nothing close to sizzler. You guys really need to work on the art of making sizzler. It looks like sizzler. It only looks"
REV_01284_C03_A01,REV_01284_C03,REV_01284,Absolute Sizzlers,1.0,What a disappointment it was,General Experience,,What a disappointment it was,Negative,Overall Impression,Annotated,primary_assertion,,pending,,,,,,,Holistic evaluation of the restaurant / visit (Negative).,102,130,"Had a lot of expectations when I read the ne for the first time. Was able to visit it after a month.
What a disappointment it was. It's named sizzler but has nothing close to sizzler. You guys really need to work on the art of making sizzler. It looks like sizzler. It only looks"
REV_01284_C04_A01,REV_01284_C04,REV_01284,Absolute Sizzlers,1.0,It's named sizzler,,,,,,No Aspect Opinion,descriptive_context,REV_01284_C03_A01,pending,,,,,,,"Factual narrative, procedural action, menu listing, or non-evaluative statement without opinion.",132,150,"Had a lot of expectations when I read the ne for the first time. Was able to visit it after a month.
What a disappointment it was. It's named sizzler but has nothing close to sizzler. You guys really need to work on the art of making sizzler. It looks like sizzler. It only looks"
REV_01284_C05_A01,REV_01284_C05,REV_01284,Absolute Sizzlers,1.0,has nothing close to sizzler,Food,sizzler,nothing close to sizzler,Negative,Taste / Flavor,Annotated,primary_assertion,,pending,,,,,,,"Culinary evaluation (Negative) on food quality, taste, or portion.",155,183,"Had a lot of expectations when I read the ne for the first time. Was able to visit it after a month.
What a disappointment it was. It's named sizzler but has nothing close to sizzler. You guys really need to work on the art of making sizzler. It looks like sizzler. It only looks"
REV_01284_C06_A01,REV_01284_C06,REV_01284,Absolute Sizzlers,1.0,You guys really need to work on the art of making sizzler,Food,sizzler,need to work on the art of making sizzler,Negative,Taste / Flavor,Annotated,primary_assertion,,pending,,,,,,,"Culinary evaluation (Negative) on food quality, taste, or portion.",185,242,"Had a lot of expectations when I read the ne for the first time. Was able to visit it after a month.
What a disappointment it was. It's named sizzler but has nothing close to sizzler. You guys really need to work on the art of making sizzler. It looks like sizzler. It only looks"
REV_01284_C07_A01,REV_01284_C07,REV_01284,Absolute Sizzlers,1.0,It looks like sizzler,,,,,,No Aspect Opinion,descriptive_context,REV_01284_C06_A01,pending,,,,,,,"Factual narrative, procedural action, menu listing, or non-evaluative statement without opinion.",244,265,"Had a lot of expectations when I read the ne for the first time. Was able to visit it after a month.
What a disappointment it was. It's named sizzler but has nothing close to sizzler. You guys really need to work on the art of making sizzler. It looks like sizzler. It only looks"
REV_01284_C08_A01,REV_01284_C08,REV_01284,Absolute Sizzlers,1.0,It only looks,,,,,,No Aspect Opinion,descriptive_context,REV_01284_C06_A01,pending,,,,,,,"Factual narrative, procedural action, menu listing, or non-evaluative statement without opinion.",267,280,"Had a lot of expectations when I read the ne for the first time. Was able to visit it after a month.
What a disappointment it was. It's named sizzler but has nothing close to sizzler. You guys really need to work on the art of making sizzler. It looks like sizzler. It only looks"
REV_01350_C01_A01,REV_01350_C01,REV_01350,The Lal Street - Bar Exchange,3.0,"Interesting cocktail menu, which a wide range of starters to try",Food,cocktail,Interesting,Positive,Taste / Flavor,Annotated,primary_assertion,,pending,,,,,,,"Culinary evaluation (Positive) on food quality, taste, or portion.",0,64,"Interesting cocktail menu, which a wide range of starters to try. There is a constant live screen showcasing the trading prices to drinks available ."
REV_01350_C02_A01,REV_01350_C02,REV_01350,The Lal Street - Bar Exchange,3.0,There is a constant live screen showcasing the trading prices to drinks available,,,,,,No Aspect Opinion,descriptive_context,REV_01350_C01_A01,pending,,,,,,,"Factual narrative, procedural action, menu listing, or non-evaluative statement without opinion.",66,147,"Interesting cocktail menu, which a wide range of starters to try. There is a constant live screen showcasing the trading prices to drinks available ."
REV_01427_C01_A01,REV_01427_C01,REV_01427,AB's - Absolute Barbecues,5.0,Nice food and nice service,Food,food,Nice,Positive,Taste / Flavor,Annotated,primary_assertion,,pending,,,,,,,"Culinary evaluation (Positive) on food quality, taste, or portion.",0,26,"Nice food and nice service. Ambiance is also great. We wonder how you people manage all good food with good service. Great job. Keep it up. I liked all kind of non veg and veg crispy corns, that is my favourite.Special thanks to Ali and Mantu thanks for your good service for us."
REV_01427_C02_A01,REV_01427_C02,REV_01427,AB's - Absolute Barbecues,5.0,Ambiance is also great,Ambience,Ambiance,great,Positive,Atmosphere,Annotated,primary_assertion,,pending,,,,,,,Ambience evaluation (Positive) regarding environment or facilities.,28,50,"Nice food and nice service. Ambiance is also great. We wonder how you people manage all good food with good service. Great job. Keep it up. I liked all kind of non veg and veg crispy corns, that is my favourite.Special thanks to Ali and Mantu thanks for your good service for us."
REV_01427_C03_A01,REV_01427_C03,REV_01427,AB's - Absolute Barbecues,5.0,We wonder how you people manage all good food with good service,Food,food,good,Positive,Taste / Flavor,Annotated,primary_assertion,,pending,,,,,,,"Culinary evaluation (Positive) on food quality, taste, or portion.",52,115,"Nice food and nice service. Ambiance is also great. We wonder how you people manage all good food with good service. Great job. Keep it up. I liked all kind of non veg and veg crispy corns, that is my favourite.Special thanks to Ali and Mantu thanks for your good service for us."
REV_01427_C04_A01,REV_01427_C04,REV_01427,AB's - Absolute Barbecues,5.0,Great job,General Experience,,Great,Positive,Overall Impression,Annotated,primary_assertion,,pending,,,,,,,Positive appraisal targeting 'General Experience'.,117,126,"Nice food and nice service. Ambiance is also great. We wonder how you people manage all good food with good service. Great job. Keep it up. I liked all kind of non veg and veg crispy corns, that is my favourite.Special thanks to Ali and Mantu thanks for your good service for us."
REV_01427_C05_A01,REV_01427_C05,REV_01427,AB's - Absolute Barbecues,5.0,Keep it up,General Experience,,Keep it up,Positive,Overall Impression,Annotated,primary_assertion,,pending,,,,,,,Holistic evaluation of the restaurant / visit (Positive).,128,138,"Nice food and nice service. Ambiance is also great. We wonder how you people manage all good food with good service. Great job. Keep it up. I liked all kind of non veg and veg crispy corns, that is my favourite.Special thanks to Ali and Mantu thanks for your good service for us."
REV_01427_C06_A01,REV_01427_C06,REV_01427,AB's - Absolute Barbecues,5.0,"I liked all kind of non veg and veg crispy corns, that is my favourite",General Experience,,liked,Positive,Overall Impression,Annotated,primary_assertion,,pending,,,,,,,Positive appraisal targeting 'General Experience'.,140,210,"Nice food and nice service. Ambiance is also great. We wonder how you people manage all good food with good service. Great job. Keep it up. I liked all kind of non veg and veg crispy corns, that is my favourite.Special thanks to Ali and Mantu thanks for your good service for us."
REV_01427_C07_A01,REV_01427_C07,REV_01427,AB's - Absolute Barbecues,5.0,Special thanks to Ali and Mantu thanks for your good service for us,Service,service,good,Positive,Staff hospitality,Annotated,primary_assertion,,pending,,,,,,,Positive appraisal targeting 'service'.,211,278,"Nice food and nice service. Ambiance is also great. We wonder how you people manage all good food with good service. Great job. Keep it up. I liked all kind of non veg and veg crispy corns, that is my favourite.Special thanks to Ali and Mantu thanks for your good service for us."
REV_01516_C01_A01,REV_01516_C01,REV_01516,KFC,4.0,Just like any other KFC,,,,,,No Aspect Opinion,independent,,pending,,,,,,,"Factual narrative, procedural action, menu listing, or non-evaluative statement without opinion.",0,23,"Just like any other KFC. the place is my backup option plan in case i dont have anywhere to go to or no food at home! Cheap, tasty and especially good for cheat days."
REV_01516_C02_A01,REV_01516_C02,REV_01516,KFC,4.0,the place is my backup option plan in case i dont have anywhere to go to or no food at home,,,,,,No Aspect Opinion,independent,,pending,,,,,,,"Factual narrative, procedural action, menu listing, or non-evaluative statement without opinion.",25,116,"Just like any other KFC. the place is my backup option plan in case i dont have anywhere to go to or no food at home! Cheap, tasty and especially good for cheat days."
REV_01516_C03_A01,REV_01516_C03,REV_01516,KFC,4.0,"Cheap, tasty and especially good for cheat days",Price / Value,,Cheap,Positive,Pricing / Overpriced,Annotated,primary_assertion,,pending,,,,,,,Pricing / financial evaluation (Positive).,118,165,"Just like any other KFC. the place is my backup option plan in case i dont have anywhere to go to or no food at home! Cheap, tasty and especially good for cheat days."
REV_01651_C01_A01,REV_01651_C01,REV_01651,NorFest - The Dhaba,5.0,Would you like to feast on North Indian food in Hyderabad,,,,,,No Aspect Opinion,independent,,pending,,,,,,,"Factual narrative, procedural action, menu listing, or non-evaluative statement without opinion.",0,57,"Would you like to feast on North Indian food in Hyderabad? Are you a foodie or die hard fan of butter chicken? Go or order from NorFest, I was deffinitely vow after having sambhar or idli for couple of days when I ordered from this place. Big fan of them, tried their all outlet and I must say good pricing with awesome taste (Without curry leaves :)))) in Hyderabad (No Offence to south indian  food).
Best part is that it will not hurt your wallet badly if you compare with Dhaba etd 1956 or other so called north indian restaurant."
REV_01651_C02_A01,REV_01651_C02,REV_01651,NorFest - The Dhaba,5.0,Are you a foodie or die hard fan of butter chicken,,,,,,No Aspect Opinion,independent,,pending,,,,,,,"Factual narrative, procedural action, menu listing, or non-evaluative statement without opinion.",59,109,"Would you like to feast on North Indian food in Hyderabad? Are you a foodie or die hard fan of butter chicken? Go or order from NorFest, I was deffinitely vow after having sambhar or idli for couple of days when I ordered from this place. Big fan of them, tried their all outlet and I must say good pricing with awesome taste (Without curry leaves :)))) in Hyderabad (No Offence to south indian  food).
Best part is that it will not hurt your wallet badly if you compare with Dhaba etd 1956 or other so called north indian restaurant."
REV_01651_C03_A01,REV_01651_C03,REV_01651,NorFest - The Dhaba,5.0,"Go or order from NorFest, I was deffinitely vow after having sambhar or idli for couple of days when I ordered from this place",,,,,,No Aspect Opinion,independent,,pending,,,,,,,"Factual narrative, procedural action, menu listing, or non-evaluative statement without opinion.",111,237,"Would you like to feast on North Indian food in Hyderabad? Are you a foodie or die hard fan of butter chicken? Go or order from NorFest, I was deffinitely vow after having sambhar or idli for couple of days when I ordered from this place. Big fan of them, tried their all outlet and I must say good pricing with awesome taste (Without curry leaves :)))) in Hyderabad (No Offence to south indian  food).
Best part is that it will not hurt your wallet badly if you compare with Dhaba etd 1956 or other so called north indian restaurant."
REV_01651_C04_A01,REV_01651_C04,REV_01651,NorFest - The Dhaba,5.0,"Big fan of them, tried their all outlet and I must say good pricing with awesome taste (Without curry leaves :)))) in Hyderabad (No Offence to south indian  food)",Food,taste,good,Positive,Taste / Flavor,Annotated,primary_assertion,,pending,,,,,,,"Culinary evaluation (Positive) on food quality, taste, or portion.",239,401,"Would you like to feast on North Indian food in Hyderabad? Are you a foodie or die hard fan of butter chicken? Go or order from NorFest, I was deffinitely vow after having sambhar or idli for couple of days when I ordered from this place. Big fan of them, tried their all outlet and I must say good pricing with awesome taste (Without curry leaves :)))) in Hyderabad (No Offence to south indian  food).
Best part is that it will not hurt your wallet badly if you compare with Dhaba etd 1956 or other so called north indian restaurant."
REV_01651_C05_A01,REV_01651_C05,REV_01651,NorFest - The Dhaba,5.0,Best part is that it will not hurt your wallet badly if you compare with Dhaba etd 1956 or other so called north indian restaurant,,,,,,No Aspect Opinion,descriptive_context,REV_01651_C04_A01,pending,,,,,,,"Factual narrative, procedural action, menu listing, or non-evaluative statement without opinion.",404,534,"Would you like to feast on North Indian food in Hyderabad? Are you a foodie or die hard fan of butter chicken? Go or order from NorFest, I was deffinitely vow after having sambhar or idli for couple of days when I ordered from this place. Big fan of them, tried their all outlet and I must say good pricing with awesome taste (Without curry leaves :)))) in Hyderabad (No Offence to south indian  food).
Best part is that it will not hurt your wallet badly if you compare with Dhaba etd 1956 or other so called north indian restaurant."
REV_01744_C01_A01,REV_01744_C01,REV_01744,Hotel Zara Hi-Fi,5.0,too tasty it is,Food,,too tasty,Positive,Taste / Flavor,Annotated,primary_assertion,,pending,,,,,,,"Culinary evaluation (Positive) on food quality, taste, or portion.",0,15,too tasty it is
REV_01800_C01_A01,REV_01800_C01,REV_01800,10 Downing Street,5.0,i order Mexican veg salad what dressing giving i Don't no,,,,,,No Aspect Opinion,independent,,pending,,,,,,,"Factual narrative, procedural action, menu listing, or non-evaluative statement without opinion.",0,57,i order Mexican veg salad what dressing giving i Don't no but this is not good very bad proper dressing is olive oil & mustard sauce but giving me tomoto sauce dressing services is good bikash shoo you gave good beer was a very good beer thanks for bikash but ambience is good
REV_01800_C02_A01,REV_01800_C02,REV_01800,10 Downing Street,5.0,this is not good very bad proper dressing is olive oil & mustard sauce,Food,sauce,good,Negative,Taste / Flavor,Annotated,primary_assertion,,pending,,,,,,,"Culinary evaluation (Negative) on food quality, taste, or portion.",62,132,i order Mexican veg salad what dressing giving i Don't no but this is not good very bad proper dressing is olive oil & mustard sauce but giving me tomoto sauce dressing services is good bikash shoo you gave good beer was a very good beer thanks for bikash but ambience is good
REV_01800_C03_A01,REV_01800_C03,REV_01800,10 Downing Street,5.0,giving me tomoto sauce dressing services is good bikash shoo you gave good beer was a very good beer thanks for bikash,Food,sauce,good,Positive,Taste / Flavor,Annotated,primary_assertion,,pending,,,,,,,"Culinary evaluation (Positive) on food quality, taste, or portion.",137,255,i order Mexican veg salad what dressing giving i Don't no but this is not good very bad proper dressing is olive oil & mustard sauce but giving me tomoto sauce dressing services is good bikash shoo you gave good beer was a very good beer thanks for bikash but ambience is good
REV_01800_C04_A01,REV_01800_C04,REV_01800,10 Downing Street,5.0,ambience is good,Ambience,ambience,good,Positive,Atmosphere,Annotated,primary_assertion,,pending,,,,,,,Ambience evaluation (Positive) regarding environment or facilities.,260,276,i order Mexican veg salad what dressing giving i Don't no but this is not good very bad proper dressing is olive oil & mustard sauce but giving me tomoto sauce dressing services is good bikash shoo you gave good beer was a very good beer thanks for bikash but ambience is good
REV_01902_C01_A01,REV_01902_C01,REV_01902,Pakwaan Grand,1.0,"Worst thing I got 4 dinner, I ordered Full grill it was not all grilled unable to eat also Full like a flesh the worst grill in my life I hate",Food,grill,,Negative,Taste / Flavor,Annotated,primary_assertion,,pending,,,,,,,"Culinary evaluation (Negative) on food quality, taste, or portion.",0,142,"Worst thing I got 4 dinner, I ordered Full grill it was not all grilled unable to eat also Full like a flesh the worst grill in my life I hate"
REV_02019_C01_A01,REV_02019_C01,REV_02019,13 Dhaba,1.0,did not give paratha as mentioned in menu,,,,,,No Aspect Opinion,independent,,pending,,,,,,,"Factual narrative, procedural action, menu listing, or non-evaluative statement without opinion.",0,41,did not give paratha as mentioned in menu
REV_02132_C01_A01,REV_02132_C01,REV_02132,Jonathan's Kitchen - Holiday Inn Express & Suites,2.0,Writing this review for so called much hyped restaurant of Hyderabad- Jonathan's kitchen,,,,,,No Aspect Opinion,independent,,pending,,,,,,,"Factual narrative, procedural action, menu listing, or non-evaluative statement without opinion.",0,88,"Writing this review for so called much hyped restaurant of Hyderabad- Jonathan's kitchen

Went to celebrate my bday today..It was the worst food buffet I ever had in any above average costly restaurant.They charge so high for this shitty buffet.

1. Ambience- Even a local resaturant also have some areas of decoration in their restaurant but they have it like a messy hall. No theme no decoration
2. Service- No serving of starters, no serving of even water until u ask,no serving of even sauce at your table and waters think themself like heroes here.
3. Food- The worst part of it..Some stale starters of chicken and fish. Veg ones you cant even chew corn items as they might be few days old.One chicken starter only had some taste. Main course is also pretty below average.Pasta is good.Pizza(so called best Hyderabadi pizza) was worse than a 50rs local shop pizza.
Deserts- they put some sweets of local shops as deserts.
Two juices as welcome drinks were Ok.

I gave two stars rating because manager politely listened to all my complaints on food ambience and all and gave a delicous pudding cake to celebrate my bday.Thanks for that.

They themself agreed that their lunch buffets are generally not that great we should try a la carte..Will do that if I will ever try to take this risk again😜"
REV_02132_C02_A01,REV_02132_C02,REV_02132,Jonathan's Kitchen - Holiday Inn Express & Suites,2.0,Went to celebrate my bday today,,,,,,No Aspect Opinion,independent,,pending,,,,,,,"Factual narrative, procedural action, menu listing, or non-evaluative statement without opinion.",92,123,"Writing this review for so called much hyped restaurant of Hyderabad- Jonathan's kitchen

Went to celebrate my bday today..It was the worst food buffet I ever had in any above average costly restaurant.They charge so high for this shitty buffet.

1. Ambience- Even a local resaturant also have some areas of decoration in their restaurant but they have it like a messy hall. No theme no decoration
2. Service- No serving of starters, no serving of even water until u ask,no serving of even sauce at your table and waters think themself like heroes here.
3. Food- The worst part of it..Some stale starters of chicken and fish. Veg ones you cant even chew corn items as they might be few days old.One chicken starter only had some taste. Main course is also pretty below average.Pasta is good.Pizza(so called best Hyderabadi pizza) was worse than a 50rs local shop pizza.
Deserts- they put some sweets of local shops as deserts.
Two juices as welcome drinks were Ok.

I gave two stars rating because manager politely listened to all my complaints on food ambience and all and gave a delicous pudding cake to celebrate my bday.Thanks for that.

They themself agreed that their lunch buffets are generally not that great we should try a la carte..Will do that if I will ever try to take this risk again😜"
REV_02132_C03_A01,REV_02132_C03,REV_02132,Jonathan's Kitchen - Holiday Inn Express & Suites,2.0,It was the worst food buffet I ever had in any above average costly restaurant,Price / Value,costly,costly,Negative,Pricing / Overpriced,Annotated,primary_assertion,,pending,,,,,,,Pricing / financial evaluation (Negative).,125,203,"Writing this review for so called much hyped restaurant of Hyderabad- Jonathan's kitchen

Went to celebrate my bday today..It was the worst food buffet I ever had in any above average costly restaurant.They charge so high for this shitty buffet.

1. Ambience- Even a local resaturant also have some areas of decoration in their restaurant but they have it like a messy hall. No theme no decoration
2. Service- No serving of starters, no serving of even water until u ask,no serving of even sauce at your table and waters think themself like heroes here.
3. Food- The worst part of it..Some stale starters of chicken and fish. Veg ones you cant even chew corn items as they might be few days old.One chicken starter only had some taste. Main course is also pretty below average.Pasta is good.Pizza(so called best Hyderabadi pizza) was worse than a 50rs local shop pizza.
Deserts- they put some sweets of local shops as deserts.
Two juices as welcome drinks were Ok.

I gave two stars rating because manager politely listened to all my complaints on food ambience and all and gave a delicous pudding cake to celebrate my bday.Thanks for that.

They themself agreed that their lunch buffets are generally not that great we should try a la carte..Will do that if I will ever try to take this risk again😜"
REV_02132_C04_A01,REV_02132_C04,REV_02132,Jonathan's Kitchen - Holiday Inn Express & Suites,2.0,They charge so high for this shitty buffet,Price / Value,charge,,Positive,Pricing / Overpriced,Annotated,primary_assertion,,pending,,,,,,,Pricing / financial evaluation (Positive).,204,246,"Writing this review for so called much hyped restaurant of Hyderabad- Jonathan's kitchen

Went to celebrate my bday today..It was the worst food buffet I ever had in any above average costly restaurant.They charge so high for this shitty buffet.

1. Ambience- Even a local resaturant also have some areas of decoration in their restaurant but they have it like a messy hall. No theme no decoration
2. Service- No serving of starters, no serving of even water until u ask,no serving of even sauce at your table and waters think themself like heroes here.
3. Food- The worst part of it..Some stale starters of chicken and fish. Veg ones you cant even chew corn items as they might be few days old.One chicken starter only had some taste. Main course is also pretty below average.Pasta is good.Pizza(so called best Hyderabadi pizza) was worse than a 50rs local shop pizza.
Deserts- they put some sweets of local shops as deserts.
Two juices as welcome drinks were Ok.

I gave two stars rating because manager politely listened to all my complaints on food ambience and all and gave a delicous pudding cake to celebrate my bday.Thanks for that.

They themself agreed that their lunch buffets are generally not that great we should try a la carte..Will do that if I will ever try to take this risk again😜"
REV_02132_C05_A01,REV_02132_C05,REV_02132,Jonathan's Kitchen - Holiday Inn Express & Suites,2.0,1,,,,,,No Aspect Opinion,descriptive_context,REV_02132_C04_A01,pending,,,,,,,"Factual narrative, procedural action, menu listing, or non-evaluative statement without opinion.",251,252,"Writing this review for so called much hyped restaurant of Hyderabad- Jonathan's kitchen

Went to celebrate my bday today..It was the worst food buffet I ever had in any above average costly restaurant.They charge so high for this shitty buffet.

1. Ambience- Even a local resaturant also have some areas of decoration in their restaurant but they have it like a messy hall. No theme no decoration
2. Service- No serving of starters, no serving of even water until u ask,no serving of even sauce at your table and waters think themself like heroes here.
3. Food- The worst part of it..Some stale starters of chicken and fish. Veg ones you cant even chew corn items as they might be few days old.One chicken starter only had some taste. Main course is also pretty below average.Pasta is good.Pizza(so called best Hyderabadi pizza) was worse than a 50rs local shop pizza.
Deserts- they put some sweets of local shops as deserts.
Two juices as welcome drinks were Ok.

I gave two stars rating because manager politely listened to all my complaints on food ambience and all and gave a delicous pudding cake to celebrate my bday.Thanks for that.

They themself agreed that their lunch buffets are generally not that great we should try a la carte..Will do that if I will ever try to take this risk again😜"
REV_02132_C06_A01,REV_02132_C06,REV_02132,Jonathan's Kitchen - Holiday Inn Express & Suites,2.0,Ambience- Even a local resaturant also have some areas of decoration in their restaurant,Ambience,Ambience,,Positive,Atmosphere,Annotated,primary_assertion,,pending,,,,,,,Ambience evaluation (Positive) regarding environment or facilities.,254,342,"Writing this review for so called much hyped restaurant of Hyderabad- Jonathan's kitchen

Went to celebrate my bday today..It was the worst food buffet I ever had in any above average costly restaurant.They charge so high for this shitty buffet.

1. Ambience- Even a local resaturant also have some areas of decoration in their restaurant but they have it like a messy hall. No theme no decoration
2. Service- No serving of starters, no serving of even water until u ask,no serving of even sauce at your table and waters think themself like heroes here.
3. Food- The worst part of it..Some stale starters of chicken and fish. Veg ones you cant even chew corn items as they might be few days old.One chicken starter only had some taste. Main course is also pretty below average.Pasta is good.Pizza(so called best Hyderabadi pizza) was worse than a 50rs local shop pizza.
Deserts- they put some sweets of local shops as deserts.
Two juices as welcome drinks were Ok.

I gave two stars rating because manager politely listened to all my complaints on food ambience and all and gave a delicous pudding cake to celebrate my bday.Thanks for that.

They themself agreed that their lunch buffets are generally not that great we should try a la carte..Will do that if I will ever try to take this risk again😜"
REV_02132_C07_A01,REV_02132_C07,REV_02132,Jonathan's Kitchen - Holiday Inn Express & Suites,2.0,they have it like a messy hall,Ambience,hall,messy,Negative,Cleanliness & Hygiene,Annotated,primary_assertion,,pending,,,,,,,Ambience evaluation (Negative) regarding environment or facilities.,347,377,"Writing this review for so called much hyped restaurant of Hyderabad- Jonathan's kitchen

Went to celebrate my bday today..It was the worst food buffet I ever had in any above average costly restaurant.They charge so high for this shitty buffet.

1. Ambience- Even a local resaturant also have some areas of decoration in their restaurant but they have it like a messy hall. No theme no decoration
2. Service- No serving of starters, no serving of even water until u ask,no serving of even sauce at your table and waters think themself like heroes here.
3. Food- The worst part of it..Some stale starters of chicken and fish. Veg ones you cant even chew corn items as they might be few days old.One chicken starter only had some taste. Main course is also pretty below average.Pasta is good.Pizza(so called best Hyderabadi pizza) was worse than a 50rs local shop pizza.
Deserts- they put some sweets of local shops as deserts.
Two juices as welcome drinks were Ok.

I gave two stars rating because manager politely listened to all my complaints on food ambience and all and gave a delicous pudding cake to celebrate my bday.Thanks for that.

They themself agreed that their lunch buffets are generally not that great we should try a la carte..Will do that if I will ever try to take this risk again😜"
REV_02132_C08_A01,REV_02132_C08,REV_02132,Jonathan's Kitchen - Holiday Inn Express & Suites,2.0,No theme no decoration,Ambience,decoration,No theme no decoration,Negative,Atmosphere,Annotated,primary_assertion,,pending,,,,,,,Ambience evaluation (Negative) regarding environment or facilities.,379,401,"Writing this review for so called much hyped restaurant of Hyderabad- Jonathan's kitchen

Went to celebrate my bday today..It was the worst food buffet I ever had in any above average costly restaurant.They charge so high for this shitty buffet.

1. Ambience- Even a local resaturant also have some areas of decoration in their restaurant but they have it like a messy hall. No theme no decoration
2. Service- No serving of starters, no serving of even water until u ask,no serving of even sauce at your table and waters think themself like heroes here.
3. Food- The worst part of it..Some stale starters of chicken and fish. Veg ones you cant even chew corn items as they might be few days old.One chicken starter only had some taste. Main course is also pretty below average.Pasta is good.Pizza(so called best Hyderabadi pizza) was worse than a 50rs local shop pizza.
Deserts- they put some sweets of local shops as deserts.
Two juices as welcome drinks were Ok.

I gave two stars rating because manager politely listened to all my complaints on food ambience and all and gave a delicous pudding cake to celebrate my bday.Thanks for that.

They themself agreed that their lunch buffets are generally not that great we should try a la carte..Will do that if I will ever try to take this risk again😜"
REV_02132_C09_A01,REV_02132_C09,REV_02132,Jonathan's Kitchen - Holiday Inn Express & Suites,2.0,2,,,,,,No Aspect Opinion,descriptive_context,REV_02132_C08_A01,pending,,,,,,,"Factual narrative, procedural action, menu listing, or non-evaluative statement without opinion.",403,404,"Writing this review for so called much hyped restaurant of Hyderabad- Jonathan's kitchen

Went to celebrate my bday today..It was the worst food buffet I ever had in any above average costly restaurant.They charge so high for this shitty buffet.

1. Ambience- Even a local resaturant also have some areas of decoration in their restaurant but they have it like a messy hall. No theme no decoration
2. Service- No serving of starters, no serving of even water until u ask,no serving of even sauce at your table and waters think themself like heroes here.
3. Food- The worst part of it..Some stale starters of chicken and fish. Veg ones you cant even chew corn items as they might be few days old.One chicken starter only had some taste. Main course is also pretty below average.Pasta is good.Pizza(so called best Hyderabadi pizza) was worse than a 50rs local shop pizza.
Deserts- they put some sweets of local shops as deserts.
Two juices as welcome drinks were Ok.

I gave two stars rating because manager politely listened to all my complaints on food ambience and all and gave a delicous pudding cake to celebrate my bday.Thanks for that.

They themself agreed that their lunch buffets are generally not that great we should try a la carte..Will do that if I will ever try to take this risk again😜"
REV_02132_C10_A01,REV_02132_C10,REV_02132,Jonathan's Kitchen - Holiday Inn Express & Suites,2.0,"Service- No serving of starters, no serving of even water until u ask,no serving of even sauce at your table",Service,Service,,Negative,Staff courtesy,Annotated,primary_assertion,,pending,,,,,,,Service evaluation (Negative) targeting staff hospitality or turnaround.,406,514,"Writing this review for so called much hyped restaurant of Hyderabad- Jonathan's kitchen

Went to celebrate my bday today..It was the worst food buffet I ever had in any above average costly restaurant.They charge so high for this shitty buffet.

1. Ambience- Even a local resaturant also have some areas of decoration in their restaurant but they have it like a messy hall. No theme no decoration
2. Service- No serving of starters, no serving of even water until u ask,no serving of even sauce at your table and waters think themself like heroes here.
3. Food- The worst part of it..Some stale starters of chicken and fish. Veg ones you cant even chew corn items as they might be few days old.One chicken starter only had some taste. Main course is also pretty below average.Pasta is good.Pizza(so called best Hyderabadi pizza) was worse than a 50rs local shop pizza.
Deserts- they put some sweets of local shops as deserts.
Two juices as welcome drinks were Ok.

I gave two stars rating because manager politely listened to all my complaints on food ambience and all and gave a delicous pudding cake to celebrate my bday.Thanks for that.

They themself agreed that their lunch buffets are generally not that great we should try a la carte..Will do that if I will ever try to take this risk again😜"
REV_02132_C11_A01,REV_02132_C11,REV_02132,Jonathan's Kitchen - Holiday Inn Express & Suites,2.0,waters think themself like heroes here,Service,,heroes,Negative,Staff courtesy,Annotated,primary_assertion,,pending,,,,,,,Service evaluation (Negative) targeting staff hospitality or turnaround.,519,557,"Writing this review for so called much hyped restaurant of Hyderabad- Jonathan's kitchen

Went to celebrate my bday today..It was the worst food buffet I ever had in any above average costly restaurant.They charge so high for this shitty buffet.

1. Ambience- Even a local resaturant also have some areas of decoration in their restaurant but they have it like a messy hall. No theme no decoration
2. Service- No serving of starters, no serving of even water until u ask,no serving of even sauce at your table and waters think themself like heroes here.
3. Food- The worst part of it..Some stale starters of chicken and fish. Veg ones you cant even chew corn items as they might be few days old.One chicken starter only had some taste. Main course is also pretty below average.Pasta is good.Pizza(so called best Hyderabadi pizza) was worse than a 50rs local shop pizza.
Deserts- they put some sweets of local shops as deserts.
Two juices as welcome drinks were Ok.

I gave two stars rating because manager politely listened to all my complaints on food ambience and all and gave a delicous pudding cake to celebrate my bday.Thanks for that.

They themself agreed that their lunch buffets are generally not that great we should try a la carte..Will do that if I will ever try to take this risk again😜"
REV_02132_C12_A01,REV_02132_C12,REV_02132,Jonathan's Kitchen - Holiday Inn Express & Suites,2.0,3,,,,,,No Aspect Opinion,descriptive_context,REV_02132_C11_A01,pending,,,,,,,"Factual narrative, procedural action, menu listing, or non-evaluative statement without opinion.",560,561,"Writing this review for so called much hyped restaurant of Hyderabad- Jonathan's kitchen

Went to celebrate my bday today..It was the worst food buffet I ever had in any above average costly restaurant.They charge so high for this shitty buffet.

1. Ambience- Even a local resaturant also have some areas of decoration in their restaurant but they have it like a messy hall. No theme no decoration
2. Service- No serving of starters, no serving of even water until u ask,no serving of even sauce at your table and waters think themself like heroes here.
3. Food- The worst part of it..Some stale starters of chicken and fish. Veg ones you cant even chew corn items as they might be few days old.One chicken starter only had some taste. Main course is also pretty below average.Pasta is good.Pizza(so called best Hyderabadi pizza) was worse than a 50rs local shop pizza.
Deserts- they put some sweets of local shops as deserts.
Two juices as welcome drinks were Ok.

I gave two stars rating because manager politely listened to all my complaints on food ambience and all and gave a delicous pudding cake to celebrate my bday.Thanks for that.

They themself agreed that their lunch buffets are generally not that great we should try a la carte..Will do that if I will ever try to take this risk again😜"
REV_02132_C13_A01,REV_02132_C13,REV_02132,Jonathan's Kitchen - Holiday Inn Express & Suites,2.0,Food- The worst part of it,Food,Food,worst part of it,Negative,Taste / Flavor,Annotated,primary_assertion,,pending,,,,,,,"Culinary evaluation (Negative) on food quality, taste, or portion.",563,589,"Writing this review for so called much hyped restaurant of Hyderabad- Jonathan's kitchen

Went to celebrate my bday today..It was the worst food buffet I ever had in any above average costly restaurant.They charge so high for this shitty buffet.

1. Ambience- Even a local resaturant also have some areas of decoration in their restaurant but they have it like a messy hall. No theme no decoration
2. Service- No serving of starters, no serving of even water until u ask,no serving of even sauce at your table and waters think themself like heroes here.
3. Food- The worst part of it..Some stale starters of chicken and fish. Veg ones you cant even chew corn items as they might be few days old.One chicken starter only had some taste. Main course is also pretty below average.Pasta is good.Pizza(so called best Hyderabadi pizza) was worse than a 50rs local shop pizza.
Deserts- they put some sweets of local shops as deserts.
Two juices as welcome drinks were Ok.

I gave two stars rating because manager politely listened to all my complaints on food ambience and all and gave a delicous pudding cake to celebrate my bday.Thanks for that.

They themself agreed that their lunch buffets are generally not that great we should try a la carte..Will do that if I will ever try to take this risk again😜"
REV_02132_C14_A01,REV_02132_C14,REV_02132,Jonathan's Kitchen - Holiday Inn Express & Suites,2.0,Some stale starters of chicken and fish,Food,starters,stale,Negative,Freshness,Annotated,primary_assertion,,pending,,,,,,,"Culinary evaluation (Negative) on food quality, taste, or portion.",591,630,"Writing this review for so called much hyped restaurant of Hyderabad- Jonathan's kitchen

Went to celebrate my bday today..It was the worst food buffet I ever had in any above average costly restaurant.They charge so high for this shitty buffet.

1. Ambience- Even a local resaturant also have some areas of decoration in their restaurant but they have it like a messy hall. No theme no decoration
2. Service- No serving of starters, no serving of even water until u ask,no serving of even sauce at your table and waters think themself like heroes here.
3. Food- The worst part of it..Some stale starters of chicken and fish. Veg ones you cant even chew corn items as they might be few days old.One chicken starter only had some taste. Main course is also pretty below average.Pasta is good.Pizza(so called best Hyderabadi pizza) was worse than a 50rs local shop pizza.
Deserts- they put some sweets of local shops as deserts.
Two juices as welcome drinks were Ok.

I gave two stars rating because manager politely listened to all my complaints on food ambience and all and gave a delicous pudding cake to celebrate my bday.Thanks for that.

They themself agreed that their lunch buffets are generally not that great we should try a la carte..Will do that if I will ever try to take this risk again😜"
REV_02132_C15_A01,REV_02132_C15,REV_02132,Jonathan's Kitchen - Holiday Inn Express & Suites,2.0,Veg ones you cant even chew corn items as they might be few days old,Food,,cant even chew,Negative,Freshness,Annotated,primary_assertion,,pending,,,,,,,"Culinary evaluation (Negative) on food quality, taste, or portion.",632,700,"Writing this review for so called much hyped restaurant of Hyderabad- Jonathan's kitchen

Went to celebrate my bday today..It was the worst food buffet I ever had in any above average costly restaurant.They charge so high for this shitty buffet.

1. Ambience- Even a local resaturant also have some areas of decoration in their restaurant but they have it like a messy hall. No theme no decoration
2. Service- No serving of starters, no serving of even water until u ask,no serving of even sauce at your table and waters think themself like heroes here.
3. Food- The worst part of it..Some stale starters of chicken and fish. Veg ones you cant even chew corn items as they might be few days old.One chicken starter only had some taste. Main course is also pretty below average.Pasta is good.Pizza(so called best Hyderabadi pizza) was worse than a 50rs local shop pizza.
Deserts- they put some sweets of local shops as deserts.
Two juices as welcome drinks were Ok.

I gave two stars rating because manager politely listened to all my complaints on food ambience and all and gave a delicous pudding cake to celebrate my bday.Thanks for that.

They themself agreed that their lunch buffets are generally not that great we should try a la carte..Will do that if I will ever try to take this risk again😜"
REV_02132_C16_A01,REV_02132_C16,REV_02132,Jonathan's Kitchen - Holiday Inn Express & Suites,2.0,One chicken starter only had some taste,Food,chicken,had some taste,Neutral,Taste / Flavor,Annotated,primary_assertion,,pending,,,,,,,"Culinary evaluation (Neutral) on food quality, taste, or portion.",701,740,"Writing this review for so called much hyped restaurant of Hyderabad- Jonathan's kitchen

Went to celebrate my bday today..It was the worst food buffet I ever had in any above average costly restaurant.They charge so high for this shitty buffet.

1. Ambience- Even a local resaturant also have some areas of decoration in their restaurant but they have it like a messy hall. No theme no decoration
2. Service- No serving of starters, no serving of even water until u ask,no serving of even sauce at your table and waters think themself like heroes here.
3. Food- The worst part of it..Some stale starters of chicken and fish. Veg ones you cant even chew corn items as they might be few days old.One chicken starter only had some taste. Main course is also pretty below average.Pasta is good.Pizza(so called best Hyderabadi pizza) was worse than a 50rs local shop pizza.
Deserts- they put some sweets of local shops as deserts.
Two juices as welcome drinks were Ok.

I gave two stars rating because manager politely listened to all my complaints on food ambience and all and gave a delicous pudding cake to celebrate my bday.Thanks for that.

They themself agreed that their lunch buffets are generally not that great we should try a la carte..Will do that if I will ever try to take this risk again😜"
REV_02132_C17_A01,REV_02132_C17,REV_02132,Jonathan's Kitchen - Holiday Inn Express & Suites,2.0,Main course is also pretty below average,Food,,pretty below average,Negative,Taste / Flavor,Annotated,primary_assertion,,pending,,,,,,,"Culinary evaluation (Negative) on food quality, taste, or portion.",742,782,"Writing this review for so called much hyped restaurant of Hyderabad- Jonathan's kitchen

Went to celebrate my bday today..It was the worst food buffet I ever had in any above average costly restaurant.They charge so high for this shitty buffet.

1. Ambience- Even a local resaturant also have some areas of decoration in their restaurant but they have it like a messy hall. No theme no decoration
2. Service- No serving of starters, no serving of even water until u ask,no serving of even sauce at your table and waters think themself like heroes here.
3. Food- The worst part of it..Some stale starters of chicken and fish. Veg ones you cant even chew corn items as they might be few days old.One chicken starter only had some taste. Main course is also pretty below average.Pasta is good.Pizza(so called best Hyderabadi pizza) was worse than a 50rs local shop pizza.
Deserts- they put some sweets of local shops as deserts.
Two juices as welcome drinks were Ok.

I gave two stars rating because manager politely listened to all my complaints on food ambience and all and gave a delicous pudding cake to celebrate my bday.Thanks for that.

They themself agreed that their lunch buffets are generally not that great we should try a la carte..Will do that if I will ever try to take this risk again😜"
REV_02132_C18_A01,REV_02132_C18,REV_02132,Jonathan's Kitchen - Holiday Inn Express & Suites,2.0,Pasta is good,Food,Pasta,good,Positive,Taste / Flavor,Annotated,primary_assertion,,pending,,,,,,,"Culinary evaluation (Positive) on food quality, taste, or portion.",783,796,"Writing this review for so called much hyped restaurant of Hyderabad- Jonathan's kitchen

Went to celebrate my bday today..It was the worst food buffet I ever had in any above average costly restaurant.They charge so high for this shitty buffet.

1. Ambience- Even a local resaturant also have some areas of decoration in their restaurant but they have it like a messy hall. No theme no decoration
2. Service- No serving of starters, no serving of even water until u ask,no serving of even sauce at your table and waters think themself like heroes here.
3. Food- The worst part of it..Some stale starters of chicken and fish. Veg ones you cant even chew corn items as they might be few days old.One chicken starter only had some taste. Main course is also pretty below average.Pasta is good.Pizza(so called best Hyderabadi pizza) was worse than a 50rs local shop pizza.
Deserts- they put some sweets of local shops as deserts.
Two juices as welcome drinks were Ok.

I gave two stars rating because manager politely listened to all my complaints on food ambience and all and gave a delicous pudding cake to celebrate my bday.Thanks for that.

They themself agreed that their lunch buffets are generally not that great we should try a la carte..Will do that if I will ever try to take this risk again😜"
REV_02132_C19_A01,REV_02132_C19,REV_02132,Jonathan's Kitchen - Holiday Inn Express & Suites,2.0,Pizza(so called best Hyderabadi pizza) was worse than a 50rs local shop pizza,Food,Pizza,worse than a 50rs local shop pizza,Negative,Taste / Flavor,Annotated,primary_assertion,,pending,,,,,,,"Culinary evaluation (Negative) on food quality, taste, or portion.",797,874,"Writing this review for so called much hyped restaurant of Hyderabad- Jonathan's kitchen

Went to celebrate my bday today..It was the worst food buffet I ever had in any above average costly restaurant.They charge so high for this shitty buffet.

1. Ambience- Even a local resaturant also have some areas of decoration in their restaurant but they have it like a messy hall. No theme no decoration
2. Service- No serving of starters, no serving of even water until u ask,no serving of even sauce at your table and waters think themself like heroes here.
3. Food- The worst part of it..Some stale starters of chicken and fish. Veg ones you cant even chew corn items as they might be few days old.One chicken starter only had some taste. Main course is also pretty below average.Pasta is good.Pizza(so called best Hyderabadi pizza) was worse than a 50rs local shop pizza.
Deserts- they put some sweets of local shops as deserts.
Two juices as welcome drinks were Ok.

I gave two stars rating because manager politely listened to all my complaints on food ambience and all and gave a delicous pudding cake to celebrate my bday.Thanks for that.

They themself agreed that their lunch buffets are generally not that great we should try a la carte..Will do that if I will ever try to take this risk again😜"
REV_02132_C20_A01,REV_02132_C20,REV_02132,Jonathan's Kitchen - Holiday Inn Express & Suites,2.0,Deserts- they put some sweets of local shops as deserts,,,,,,No Aspect Opinion,descriptive_context,REV_02132_C19_A01,pending,,,,,,,"Factual narrative, procedural action, menu listing, or non-evaluative statement without opinion.",877,932,"Writing this review for so called much hyped restaurant of Hyderabad- Jonathan's kitchen

Went to celebrate my bday today..It was the worst food buffet I ever had in any above average costly restaurant.They charge so high for this shitty buffet.

1. Ambience- Even a local resaturant also have some areas of decoration in their restaurant but they have it like a messy hall. No theme no decoration
2. Service- No serving of starters, no serving of even water until u ask,no serving of even sauce at your table and waters think themself like heroes here.
3. Food- The worst part of it..Some stale starters of chicken and fish. Veg ones you cant even chew corn items as they might be few days old.One chicken starter only had some taste. Main course is also pretty below average.Pasta is good.Pizza(so called best Hyderabadi pizza) was worse than a 50rs local shop pizza.
Deserts- they put some sweets of local shops as deserts.
Two juices as welcome drinks were Ok.

I gave two stars rating because manager politely listened to all my complaints on food ambience and all and gave a delicous pudding cake to celebrate my bday.Thanks for that.

They themself agreed that their lunch buffets are generally not that great we should try a la carte..Will do that if I will ever try to take this risk again😜"
REV_02132_C21_A01,REV_02132_C21,REV_02132,Jonathan's Kitchen - Holiday Inn Express & Suites,2.0,Two juices as welcome drinks were Ok,Food,drinks,were Ok,Neutral,Taste / Flavor,Annotated,primary_assertion,,pending,,,,,,,"Culinary evaluation (Neutral) on food quality, taste, or portion.",935,971,"Writing this review for so called much hyped restaurant of Hyderabad- Jonathan's kitchen

Went to celebrate my bday today..It was the worst food buffet I ever had in any above average costly restaurant.They charge so high for this shitty buffet.

1. Ambience- Even a local resaturant also have some areas of decoration in their restaurant but they have it like a messy hall. No theme no decoration
2. Service- No serving of starters, no serving of even water until u ask,no serving of even sauce at your table and waters think themself like heroes here.
3. Food- The worst part of it..Some stale starters of chicken and fish. Veg ones you cant even chew corn items as they might be few days old.One chicken starter only had some taste. Main course is also pretty below average.Pasta is good.Pizza(so called best Hyderabadi pizza) was worse than a 50rs local shop pizza.
Deserts- they put some sweets of local shops as deserts.
Two juices as welcome drinks were Ok.

I gave two stars rating because manager politely listened to all my complaints on food ambience and all and gave a delicous pudding cake to celebrate my bday.Thanks for that.

They themself agreed that their lunch buffets are generally not that great we should try a la carte..Will do that if I will ever try to take this risk again😜"
REV_02132_C22_A01,REV_02132_C22,REV_02132,Jonathan's Kitchen - Holiday Inn Express & Suites,2.0,I gave two stars rating because manager politely listened to all my complaints on food ambience and all,Service,manager,politely listened,Positive,Staff courtesy,Annotated,primary_assertion,,pending,,,,,,,Service evaluation (Positive) targeting staff hospitality or turnaround.,976,1079,"Writing this review for so called much hyped restaurant of Hyderabad- Jonathan's kitchen

Went to celebrate my bday today..It was the worst food buffet I ever had in any above average costly restaurant.They charge so high for this shitty buffet.

1. Ambience- Even a local resaturant also have some areas of decoration in their restaurant but they have it like a messy hall. No theme no decoration
2. Service- No serving of starters, no serving of even water until u ask,no serving of even sauce at your table and waters think themself like heroes here.
3. Food- The worst part of it..Some stale starters of chicken and fish. Veg ones you cant even chew corn items as they might be few days old.One chicken starter only had some taste. Main course is also pretty below average.Pasta is good.Pizza(so called best Hyderabadi pizza) was worse than a 50rs local shop pizza.
Deserts- they put some sweets of local shops as deserts.
Two juices as welcome drinks were Ok.

I gave two stars rating because manager politely listened to all my complaints on food ambience and all and gave a delicous pudding cake to celebrate my bday.Thanks for that.

They themself agreed that their lunch buffets are generally not that great we should try a la carte..Will do that if I will ever try to take this risk again😜"
REV_02132_C23_A01,REV_02132_C23,REV_02132,Jonathan's Kitchen - Holiday Inn Express & Suites,2.0,gave a delicous pudding cake to celebrate my bday,Food,,delicous,Positive,Taste / Flavor,Annotated,primary_assertion,,pending,,,,,,,"Culinary evaluation (Positive) on food quality, taste, or portion.",1084,1133,"Writing this review for so called much hyped restaurant of Hyderabad- Jonathan's kitchen

Went to celebrate my bday today..It was the worst food buffet I ever had in any above average costly restaurant.They charge so high for this shitty buffet.

1. Ambience- Even a local resaturant also have some areas of decoration in their restaurant but they have it like a messy hall. No theme no decoration
2. Service- No serving of starters, no serving of even water until u ask,no serving of even sauce at your table and waters think themself like heroes here.
3. Food- The worst part of it..Some stale starters of chicken and fish. Veg ones you cant even chew corn items as they might be few days old.One chicken starter only had some taste. Main course is also pretty below average.Pasta is good.Pizza(so called best Hyderabadi pizza) was worse than a 50rs local shop pizza.
Deserts- they put some sweets of local shops as deserts.
Two juices as welcome drinks were Ok.

I gave two stars rating because manager politely listened to all my complaints on food ambience and all and gave a delicous pudding cake to celebrate my bday.Thanks for that.

They themself agreed that their lunch buffets are generally not that great we should try a la carte..Will do that if I will ever try to take this risk again😜"
REV_02132_C24_A01,REV_02132_C24,REV_02132,Jonathan's Kitchen - Holiday Inn Express & Suites,2.0,Thanks for that,,,,,,No Aspect Opinion,descriptive_context,REV_02132_C23_A01,pending,,,,,,,"Factual narrative, procedural action, menu listing, or non-evaluative statement without opinion.",1134,1149,"Writing this review for so called much hyped restaurant of Hyderabad- Jonathan's kitchen

Went to celebrate my bday today..It was the worst food buffet I ever had in any above average costly restaurant.They charge so high for this shitty buffet.

1. Ambience- Even a local resaturant also have some areas of decoration in their restaurant but they have it like a messy hall. No theme no decoration
2. Service- No serving of starters, no serving of even water until u ask,no serving of even sauce at your table and waters think themself like heroes here.
3. Food- The worst part of it..Some stale starters of chicken and fish. Veg ones you cant even chew corn items as they might be few days old.One chicken starter only had some taste. Main course is also pretty below average.Pasta is good.Pizza(so called best Hyderabadi pizza) was worse than a 50rs local shop pizza.
Deserts- they put some sweets of local shops as deserts.
Two juices as welcome drinks were Ok.

I gave two stars rating because manager politely listened to all my complaints on food ambience and all and gave a delicous pudding cake to celebrate my bday.Thanks for that.

They themself agreed that their lunch buffets are generally not that great we should try a la carte..Will do that if I will ever try to take this risk again😜"
REV_02132_C25_A01,REV_02132_C25,REV_02132,Jonathan's Kitchen - Holiday Inn Express & Suites,2.0,They themself agreed that their lunch buffets are generally not that great we should try a la carte,General Experience,,great,Positive,Overall Impression,Annotated,primary_assertion,,pending,,,,,,,Positive appraisal targeting 'General Experience'.,1154,1253,"Writing this review for so called much hyped restaurant of Hyderabad- Jonathan's kitchen

Went to celebrate my bday today..It was the worst food buffet I ever had in any above average costly restaurant.They charge so high for this shitty buffet.

1. Ambience- Even a local resaturant also have some areas of decoration in their restaurant but they have it like a messy hall. No theme no decoration
2. Service- No serving of starters, no serving of even water until u ask,no serving of even sauce at your table and waters think themself like heroes here.
3. Food- The worst part of it..Some stale starters of chicken and fish. Veg ones you cant even chew corn items as they might be few days old.One chicken starter only had some taste. Main course is also pretty below average.Pasta is good.Pizza(so called best Hyderabadi pizza) was worse than a 50rs local shop pizza.
Deserts- they put some sweets of local shops as deserts.
Two juices as welcome drinks were Ok.

I gave two stars rating because manager politely listened to all my complaints on food ambience and all and gave a delicous pudding cake to celebrate my bday.Thanks for that.

They themself agreed that their lunch buffets are generally not that great we should try a la carte..Will do that if I will ever try to take this risk again😜"
REV_02132_C26_A01,REV_02132_C26,REV_02132,Jonathan's Kitchen - Holiday Inn Express & Suites,2.0,Will do that if I will ever try to take this risk again😜,,,,,,No Aspect Opinion,descriptive_context,REV_02132_C25_A01,pending,,,,,,,"Factual narrative, procedural action, menu listing, or non-evaluative statement without opinion.",1255,1311,"Writing this review for so called much hyped restaurant of Hyderabad- Jonathan's kitchen

Went to celebrate my bday today..It was the worst food buffet I ever had in any above average costly restaurant.They charge so high for this shitty buffet.

1. Ambience- Even a local resaturant also have some areas of decoration in their restaurant but they have it like a messy hall. No theme no decoration
2. Service- No serving of starters, no serving of even water until u ask,no serving of even sauce at your table and waters think themself like heroes here.
3. Food- The worst part of it..Some stale starters of chicken and fish. Veg ones you cant even chew corn items as they might be few days old.One chicken starter only had some taste. Main course is also pretty below average.Pasta is good.Pizza(so called best Hyderabadi pizza) was worse than a 50rs local shop pizza.
Deserts- they put some sweets of local shops as deserts.
Two juices as welcome drinks were Ok.

I gave two stars rating because manager politely listened to all my complaints on food ambience and all and gave a delicous pudding cake to celebrate my bday.Thanks for that.

They themself agreed that their lunch buffets are generally not that great we should try a la carte..Will do that if I will ever try to take this risk again😜"
REV_02225_C01_A01,REV_02225_C01,REV_02225,B-Dubs,5.0,It was nice experience here,General Experience,,nice,Positive,Overall Impression,Annotated,primary_assertion,,pending,,,,,,,Positive appraisal targeting 'General Experience'.,0,27,It was nice experience here.chicken wings are really too taste and a very respectful service by sunny i like the way he interacted with us and x box gaming is mind blowing.
REV_02225_C02_A01,REV_02225_C02,REV_02225,B-Dubs,5.0,chicken wings are really too taste and a very respectful service by sunny i like the way he interacted with us and x box gaming is mind blowing,,,,,,No Aspect Opinion,descriptive_context,REV_02225_C01_A01,pending,,,,,,,"Factual narrative, procedural action, menu listing, or non-evaluative statement without opinion.",28,171,It was nice experience here.chicken wings are really too taste and a very respectful service by sunny i like the way he interacted with us and x box gaming is mind blowing.
REV_02328_C01_A01,REV_02328_C01,REV_02328,Amul,1.0,The staff was very ill mannered,Service,staff,ill mannered,Negative,Staff courtesy,Annotated,primary_assertion,,pending,,,,,,,Service evaluation (Negative) targeting staff hospitality or turnaround.,0,31,"The staff was very ill mannered and have no respect towards customers. 6 of us went there to dine in and ordered plenty. One of our friends brought butter milk from the next store and sat along with us. He could have told politely that outside food was not allowed. But he asked him to get out in a mannerless way. We cancelled the order and walked away.

Management has to take this seriously and take action over such behaviour. Or train their staff properly.

Profits should be inversely proportional to manners and hospitality. Not the other way around.

I wouldn't suggest a visit to this place if you are not ok with this kind of treatment."
REV_02328_C02_A01,REV_02328_C02,REV_02328,Amul,1.0,have no respect towards customers,Service,,have no respect,Negative,Staff courtesy,Annotated,primary_assertion,,pending,,,,,,,Service evaluation (Negative) targeting staff hospitality or turnaround.,36,69,"The staff was very ill mannered and have no respect towards customers. 6 of us went there to dine in and ordered plenty. One of our friends brought butter milk from the next store and sat along with us. He could have told politely that outside food was not allowed. But he asked him to get out in a mannerless way. We cancelled the order and walked away.

Management has to take this seriously and take action over such behaviour. Or train their staff properly.

Profits should be inversely proportional to manners and hospitality. Not the other way around.

I wouldn't suggest a visit to this place if you are not ok with this kind of treatment."
REV_02328_C03_A01,REV_02328_C03,REV_02328,Amul,1.0,6 of us went there to dine in and ordered plenty,,,,,,No Aspect Opinion,descriptive_context,REV_02328_C02_A01,pending,,,,,,,"Factual narrative, procedural action, menu listing, or non-evaluative statement without opinion.",71,119,"The staff was very ill mannered and have no respect towards customers. 6 of us went there to dine in and ordered plenty. One of our friends brought butter milk from the next store and sat along with us. He could have told politely that outside food was not allowed. But he asked him to get out in a mannerless way. We cancelled the order and walked away.

Management has to take this seriously and take action over such behaviour. Or train their staff properly.

Profits should be inversely proportional to manners and hospitality. Not the other way around.

I wouldn't suggest a visit to this place if you are not ok with this kind of treatment."
REV_02328_C04_A01,REV_02328_C04,REV_02328,Amul,1.0,One of our friends brought butter milk from the next store and sat along with us,,,,,,No Aspect Opinion,descriptive_context,REV_02328_C02_A01,pending,,,,,,,"Factual narrative, procedural action, menu listing, or non-evaluative statement without opinion.",121,201,"The staff was very ill mannered and have no respect towards customers. 6 of us went there to dine in and ordered plenty. One of our friends brought butter milk from the next store and sat along with us. He could have told politely that outside food was not allowed. But he asked him to get out in a mannerless way. We cancelled the order and walked away.

Management has to take this seriously and take action over such behaviour. Or train their staff properly.

Profits should be inversely proportional to manners and hospitality. Not the other way around.

I wouldn't suggest a visit to this place if you are not ok with this kind of treatment."
REV_02328_C05_A01,REV_02328_C05,REV_02328,Amul,1.0,He could have told politely that outside food was not allowed,,,,,,No Aspect Opinion,descriptive_context,REV_02328_C02_A01,pending,,,,,,,"Factual narrative, procedural action, menu listing, or non-evaluative statement without opinion.",203,264,"The staff was very ill mannered and have no respect towards customers. 6 of us went there to dine in and ordered plenty. One of our friends brought butter milk from the next store and sat along with us. He could have told politely that outside food was not allowed. But he asked him to get out in a mannerless way. We cancelled the order and walked away.

Management has to take this seriously and take action over such behaviour. Or train their staff properly.

Profits should be inversely proportional to manners and hospitality. Not the other way around.

I wouldn't suggest a visit to this place if you are not ok with this kind of treatment."
REV_02328_C06_A01,REV_02328_C06,REV_02328,Amul,1.0,But he asked him to get out in a mannerless way,Service,,mannerless,Negative,Staff courtesy,Annotated,primary_assertion,,pending,,,,,,,Service evaluation (Negative) targeting staff hospitality or turnaround.,266,313,"The staff was very ill mannered and have no respect towards customers. 6 of us went there to dine in and ordered plenty. One of our friends brought butter milk from the next store and sat along with us. He could have told politely that outside food was not allowed. But he asked him to get out in a mannerless way. We cancelled the order and walked away.

Management has to take this seriously and take action over such behaviour. Or train their staff properly.

Profits should be inversely proportional to manners and hospitality. Not the other way around.

I wouldn't suggest a visit to this place if you are not ok with this kind of treatment."
REV_02328_C07_A01,REV_02328_C07,REV_02328,Amul,1.0,We cancelled the order and walked away,,,,,,No Aspect Opinion,descriptive_context,REV_02328_C06_A01,pending,,,,,,,"Factual narrative, procedural action, menu listing, or non-evaluative statement without opinion.",315,353,"The staff was very ill mannered and have no respect towards customers. 6 of us went there to dine in and ordered plenty. One of our friends brought butter milk from the next store and sat along with us. He could have told politely that outside food was not allowed. But he asked him to get out in a mannerless way. We cancelled the order and walked away.

Management has to take this seriously and take action over such behaviour. Or train their staff properly.

Profits should be inversely proportional to manners and hospitality. Not the other way around.

I wouldn't suggest a visit to this place if you are not ok with this kind of treatment."
REV_02328_C08_A01,REV_02328_C08,REV_02328,Amul,1.0,Management has to take this seriously and take action over such behaviour,Service,Management,take this seriously,Negative,Staff courtesy,Annotated,primary_assertion,,pending,,,,,,,Service evaluation (Negative) targeting staff hospitality or turnaround.,358,431,"The staff was very ill mannered and have no respect towards customers. 6 of us went there to dine in and ordered plenty. One of our friends brought butter milk from the next store and sat along with us. He could have told politely that outside food was not allowed. But he asked him to get out in a mannerless way. We cancelled the order and walked away.

Management has to take this seriously and take action over such behaviour. Or train their staff properly.

Profits should be inversely proportional to manners and hospitality. Not the other way around.

I wouldn't suggest a visit to this place if you are not ok with this kind of treatment."
REV_02328_C09_A01,REV_02328_C09,REV_02328,Amul,1.0,Or train their staff properly,Service,staff,train their staff properly,Negative,Staff courtesy,Annotated,primary_assertion,,pending,,,,,,,Service evaluation (Negative) targeting staff hospitality or turnaround.,433,462,"The staff was very ill mannered and have no respect towards customers. 6 of us went there to dine in and ordered plenty. One of our friends brought butter milk from the next store and sat along with us. He could have told politely that outside food was not allowed. But he asked him to get out in a mannerless way. We cancelled the order and walked away.

Management has to take this seriously and take action over such behaviour. Or train their staff properly.

Profits should be inversely proportional to manners and hospitality. Not the other way around.

I wouldn't suggest a visit to this place if you are not ok with this kind of treatment."
REV_02328_C10_A01,REV_02328_C10,REV_02328,Amul,1.0,Profits should be inversely proportional to manners and hospitality,,,,,,No Aspect Opinion,descriptive_context,REV_02328_C09_A01,pending,,,,,,,"Factual narrative, procedural action, menu listing, or non-evaluative statement without opinion.",467,534,"The staff was very ill mannered and have no respect towards customers. 6 of us went there to dine in and ordered plenty. One of our friends brought butter milk from the next store and sat along with us. He could have told politely that outside food was not allowed. But he asked him to get out in a mannerless way. We cancelled the order and walked away.

Management has to take this seriously and take action over such behaviour. Or train their staff properly.

Profits should be inversely proportional to manners and hospitality. Not the other way around.

I wouldn't suggest a visit to this place if you are not ok with this kind of treatment."
REV_02328_C11_A01,REV_02328_C11,REV_02328,Amul,1.0,Not the other way around,,,,,,No Aspect Opinion,descriptive_context,REV_02328_C09_A01,pending,,,,,,,"Factual narrative, procedural action, menu listing, or non-evaluative statement without opinion.",536,560,"The staff was very ill mannered and have no respect towards customers. 6 of us went there to dine in and ordered plenty. One of our friends brought butter milk from the next store and sat along with us. He could have told politely that outside food was not allowed. But he asked him to get out in a mannerless way. We cancelled the order and walked away.

Management has to take this seriously and take action over such behaviour. Or train their staff properly.

Profits should be inversely proportional to manners and hospitality. Not the other way around.

I wouldn't suggest a visit to this place if you are not ok with this kind of treatment."
REV_02328_C12_A01,REV_02328_C12,REV_02328,Amul,1.0,I wouldn't suggest a visit to this place if you are not ok with this kind of treatment,General Experience,visit,wouldn't suggest a visit,Negative,Recommendation,Annotated,primary_assertion,,pending,,,,,,,Holistic evaluation of the restaurant / visit (Negative).,565,651,"The staff was very ill mannered and have no respect towards customers. 6 of us went there to dine in and ordered plenty. One of our friends brought butter milk from the next store and sat along with us. He could have told politely that outside food was not allowed. But he asked him to get out in a mannerless way. We cancelled the order and walked away.

Management has to take this seriously and take action over such behaviour. Or train their staff properly.

Profits should be inversely proportional to manners and hospitality. Not the other way around.

I wouldn't suggest a visit to this place if you are not ok with this kind of treatment."
REV_02422_C01_A01,REV_02422_C01,REV_02422,SKYHY,5.0,Went with friends here,,,,,,No Aspect Opinion,independent,,pending,,,,,,,"Factual narrative, procedural action, menu listing, or non-evaluative statement without opinion.",0,22,Went with friends here. The food is really good. Went on to the dance floor and it was a nice experience. The view from the roof is really nice.
REV_02422_C02_A01,REV_02422_C02,REV_02422,SKYHY,5.0,The food is really good,Food,food,good,Positive,Taste / Flavor,Annotated,primary_assertion,,pending,,,,,,,"Culinary evaluation (Positive) on food quality, taste, or portion.",24,47,Went with friends here. The food is really good. Went on to the dance floor and it was a nice experience. The view from the roof is really nice.
REV_02422_C03_A01,REV_02422_C03,REV_02422,SKYHY,5.0,Went on to the dance floor,,,,,,No Aspect Opinion,descriptive_context,REV_02422_C02_A01,pending,,,,,,,"Factual narrative, procedural action, menu listing, or non-evaluative statement without opinion.",49,75,Went with friends here. The food is really good. Went on to the dance floor and it was a nice experience. The view from the roof is really nice.
REV_02422_C04_A01,REV_02422_C04,REV_02422,SKYHY,5.0,it was a nice experience,General Experience,,nice,Positive,Overall Impression,Annotated,primary_assertion,,pending,,,,,,,Positive appraisal targeting 'General Experience'.,80,104,Went with friends here. The food is really good. Went on to the dance floor and it was a nice experience. The view from the roof is really nice.
REV_02422_C05_A01,REV_02422_C05,REV_02422,SKYHY,5.0,The view from the roof is really nice,Ambience,view,nice,Positive,Atmosphere,Annotated,primary_assertion,,pending,,,,,,,Ambience evaluation (Positive) regarding environment or facilities.,106,143,Went with friends here. The food is really good. Went on to the dance floor and it was a nice experience. The view from the roof is really nice.
REV_02529_C01_A01,REV_02529_C01,REV_02529,Tiki Shack,1.0,Staff behavior are very bad,Service,Staff,,Negative,Staff courtesy,Annotated,primary_assertion,,pending,,,,,,,Service evaluation (Negative) targeting staff hospitality or turnaround.,0,27,"Staff behavior are very bad. Our bill was 636, they took 836. When we reached home, we got to know. No one was picking the call . Dj was veryyyy bad. I wanted to give zero star"
REV_02529_C02_A01,REV_02529_C02,REV_02529,Tiki Shack,1.0,"Our bill was 636, they took 836",,,,,,No Aspect Opinion,descriptive_context,REV_02529_C01_A01,pending,,,,,,,"Factual narrative, procedural action, menu listing, or non-evaluative statement without opinion.",29,60,"Staff behavior are very bad. Our bill was 636, they took 836. When we reached home, we got to know. No one was picking the call . Dj was veryyyy bad. I wanted to give zero star"
REV_02529_C03_A01,REV_02529_C03,REV_02529,Tiki Shack,1.0,"When we reached home, we got to know",,,,,,No Aspect Opinion,descriptive_context,REV_02529_C01_A01,pending,,,,,,,"Factual narrative, procedural action, menu listing, or non-evaluative statement without opinion.",62,98,"Staff behavior are very bad. Our bill was 636, they took 836. When we reached home, we got to know. No one was picking the call . Dj was veryyyy bad. I wanted to give zero star"
REV_02529_C04_A01,REV_02529_C04,REV_02529,Tiki Shack,1.0,No one was picking the call,,,,,,No Aspect Opinion,descriptive_context,REV_02529_C01_A01,pending,,,,,,,"Factual narrative, procedural action, menu listing, or non-evaluative statement without opinion.",100,127,"Staff behavior are very bad. Our bill was 636, they took 836. When we reached home, we got to know. No one was picking the call . Dj was veryyyy bad. I wanted to give zero star"
REV_02529_C05_A01,REV_02529_C05,REV_02529,Tiki Shack,1.0,Dj was veryyyy bad,Food,,bad,Negative,Food quality,Annotated,primary_assertion,,pending,,,,,,,Negative evaluation targeting 'Food'.,130,148,"Staff behavior are very bad. Our bill was 636, they took 836. When we reached home, we got to know. No one was picking the call . Dj was veryyyy bad. I wanted to give zero star"
REV_02529_C06_A01,REV_02529_C06,REV_02529,Tiki Shack,1.0,I wanted to give zero star,,,,,,No Aspect Opinion,descriptive_context,REV_02529_C05_A01,pending,,,,,,,"Factual narrative, procedural action, menu listing, or non-evaluative statement without opinion.",150,176,"Staff behavior are very bad. Our bill was 636, they took 836. When we reached home, we got to know. No one was picking the call . Dj was veryyyy bad. I wanted to give zero star"
REV_02612_C01_A01,REV_02612_C01,REV_02612,Mustang Terrace Lounge,4.0,"Located in one of the prime locations of hyderabad, Mustang terrace lounge has an American Cowboy theme with some really good ambience providing both indoor and outdoor seating",Ambience,ambience,good,Positive,Atmosphere,Annotated,primary_assertion,,pending,,,,,,,Ambience evaluation (Positive) regarding environment or facilities.,0,176,"Located in one of the prime locations of hyderabad, Mustang terrace lounge has an American Cowboy theme with some really good ambience providing both indoor and outdoor seating. The outdoor seating has an amazing view of the city especially at night time.
Food is average to be honest. The french fries and nachos items could have been way better. Chicken tikka pizza was pretty bland. Chilli fish was really good though.
My friends had sex on the beach cocktail and i had virgin mojito mocktail and i must say, both of them were amazing. I had the mint cooler too and i liked virgin mojito better. Definitely worth a try.
The place has zomto gold on drinks which is great for people who’d like to drink. Overall it was a pretty good experience at this place with some decent food and the ipl screening."
REV_02612_C02_A01,REV_02612_C02,REV_02612,Mustang Terrace Lounge,4.0,The outdoor seating has an amazing view of the city especially at night time,Ambience,seating,amazing,Positive,Atmosphere,Annotated,primary_assertion,,pending,,,,,,,Ambience evaluation (Positive) regarding environment or facilities.,178,254,"Located in one of the prime locations of hyderabad, Mustang terrace lounge has an American Cowboy theme with some really good ambience providing both indoor and outdoor seating. The outdoor seating has an amazing view of the city especially at night time.
Food is average to be honest. The french fries and nachos items could have been way better. Chicken tikka pizza was pretty bland. Chilli fish was really good though.
My friends had sex on the beach cocktail and i had virgin mojito mocktail and i must say, both of them were amazing. I had the mint cooler too and i liked virgin mojito better. Definitely worth a try.
The place has zomto gold on drinks which is great for people who’d like to drink. Overall it was a pretty good experience at this place with some decent food and the ipl screening."
REV_02612_C03_A01,REV_02612_C03,REV_02612,Mustang Terrace Lounge,4.0,Food is average to be honest,,,,,,No Aspect Opinion,descriptive_context,REV_02612_C02_A01,pending,,,,,,,"Factual narrative, procedural action, menu listing, or non-evaluative statement without opinion.",257,285,"Located in one of the prime locations of hyderabad, Mustang terrace lounge has an American Cowboy theme with some really good ambience providing both indoor and outdoor seating. The outdoor seating has an amazing view of the city especially at night time.
Food is average to be honest. The french fries and nachos items could have been way better. Chicken tikka pizza was pretty bland. Chilli fish was really good though.
My friends had sex on the beach cocktail and i had virgin mojito mocktail and i must say, both of them were amazing. I had the mint cooler too and i liked virgin mojito better. Definitely worth a try.
The place has zomto gold on drinks which is great for people who’d like to drink. Overall it was a pretty good experience at this place with some decent food and the ipl screening."
REV_02612_C04_A01,REV_02612_C04,REV_02612,Mustang Terrace Lounge,4.0,The french fries and nachos items could have been way better,Food,,could have been way better,Negative,Taste / Flavor,Annotated,primary_assertion,,pending,,,,,,,"Culinary evaluation (Negative) on food quality, taste, or portion.",287,347,"Located in one of the prime locations of hyderabad, Mustang terrace lounge has an American Cowboy theme with some really good ambience providing both indoor and outdoor seating. The outdoor seating has an amazing view of the city especially at night time.
Food is average to be honest. The french fries and nachos items could have been way better. Chicken tikka pizza was pretty bland. Chilli fish was really good though.
My friends had sex on the beach cocktail and i had virgin mojito mocktail and i must say, both of them were amazing. I had the mint cooler too and i liked virgin mojito better. Definitely worth a try.
The place has zomto gold on drinks which is great for people who’d like to drink. Overall it was a pretty good experience at this place with some decent food and the ipl screening."
REV_02612_C05_A01,REV_02612_C05,REV_02612,Mustang Terrace Lounge,4.0,Chicken tikka pizza was pretty bland,Food,Chicken,bland,Negative,Taste / Flavor,Annotated,primary_assertion,,pending,,,,,,,"Culinary evaluation (Negative) on food quality, taste, or portion.",349,385,"Located in one of the prime locations of hyderabad, Mustang terrace lounge has an American Cowboy theme with some really good ambience providing both indoor and outdoor seating. The outdoor seating has an amazing view of the city especially at night time.
Food is average to be honest. The french fries and nachos items could have been way better. Chicken tikka pizza was pretty bland. Chilli fish was really good though.
My friends had sex on the beach cocktail and i had virgin mojito mocktail and i must say, both of them were amazing. I had the mint cooler too and i liked virgin mojito better. Definitely worth a try.
The place has zomto gold on drinks which is great for people who’d like to drink. Overall it was a pretty good experience at this place with some decent food and the ipl screening."
REV_02612_C06_A01,REV_02612_C06,REV_02612,Mustang Terrace Lounge,4.0,Chilli fish was really good though,Food,fish,good,Positive,Taste / Flavor,Annotated,primary_assertion,,pending,,,,,,,"Culinary evaluation (Positive) on food quality, taste, or portion.",387,421,"Located in one of the prime locations of hyderabad, Mustang terrace lounge has an American Cowboy theme with some really good ambience providing both indoor and outdoor seating. The outdoor seating has an amazing view of the city especially at night time.
Food is average to be honest. The french fries and nachos items could have been way better. Chicken tikka pizza was pretty bland. Chilli fish was really good though.
My friends had sex on the beach cocktail and i had virgin mojito mocktail and i must say, both of them were amazing. I had the mint cooler too and i liked virgin mojito better. Definitely worth a try.
The place has zomto gold on drinks which is great for people who’d like to drink. Overall it was a pretty good experience at this place with some decent food and the ipl screening."
REV_02612_C07_A01,REV_02612_C07,REV_02612,Mustang Terrace Lounge,4.0,"My friends had sex on the beach cocktail and i had virgin mojito mocktail and i must say, both of them were amazing",Food,cocktail,amazing,Positive,Taste / Flavor,Annotated,primary_assertion,,pending,,,,,,,"Culinary evaluation (Positive) on food quality, taste, or portion.",424,539,"Located in one of the prime locations of hyderabad, Mustang terrace lounge has an American Cowboy theme with some really good ambience providing both indoor and outdoor seating. The outdoor seating has an amazing view of the city especially at night time.
Food is average to be honest. The french fries and nachos items could have been way better. Chicken tikka pizza was pretty bland. Chilli fish was really good though.
My friends had sex on the beach cocktail and i had virgin mojito mocktail and i must say, both of them were amazing. I had the mint cooler too and i liked virgin mojito better. Definitely worth a try.
The place has zomto gold on drinks which is great for people who’d like to drink. Overall it was a pretty good experience at this place with some decent food and the ipl screening."
REV_02612_C08_A01,REV_02612_C08,REV_02612,Mustang Terrace Lounge,4.0,I had the mint cooler too,,,,,,No Aspect Opinion,descriptive_context,REV_02612_C07_A01,pending,,,,,,,"Factual narrative, procedural action, menu listing, or non-evaluative statement without opinion.",541,566,"Located in one of the prime locations of hyderabad, Mustang terrace lounge has an American Cowboy theme with some really good ambience providing both indoor and outdoor seating. The outdoor seating has an amazing view of the city especially at night time.
Food is average to be honest. The french fries and nachos items could have been way better. Chicken tikka pizza was pretty bland. Chilli fish was really good though.
My friends had sex on the beach cocktail and i had virgin mojito mocktail and i must say, both of them were amazing. I had the mint cooler too and i liked virgin mojito better. Definitely worth a try.
The place has zomto gold on drinks which is great for people who’d like to drink. Overall it was a pretty good experience at this place with some decent food and the ipl screening."
REV_02612_C09_A01,REV_02612_C09,REV_02612,Mustang Terrace Lounge,4.0,i liked virgin mojito better,Food,,liked virgin mojito better,Positive,Taste / Flavor,Annotated,primary_assertion,,pending,,,,,,,"Culinary evaluation (Positive) on food quality, taste, or portion.",571,599,"Located in one of the prime locations of hyderabad, Mustang terrace lounge has an American Cowboy theme with some really good ambience providing both indoor and outdoor seating. The outdoor seating has an amazing view of the city especially at night time.
Food is average to be honest. The french fries and nachos items could have been way better. Chicken tikka pizza was pretty bland. Chilli fish was really good though.
My friends had sex on the beach cocktail and i had virgin mojito mocktail and i must say, both of them were amazing. I had the mint cooler too and i liked virgin mojito better. Definitely worth a try.
The place has zomto gold on drinks which is great for people who’d like to drink. Overall it was a pretty good experience at this place with some decent food and the ipl screening."
REV_02612_C10_A01,REV_02612_C10,REV_02612,Mustang Terrace Lounge,4.0,Definitely worth a try,General Experience,,Definitely worth a try,Positive,Recommendation,Annotated,primary_assertion,,pending,,,,,,,Holistic evaluation of the restaurant / visit (Positive).,601,623,"Located in one of the prime locations of hyderabad, Mustang terrace lounge has an American Cowboy theme with some really good ambience providing both indoor and outdoor seating. The outdoor seating has an amazing view of the city especially at night time.
Food is average to be honest. The french fries and nachos items could have been way better. Chicken tikka pizza was pretty bland. Chilli fish was really good though.
My friends had sex on the beach cocktail and i had virgin mojito mocktail and i must say, both of them were amazing. I had the mint cooler too and i liked virgin mojito better. Definitely worth a try.
The place has zomto gold on drinks which is great for people who’d like to drink. Overall it was a pretty good experience at this place with some decent food and the ipl screening."
REV_02612_C11_A01,REV_02612_C11,REV_02612,Mustang Terrace Lounge,4.0,The place has zomto gold on drinks which is great for people who’d like to drink,Ambience,place,great,Positive,Atmosphere,Annotated,primary_assertion,,pending,,,,,,,Ambience evaluation (Positive) regarding environment or facilities.,626,706,"Located in one of the prime locations of hyderabad, Mustang terrace lounge has an American Cowboy theme with some really good ambience providing both indoor and outdoor seating. The outdoor seating has an amazing view of the city especially at night time.
Food is average to be honest. The french fries and nachos items could have been way better. Chicken tikka pizza was pretty bland. Chilli fish was really good though.
My friends had sex on the beach cocktail and i had virgin mojito mocktail and i must say, both of them were amazing. I had the mint cooler too and i liked virgin mojito better. Definitely worth a try.
The place has zomto gold on drinks which is great for people who’d like to drink. Overall it was a pretty good experience at this place with some decent food and the ipl screening."
REV_02612_C12_A01,REV_02612_C12,REV_02612,Mustang Terrace Lounge,4.0,Overall it was a pretty good experience at this place with some decent food and the ipl screening,Ambience,place,good,Positive,Atmosphere,Annotated,primary_assertion,,pending,,,,,,,Ambience evaluation (Positive) regarding environment or facilities.,708,805,"Located in one of the prime locations of hyderabad, Mustang terrace lounge has an American Cowboy theme with some really good ambience providing both indoor and outdoor seating. The outdoor seating has an amazing view of the city especially at night time.
Food is average to be honest. The french fries and nachos items could have been way better. Chicken tikka pizza was pretty bland. Chilli fish was really good though.
My friends had sex on the beach cocktail and i had virgin mojito mocktail and i must say, both of them were amazing. I had the mint cooler too and i liked virgin mojito better. Definitely worth a try.
The place has zomto gold on drinks which is great for people who’d like to drink. Overall it was a pretty good experience at this place with some decent food and the ipl screening."
REV_02715_C01_A01,REV_02715_C01,REV_02715,"3B's - Buddies, Bar & Barbecue",1.0,Worst maintenance(PFA) and pathetic service,Service,service,,Negative,Staff courtesy,Annotated,primary_assertion,,pending,,,,,,,Service evaluation (Negative) targeting staff hospitality or turnaround.,0,43,Worst maintenance(PFA) and pathetic service. They literally throw food in your plate. Everyone was so busy. They took 15min to print a bill 😂😂.
REV_02715_C02_A01,REV_02715_C02,REV_02715,"3B's - Buddies, Bar & Barbecue",1.0,They literally throw food in your plate,,,,,,No Aspect Opinion,descriptive_context,REV_02715_C01_A01,pending,,,,,,,"Factual narrative, procedural action, menu listing, or non-evaluative statement without opinion.",45,84,Worst maintenance(PFA) and pathetic service. They literally throw food in your plate. Everyone was so busy. They took 15min to print a bill 😂😂.
REV_02715_C03_A01,REV_02715_C03,REV_02715,"3B's - Buddies, Bar & Barbecue",1.0,Everyone was so busy,,,,,,No Aspect Opinion,descriptive_context,REV_02715_C01_A01,pending,,,,,,,"Factual narrative, procedural action, menu listing, or non-evaluative statement without opinion.",86,106,Worst maintenance(PFA) and pathetic service. They literally throw food in your plate. Everyone was so busy. They took 15min to print a bill 😂😂.
REV_02715_C04_A01,REV_02715_C04,REV_02715,"3B's - Buddies, Bar & Barbecue",1.0,They took 15min to print a bill 😂😂,,,,,,No Aspect Opinion,descriptive_context,REV_02715_C01_A01,pending,,,,,,,"Factual narrative, procedural action, menu listing, or non-evaluative statement without opinion.",108,142,Worst maintenance(PFA) and pathetic service. They literally throw food in your plate. Everyone was so busy. They took 15min to print a bill 😂😂.
REV_02819_C01_A01,REV_02819_C01,REV_02819,Behrouz Biryani,4.0,First impression when i looked at the box i was like Awee,,,,,,No Aspect Opinion,independent,,pending,,,,,,,"Factual narrative, procedural action, menu listing, or non-evaluative statement without opinion.",0,57,"First impression when i looked at the box i was like Awee! 😯 The food was packed very well and the Gulab jamun in the box has truly surprised me! I had ordered chicken biryani for lunch, this order was a delivery one.
As I’m a native from Hyd I like the biryani to be having dum and spicy. The biryani was less spicey but was good. If few more pieces of meat were added, it would have been great.
A bit pricey though. I will definitely try the mutton biryani next time!"
REV_02819_C02_A01,REV_02819_C02,REV_02819,Behrouz Biryani,4.0,😯 The food was packed very well,Food,food,packed very well,Positive,Taste / Flavor,Annotated,primary_assertion,,pending,,,,,,,"Culinary evaluation (Positive) on food quality, taste, or portion.",59,90,"First impression when i looked at the box i was like Awee! 😯 The food was packed very well and the Gulab jamun in the box has truly surprised me! I had ordered chicken biryani for lunch, this order was a delivery one.
As I’m a native from Hyd I like the biryani to be having dum and spicy. The biryani was less spicey but was good. If few more pieces of meat were added, it would have been great.
A bit pricey though. I will definitely try the mutton biryani next time!"
REV_02819_C03_A01,REV_02819_C03,REV_02819,Behrouz Biryani,4.0,the Gulab jamun in the box has truly surprised me,Food,,truly surprised me,Positive,Taste / Flavor,Annotated,primary_assertion,,pending,,,,,,,"Culinary evaluation (Positive) on food quality, taste, or portion.",95,144,"First impression when i looked at the box i was like Awee! 😯 The food was packed very well and the Gulab jamun in the box has truly surprised me! I had ordered chicken biryani for lunch, this order was a delivery one.
As I’m a native from Hyd I like the biryani to be having dum and spicy. The biryani was less spicey but was good. If few more pieces of meat were added, it would have been great.
A bit pricey though. I will definitely try the mutton biryani next time!"
REV_02819_C04_A01,REV_02819_C04,REV_02819,Behrouz Biryani,4.0,"I had ordered chicken biryani for lunch, this order was a delivery one",,,,,,No Aspect Opinion,descriptive_context,REV_02819_C03_A01,pending,,,,,,,"Factual narrative, procedural action, menu listing, or non-evaluative statement without opinion.",146,216,"First impression when i looked at the box i was like Awee! 😯 The food was packed very well and the Gulab jamun in the box has truly surprised me! I had ordered chicken biryani for lunch, this order was a delivery one.
As I’m a native from Hyd I like the biryani to be having dum and spicy. The biryani was less spicey but was good. If few more pieces of meat were added, it would have been great.
A bit pricey though. I will definitely try the mutton biryani next time!"
REV_02819_C05_A01,REV_02819_C05,REV_02819,Behrouz Biryani,4.0,As I’m a native from Hyd I like the biryani to be having dum and spicy,Food,biryani,,Positive,Taste / Flavor,Annotated,primary_assertion,,pending,,,,,,,"Culinary evaluation (Positive) on food quality, taste, or portion.",219,289,"First impression when i looked at the box i was like Awee! 😯 The food was packed very well and the Gulab jamun in the box has truly surprised me! I had ordered chicken biryani for lunch, this order was a delivery one.
As I’m a native from Hyd I like the biryani to be having dum and spicy. The biryani was less spicey but was good. If few more pieces of meat were added, it would have been great.
A bit pricey though. I will definitely try the mutton biryani next time!"
REV_02819_C06_A01,REV_02819_C06,REV_02819,Behrouz Biryani,4.0,The biryani was less spicey,Food,biryani,,Negative,Taste / Flavor,Annotated,primary_assertion,,pending,,,,,,,"Culinary evaluation (Negative) on food quality, taste, or portion.",291,318,"First impression when i looked at the box i was like Awee! 😯 The food was packed very well and the Gulab jamun in the box has truly surprised me! I had ordered chicken biryani for lunch, this order was a delivery one.
As I’m a native from Hyd I like the biryani to be having dum and spicy. The biryani was less spicey but was good. If few more pieces of meat were added, it would have been great.
A bit pricey though. I will definitely try the mutton biryani next time!"
REV_02819_C07_A01,REV_02819_C07,REV_02819,Behrouz Biryani,4.0,was good,General Experience,,good,Positive,Overall Impression,Annotated,primary_assertion,,pending,,,,,,,Positive appraisal targeting 'General Experience'.,323,331,"First impression when i looked at the box i was like Awee! 😯 The food was packed very well and the Gulab jamun in the box has truly surprised me! I had ordered chicken biryani for lunch, this order was a delivery one.
As I’m a native from Hyd I like the biryani to be having dum and spicy. The biryani was less spicey but was good. If few more pieces of meat were added, it would have been great.
A bit pricey though. I will definitely try the mutton biryani next time!"
REV_02819_C08_A01,REV_02819_C08,REV_02819,Behrouz Biryani,4.0,"If few more pieces of meat were added, it would have been great",General Experience,,great,Positive,Overall Impression,Annotated,primary_assertion,,pending,,,,,,,Positive appraisal targeting 'General Experience'.,333,396,"First impression when i looked at the box i was like Awee! 😯 The food was packed very well and the Gulab jamun in the box has truly surprised me! I had ordered chicken biryani for lunch, this order was a delivery one.
As I’m a native from Hyd I like the biryani to be having dum and spicy. The biryani was less spicey but was good. If few more pieces of meat were added, it would have been great.
A bit pricey though. I will definitely try the mutton biryani next time!"
REV_02819_C09_A01,REV_02819_C09,REV_02819,Behrouz Biryani,4.0,A bit pricey though,Price / Value,,bit pricey,Negative,Pricing / Overpriced,Annotated,primary_assertion,,pending,,,,,,,Pricing / financial evaluation (Negative).,399,418,"First impression when i looked at the box i was like Awee! 😯 The food was packed very well and the Gulab jamun in the box has truly surprised me! I had ordered chicken biryani for lunch, this order was a delivery one.
As I’m a native from Hyd I like the biryani to be having dum and spicy. The biryani was less spicey but was good. If few more pieces of meat were added, it would have been great.
A bit pricey though. I will definitely try the mutton biryani next time!"
REV_02819_C10_A01,REV_02819_C10,REV_02819,Behrouz Biryani,4.0,I will definitely try the mutton biryani next time,,,,,,No Aspect Opinion,descriptive_context,REV_02819_C09_A01,pending,,,,,,,"Factual narrative, procedural action, menu listing, or non-evaluative statement without opinion.",420,470,"First impression when i looked at the box i was like Awee! 😯 The food was packed very well and the Gulab jamun in the box has truly surprised me! I had ordered chicken biryani for lunch, this order was a delivery one.
As I’m a native from Hyd I like the biryani to be having dum and spicy. The biryani was less spicey but was good. If few more pieces of meat were added, it would have been great.
A bit pricey though. I will definitely try the mutton biryani next time!"
REV_02912_C01_A01,REV_02912_C01,REV_02912,Hunger Maggi Point,3.0,I used to spot this shop opposite to the DLF IT park,,,,,,No Aspect Opinion,independent,,pending,,,,,,,"Factual narrative, procedural action, menu listing, or non-evaluative statement without opinion.",0,52,"I used to spot this shop opposite to the DLF IT park while coming back from work during my stay in Hyderabad. Always crowded with majority of the IT people nearby and all other food delivery agents waiting to take parcel. Got to know that they are also delivering till the wee hours of the night.

I was wanting to order from here once for that taste of Maggi. Who doesn't like a fancy maggi noodles? So one fine night, ordered for a Corn Masala Cheese Butter Maggi through Zomato.  That was the most fanciest name I could find on their menu. 

The delivery was smooth and the packing was okayish in a plastic box along with a plastic spoon and fork. The maggi was somewhat soggy and some what semi gravyish which I am not that big a fan of. It could have been a bit drier. But the taste was really good and one could feel all the butter & cheese in the maggi.  Good cost effective outlet for the love of Maggi Noodles."
REV_02912_C02_A01,REV_02912_C02,REV_02912,Hunger Maggi Point,3.0,coming back from work during my stay in Hyderabad,,,,,,No Aspect Opinion,independent,,pending,,,,,,,"Factual narrative, procedural action, menu listing, or non-evaluative statement without opinion.",59,108,"I used to spot this shop opposite to the DLF IT park while coming back from work during my stay in Hyderabad. Always crowded with majority of the IT people nearby and all other food delivery agents waiting to take parcel. Got to know that they are also delivering till the wee hours of the night.

I was wanting to order from here once for that taste of Maggi. Who doesn't like a fancy maggi noodles? So one fine night, ordered for a Corn Masala Cheese Butter Maggi through Zomato.  That was the most fanciest name I could find on their menu. 

The delivery was smooth and the packing was okayish in a plastic box along with a plastic spoon and fork. The maggi was somewhat soggy and some what semi gravyish which I am not that big a fan of. It could have been a bit drier. But the taste was really good and one could feel all the butter & cheese in the maggi.  Good cost effective outlet for the love of Maggi Noodles."
REV_02912_C03_A01,REV_02912_C03,REV_02912,Hunger Maggi Point,3.0,Always crowded with majority of the IT people nearby and all other food delivery agents waiting to take parcel,Service,delivery,,Positive,Delivery Speed,Annotated,primary_assertion,,pending,,,,,,,Service evaluation (Positive) targeting staff hospitality or turnaround.,110,220,"I used to spot this shop opposite to the DLF IT park while coming back from work during my stay in Hyderabad. Always crowded with majority of the IT people nearby and all other food delivery agents waiting to take parcel. Got to know that they are also delivering till the wee hours of the night.

I was wanting to order from here once for that taste of Maggi. Who doesn't like a fancy maggi noodles? So one fine night, ordered for a Corn Masala Cheese Butter Maggi through Zomato.  That was the most fanciest name I could find on their menu. 

The delivery was smooth and the packing was okayish in a plastic box along with a plastic spoon and fork. The maggi was somewhat soggy and some what semi gravyish which I am not that big a fan of. It could have been a bit drier. But the taste was really good and one could feel all the butter & cheese in the maggi.  Good cost effective outlet for the love of Maggi Noodles."
REV_02912_C04_A01,REV_02912_C04,REV_02912,Hunger Maggi Point,3.0,Got to know that they are also delivering till the wee hours of the night,,,,,,No Aspect Opinion,descriptive_context,REV_02912_C03_A01,pending,,,,,,,"Factual narrative, procedural action, menu listing, or non-evaluative statement without opinion.",222,295,"I used to spot this shop opposite to the DLF IT park while coming back from work during my stay in Hyderabad. Always crowded with majority of the IT people nearby and all other food delivery agents waiting to take parcel. Got to know that they are also delivering till the wee hours of the night.

I was wanting to order from here once for that taste of Maggi. Who doesn't like a fancy maggi noodles? So one fine night, ordered for a Corn Masala Cheese Butter Maggi through Zomato.  That was the most fanciest name I could find on their menu. 

The delivery was smooth and the packing was okayish in a plastic box along with a plastic spoon and fork. The maggi was somewhat soggy and some what semi gravyish which I am not that big a fan of. It could have been a bit drier. But the taste was really good and one could feel all the butter & cheese in the maggi.  Good cost effective outlet for the love of Maggi Noodles."
REV_02912_C05_A01,REV_02912_C05,REV_02912,Hunger Maggi Point,3.0,I was wanting to order from here once for that taste of Maggi,,,,,,No Aspect Opinion,descriptive_context,REV_02912_C03_A01,pending,,,,,,,"Factual narrative, procedural action, menu listing, or non-evaluative statement without opinion.",300,361,"I used to spot this shop opposite to the DLF IT park while coming back from work during my stay in Hyderabad. Always crowded with majority of the IT people nearby and all other food delivery agents waiting to take parcel. Got to know that they are also delivering till the wee hours of the night.

I was wanting to order from here once for that taste of Maggi. Who doesn't like a fancy maggi noodles? So one fine night, ordered for a Corn Masala Cheese Butter Maggi through Zomato.  That was the most fanciest name I could find on their menu. 

The delivery was smooth and the packing was okayish in a plastic box along with a plastic spoon and fork. The maggi was somewhat soggy and some what semi gravyish which I am not that big a fan of. It could have been a bit drier. But the taste was really good and one could feel all the butter & cheese in the maggi.  Good cost effective outlet for the love of Maggi Noodles."
REV_02912_C06_A01,REV_02912_C06,REV_02912,Hunger Maggi Point,3.0,Who doesn't like a fancy maggi noodles,,,,,,No Aspect Opinion,descriptive_context,REV_02912_C03_A01,pending,,,,,,,"Factual narrative, procedural action, menu listing, or non-evaluative statement without opinion.",363,401,"I used to spot this shop opposite to the DLF IT park while coming back from work during my stay in Hyderabad. Always crowded with majority of the IT people nearby and all other food delivery agents waiting to take parcel. Got to know that they are also delivering till the wee hours of the night.

I was wanting to order from here once for that taste of Maggi. Who doesn't like a fancy maggi noodles? So one fine night, ordered for a Corn Masala Cheese Butter Maggi through Zomato.  That was the most fanciest name I could find on their menu. 

The delivery was smooth and the packing was okayish in a plastic box along with a plastic spoon and fork. The maggi was somewhat soggy and some what semi gravyish which I am not that big a fan of. It could have been a bit drier. But the taste was really good and one could feel all the butter & cheese in the maggi.  Good cost effective outlet for the love of Maggi Noodles."
REV_02912_C07_A01,REV_02912_C07,REV_02912,Hunger Maggi Point,3.0,"So one fine night, ordered for a Corn Masala Cheese Butter Maggi through Zomato",,,,,,No Aspect Opinion,descriptive_context,REV_02912_C03_A01,pending,,,,,,,"Factual narrative, procedural action, menu listing, or non-evaluative statement without opinion.",403,482,"I used to spot this shop opposite to the DLF IT park while coming back from work during my stay in Hyderabad. Always crowded with majority of the IT people nearby and all other food delivery agents waiting to take parcel. Got to know that they are also delivering till the wee hours of the night.

I was wanting to order from here once for that taste of Maggi. Who doesn't like a fancy maggi noodles? So one fine night, ordered for a Corn Masala Cheese Butter Maggi through Zomato.  That was the most fanciest name I could find on their menu. 

The delivery was smooth and the packing was okayish in a plastic box along with a plastic spoon and fork. The maggi was somewhat soggy and some what semi gravyish which I am not that big a fan of. It could have been a bit drier. But the taste was really good and one could feel all the butter & cheese in the maggi.  Good cost effective outlet for the love of Maggi Noodles."
REV_02912_C08_A01,REV_02912_C08,REV_02912,Hunger Maggi Point,3.0,That was the most fanciest name I could find on their menu,,,,,,No Aspect Opinion,descriptive_context,REV_02912_C03_A01,pending,,,,,,,"Factual narrative, procedural action, menu listing, or non-evaluative statement without opinion.",485,543,"I used to spot this shop opposite to the DLF IT park while coming back from work during my stay in Hyderabad. Always crowded with majority of the IT people nearby and all other food delivery agents waiting to take parcel. Got to know that they are also delivering till the wee hours of the night.

I was wanting to order from here once for that taste of Maggi. Who doesn't like a fancy maggi noodles? So one fine night, ordered for a Corn Masala Cheese Butter Maggi through Zomato.  That was the most fanciest name I could find on their menu. 

The delivery was smooth and the packing was okayish in a plastic box along with a plastic spoon and fork. The maggi was somewhat soggy and some what semi gravyish which I am not that big a fan of. It could have been a bit drier. But the taste was really good and one could feel all the butter & cheese in the maggi.  Good cost effective outlet for the love of Maggi Noodles."
REV_02912_C09_A01,REV_02912_C09,REV_02912,Hunger Maggi Point,3.0,The delivery was smooth and the packing was okayish in a plastic box along with a plastic spoon and fork,,,,,,No Aspect Opinion,descriptive_context,REV_02912_C03_A01,pending,,,,,,,"Factual narrative, procedural action, menu listing, or non-evaluative statement without opinion.",549,653,"I used to spot this shop opposite to the DLF IT park while coming back from work during my stay in Hyderabad. Always crowded with majority of the IT people nearby and all other food delivery agents waiting to take parcel. Got to know that they are also delivering till the wee hours of the night.

I was wanting to order from here once for that taste of Maggi. Who doesn't like a fancy maggi noodles? So one fine night, ordered for a Corn Masala Cheese Butter Maggi through Zomato.  That was the most fanciest name I could find on their menu. 

The delivery was smooth and the packing was okayish in a plastic box along with a plastic spoon and fork. The maggi was somewhat soggy and some what semi gravyish which I am not that big a fan of. It could have been a bit drier. But the taste was really good and one could feel all the butter & cheese in the maggi.  Good cost effective outlet for the love of Maggi Noodles."
REV_02912_C10_A01,REV_02912_C10,REV_02912,Hunger Maggi Point,3.0,The maggi was somewhat soggy and some what semi gravyish which I am not that big a fan of,,,,,,No Aspect Opinion,descriptive_context,REV_02912_C03_A01,pending,,,,,,,"Factual narrative, procedural action, menu listing, or non-evaluative statement without opinion.",655,744,"I used to spot this shop opposite to the DLF IT park while coming back from work during my stay in Hyderabad. Always crowded with majority of the IT people nearby and all other food delivery agents waiting to take parcel. Got to know that they are also delivering till the wee hours of the night.

I was wanting to order from here once for that taste of Maggi. Who doesn't like a fancy maggi noodles? So one fine night, ordered for a Corn Masala Cheese Butter Maggi through Zomato.  That was the most fanciest name I could find on their menu. 

The delivery was smooth and the packing was okayish in a plastic box along with a plastic spoon and fork. The maggi was somewhat soggy and some what semi gravyish which I am not that big a fan of. It could have been a bit drier. But the taste was really good and one could feel all the butter & cheese in the maggi.  Good cost effective outlet for the love of Maggi Noodles."
REV_02912_C11_A01,REV_02912_C11,REV_02912,Hunger Maggi Point,3.0,It could have been a bit drier,,,,,,No Aspect Opinion,descriptive_context,REV_02912_C03_A01,pending,,,,,,,"Factual narrative, procedural action, menu listing, or non-evaluative statement without opinion.",746,776,"I used to spot this shop opposite to the DLF IT park while coming back from work during my stay in Hyderabad. Always crowded with majority of the IT people nearby and all other food delivery agents waiting to take parcel. Got to know that they are also delivering till the wee hours of the night.

I was wanting to order from here once for that taste of Maggi. Who doesn't like a fancy maggi noodles? So one fine night, ordered for a Corn Masala Cheese Butter Maggi through Zomato.  That was the most fanciest name I could find on their menu. 

The delivery was smooth and the packing was okayish in a plastic box along with a plastic spoon and fork. The maggi was somewhat soggy and some what semi gravyish which I am not that big a fan of. It could have been a bit drier. But the taste was really good and one could feel all the butter & cheese in the maggi.  Good cost effective outlet for the love of Maggi Noodles."
REV_02912_C12_A01,REV_02912_C12,REV_02912,Hunger Maggi Point,3.0,But the taste was really good and one could feel all the butter & cheese in the maggi,Food,taste,good,Positive,Taste / Flavor,Annotated,primary_assertion,,pending,,,,,,,"Culinary evaluation (Positive) on food quality, taste, or portion.",778,863,"I used to spot this shop opposite to the DLF IT park while coming back from work during my stay in Hyderabad. Always crowded with majority of the IT people nearby and all other food delivery agents waiting to take parcel. Got to know that they are also delivering till the wee hours of the night.

I was wanting to order from here once for that taste of Maggi. Who doesn't like a fancy maggi noodles? So one fine night, ordered for a Corn Masala Cheese Butter Maggi through Zomato.  That was the most fanciest name I could find on their menu. 

The delivery was smooth and the packing was okayish in a plastic box along with a plastic spoon and fork. The maggi was somewhat soggy and some what semi gravyish which I am not that big a fan of. It could have been a bit drier. But the taste was really good and one could feel all the butter & cheese in the maggi.  Good cost effective outlet for the love of Maggi Noodles."
REV_02912_C13_A01,REV_02912_C13,REV_02912,Hunger Maggi Point,3.0,Good cost effective outlet for the love of Maggi Noodles,Price / Value,cost,cost effective,Positive,Pricing / Overpriced,Annotated,primary_assertion,,pending,,,,,,,Pricing / financial evaluation (Positive).,866,922,"I used to spot this shop opposite to the DLF IT park while coming back from work during my stay in Hyderabad. Always crowded with majority of the IT people nearby and all other food delivery agents waiting to take parcel. Got to know that they are also delivering till the wee hours of the night.

I was wanting to order from here once for that taste of Maggi. Who doesn't like a fancy maggi noodles? So one fine night, ordered for a Corn Masala Cheese Butter Maggi through Zomato.  That was the most fanciest name I could find on their menu. 

The delivery was smooth and the packing was okayish in a plastic box along with a plastic spoon and fork. The maggi was somewhat soggy and some what semi gravyish which I am not that big a fan of. It could have been a bit drier. But the taste was really good and one could feel all the butter & cheese in the maggi.  Good cost effective outlet for the love of Maggi Noodles."
REV_03067_C01_A01,REV_03067_C01,REV_03067,Pot Pourri,3.0,We were there with so much hunger,,,,,,No Aspect Opinion,independent,,pending,,,,,,,"Factual narrative, procedural action, menu listing, or non-evaluative statement without opinion.",0,33,"We were there with so much hunger. At a speed start we have ordered “Miriyala Natukodi vepudu” and “Mamsam Pulav”. Miriyala Natukodi vepudu was ok! But quantity was pretty good. Mamsam pulav was very good to taste and the spiciness was perfect and quantity was very high. I felt oil is high in both orderes.

Ambience was ok! And service was not so fast!"
REV_03067_C02_A01,REV_03067_C02,REV_03067,Pot Pourri,3.0,At a speed start we have ordered “Miriyala Natukodi vepudu” and “Mamsam Pulav”,,,,,,No Aspect Opinion,independent,,pending,,,,,,,"Factual narrative, procedural action, menu listing, or non-evaluative statement without opinion.",35,113,"We were there with so much hunger. At a speed start we have ordered “Miriyala Natukodi vepudu” and “Mamsam Pulav”. Miriyala Natukodi vepudu was ok! But quantity was pretty good. Mamsam pulav was very good to taste and the spiciness was perfect and quantity was very high. I felt oil is high in both orderes.

Ambience was ok! And service was not so fast!"
REV_03067_C03_A01,REV_03067_C03,REV_03067,Pot Pourri,3.0,Miriyala Natukodi vepudu was ok,,,,,,No Aspect Opinion,independent,,pending,,,,,,,"Factual narrative, procedural action, menu listing, or non-evaluative statement without opinion.",115,146,"We were there with so much hunger. At a speed start we have ordered “Miriyala Natukodi vepudu” and “Mamsam Pulav”. Miriyala Natukodi vepudu was ok! But quantity was pretty good. Mamsam pulav was very good to taste and the spiciness was perfect and quantity was very high. I felt oil is high in both orderes.

Ambience was ok! And service was not so fast!"
REV_03067_C04_A01,REV_03067_C04,REV_03067,Pot Pourri,3.0,But quantity was pretty good,Food,quantity,good,Positive,Portion size,Annotated,primary_assertion,,pending,,,,,,,"Culinary evaluation (Positive) on food quality, taste, or portion.",148,176,"We were there with so much hunger. At a speed start we have ordered “Miriyala Natukodi vepudu” and “Mamsam Pulav”. Miriyala Natukodi vepudu was ok! But quantity was pretty good. Mamsam pulav was very good to taste and the spiciness was perfect and quantity was very high. I felt oil is high in both orderes.

Ambience was ok! And service was not so fast!"
REV_03067_C05_A01,REV_03067_C05,REV_03067,Pot Pourri,3.0,Mamsam pulav was very good to taste and the spiciness was perfect and quantity was very high,Food,taste,good,Positive,Portion size,Annotated,primary_assertion,,pending,,,,,,,"Culinary evaluation (Positive) on food quality, taste, or portion.",178,270,"We were there with so much hunger. At a speed start we have ordered “Miriyala Natukodi vepudu” and “Mamsam Pulav”. Miriyala Natukodi vepudu was ok! But quantity was pretty good. Mamsam pulav was very good to taste and the spiciness was perfect and quantity was very high. I felt oil is high in both orderes.

Ambience was ok! And service was not so fast!"
REV_03067_C06_A01,REV_03067_C06,REV_03067,Pot Pourri,3.0,I felt oil is high in both orderes,,,,,,No Aspect Opinion,descriptive_context,REV_03067_C05_A01,pending,,,,,,,"Factual narrative, procedural action, menu listing, or non-evaluative statement without opinion.",272,306,"We were there with so much hunger. At a speed start we have ordered “Miriyala Natukodi vepudu” and “Mamsam Pulav”. Miriyala Natukodi vepudu was ok! But quantity was pretty good. Mamsam pulav was very good to taste and the spiciness was perfect and quantity was very high. I felt oil is high in both orderes.

Ambience was ok! And service was not so fast!"
REV_03067_C07_A01,REV_03067_C07,REV_03067,Pot Pourri,3.0,Ambience was ok,,,,,,No Aspect Opinion,descriptive_context,REV_03067_C05_A01,pending,,,,,,,"Factual narrative, procedural action, menu listing, or non-evaluative statement without opinion.",311,326,"We were there with so much hunger. At a speed start we have ordered “Miriyala Natukodi vepudu” and “Mamsam Pulav”. Miriyala Natukodi vepudu was ok! But quantity was pretty good. Mamsam pulav was very good to taste and the spiciness was perfect and quantity was very high. I felt oil is high in both orderes.

Ambience was ok! And service was not so fast!"
REV_03067_C08_A01,REV_03067_C08,REV_03067,Pot Pourri,3.0,And service was not so fast,Service,service,,Positive,Staff courtesy,Annotated,primary_assertion,,pending,,,,,,,Service evaluation (Positive) targeting staff hospitality or turnaround.,328,355,"We were there with so much hunger. At a speed start we have ordered “Miriyala Natukodi vepudu” and “Mamsam Pulav”. Miriyala Natukodi vepudu was ok! But quantity was pretty good. Mamsam pulav was very good to taste and the spiciness was perfect and quantity was very high. I felt oil is high in both orderes.

Ambience was ok! And service was not so fast!"
REV_03108_C01_A01,REV_03108_C01,REV_03108,Pista House,1.0,Went for a team lunch,,,,,,No Aspect Opinion,independent,,pending,,,,,,,"Factual narrative, procedural action, menu listing, or non-evaluative statement without opinion.",0,21,"Went for a team lunch. The place is opposite Care Hospital.

Ambiance

This place has normal ambiance as all the other Irani hotels. The problem is that there are a lot of Swiggy delivery boys and they waiting outside the door to collect their parcels. We felt bad sitting there while they were peering inside in the hot sun and us eating there.

Food quality

We ordered three items

1. Devils Chicken
: Chewy chicken coated. This was the best dish of the lot

2. Tandoori Chicken
: fully burnt, coated with ghee to hide the bad quality

3. Premium Biryani: This was really bad. When people go to a Irani style hotel, there are some expectations. We like Biriyani dum cooked. This particular Biriyani costed 650 and came in a slightly large bowl. Please be careful as this can only serve 3 people. The Rice was passable and the Biriyani was fully mixed..... Not the layering like it is supposed to be. It textured like a pulao with the masala . The chicken manchuri in it was cold and the coating had fallen off... You can tell that is was stale. The Chicken pieces were only bones. the mutton pieces were not existent.

This looks like a outlet which is run by fake people.

Biryani and food items in traditional hotels like Paradise, Shah Ghouse, Mehfil, Shahdab, Bawarchi are really good. The tandoori chicken will normally be crisp on the outside and tender on the inside.

The service took a long time in coming. It looks like they are short of staff. People will go there by the name and feel bad. I feel the Pista house owners should look into quality and quantity issues. This outlet is making a fast buck in the Hitech area where floating population is heavy."
REV_03108_C02_A01,REV_03108_C02,REV_03108,Pista House,1.0,The place is opposite Care Hospital,,,,,,No Aspect Opinion,independent,,pending,,,,,,,"Factual narrative, procedural action, menu listing, or non-evaluative statement without opinion.",23,58,"Went for a team lunch. The place is opposite Care Hospital.

Ambiance

This place has normal ambiance as all the other Irani hotels. The problem is that there are a lot of Swiggy delivery boys and they waiting outside the door to collect their parcels. We felt bad sitting there while they were peering inside in the hot sun and us eating there.

Food quality

We ordered three items

1. Devils Chicken
: Chewy chicken coated. This was the best dish of the lot

2. Tandoori Chicken
: fully burnt, coated with ghee to hide the bad quality

3. Premium Biryani: This was really bad. When people go to a Irani style hotel, there are some expectations. We like Biriyani dum cooked. This particular Biriyani costed 650 and came in a slightly large bowl. Please be careful as this can only serve 3 people. The Rice was passable and the Biriyani was fully mixed..... Not the layering like it is supposed to be. It textured like a pulao with the masala . The chicken manchuri in it was cold and the coating had fallen off... You can tell that is was stale. The Chicken pieces were only bones. the mutton pieces were not existent.

This looks like a outlet which is run by fake people.

Biryani and food items in traditional hotels like Paradise, Shah Ghouse, Mehfil, Shahdab, Bawarchi are really good. The tandoori chicken will normally be crisp on the outside and tender on the inside.

The service took a long time in coming. It looks like they are short of staff. People will go there by the name and feel bad. I feel the Pista house owners should look into quality and quantity issues. This outlet is making a fast buck in the Hitech area where floating population is heavy."
REV_03108_C03_A01,REV_03108_C03,REV_03108,Pista House,1.0,Ambiance,,,,,,No Aspect Opinion,independent,,pending,,,,,,,"Factual narrative, procedural action, menu listing, or non-evaluative statement without opinion.",63,71,"Went for a team lunch. The place is opposite Care Hospital.

Ambiance

This place has normal ambiance as all the other Irani hotels. The problem is that there are a lot of Swiggy delivery boys and they waiting outside the door to collect their parcels. We felt bad sitting there while they were peering inside in the hot sun and us eating there.

Food quality

We ordered three items

1. Devils Chicken
: Chewy chicken coated. This was the best dish of the lot

2. Tandoori Chicken
: fully burnt, coated with ghee to hide the bad quality

3. Premium Biryani: This was really bad. When people go to a Irani style hotel, there are some expectations. We like Biriyani dum cooked. This particular Biriyani costed 650 and came in a slightly large bowl. Please be careful as this can only serve 3 people. The Rice was passable and the Biriyani was fully mixed..... Not the layering like it is supposed to be. It textured like a pulao with the masala . The chicken manchuri in it was cold and the coating had fallen off... You can tell that is was stale. The Chicken pieces were only bones. the mutton pieces were not existent.

This looks like a outlet which is run by fake people.

Biryani and food items in traditional hotels like Paradise, Shah Ghouse, Mehfil, Shahdab, Bawarchi are really good. The tandoori chicken will normally be crisp on the outside and tender on the inside.

The service took a long time in coming. It looks like they are short of staff. People will go there by the name and feel bad. I feel the Pista house owners should look into quality and quantity issues. This outlet is making a fast buck in the Hitech area where floating population is heavy."
REV_03108_C04_A01,REV_03108_C04,REV_03108,Pista House,1.0,This place has normal ambiance as all the other Irani hotels,,,,,,No Aspect Opinion,independent,,pending,,,,,,,"Factual narrative, procedural action, menu listing, or non-evaluative statement without opinion.",75,135,"Went for a team lunch. The place is opposite Care Hospital.

Ambiance

This place has normal ambiance as all the other Irani hotels. The problem is that there are a lot of Swiggy delivery boys and they waiting outside the door to collect their parcels. We felt bad sitting there while they were peering inside in the hot sun and us eating there.

Food quality

We ordered three items

1. Devils Chicken
: Chewy chicken coated. This was the best dish of the lot

2. Tandoori Chicken
: fully burnt, coated with ghee to hide the bad quality

3. Premium Biryani: This was really bad. When people go to a Irani style hotel, there are some expectations. We like Biriyani dum cooked. This particular Biriyani costed 650 and came in a slightly large bowl. Please be careful as this can only serve 3 people. The Rice was passable and the Biriyani was fully mixed..... Not the layering like it is supposed to be. It textured like a pulao with the masala . The chicken manchuri in it was cold and the coating had fallen off... You can tell that is was stale. The Chicken pieces were only bones. the mutton pieces were not existent.

This looks like a outlet which is run by fake people.

Biryani and food items in traditional hotels like Paradise, Shah Ghouse, Mehfil, Shahdab, Bawarchi are really good. The tandoori chicken will normally be crisp on the outside and tender on the inside.

The service took a long time in coming. It looks like they are short of staff. People will go there by the name and feel bad. I feel the Pista house owners should look into quality and quantity issues. This outlet is making a fast buck in the Hitech area where floating population is heavy."
REV_03108_C05_A01,REV_03108_C05,REV_03108,Pista House,1.0,The problem is that there are a lot of Swiggy delivery boys and they waiting outside the door to collect their parcels,Service,delivery,,Positive,Delivery Speed,Annotated,primary_assertion,,pending,,,,,,,Service evaluation (Positive) targeting staff hospitality or turnaround.,137,255,"Went for a team lunch. The place is opposite Care Hospital.

Ambiance

This place has normal ambiance as all the other Irani hotels. The problem is that there are a lot of Swiggy delivery boys and they waiting outside the door to collect their parcels. We felt bad sitting there while they were peering inside in the hot sun and us eating there.

Food quality

We ordered three items

1. Devils Chicken
: Chewy chicken coated. This was the best dish of the lot

2. Tandoori Chicken
: fully burnt, coated with ghee to hide the bad quality

3. Premium Biryani: This was really bad. When people go to a Irani style hotel, there are some expectations. We like Biriyani dum cooked. This particular Biriyani costed 650 and came in a slightly large bowl. Please be careful as this can only serve 3 people. The Rice was passable and the Biriyani was fully mixed..... Not the layering like it is supposed to be. It textured like a pulao with the masala . The chicken manchuri in it was cold and the coating had fallen off... You can tell that is was stale. The Chicken pieces were only bones. the mutton pieces were not existent.

This looks like a outlet which is run by fake people.

Biryani and food items in traditional hotels like Paradise, Shah Ghouse, Mehfil, Shahdab, Bawarchi are really good. The tandoori chicken will normally be crisp on the outside and tender on the inside.

The service took a long time in coming. It looks like they are short of staff. People will go there by the name and feel bad. I feel the Pista house owners should look into quality and quantity issues. This outlet is making a fast buck in the Hitech area where floating population is heavy."
REV_03108_C06_A01,REV_03108_C06,REV_03108,Pista House,1.0,We felt bad sitting there,Food,,bad,Negative,Food quality,Annotated,primary_assertion,,pending,,,,,,,Negative evaluation targeting 'Food'.,257,282,"Went for a team lunch. The place is opposite Care Hospital.

Ambiance

This place has normal ambiance as all the other Irani hotels. The problem is that there are a lot of Swiggy delivery boys and they waiting outside the door to collect their parcels. We felt bad sitting there while they were peering inside in the hot sun and us eating there.

Food quality

We ordered three items

1. Devils Chicken
: Chewy chicken coated. This was the best dish of the lot

2. Tandoori Chicken
: fully burnt, coated with ghee to hide the bad quality

3. Premium Biryani: This was really bad. When people go to a Irani style hotel, there are some expectations. We like Biriyani dum cooked. This particular Biriyani costed 650 and came in a slightly large bowl. Please be careful as this can only serve 3 people. The Rice was passable and the Biriyani was fully mixed..... Not the layering like it is supposed to be. It textured like a pulao with the masala . The chicken manchuri in it was cold and the coating had fallen off... You can tell that is was stale. The Chicken pieces were only bones. the mutton pieces were not existent.

This looks like a outlet which is run by fake people.

Biryani and food items in traditional hotels like Paradise, Shah Ghouse, Mehfil, Shahdab, Bawarchi are really good. The tandoori chicken will normally be crisp on the outside and tender on the inside.

The service took a long time in coming. It looks like they are short of staff. People will go there by the name and feel bad. I feel the Pista house owners should look into quality and quantity issues. This outlet is making a fast buck in the Hitech area where floating population is heavy."
REV_03108_C07_A01,REV_03108_C07,REV_03108,Pista House,1.0,they were peering inside in the hot sun and us eating there,,,,,,No Aspect Opinion,descriptive_context,REV_03108_C06_A01,pending,,,,,,,"Factual narrative, procedural action, menu listing, or non-evaluative statement without opinion.",289,348,"Went for a team lunch. The place is opposite Care Hospital.

Ambiance

This place has normal ambiance as all the other Irani hotels. The problem is that there are a lot of Swiggy delivery boys and they waiting outside the door to collect their parcels. We felt bad sitting there while they were peering inside in the hot sun and us eating there.

Food quality

We ordered three items

1. Devils Chicken
: Chewy chicken coated. This was the best dish of the lot

2. Tandoori Chicken
: fully burnt, coated with ghee to hide the bad quality

3. Premium Biryani: This was really bad. When people go to a Irani style hotel, there are some expectations. We like Biriyani dum cooked. This particular Biriyani costed 650 and came in a slightly large bowl. Please be careful as this can only serve 3 people. The Rice was passable and the Biriyani was fully mixed..... Not the layering like it is supposed to be. It textured like a pulao with the masala . The chicken manchuri in it was cold and the coating had fallen off... You can tell that is was stale. The Chicken pieces were only bones. the mutton pieces were not existent.

This looks like a outlet which is run by fake people.

Biryani and food items in traditional hotels like Paradise, Shah Ghouse, Mehfil, Shahdab, Bawarchi are really good. The tandoori chicken will normally be crisp on the outside and tender on the inside.

The service took a long time in coming. It looks like they are short of staff. People will go there by the name and feel bad. I feel the Pista house owners should look into quality and quantity issues. This outlet is making a fast buck in the Hitech area where floating population is heavy."
REV_03108_C08_A01,REV_03108_C08,REV_03108,Pista House,1.0,Food quality,,,,,,No Aspect Opinion,descriptive_context,REV_03108_C06_A01,pending,,,,,,,"Factual narrative, procedural action, menu listing, or non-evaluative statement without opinion.",353,365,"Went for a team lunch. The place is opposite Care Hospital.

Ambiance

This place has normal ambiance as all the other Irani hotels. The problem is that there are a lot of Swiggy delivery boys and they waiting outside the door to collect their parcels. We felt bad sitting there while they were peering inside in the hot sun and us eating there.

Food quality

We ordered three items

1. Devils Chicken
: Chewy chicken coated. This was the best dish of the lot

2. Tandoori Chicken
: fully burnt, coated with ghee to hide the bad quality

3. Premium Biryani: This was really bad. When people go to a Irani style hotel, there are some expectations. We like Biriyani dum cooked. This particular Biriyani costed 650 and came in a slightly large bowl. Please be careful as this can only serve 3 people. The Rice was passable and the Biriyani was fully mixed..... Not the layering like it is supposed to be. It textured like a pulao with the masala . The chicken manchuri in it was cold and the coating had fallen off... You can tell that is was stale. The Chicken pieces were only bones. the mutton pieces were not existent.

This looks like a outlet which is run by fake people.

Biryani and food items in traditional hotels like Paradise, Shah Ghouse, Mehfil, Shahdab, Bawarchi are really good. The tandoori chicken will normally be crisp on the outside and tender on the inside.

The service took a long time in coming. It looks like they are short of staff. People will go there by the name and feel bad. I feel the Pista house owners should look into quality and quantity issues. This outlet is making a fast buck in the Hitech area where floating population is heavy."
REV_03108_C09_A01,REV_03108_C09,REV_03108,Pista House,1.0,We ordered three items,,,,,,No Aspect Opinion,descriptive_context,REV_03108_C06_A01,pending,,,,,,,"Factual narrative, procedural action, menu listing, or non-evaluative statement without opinion.",369,391,"Went for a team lunch. The place is opposite Care Hospital.

Ambiance

This place has normal ambiance as all the other Irani hotels. The problem is that there are a lot of Swiggy delivery boys and they waiting outside the door to collect their parcels. We felt bad sitting there while they were peering inside in the hot sun and us eating there.

Food quality

We ordered three items

1. Devils Chicken
: Chewy chicken coated. This was the best dish of the lot

2. Tandoori Chicken
: fully burnt, coated with ghee to hide the bad quality

3. Premium Biryani: This was really bad. When people go to a Irani style hotel, there are some expectations. We like Biriyani dum cooked. This particular Biriyani costed 650 and came in a slightly large bowl. Please be careful as this can only serve 3 people. The Rice was passable and the Biriyani was fully mixed..... Not the layering like it is supposed to be. It textured like a pulao with the masala . The chicken manchuri in it was cold and the coating had fallen off... You can tell that is was stale. The Chicken pieces were only bones. the mutton pieces were not existent.

This looks like a outlet which is run by fake people.

Biryani and food items in traditional hotels like Paradise, Shah Ghouse, Mehfil, Shahdab, Bawarchi are really good. The tandoori chicken will normally be crisp on the outside and tender on the inside.

The service took a long time in coming. It looks like they are short of staff. People will go there by the name and feel bad. I feel the Pista house owners should look into quality and quantity issues. This outlet is making a fast buck in the Hitech area where floating population is heavy."
REV_03108_C10_A01,REV_03108_C10,REV_03108,Pista House,1.0,1,,,,,,No Aspect Opinion,descriptive_context,REV_03108_C06_A01,pending,,,,,,,"Factual narrative, procedural action, menu listing, or non-evaluative statement without opinion.",395,396,"Went for a team lunch. The place is opposite Care Hospital.

Ambiance

This place has normal ambiance as all the other Irani hotels. The problem is that there are a lot of Swiggy delivery boys and they waiting outside the door to collect their parcels. We felt bad sitting there while they were peering inside in the hot sun and us eating there.

Food quality

We ordered three items

1. Devils Chicken
: Chewy chicken coated. This was the best dish of the lot

2. Tandoori Chicken
: fully burnt, coated with ghee to hide the bad quality

3. Premium Biryani: This was really bad. When people go to a Irani style hotel, there are some expectations. We like Biriyani dum cooked. This particular Biriyani costed 650 and came in a slightly large bowl. Please be careful as this can only serve 3 people. The Rice was passable and the Biriyani was fully mixed..... Not the layering like it is supposed to be. It textured like a pulao with the masala . The chicken manchuri in it was cold and the coating had fallen off... You can tell that is was stale. The Chicken pieces were only bones. the mutton pieces were not existent.

This looks like a outlet which is run by fake people.

Biryani and food items in traditional hotels like Paradise, Shah Ghouse, Mehfil, Shahdab, Bawarchi are really good. The tandoori chicken will normally be crisp on the outside and tender on the inside.

The service took a long time in coming. It looks like they are short of staff. People will go there by the name and feel bad. I feel the Pista house owners should look into quality and quantity issues. This outlet is making a fast buck in the Hitech area where floating population is heavy."
REV_03108_C11_A01,REV_03108_C11,REV_03108,Pista House,1.0,Devils Chicken,,,,,,No Aspect Opinion,descriptive_context,REV_03108_C06_A01,pending,,,,,,,"Factual narrative, procedural action, menu listing, or non-evaluative statement without opinion.",398,412,"Went for a team lunch. The place is opposite Care Hospital.

Ambiance

This place has normal ambiance as all the other Irani hotels. The problem is that there are a lot of Swiggy delivery boys and they waiting outside the door to collect their parcels. We felt bad sitting there while they were peering inside in the hot sun and us eating there.

Food quality

We ordered three items

1. Devils Chicken
: Chewy chicken coated. This was the best dish of the lot

2. Tandoori Chicken
: fully burnt, coated with ghee to hide the bad quality

3. Premium Biryani: This was really bad. When people go to a Irani style hotel, there are some expectations. We like Biriyani dum cooked. This particular Biriyani costed 650 and came in a slightly large bowl. Please be careful as this can only serve 3 people. The Rice was passable and the Biriyani was fully mixed..... Not the layering like it is supposed to be. It textured like a pulao with the masala . The chicken manchuri in it was cold and the coating had fallen off... You can tell that is was stale. The Chicken pieces were only bones. the mutton pieces were not existent.

This looks like a outlet which is run by fake people.

Biryani and food items in traditional hotels like Paradise, Shah Ghouse, Mehfil, Shahdab, Bawarchi are really good. The tandoori chicken will normally be crisp on the outside and tender on the inside.

The service took a long time in coming. It looks like they are short of staff. People will go there by the name and feel bad. I feel the Pista house owners should look into quality and quantity issues. This outlet is making a fast buck in the Hitech area where floating population is heavy."
REV_03108_C12_A01,REV_03108_C12,REV_03108,Pista House,1.0,: Chewy chicken coated,Food,chicken,Chewy,Negative,Taste / Flavor,Annotated,primary_assertion,,pending,,,,,,,"Culinary evaluation (Negative) on food quality, taste, or portion.",414,436,"Went for a team lunch. The place is opposite Care Hospital.

Ambiance

This place has normal ambiance as all the other Irani hotels. The problem is that there are a lot of Swiggy delivery boys and they waiting outside the door to collect their parcels. We felt bad sitting there while they were peering inside in the hot sun and us eating there.

Food quality

We ordered three items

1. Devils Chicken
: Chewy chicken coated. This was the best dish of the lot

2. Tandoori Chicken
: fully burnt, coated with ghee to hide the bad quality

3. Premium Biryani: This was really bad. When people go to a Irani style hotel, there are some expectations. We like Biriyani dum cooked. This particular Biriyani costed 650 and came in a slightly large bowl. Please be careful as this can only serve 3 people. The Rice was passable and the Biriyani was fully mixed..... Not the layering like it is supposed to be. It textured like a pulao with the masala . The chicken manchuri in it was cold and the coating had fallen off... You can tell that is was stale. The Chicken pieces were only bones. the mutton pieces were not existent.

This looks like a outlet which is run by fake people.

Biryani and food items in traditional hotels like Paradise, Shah Ghouse, Mehfil, Shahdab, Bawarchi are really good. The tandoori chicken will normally be crisp on the outside and tender on the inside.

The service took a long time in coming. It looks like they are short of staff. People will go there by the name and feel bad. I feel the Pista house owners should look into quality and quantity issues. This outlet is making a fast buck in the Hitech area where floating population is heavy."
REV_03108_C13_A01,REV_03108_C13,REV_03108,Pista House,1.0,This was the best dish of the lot,,,,,,No Aspect Opinion,descriptive_context,REV_03108_C12_A01,pending,,,,,,,"Factual narrative, procedural action, menu listing, or non-evaluative statement without opinion.",438,471,"Went for a team lunch. The place is opposite Care Hospital.

Ambiance

This place has normal ambiance as all the other Irani hotels. The problem is that there are a lot of Swiggy delivery boys and they waiting outside the door to collect their parcels. We felt bad sitting there while they were peering inside in the hot sun and us eating there.

Food quality

We ordered three items

1. Devils Chicken
: Chewy chicken coated. This was the best dish of the lot

2. Tandoori Chicken
: fully burnt, coated with ghee to hide the bad quality

3. Premium Biryani: This was really bad. When people go to a Irani style hotel, there are some expectations. We like Biriyani dum cooked. This particular Biriyani costed 650 and came in a slightly large bowl. Please be careful as this can only serve 3 people. The Rice was passable and the Biriyani was fully mixed..... Not the layering like it is supposed to be. It textured like a pulao with the masala . The chicken manchuri in it was cold and the coating had fallen off... You can tell that is was stale. The Chicken pieces were only bones. the mutton pieces were not existent.

This looks like a outlet which is run by fake people.

Biryani and food items in traditional hotels like Paradise, Shah Ghouse, Mehfil, Shahdab, Bawarchi are really good. The tandoori chicken will normally be crisp on the outside and tender on the inside.

The service took a long time in coming. It looks like they are short of staff. People will go there by the name and feel bad. I feel the Pista house owners should look into quality and quantity issues. This outlet is making a fast buck in the Hitech area where floating population is heavy."
REV_03108_C14_A01,REV_03108_C14,REV_03108,Pista House,1.0,2,,,,,,No Aspect Opinion,descriptive_context,REV_03108_C12_A01,pending,,,,,,,"Factual narrative, procedural action, menu listing, or non-evaluative statement without opinion.",475,476,"Went for a team lunch. The place is opposite Care Hospital.

Ambiance

This place has normal ambiance as all the other Irani hotels. The problem is that there are a lot of Swiggy delivery boys and they waiting outside the door to collect their parcels. We felt bad sitting there while they were peering inside in the hot sun and us eating there.

Food quality

We ordered three items

1. Devils Chicken
: Chewy chicken coated. This was the best dish of the lot

2. Tandoori Chicken
: fully burnt, coated with ghee to hide the bad quality

3. Premium Biryani: This was really bad. When people go to a Irani style hotel, there are some expectations. We like Biriyani dum cooked. This particular Biriyani costed 650 and came in a slightly large bowl. Please be careful as this can only serve 3 people. The Rice was passable and the Biriyani was fully mixed..... Not the layering like it is supposed to be. It textured like a pulao with the masala . The chicken manchuri in it was cold and the coating had fallen off... You can tell that is was stale. The Chicken pieces were only bones. the mutton pieces were not existent.

This looks like a outlet which is run by fake people.

Biryani and food items in traditional hotels like Paradise, Shah Ghouse, Mehfil, Shahdab, Bawarchi are really good. The tandoori chicken will normally be crisp on the outside and tender on the inside.

The service took a long time in coming. It looks like they are short of staff. People will go there by the name and feel bad. I feel the Pista house owners should look into quality and quantity issues. This outlet is making a fast buck in the Hitech area where floating population is heavy."
REV_03108_C15_A01,REV_03108_C15,REV_03108,Pista House,1.0,Tandoori Chicken,,,,,,No Aspect Opinion,descriptive_context,REV_03108_C12_A01,pending,,,,,,,"Factual narrative, procedural action, menu listing, or non-evaluative statement without opinion.",478,494,"Went for a team lunch. The place is opposite Care Hospital.

Ambiance

This place has normal ambiance as all the other Irani hotels. The problem is that there are a lot of Swiggy delivery boys and they waiting outside the door to collect their parcels. We felt bad sitting there while they were peering inside in the hot sun and us eating there.

Food quality

We ordered three items

1. Devils Chicken
: Chewy chicken coated. This was the best dish of the lot

2. Tandoori Chicken
: fully burnt, coated with ghee to hide the bad quality

3. Premium Biryani: This was really bad. When people go to a Irani style hotel, there are some expectations. We like Biriyani dum cooked. This particular Biriyani costed 650 and came in a slightly large bowl. Please be careful as this can only serve 3 people. The Rice was passable and the Biriyani was fully mixed..... Not the layering like it is supposed to be. It textured like a pulao with the masala . The chicken manchuri in it was cold and the coating had fallen off... You can tell that is was stale. The Chicken pieces were only bones. the mutton pieces were not existent.

This looks like a outlet which is run by fake people.

Biryani and food items in traditional hotels like Paradise, Shah Ghouse, Mehfil, Shahdab, Bawarchi are really good. The tandoori chicken will normally be crisp on the outside and tender on the inside.

The service took a long time in coming. It looks like they are short of staff. People will go there by the name and feel bad. I feel the Pista house owners should look into quality and quantity issues. This outlet is making a fast buck in the Hitech area where floating population is heavy."
REV_03108_C16_A01,REV_03108_C16,REV_03108,Pista House,1.0,": fully burnt, coated with ghee to hide the bad quality",Food,,burnt,Negative,Taste / Flavor,Annotated,primary_assertion,,pending,,,,,,,"Culinary evaluation (Negative) on food quality, taste, or portion.",496,551,"Went for a team lunch. The place is opposite Care Hospital.

Ambiance

This place has normal ambiance as all the other Irani hotels. The problem is that there are a lot of Swiggy delivery boys and they waiting outside the door to collect their parcels. We felt bad sitting there while they were peering inside in the hot sun and us eating there.

Food quality

We ordered three items

1. Devils Chicken
: Chewy chicken coated. This was the best dish of the lot

2. Tandoori Chicken
: fully burnt, coated with ghee to hide the bad quality

3. Premium Biryani: This was really bad. When people go to a Irani style hotel, there are some expectations. We like Biriyani dum cooked. This particular Biriyani costed 650 and came in a slightly large bowl. Please be careful as this can only serve 3 people. The Rice was passable and the Biriyani was fully mixed..... Not the layering like it is supposed to be. It textured like a pulao with the masala . The chicken manchuri in it was cold and the coating had fallen off... You can tell that is was stale. The Chicken pieces were only bones. the mutton pieces were not existent.

This looks like a outlet which is run by fake people.

Biryani and food items in traditional hotels like Paradise, Shah Ghouse, Mehfil, Shahdab, Bawarchi are really good. The tandoori chicken will normally be crisp on the outside and tender on the inside.

The service took a long time in coming. It looks like they are short of staff. People will go there by the name and feel bad. I feel the Pista house owners should look into quality and quantity issues. This outlet is making a fast buck in the Hitech area where floating population is heavy."
REV_03108_C17_A01,REV_03108_C17,REV_03108,Pista House,1.0,3,,,,,,No Aspect Opinion,descriptive_context,REV_03108_C16_A01,pending,,,,,,,"Factual narrative, procedural action, menu listing, or non-evaluative statement without opinion.",555,556,"Went for a team lunch. The place is opposite Care Hospital.

Ambiance

This place has normal ambiance as all the other Irani hotels. The problem is that there are a lot of Swiggy delivery boys and they waiting outside the door to collect their parcels. We felt bad sitting there while they were peering inside in the hot sun and us eating there.

Food quality

We ordered three items

1. Devils Chicken
: Chewy chicken coated. This was the best dish of the lot

2. Tandoori Chicken
: fully burnt, coated with ghee to hide the bad quality

3. Premium Biryani: This was really bad. When people go to a Irani style hotel, there are some expectations. We like Biriyani dum cooked. This particular Biriyani costed 650 and came in a slightly large bowl. Please be careful as this can only serve 3 people. The Rice was passable and the Biriyani was fully mixed..... Not the layering like it is supposed to be. It textured like a pulao with the masala . The chicken manchuri in it was cold and the coating had fallen off... You can tell that is was stale. The Chicken pieces were only bones. the mutton pieces were not existent.

This looks like a outlet which is run by fake people.

Biryani and food items in traditional hotels like Paradise, Shah Ghouse, Mehfil, Shahdab, Bawarchi are really good. The tandoori chicken will normally be crisp on the outside and tender on the inside.

The service took a long time in coming. It looks like they are short of staff. People will go there by the name and feel bad. I feel the Pista house owners should look into quality and quantity issues. This outlet is making a fast buck in the Hitech area where floating population is heavy."
REV_03108_C18_A01,REV_03108_C18,REV_03108,Pista House,1.0,Premium Biryani: This was really bad,Food,Biryani,bad,Negative,Taste / Flavor,Annotated,primary_assertion,,pending,,,,,,,"Culinary evaluation (Negative) on food quality, taste, or portion.",558,594,"Went for a team lunch. The place is opposite Care Hospital.

Ambiance

This place has normal ambiance as all the other Irani hotels. The problem is that there are a lot of Swiggy delivery boys and they waiting outside the door to collect their parcels. We felt bad sitting there while they were peering inside in the hot sun and us eating there.

Food quality

We ordered three items

1. Devils Chicken
: Chewy chicken coated. This was the best dish of the lot

2. Tandoori Chicken
: fully burnt, coated with ghee to hide the bad quality

3. Premium Biryani: This was really bad. When people go to a Irani style hotel, there are some expectations. We like Biriyani dum cooked. This particular Biriyani costed 650 and came in a slightly large bowl. Please be careful as this can only serve 3 people. The Rice was passable and the Biriyani was fully mixed..... Not the layering like it is supposed to be. It textured like a pulao with the masala . The chicken manchuri in it was cold and the coating had fallen off... You can tell that is was stale. The Chicken pieces were only bones. the mutton pieces were not existent.

This looks like a outlet which is run by fake people.

Biryani and food items in traditional hotels like Paradise, Shah Ghouse, Mehfil, Shahdab, Bawarchi are really good. The tandoori chicken will normally be crisp on the outside and tender on the inside.

The service took a long time in coming. It looks like they are short of staff. People will go there by the name and feel bad. I feel the Pista house owners should look into quality and quantity issues. This outlet is making a fast buck in the Hitech area where floating population is heavy."
REV_03108_C19_A01,REV_03108_C19,REV_03108,Pista House,1.0,"When people go to a Irani style hotel, there are some expectations",,,,,,No Aspect Opinion,descriptive_context,REV_03108_C18_A01,pending,,,,,,,"Factual narrative, procedural action, menu listing, or non-evaluative statement without opinion.",596,662,"Went for a team lunch. The place is opposite Care Hospital.

Ambiance

This place has normal ambiance as all the other Irani hotels. The problem is that there are a lot of Swiggy delivery boys and they waiting outside the door to collect their parcels. We felt bad sitting there while they were peering inside in the hot sun and us eating there.

Food quality

We ordered three items

1. Devils Chicken
: Chewy chicken coated. This was the best dish of the lot

2. Tandoori Chicken
: fully burnt, coated with ghee to hide the bad quality

3. Premium Biryani: This was really bad. When people go to a Irani style hotel, there are some expectations. We like Biriyani dum cooked. This particular Biriyani costed 650 and came in a slightly large bowl. Please be careful as this can only serve 3 people. The Rice was passable and the Biriyani was fully mixed..... Not the layering like it is supposed to be. It textured like a pulao with the masala . The chicken manchuri in it was cold and the coating had fallen off... You can tell that is was stale. The Chicken pieces were only bones. the mutton pieces were not existent.

This looks like a outlet which is run by fake people.

Biryani and food items in traditional hotels like Paradise, Shah Ghouse, Mehfil, Shahdab, Bawarchi are really good. The tandoori chicken will normally be crisp on the outside and tender on the inside.

The service took a long time in coming. It looks like they are short of staff. People will go there by the name and feel bad. I feel the Pista house owners should look into quality and quantity issues. This outlet is making a fast buck in the Hitech area where floating population is heavy."
REV_03108_C20_A01,REV_03108_C20,REV_03108,Pista House,1.0,We like Biriyani dum cooked,,,,,,No Aspect Opinion,descriptive_context,REV_03108_C18_A01,pending,,,,,,,"Factual narrative, procedural action, menu listing, or non-evaluative statement without opinion.",664,691,"Went for a team lunch. The place is opposite Care Hospital.

Ambiance

This place has normal ambiance as all the other Irani hotels. The problem is that there are a lot of Swiggy delivery boys and they waiting outside the door to collect their parcels. We felt bad sitting there while they were peering inside in the hot sun and us eating there.

Food quality

We ordered three items

1. Devils Chicken
: Chewy chicken coated. This was the best dish of the lot

2. Tandoori Chicken
: fully burnt, coated with ghee to hide the bad quality

3. Premium Biryani: This was really bad. When people go to a Irani style hotel, there are some expectations. We like Biriyani dum cooked. This particular Biriyani costed 650 and came in a slightly large bowl. Please be careful as this can only serve 3 people. The Rice was passable and the Biriyani was fully mixed..... Not the layering like it is supposed to be. It textured like a pulao with the masala . The chicken manchuri in it was cold and the coating had fallen off... You can tell that is was stale. The Chicken pieces were only bones. the mutton pieces were not existent.

This looks like a outlet which is run by fake people.

Biryani and food items in traditional hotels like Paradise, Shah Ghouse, Mehfil, Shahdab, Bawarchi are really good. The tandoori chicken will normally be crisp on the outside and tender on the inside.

The service took a long time in coming. It looks like they are short of staff. People will go there by the name and feel bad. I feel the Pista house owners should look into quality and quantity issues. This outlet is making a fast buck in the Hitech area where floating population is heavy."
REV_03108_C21_A01,REV_03108_C21,REV_03108,Pista House,1.0,This particular Biriyani costed 650 and came in a slightly large bowl,,,,,,No Aspect Opinion,descriptive_context,REV_03108_C18_A01,pending,,,,,,,"Factual narrative, procedural action, menu listing, or non-evaluative statement without opinion.",693,762,"Went for a team lunch. The place is opposite Care Hospital.

Ambiance

This place has normal ambiance as all the other Irani hotels. The problem is that there are a lot of Swiggy delivery boys and they waiting outside the door to collect their parcels. We felt bad sitting there while they were peering inside in the hot sun and us eating there.

Food quality

We ordered three items

1. Devils Chicken
: Chewy chicken coated. This was the best dish of the lot

2. Tandoori Chicken
: fully burnt, coated with ghee to hide the bad quality

3. Premium Biryani: This was really bad. When people go to a Irani style hotel, there are some expectations. We like Biriyani dum cooked. This particular Biriyani costed 650 and came in a slightly large bowl. Please be careful as this can only serve 3 people. The Rice was passable and the Biriyani was fully mixed..... Not the layering like it is supposed to be. It textured like a pulao with the masala . The chicken manchuri in it was cold and the coating had fallen off... You can tell that is was stale. The Chicken pieces were only bones. the mutton pieces were not existent.

This looks like a outlet which is run by fake people.

Biryani and food items in traditional hotels like Paradise, Shah Ghouse, Mehfil, Shahdab, Bawarchi are really good. The tandoori chicken will normally be crisp on the outside and tender on the inside.

The service took a long time in coming. It looks like they are short of staff. People will go there by the name and feel bad. I feel the Pista house owners should look into quality and quantity issues. This outlet is making a fast buck in the Hitech area where floating population is heavy."
REV_03108_C22_A01,REV_03108_C22,REV_03108,Pista House,1.0,Please be careful as this can only serve 3 people,,,,,,No Aspect Opinion,descriptive_context,REV_03108_C18_A01,pending,,,,,,,"Factual narrative, procedural action, menu listing, or non-evaluative statement without opinion.",764,813,"Went for a team lunch. The place is opposite Care Hospital.

Ambiance

This place has normal ambiance as all the other Irani hotels. The problem is that there are a lot of Swiggy delivery boys and they waiting outside the door to collect their parcels. We felt bad sitting there while they were peering inside in the hot sun and us eating there.

Food quality

We ordered three items

1. Devils Chicken
: Chewy chicken coated. This was the best dish of the lot

2. Tandoori Chicken
: fully burnt, coated with ghee to hide the bad quality

3. Premium Biryani: This was really bad. When people go to a Irani style hotel, there are some expectations. We like Biriyani dum cooked. This particular Biriyani costed 650 and came in a slightly large bowl. Please be careful as this can only serve 3 people. The Rice was passable and the Biriyani was fully mixed..... Not the layering like it is supposed to be. It textured like a pulao with the masala . The chicken manchuri in it was cold and the coating had fallen off... You can tell that is was stale. The Chicken pieces were only bones. the mutton pieces were not existent.

This looks like a outlet which is run by fake people.

Biryani and food items in traditional hotels like Paradise, Shah Ghouse, Mehfil, Shahdab, Bawarchi are really good. The tandoori chicken will normally be crisp on the outside and tender on the inside.

The service took a long time in coming. It looks like they are short of staff. People will go there by the name and feel bad. I feel the Pista house owners should look into quality and quantity issues. This outlet is making a fast buck in the Hitech area where floating population is heavy."
REV_03108_C23_A01,REV_03108_C23,REV_03108,Pista House,1.0,The Rice was passable and the Biriyani was fully mixed,,,,,,No Aspect Opinion,descriptive_context,REV_03108_C18_A01,pending,,,,,,,"Factual narrative, procedural action, menu listing, or non-evaluative statement without opinion.",815,869,"Went for a team lunch. The place is opposite Care Hospital.

Ambiance

This place has normal ambiance as all the other Irani hotels. The problem is that there are a lot of Swiggy delivery boys and they waiting outside the door to collect their parcels. We felt bad sitting there while they were peering inside in the hot sun and us eating there.

Food quality

We ordered three items

1. Devils Chicken
: Chewy chicken coated. This was the best dish of the lot

2. Tandoori Chicken
: fully burnt, coated with ghee to hide the bad quality

3. Premium Biryani: This was really bad. When people go to a Irani style hotel, there are some expectations. We like Biriyani dum cooked. This particular Biriyani costed 650 and came in a slightly large bowl. Please be careful as this can only serve 3 people. The Rice was passable and the Biriyani was fully mixed..... Not the layering like it is supposed to be. It textured like a pulao with the masala . The chicken manchuri in it was cold and the coating had fallen off... You can tell that is was stale. The Chicken pieces were only bones. the mutton pieces were not existent.

This looks like a outlet which is run by fake people.

Biryani and food items in traditional hotels like Paradise, Shah Ghouse, Mehfil, Shahdab, Bawarchi are really good. The tandoori chicken will normally be crisp on the outside and tender on the inside.

The service took a long time in coming. It looks like they are short of staff. People will go there by the name and feel bad. I feel the Pista house owners should look into quality and quantity issues. This outlet is making a fast buck in the Hitech area where floating population is heavy."
REV_03108_C24_A01,REV_03108_C24,REV_03108,Pista House,1.0,Not the layering like it is supposed to be,,,,,,No Aspect Opinion,descriptive_context,REV_03108_C18_A01,pending,,,,,,,"Factual narrative, procedural action, menu listing, or non-evaluative statement without opinion.",875,917,"Went for a team lunch. The place is opposite Care Hospital.

Ambiance

This place has normal ambiance as all the other Irani hotels. The problem is that there are a lot of Swiggy delivery boys and they waiting outside the door to collect their parcels. We felt bad sitting there while they were peering inside in the hot sun and us eating there.

Food quality

We ordered three items

1. Devils Chicken
: Chewy chicken coated. This was the best dish of the lot

2. Tandoori Chicken
: fully burnt, coated with ghee to hide the bad quality

3. Premium Biryani: This was really bad. When people go to a Irani style hotel, there are some expectations. We like Biriyani dum cooked. This particular Biriyani costed 650 and came in a slightly large bowl. Please be careful as this can only serve 3 people. The Rice was passable and the Biriyani was fully mixed..... Not the layering like it is supposed to be. It textured like a pulao with the masala . The chicken manchuri in it was cold and the coating had fallen off... You can tell that is was stale. The Chicken pieces were only bones. the mutton pieces were not existent.

This looks like a outlet which is run by fake people.

Biryani and food items in traditional hotels like Paradise, Shah Ghouse, Mehfil, Shahdab, Bawarchi are really good. The tandoori chicken will normally be crisp on the outside and tender on the inside.

The service took a long time in coming. It looks like they are short of staff. People will go there by the name and feel bad. I feel the Pista house owners should look into quality and quantity issues. This outlet is making a fast buck in the Hitech area where floating population is heavy."
REV_03108_C25_A01,REV_03108_C25,REV_03108,Pista House,1.0,It textured like a pulao with the masala,,,,,,No Aspect Opinion,descriptive_context,REV_03108_C18_A01,pending,,,,,,,"Factual narrative, procedural action, menu listing, or non-evaluative statement without opinion.",919,959,"Went for a team lunch. The place is opposite Care Hospital.

Ambiance

This place has normal ambiance as all the other Irani hotels. The problem is that there are a lot of Swiggy delivery boys and they waiting outside the door to collect their parcels. We felt bad sitting there while they were peering inside in the hot sun and us eating there.

Food quality

We ordered three items

1. Devils Chicken
: Chewy chicken coated. This was the best dish of the lot

2. Tandoori Chicken
: fully burnt, coated with ghee to hide the bad quality

3. Premium Biryani: This was really bad. When people go to a Irani style hotel, there are some expectations. We like Biriyani dum cooked. This particular Biriyani costed 650 and came in a slightly large bowl. Please be careful as this can only serve 3 people. The Rice was passable and the Biriyani was fully mixed..... Not the layering like it is supposed to be. It textured like a pulao with the masala . The chicken manchuri in it was cold and the coating had fallen off... You can tell that is was stale. The Chicken pieces were only bones. the mutton pieces were not existent.

This looks like a outlet which is run by fake people.

Biryani and food items in traditional hotels like Paradise, Shah Ghouse, Mehfil, Shahdab, Bawarchi are really good. The tandoori chicken will normally be crisp on the outside and tender on the inside.

The service took a long time in coming. It looks like they are short of staff. People will go there by the name and feel bad. I feel the Pista house owners should look into quality and quantity issues. This outlet is making a fast buck in the Hitech area where floating population is heavy."
REV_03108_C26_A01,REV_03108_C26,REV_03108,Pista House,1.0,The chicken manchuri in it was cold and the coating had fallen off,Food,chicken,cold,Negative,Food temperature,Annotated,primary_assertion,,pending,,,,,,,"Culinary evaluation (Negative) on food quality, taste, or portion.",962,1028,"Went for a team lunch. The place is opposite Care Hospital.

Ambiance

This place has normal ambiance as all the other Irani hotels. The problem is that there are a lot of Swiggy delivery boys and they waiting outside the door to collect their parcels. We felt bad sitting there while they were peering inside in the hot sun and us eating there.

Food quality

We ordered three items

1. Devils Chicken
: Chewy chicken coated. This was the best dish of the lot

2. Tandoori Chicken
: fully burnt, coated with ghee to hide the bad quality

3. Premium Biryani: This was really bad. When people go to a Irani style hotel, there are some expectations. We like Biriyani dum cooked. This particular Biriyani costed 650 and came in a slightly large bowl. Please be careful as this can only serve 3 people. The Rice was passable and the Biriyani was fully mixed..... Not the layering like it is supposed to be. It textured like a pulao with the masala . The chicken manchuri in it was cold and the coating had fallen off... You can tell that is was stale. The Chicken pieces were only bones. the mutton pieces were not existent.

This looks like a outlet which is run by fake people.

Biryani and food items in traditional hotels like Paradise, Shah Ghouse, Mehfil, Shahdab, Bawarchi are really good. The tandoori chicken will normally be crisp on the outside and tender on the inside.

The service took a long time in coming. It looks like they are short of staff. People will go there by the name and feel bad. I feel the Pista house owners should look into quality and quantity issues. This outlet is making a fast buck in the Hitech area where floating population is heavy."
REV_03108_C27_A01,REV_03108_C27,REV_03108,Pista House,1.0,You can tell that is was stale,Food,,stale,Negative,Freshness,Annotated,primary_assertion,,pending,,,,,,,"Culinary evaluation (Negative) on food quality, taste, or portion.",1032,1062,"Went for a team lunch. The place is opposite Care Hospital.

Ambiance

This place has normal ambiance as all the other Irani hotels. The problem is that there are a lot of Swiggy delivery boys and they waiting outside the door to collect their parcels. We felt bad sitting there while they were peering inside in the hot sun and us eating there.

Food quality

We ordered three items

1. Devils Chicken
: Chewy chicken coated. This was the best dish of the lot

2. Tandoori Chicken
: fully burnt, coated with ghee to hide the bad quality

3. Premium Biryani: This was really bad. When people go to a Irani style hotel, there are some expectations. We like Biriyani dum cooked. This particular Biriyani costed 650 and came in a slightly large bowl. Please be careful as this can only serve 3 people. The Rice was passable and the Biriyani was fully mixed..... Not the layering like it is supposed to be. It textured like a pulao with the masala . The chicken manchuri in it was cold and the coating had fallen off... You can tell that is was stale. The Chicken pieces were only bones. the mutton pieces were not existent.

This looks like a outlet which is run by fake people.

Biryani and food items in traditional hotels like Paradise, Shah Ghouse, Mehfil, Shahdab, Bawarchi are really good. The tandoori chicken will normally be crisp on the outside and tender on the inside.

The service took a long time in coming. It looks like they are short of staff. People will go there by the name and feel bad. I feel the Pista house owners should look into quality and quantity issues. This outlet is making a fast buck in the Hitech area where floating population is heavy."
REV_03108_C28_A01,REV_03108_C28,REV_03108,Pista House,1.0,The Chicken pieces were only bones,,,,,,No Aspect Opinion,descriptive_context,REV_03108_C27_A01,pending,,,,,,,"Factual narrative, procedural action, menu listing, or non-evaluative statement without opinion.",1064,1098,"Went for a team lunch. The place is opposite Care Hospital.

Ambiance

This place has normal ambiance as all the other Irani hotels. The problem is that there are a lot of Swiggy delivery boys and they waiting outside the door to collect their parcels. We felt bad sitting there while they were peering inside in the hot sun and us eating there.

Food quality

We ordered three items

1. Devils Chicken
: Chewy chicken coated. This was the best dish of the lot

2. Tandoori Chicken
: fully burnt, coated with ghee to hide the bad quality

3. Premium Biryani: This was really bad. When people go to a Irani style hotel, there are some expectations. We like Biriyani dum cooked. This particular Biriyani costed 650 and came in a slightly large bowl. Please be careful as this can only serve 3 people. The Rice was passable and the Biriyani was fully mixed..... Not the layering like it is supposed to be. It textured like a pulao with the masala . The chicken manchuri in it was cold and the coating had fallen off... You can tell that is was stale. The Chicken pieces were only bones. the mutton pieces were not existent.

This looks like a outlet which is run by fake people.

Biryani and food items in traditional hotels like Paradise, Shah Ghouse, Mehfil, Shahdab, Bawarchi are really good. The tandoori chicken will normally be crisp on the outside and tender on the inside.

The service took a long time in coming. It looks like they are short of staff. People will go there by the name and feel bad. I feel the Pista house owners should look into quality and quantity issues. This outlet is making a fast buck in the Hitech area where floating population is heavy."
REV_03108_C29_A01,REV_03108_C29,REV_03108,Pista House,1.0,the mutton pieces were not existent,,,,,,No Aspect Opinion,descriptive_context,REV_03108_C27_A01,pending,,,,,,,"Factual narrative, procedural action, menu listing, or non-evaluative statement without opinion.",1100,1135,"Went for a team lunch. The place is opposite Care Hospital.

Ambiance

This place has normal ambiance as all the other Irani hotels. The problem is that there are a lot of Swiggy delivery boys and they waiting outside the door to collect their parcels. We felt bad sitting there while they were peering inside in the hot sun and us eating there.

Food quality

We ordered three items

1. Devils Chicken
: Chewy chicken coated. This was the best dish of the lot

2. Tandoori Chicken
: fully burnt, coated with ghee to hide the bad quality

3. Premium Biryani: This was really bad. When people go to a Irani style hotel, there are some expectations. We like Biriyani dum cooked. This particular Biriyani costed 650 and came in a slightly large bowl. Please be careful as this can only serve 3 people. The Rice was passable and the Biriyani was fully mixed..... Not the layering like it is supposed to be. It textured like a pulao with the masala . The chicken manchuri in it was cold and the coating had fallen off... You can tell that is was stale. The Chicken pieces were only bones. the mutton pieces were not existent.

This looks like a outlet which is run by fake people.

Biryani and food items in traditional hotels like Paradise, Shah Ghouse, Mehfil, Shahdab, Bawarchi are really good. The tandoori chicken will normally be crisp on the outside and tender on the inside.

The service took a long time in coming. It looks like they are short of staff. People will go there by the name and feel bad. I feel the Pista house owners should look into quality and quantity issues. This outlet is making a fast buck in the Hitech area where floating population is heavy."
REV_03108_C30_A01,REV_03108_C30,REV_03108,Pista House,1.0,This looks like a outlet which is run by fake people,,,,,,No Aspect Opinion,descriptive_context,REV_03108_C27_A01,pending,,,,,,,"Factual narrative, procedural action, menu listing, or non-evaluative statement without opinion.",1140,1192,"Went for a team lunch. The place is opposite Care Hospital.

Ambiance

This place has normal ambiance as all the other Irani hotels. The problem is that there are a lot of Swiggy delivery boys and they waiting outside the door to collect their parcels. We felt bad sitting there while they were peering inside in the hot sun and us eating there.

Food quality

We ordered three items

1. Devils Chicken
: Chewy chicken coated. This was the best dish of the lot

2. Tandoori Chicken
: fully burnt, coated with ghee to hide the bad quality

3. Premium Biryani: This was really bad. When people go to a Irani style hotel, there are some expectations. We like Biriyani dum cooked. This particular Biriyani costed 650 and came in a slightly large bowl. Please be careful as this can only serve 3 people. The Rice was passable and the Biriyani was fully mixed..... Not the layering like it is supposed to be. It textured like a pulao with the masala . The chicken manchuri in it was cold and the coating had fallen off... You can tell that is was stale. The Chicken pieces were only bones. the mutton pieces were not existent.

This looks like a outlet which is run by fake people.

Biryani and food items in traditional hotels like Paradise, Shah Ghouse, Mehfil, Shahdab, Bawarchi are really good. The tandoori chicken will normally be crisp on the outside and tender on the inside.

The service took a long time in coming. It looks like they are short of staff. People will go there by the name and feel bad. I feel the Pista house owners should look into quality and quantity issues. This outlet is making a fast buck in the Hitech area where floating population is heavy."
REV_03108_C31_A01,REV_03108_C31,REV_03108,Pista House,1.0,"Biryani and food items in traditional hotels like Paradise, Shah Ghouse, Mehfil, Shahdab, Bawarchi are really good",Food,Biryani,good,Positive,Taste / Flavor,Annotated,primary_assertion,,pending,,,,,,,"Culinary evaluation (Positive) on food quality, taste, or portion.",1197,1311,"Went for a team lunch. The place is opposite Care Hospital.

Ambiance

This place has normal ambiance as all the other Irani hotels. The problem is that there are a lot of Swiggy delivery boys and they waiting outside the door to collect their parcels. We felt bad sitting there while they were peering inside in the hot sun and us eating there.

Food quality

We ordered three items

1. Devils Chicken
: Chewy chicken coated. This was the best dish of the lot

2. Tandoori Chicken
: fully burnt, coated with ghee to hide the bad quality

3. Premium Biryani: This was really bad. When people go to a Irani style hotel, there are some expectations. We like Biriyani dum cooked. This particular Biriyani costed 650 and came in a slightly large bowl. Please be careful as this can only serve 3 people. The Rice was passable and the Biriyani was fully mixed..... Not the layering like it is supposed to be. It textured like a pulao with the masala . The chicken manchuri in it was cold and the coating had fallen off... You can tell that is was stale. The Chicken pieces were only bones. the mutton pieces were not existent.

This looks like a outlet which is run by fake people.

Biryani and food items in traditional hotels like Paradise, Shah Ghouse, Mehfil, Shahdab, Bawarchi are really good. The tandoori chicken will normally be crisp on the outside and tender on the inside.

The service took a long time in coming. It looks like they are short of staff. People will go there by the name and feel bad. I feel the Pista house owners should look into quality and quantity issues. This outlet is making a fast buck in the Hitech area where floating population is heavy."
REV_03108_C32_A01,REV_03108_C32,REV_03108,Pista House,1.0,The tandoori chicken will normally be crisp on the outside and tender on the inside,Food,chicken,tender,Positive,Taste / Flavor,Annotated,primary_assertion,,pending,,,,,,,"Culinary evaluation (Positive) on food quality, taste, or portion.",1313,1396,"Went for a team lunch. The place is opposite Care Hospital.

Ambiance

This place has normal ambiance as all the other Irani hotels. The problem is that there are a lot of Swiggy delivery boys and they waiting outside the door to collect their parcels. We felt bad sitting there while they were peering inside in the hot sun and us eating there.

Food quality

We ordered three items

1. Devils Chicken
: Chewy chicken coated. This was the best dish of the lot

2. Tandoori Chicken
: fully burnt, coated with ghee to hide the bad quality

3. Premium Biryani: This was really bad. When people go to a Irani style hotel, there are some expectations. We like Biriyani dum cooked. This particular Biriyani costed 650 and came in a slightly large bowl. Please be careful as this can only serve 3 people. The Rice was passable and the Biriyani was fully mixed..... Not the layering like it is supposed to be. It textured like a pulao with the masala . The chicken manchuri in it was cold and the coating had fallen off... You can tell that is was stale. The Chicken pieces were only bones. the mutton pieces were not existent.

This looks like a outlet which is run by fake people.

Biryani and food items in traditional hotels like Paradise, Shah Ghouse, Mehfil, Shahdab, Bawarchi are really good. The tandoori chicken will normally be crisp on the outside and tender on the inside.

The service took a long time in coming. It looks like they are short of staff. People will go there by the name and feel bad. I feel the Pista house owners should look into quality and quantity issues. This outlet is making a fast buck in the Hitech area where floating population is heavy."
REV_03108_C33_A01,REV_03108_C33,REV_03108,Pista House,1.0,The service took a long time in coming,,,,,,No Aspect Opinion,descriptive_context,REV_03108_C32_A01,pending,,,,,,,"Factual narrative, procedural action, menu listing, or non-evaluative statement without opinion.",1401,1439,"Went for a team lunch. The place is opposite Care Hospital.

Ambiance

This place has normal ambiance as all the other Irani hotels. The problem is that there are a lot of Swiggy delivery boys and they waiting outside the door to collect their parcels. We felt bad sitting there while they were peering inside in the hot sun and us eating there.

Food quality

We ordered three items

1. Devils Chicken
: Chewy chicken coated. This was the best dish of the lot

2. Tandoori Chicken
: fully burnt, coated with ghee to hide the bad quality

3. Premium Biryani: This was really bad. When people go to a Irani style hotel, there are some expectations. We like Biriyani dum cooked. This particular Biriyani costed 650 and came in a slightly large bowl. Please be careful as this can only serve 3 people. The Rice was passable and the Biriyani was fully mixed..... Not the layering like it is supposed to be. It textured like a pulao with the masala . The chicken manchuri in it was cold and the coating had fallen off... You can tell that is was stale. The Chicken pieces were only bones. the mutton pieces were not existent.

This looks like a outlet which is run by fake people.

Biryani and food items in traditional hotels like Paradise, Shah Ghouse, Mehfil, Shahdab, Bawarchi are really good. The tandoori chicken will normally be crisp on the outside and tender on the inside.

The service took a long time in coming. It looks like they are short of staff. People will go there by the name and feel bad. I feel the Pista house owners should look into quality and quantity issues. This outlet is making a fast buck in the Hitech area where floating population is heavy."
REV_03108_C34_A01,REV_03108_C34,REV_03108,Pista House,1.0,It looks like they are short of staff,,,,,,No Aspect Opinion,descriptive_context,REV_03108_C32_A01,pending,,,,,,,"Factual narrative, procedural action, menu listing, or non-evaluative statement without opinion.",1441,1478,"Went for a team lunch. The place is opposite Care Hospital.

Ambiance

This place has normal ambiance as all the other Irani hotels. The problem is that there are a lot of Swiggy delivery boys and they waiting outside the door to collect their parcels. We felt bad sitting there while they were peering inside in the hot sun and us eating there.

Food quality

We ordered three items

1. Devils Chicken
: Chewy chicken coated. This was the best dish of the lot

2. Tandoori Chicken
: fully burnt, coated with ghee to hide the bad quality

3. Premium Biryani: This was really bad. When people go to a Irani style hotel, there are some expectations. We like Biriyani dum cooked. This particular Biriyani costed 650 and came in a slightly large bowl. Please be careful as this can only serve 3 people. The Rice was passable and the Biriyani was fully mixed..... Not the layering like it is supposed to be. It textured like a pulao with the masala . The chicken manchuri in it was cold and the coating had fallen off... You can tell that is was stale. The Chicken pieces were only bones. the mutton pieces were not existent.

This looks like a outlet which is run by fake people.

Biryani and food items in traditional hotels like Paradise, Shah Ghouse, Mehfil, Shahdab, Bawarchi are really good. The tandoori chicken will normally be crisp on the outside and tender on the inside.

The service took a long time in coming. It looks like they are short of staff. People will go there by the name and feel bad. I feel the Pista house owners should look into quality and quantity issues. This outlet is making a fast buck in the Hitech area where floating population is heavy."
REV_03108_C35_A01,REV_03108_C35,REV_03108,Pista House,1.0,People will go there by the name and feel bad,Food,,bad,Negative,Food quality,Annotated,primary_assertion,,pending,,,,,,,Negative evaluation targeting 'Food'.,1480,1525,"Went for a team lunch. The place is opposite Care Hospital.

Ambiance

This place has normal ambiance as all the other Irani hotels. The problem is that there are a lot of Swiggy delivery boys and they waiting outside the door to collect their parcels. We felt bad sitting there while they were peering inside in the hot sun and us eating there.

Food quality

We ordered three items

1. Devils Chicken
: Chewy chicken coated. This was the best dish of the lot

2. Tandoori Chicken
: fully burnt, coated with ghee to hide the bad quality

3. Premium Biryani: This was really bad. When people go to a Irani style hotel, there are some expectations. We like Biriyani dum cooked. This particular Biriyani costed 650 and came in a slightly large bowl. Please be careful as this can only serve 3 people. The Rice was passable and the Biriyani was fully mixed..... Not the layering like it is supposed to be. It textured like a pulao with the masala . The chicken manchuri in it was cold and the coating had fallen off... You can tell that is was stale. The Chicken pieces were only bones. the mutton pieces were not existent.

This looks like a outlet which is run by fake people.

Biryani and food items in traditional hotels like Paradise, Shah Ghouse, Mehfil, Shahdab, Bawarchi are really good. The tandoori chicken will normally be crisp on the outside and tender on the inside.

The service took a long time in coming. It looks like they are short of staff. People will go there by the name and feel bad. I feel the Pista house owners should look into quality and quantity issues. This outlet is making a fast buck in the Hitech area where floating population is heavy."
REV_03108_C36_A01,REV_03108_C36,REV_03108,Pista House,1.0,I feel the Pista house owners should look into quality and quantity issues,Food,quantity,,Positive,Portion size,Annotated,primary_assertion,,pending,,,,,,,"Culinary evaluation (Positive) on food quality, taste, or portion.",1527,1601,"Went for a team lunch. The place is opposite Care Hospital.

Ambiance

This place has normal ambiance as all the other Irani hotels. The problem is that there are a lot of Swiggy delivery boys and they waiting outside the door to collect their parcels. We felt bad sitting there while they were peering inside in the hot sun and us eating there.

Food quality

We ordered three items

1. Devils Chicken
: Chewy chicken coated. This was the best dish of the lot

2. Tandoori Chicken
: fully burnt, coated with ghee to hide the bad quality

3. Premium Biryani: This was really bad. When people go to a Irani style hotel, there are some expectations. We like Biriyani dum cooked. This particular Biriyani costed 650 and came in a slightly large bowl. Please be careful as this can only serve 3 people. The Rice was passable and the Biriyani was fully mixed..... Not the layering like it is supposed to be. It textured like a pulao with the masala . The chicken manchuri in it was cold and the coating had fallen off... You can tell that is was stale. The Chicken pieces were only bones. the mutton pieces were not existent.

This looks like a outlet which is run by fake people.

Biryani and food items in traditional hotels like Paradise, Shah Ghouse, Mehfil, Shahdab, Bawarchi are really good. The tandoori chicken will normally be crisp on the outside and tender on the inside.

The service took a long time in coming. It looks like they are short of staff. People will go there by the name and feel bad. I feel the Pista house owners should look into quality and quantity issues. This outlet is making a fast buck in the Hitech area where floating population is heavy."
REV_03108_C37_A01,REV_03108_C37,REV_03108,Pista House,1.0,This outlet is making a fast buck in the Hitech area where floating population is heavy,Price / Value,,fast buck,Negative,Pricing / Overpriced,Annotated,primary_assertion,,pending,,,,,,,Pricing / financial evaluation (Negative).,1603,1690,"Went for a team lunch. The place is opposite Care Hospital.

Ambiance

This place has normal ambiance as all the other Irani hotels. The problem is that there are a lot of Swiggy delivery boys and they waiting outside the door to collect their parcels. We felt bad sitting there while they were peering inside in the hot sun and us eating there.

Food quality

We ordered three items

1. Devils Chicken
: Chewy chicken coated. This was the best dish of the lot

2. Tandoori Chicken
: fully burnt, coated with ghee to hide the bad quality

3. Premium Biryani: This was really bad. When people go to a Irani style hotel, there are some expectations. We like Biriyani dum cooked. This particular Biriyani costed 650 and came in a slightly large bowl. Please be careful as this can only serve 3 people. The Rice was passable and the Biriyani was fully mixed..... Not the layering like it is supposed to be. It textured like a pulao with the masala . The chicken manchuri in it was cold and the coating had fallen off... You can tell that is was stale. The Chicken pieces were only bones. the mutton pieces were not existent.

This looks like a outlet which is run by fake people.

Biryani and food items in traditional hotels like Paradise, Shah Ghouse, Mehfil, Shahdab, Bawarchi are really good. The tandoori chicken will normally be crisp on the outside and tender on the inside.

The service took a long time in coming. It looks like they are short of staff. People will go there by the name and feel bad. I feel the Pista house owners should look into quality and quantity issues. This outlet is making a fast buck in the Hitech area where floating population is heavy."
REV_03218_C01_A01,REV_03218_C01,REV_03218,Marsala Food Company,2.0,They're just degrading the quality of mandi day by day,,,,,,No Aspect Opinion,independent,,pending,,,,,,,"Factual narrative, procedural action, menu listing, or non-evaluative statement without opinion.",0,54,They're just degrading the quality of mandi day by day.. really need to take a look into this and improve on both quality and quantity of pieces instead of just increasing prices in the menu
REV_03218_C02_A01,REV_03218_C02,REV_03218,Marsala Food Company,2.0,really need to take a look into this and improve on both quality and quantity of pieces instead of just increasing prices in the menu,Food,quantity,,Positive,Portion size,Annotated,primary_assertion,,pending,,,,,,,"Culinary evaluation (Positive) on food quality, taste, or portion.",57,190,They're just degrading the quality of mandi day by day.. really need to take a look into this and improve on both quality and quantity of pieces instead of just increasing prices in the menu
REV_03272_C01_A01,REV_03272_C01,REV_03272,Club Rogue,3.0,You like crowd,,,,,,No Aspect Opinion,independent,,pending,,,,,,,"Factual narrative, procedural action, menu listing, or non-evaluative statement without opinion.",0,14,"You like crowd?!
like really big crowd ?! Then this is the place you should go!! Also drinks are so cheap here!

Service was okay for me, nothing worth mentioning!
Music wasn’t that good! Just loud!
Not so great food!

You got the good and bad about this place!!
you decide whether to go or not :)"
REV_03272_C02_A01,REV_03272_C02,REV_03272,Club Rogue,3.0,like really big crowd,,,,,,No Aspect Opinion,independent,,pending,,,,,,,"Factual narrative, procedural action, menu listing, or non-evaluative statement without opinion.",18,39,"You like crowd?!
like really big crowd ?! Then this is the place you should go!! Also drinks are so cheap here!

Service was okay for me, nothing worth mentioning!
Music wasn’t that good! Just loud!
Not so great food!

You got the good and bad about this place!!
you decide whether to go or not :)"
REV_03272_C03_A01,REV_03272_C03,REV_03272,Club Rogue,3.0,Then this is the place you should go,,,,,,No Aspect Opinion,independent,,pending,,,,,,,"Factual narrative, procedural action, menu listing, or non-evaluative statement without opinion.",43,79,"You like crowd?!
like really big crowd ?! Then this is the place you should go!! Also drinks are so cheap here!

Service was okay for me, nothing worth mentioning!
Music wasn’t that good! Just loud!
Not so great food!

You got the good and bad about this place!!
you decide whether to go or not :)"
REV_03272_C04_A01,REV_03272_C04,REV_03272,Club Rogue,3.0,Also drinks are so cheap here,Price / Value,,cheap,Positive,Pricing / Overpriced,Annotated,primary_assertion,,pending,,,,,,,Pricing / financial evaluation (Positive).,82,111,"You like crowd?!
like really big crowd ?! Then this is the place you should go!! Also drinks are so cheap here!

Service was okay for me, nothing worth mentioning!
Music wasn’t that good! Just loud!
Not so great food!

You got the good and bad about this place!!
you decide whether to go or not :)"
REV_03272_C05_A01,REV_03272_C05,REV_03272,Club Rogue,3.0,"Service was okay for me, nothing worth mentioning",Service,Service,Service was okay,Neutral,Staff courtesy,Annotated,primary_assertion,,pending,,,,,,,Service evaluation (Neutral) targeting staff hospitality or turnaround.,116,165,"You like crowd?!
like really big crowd ?! Then this is the place you should go!! Also drinks are so cheap here!

Service was okay for me, nothing worth mentioning!
Music wasn’t that good! Just loud!
Not so great food!

You got the good and bad about this place!!
you decide whether to go or not :)"
REV_03272_C06_A01,REV_03272_C06,REV_03272,Club Rogue,3.0,Music wasn’t that good,Ambience,Music,good,Positive,Music / Noise level,Annotated,primary_assertion,,pending,,,,,,,Ambience evaluation (Positive) regarding environment or facilities.,168,190,"You like crowd?!
like really big crowd ?! Then this is the place you should go!! Also drinks are so cheap here!

Service was okay for me, nothing worth mentioning!
Music wasn’t that good! Just loud!
Not so great food!

You got the good and bad about this place!!
you decide whether to go or not :)"
REV_03272_C07_A01,REV_03272_C07,REV_03272,Club Rogue,3.0,Just loud,,,,,,No Aspect Opinion,descriptive_context,REV_03272_C06_A01,pending,,,,,,,"Factual narrative, procedural action, menu listing, or non-evaluative statement without opinion.",192,201,"You like crowd?!
like really big crowd ?! Then this is the place you should go!! Also drinks are so cheap here!

Service was okay for me, nothing worth mentioning!
Music wasn’t that good! Just loud!
Not so great food!

You got the good and bad about this place!!
you decide whether to go or not :)"
REV_03272_C08_A01,REV_03272_C08,REV_03272,Club Rogue,3.0,Not so great food,Food,food,great,Positive,Taste / Flavor,Annotated,primary_assertion,,pending,,,,,,,"Culinary evaluation (Positive) on food quality, taste, or portion.",204,221,"You like crowd?!
like really big crowd ?! Then this is the place you should go!! Also drinks are so cheap here!

Service was okay for me, nothing worth mentioning!
Music wasn’t that good! Just loud!
Not so great food!

You got the good and bad about this place!!
you decide whether to go or not :)"
REV_03272_C09_A01,REV_03272_C09,REV_03272,Club Rogue,3.0,You got the good and bad about this place,Ambience,place,good,Positive,Atmosphere,Annotated,primary_assertion,,pending,,,,,,,Ambience evaluation (Positive) regarding environment or facilities.,226,267,"You like crowd?!
like really big crowd ?! Then this is the place you should go!! Also drinks are so cheap here!

Service was okay for me, nothing worth mentioning!
Music wasn’t that good! Just loud!
Not so great food!

You got the good and bad about this place!!
you decide whether to go or not :)"
REV_03272_C10_A01,REV_03272_C10,REV_03272,Club Rogue,3.0,you decide whether to go or not :),,,,,,No Aspect Opinion,descriptive_context,REV_03272_C09_A01,pending,,,,,,,"Factual narrative, procedural action, menu listing, or non-evaluative statement without opinion.",271,305,"You like crowd?!
like really big crowd ?! Then this is the place you should go!! Also drinks are so cheap here!

Service was okay for me, nothing worth mentioning!
Music wasn’t that good! Just loud!
Not so great food!

You got the good and bad about this place!!
you decide whether to go or not :)"
REV_03420_C01_A01,REV_03420_C01,REV_03420,Mazzo - Marriott Executive Apartments,4.0,Hyderabad's best rooftop as of now,,,,,,No Aspect Opinion,independent,,pending,,,,,,,"Factual narrative, procedural action, menu listing, or non-evaluative statement without opinion.",0,34,"Hyderabad's best rooftop as of now. With an unparalleled ambience, Mazzo is hands down the prettiest pool side eatery I have visited in town. Evenings here are absolutely beautiful, sunrises and sunsets are magical. Open 24/7 this rooftop will have you falling in love all around the year.

Ive tried their Sunday brunch. And it's an experience you don't want to miss. I won't exaggerate, the food isn't out of this world. It's decent. A respectable salad bar"
REV_03420_C02_A01,REV_03420_C02,REV_03420,Mazzo - Marriott Executive Apartments,4.0,"With an unparalleled ambience, Mazzo is hands down the prettiest pool side eatery I have visited in town",,,,,,No Aspect Opinion,independent,,pending,,,,,,,"Factual narrative, procedural action, menu listing, or non-evaluative statement without opinion.",36,140,"Hyderabad's best rooftop as of now. With an unparalleled ambience, Mazzo is hands down the prettiest pool side eatery I have visited in town. Evenings here are absolutely beautiful, sunrises and sunsets are magical. Open 24/7 this rooftop will have you falling in love all around the year.

Ive tried their Sunday brunch. And it's an experience you don't want to miss. I won't exaggerate, the food isn't out of this world. It's decent. A respectable salad bar"
REV_03420_C03_A01,REV_03420_C03,REV_03420,Mazzo - Marriott Executive Apartments,4.0,"Evenings here are absolutely beautiful, sunrises and sunsets are magical",,,,,,No Aspect Opinion,independent,,pending,,,,,,,"Factual narrative, procedural action, menu listing, or non-evaluative statement without opinion.",142,214,"Hyderabad's best rooftop as of now. With an unparalleled ambience, Mazzo is hands down the prettiest pool side eatery I have visited in town. Evenings here are absolutely beautiful, sunrises and sunsets are magical. Open 24/7 this rooftop will have you falling in love all around the year.

Ive tried their Sunday brunch. And it's an experience you don't want to miss. I won't exaggerate, the food isn't out of this world. It's decent. A respectable salad bar"
REV_03420_C04_A01,REV_03420_C04,REV_03420,Mazzo - Marriott Executive Apartments,4.0,Open 24/7 this rooftop will have you falling in love all around the year,General Experience,,falling in love,Positive,Overall Impression,Annotated,primary_assertion,,pending,,,,,,,Holistic evaluation of the restaurant / visit (Positive).,216,288,"Hyderabad's best rooftop as of now. With an unparalleled ambience, Mazzo is hands down the prettiest pool side eatery I have visited in town. Evenings here are absolutely beautiful, sunrises and sunsets are magical. Open 24/7 this rooftop will have you falling in love all around the year.

Ive tried their Sunday brunch. And it's an experience you don't want to miss. I won't exaggerate, the food isn't out of this world. It's decent. A respectable salad bar"
REV_03420_C05_A01,REV_03420_C05,REV_03420,Mazzo - Marriott Executive Apartments,4.0,Ive tried their Sunday brunch,,,,,,No Aspect Opinion,descriptive_context,REV_03420_C04_A01,pending,,,,,,,"Factual narrative, procedural action, menu listing, or non-evaluative statement without opinion.",293,322,"Hyderabad's best rooftop as of now. With an unparalleled ambience, Mazzo is hands down the prettiest pool side eatery I have visited in town. Evenings here are absolutely beautiful, sunrises and sunsets are magical. Open 24/7 this rooftop will have you falling in love all around the year.

Ive tried their Sunday brunch. And it's an experience you don't want to miss. I won't exaggerate, the food isn't out of this world. It's decent. A respectable salad bar"
REV_03420_C06_A01,REV_03420_C06,REV_03420,Mazzo - Marriott Executive Apartments,4.0,And it's an experience you don't want to miss,,,,,,No Aspect Opinion,descriptive_context,REV_03420_C04_A01,pending,,,,,,,"Factual narrative, procedural action, menu listing, or non-evaluative statement without opinion.",324,369,"Hyderabad's best rooftop as of now. With an unparalleled ambience, Mazzo is hands down the prettiest pool side eatery I have visited in town. Evenings here are absolutely beautiful, sunrises and sunsets are magical. Open 24/7 this rooftop will have you falling in love all around the year.

Ive tried their Sunday brunch. And it's an experience you don't want to miss. I won't exaggerate, the food isn't out of this world. It's decent. A respectable salad bar"
REV_03420_C07_A01,REV_03420_C07,REV_03420,Mazzo - Marriott Executive Apartments,4.0,I won't exaggerate,,,,,,No Aspect Opinion,descriptive_context,REV_03420_C04_A01,pending,,,,,,,"Factual narrative, procedural action, menu listing, or non-evaluative statement without opinion.",371,389,"Hyderabad's best rooftop as of now. With an unparalleled ambience, Mazzo is hands down the prettiest pool side eatery I have visited in town. Evenings here are absolutely beautiful, sunrises and sunsets are magical. Open 24/7 this rooftop will have you falling in love all around the year.

Ive tried their Sunday brunch. And it's an experience you don't want to miss. I won't exaggerate, the food isn't out of this world. It's decent. A respectable salad bar"
REV_03420_C08_A01,REV_03420_C08,REV_03420,Mazzo - Marriott Executive Apartments,4.0,the food isn't out of this world,,,,,,No Aspect Opinion,descriptive_context,REV_03420_C04_A01,pending,,,,,,,"Factual narrative, procedural action, menu listing, or non-evaluative statement without opinion.",391,423,"Hyderabad's best rooftop as of now. With an unparalleled ambience, Mazzo is hands down the prettiest pool side eatery I have visited in town. Evenings here are absolutely beautiful, sunrises and sunsets are magical. Open 24/7 this rooftop will have you falling in love all around the year.

Ive tried their Sunday brunch. And it's an experience you don't want to miss. I won't exaggerate, the food isn't out of this world. It's decent. A respectable salad bar"
REV_03420_C09_A01,REV_03420_C09,REV_03420,Mazzo - Marriott Executive Apartments,4.0,It's decent,Food,,decent,Positive,Taste / Flavor,Annotated,primary_assertion,,pending,,,,,,,"Culinary evaluation (Positive) on food quality, taste, or portion.",425,436,"Hyderabad's best rooftop as of now. With an unparalleled ambience, Mazzo is hands down the prettiest pool side eatery I have visited in town. Evenings here are absolutely beautiful, sunrises and sunsets are magical. Open 24/7 this rooftop will have you falling in love all around the year.

Ive tried their Sunday brunch. And it's an experience you don't want to miss. I won't exaggerate, the food isn't out of this world. It's decent. A respectable salad bar"
REV_03420_C10_A01,REV_03420_C10,REV_03420,Mazzo - Marriott Executive Apartments,4.0,A respectable salad bar,,,,,,No Aspect Opinion,descriptive_context,REV_03420_C09_A01,pending,,,,,,,"Factual narrative, procedural action, menu listing, or non-evaluative statement without opinion.",438,461,"Hyderabad's best rooftop as of now. With an unparalleled ambience, Mazzo is hands down the prettiest pool side eatery I have visited in town. Evenings here are absolutely beautiful, sunrises and sunsets are magical. Open 24/7 this rooftop will have you falling in love all around the year.

Ive tried their Sunday brunch. And it's an experience you don't want to miss. I won't exaggerate, the food isn't out of this world. It's decent. A respectable salad bar"
REV_03504_C01_A01,REV_03504_C01,REV_03504,Green Bawarchi Restaurant,3.0,good and tasty,Food,,good,Positive,Taste / Flavor,Annotated,primary_assertion,,pending,,,,,,,"Culinary evaluation (Positive) on food quality, taste, or portion.",0,14,good and tasty
REV_03627_C01_A01,REV_03627_C01,REV_03627,Banana Leaf Multicuisine Restaurant,1.0,food was bad,Food,food,bad,Negative,Taste / Flavor,Annotated,primary_assertion,,pending,,,,,,,"Culinary evaluation (Negative) on food quality, taste, or portion.",0,12,food was bad..and very less in quantity
REV_03627_C02_A01,REV_03627_C02,REV_03627,Banana Leaf Multicuisine Restaurant,1.0,and very less in quantity,Food,quantity,,Negative,Portion size,Annotated,primary_assertion,,pending,,,,,,,"Culinary evaluation (Negative) on food quality, taste, or portion.",14,39,food was bad..and very less in quantity
REV_03711_C01_A01,REV_03711_C01,REV_03711,Kritunga Restaurant,5.0,very quick delivery,Service,delivery,quick,Positive,Delivery Speed,Annotated,primary_assertion,,pending,,,,,,,Service evaluation (Positive) targeting staff hospitality or turnaround.,0,19,very quick delivery..
REV_03745_C01_A01,REV_03745_C01,REV_03745,The Glass Onion,2.0,We visited the restaurant yesterday,,,,,,No Aspect Opinion,independent,,pending,,,,,,,"Factual narrative, procedural action, menu listing, or non-evaluative statement without opinion.",0,35,"We visited the restaurant yesterday. We got outside table as all insides were reserved. Being 42 degrees outside, they only had fans running in such upscale restaurant and mist fans. They are charging 1400 RS for buffet and is considered upscale restaurant. Quite amazed on how upscale restaurants cannot afford coolers. Felt bad for waiters also as they were fully sweating and running around..I had same experience few months back. We went in th evening and it rained. We took the outside seating due to nice weather plus all the water was gushing inside and they had nothing to prevent that. I liked the food here but if management can't simply think abt service, I am sure we can figure out other places to eat."
REV_03745_C02_A01,REV_03745_C02,REV_03745,The Glass Onion,2.0,We got outside table as all insides were reserved,,,,,,No Aspect Opinion,independent,,pending,,,,,,,"Factual narrative, procedural action, menu listing, or non-evaluative statement without opinion.",37,86,"We visited the restaurant yesterday. We got outside table as all insides were reserved. Being 42 degrees outside, they only had fans running in such upscale restaurant and mist fans. They are charging 1400 RS for buffet and is considered upscale restaurant. Quite amazed on how upscale restaurants cannot afford coolers. Felt bad for waiters also as they were fully sweating and running around..I had same experience few months back. We went in th evening and it rained. We took the outside seating due to nice weather plus all the water was gushing inside and they had nothing to prevent that. I liked the food here but if management can't simply think abt service, I am sure we can figure out other places to eat."
REV_03745_C03_A01,REV_03745_C03,REV_03745,The Glass Onion,2.0,"Being 42 degrees outside, they only had fans running in such upscale restaurant and mist fans",,,,,,No Aspect Opinion,independent,,pending,,,,,,,"Factual narrative, procedural action, menu listing, or non-evaluative statement without opinion.",88,181,"We visited the restaurant yesterday. We got outside table as all insides were reserved. Being 42 degrees outside, they only had fans running in such upscale restaurant and mist fans. They are charging 1400 RS for buffet and is considered upscale restaurant. Quite amazed on how upscale restaurants cannot afford coolers. Felt bad for waiters also as they were fully sweating and running around..I had same experience few months back. We went in th evening and it rained. We took the outside seating due to nice weather plus all the water was gushing inside and they had nothing to prevent that. I liked the food here but if management can't simply think abt service, I am sure we can figure out other places to eat."
REV_03745_C04_A01,REV_03745_C04,REV_03745,The Glass Onion,2.0,They are charging 1400 RS for buffet and is considered upscale restaurant,,,,,,No Aspect Opinion,independent,,pending,,,,,,,"Factual narrative, procedural action, menu listing, or non-evaluative statement without opinion.",183,256,"We visited the restaurant yesterday. We got outside table as all insides were reserved. Being 42 degrees outside, they only had fans running in such upscale restaurant and mist fans. They are charging 1400 RS for buffet and is considered upscale restaurant. Quite amazed on how upscale restaurants cannot afford coolers. Felt bad for waiters also as they were fully sweating and running around..I had same experience few months back. We went in th evening and it rained. We took the outside seating due to nice weather plus all the water was gushing inside and they had nothing to prevent that. I liked the food here but if management can't simply think abt service, I am sure we can figure out other places to eat."
REV_03745_C05_A01,REV_03745_C05,REV_03745,The Glass Onion,2.0,Quite amazed on how upscale restaurants cannot afford coolers,,,,,,No Aspect Opinion,independent,,pending,,,,,,,"Factual narrative, procedural action, menu listing, or non-evaluative statement without opinion.",258,319,"We visited the restaurant yesterday. We got outside table as all insides were reserved. Being 42 degrees outside, they only had fans running in such upscale restaurant and mist fans. They are charging 1400 RS for buffet and is considered upscale restaurant. Quite amazed on how upscale restaurants cannot afford coolers. Felt bad for waiters also as they were fully sweating and running around..I had same experience few months back. We went in th evening and it rained. We took the outside seating due to nice weather plus all the water was gushing inside and they had nothing to prevent that. I liked the food here but if management can't simply think abt service, I am sure we can figure out other places to eat."
REV_03745_C06_A01,REV_03745_C06,REV_03745,The Glass Onion,2.0,Felt bad for waiters also as they were fully sweating and running around,Service,waiters,,Negative,Staff courtesy,Annotated,primary_assertion,,pending,,,,,,,Service evaluation (Negative) targeting staff hospitality or turnaround.,321,393,"We visited the restaurant yesterday. We got outside table as all insides were reserved. Being 42 degrees outside, they only had fans running in such upscale restaurant and mist fans. They are charging 1400 RS for buffet and is considered upscale restaurant. Quite amazed on how upscale restaurants cannot afford coolers. Felt bad for waiters also as they were fully sweating and running around..I had same experience few months back. We went in th evening and it rained. We took the outside seating due to nice weather plus all the water was gushing inside and they had nothing to prevent that. I liked the food here but if management can't simply think abt service, I am sure we can figure out other places to eat."
REV_03745_C07_A01,REV_03745_C07,REV_03745,The Glass Onion,2.0,I had same experience few months back,,,,,,No Aspect Opinion,descriptive_context,REV_03745_C06_A01,pending,,,,,,,"Factual narrative, procedural action, menu listing, or non-evaluative statement without opinion.",395,432,"We visited the restaurant yesterday. We got outside table as all insides were reserved. Being 42 degrees outside, they only had fans running in such upscale restaurant and mist fans. They are charging 1400 RS for buffet and is considered upscale restaurant. Quite amazed on how upscale restaurants cannot afford coolers. Felt bad for waiters also as they were fully sweating and running around..I had same experience few months back. We went in th evening and it rained. We took the outside seating due to nice weather plus all the water was gushing inside and they had nothing to prevent that. I liked the food here but if management can't simply think abt service, I am sure we can figure out other places to eat."
REV_03745_C08_A01,REV_03745_C08,REV_03745,The Glass Onion,2.0,We went in th evening and it rained,,,,,,No Aspect Opinion,descriptive_context,REV_03745_C06_A01,pending,,,,,,,"Factual narrative, procedural action, menu listing, or non-evaluative statement without opinion.",434,469,"We visited the restaurant yesterday. We got outside table as all insides were reserved. Being 42 degrees outside, they only had fans running in such upscale restaurant and mist fans. They are charging 1400 RS for buffet and is considered upscale restaurant. Quite amazed on how upscale restaurants cannot afford coolers. Felt bad for waiters also as they were fully sweating and running around..I had same experience few months back. We went in th evening and it rained. We took the outside seating due to nice weather plus all the water was gushing inside and they had nothing to prevent that. I liked the food here but if management can't simply think abt service, I am sure we can figure out other places to eat."
REV_03745_C09_A01,REV_03745_C09,REV_03745,The Glass Onion,2.0,We took the outside seating due to nice weather plus all the water was gushing inside and they had nothing to prevent that,Ambience,seating,nice,Positive,Atmosphere,Annotated,primary_assertion,,pending,,,,,,,Ambience evaluation (Positive) regarding environment or facilities.,471,593,"We visited the restaurant yesterday. We got outside table as all insides were reserved. Being 42 degrees outside, they only had fans running in such upscale restaurant and mist fans. They are charging 1400 RS for buffet and is considered upscale restaurant. Quite amazed on how upscale restaurants cannot afford coolers. Felt bad for waiters also as they were fully sweating and running around..I had same experience few months back. We went in th evening and it rained. We took the outside seating due to nice weather plus all the water was gushing inside and they had nothing to prevent that. I liked the food here but if management can't simply think abt service, I am sure we can figure out other places to eat."
REV_03745_C10_A01,REV_03745_C10,REV_03745,The Glass Onion,2.0,I liked the food here,Food,food,liked,Positive,Food quality,Annotated,primary_assertion,,pending,,,,,,,Positive appraisal targeting 'food'.,595,616,"We visited the restaurant yesterday. We got outside table as all insides were reserved. Being 42 degrees outside, they only had fans running in such upscale restaurant and mist fans. They are charging 1400 RS for buffet and is considered upscale restaurant. Quite amazed on how upscale restaurants cannot afford coolers. Felt bad for waiters also as they were fully sweating and running around..I had same experience few months back. We went in th evening and it rained. We took the outside seating due to nice weather plus all the water was gushing inside and they had nothing to prevent that. I liked the food here but if management can't simply think abt service, I am sure we can figure out other places to eat."
REV_03745_C11_A01,REV_03745_C11,REV_03745,The Glass Onion,2.0,"if management can't simply think abt service, I am sure we can figure out other places to eat",,,,,,No Aspect Opinion,descriptive_context,REV_03745_C10_A01,pending,,,,,,,"Factual narrative, procedural action, menu listing, or non-evaluative statement without opinion.",621,714,"We visited the restaurant yesterday. We got outside table as all insides were reserved. Being 42 degrees outside, they only had fans running in such upscale restaurant and mist fans. They are charging 1400 RS for buffet and is considered upscale restaurant. Quite amazed on how upscale restaurants cannot afford coolers. Felt bad for waiters also as they were fully sweating and running around..I had same experience few months back. We went in th evening and it rained. We took the outside seating due to nice weather plus all the water was gushing inside and they had nothing to prevent that. I liked the food here but if management can't simply think abt service, I am sure we can figure out other places to eat."
REV_03913_C01_A01,REV_03913_C01,REV_03913,Deli 9 Bistro,4.0,"The best part about this place was the ambiance, music was cool with very friendly staff",Service,staff,friendly,Positive,Staff courtesy,Annotated,primary_assertion,,pending,,,,,,,Service evaluation (Positive) targeting staff hospitality or turnaround.,0,88,"The best part about this place was the ambiance, music was cool with very friendly staff. Was there with a friend and ordered a lamb burger which was small in size, and not worth the amount but at the same time it was really tasty!"
REV_03913_C02_A01,REV_03913_C02,REV_03913,Deli 9 Bistro,4.0,Was there with a friend and ordered a lamb burger which was small in size,,,,,,No Aspect Opinion,descriptive_context,REV_03913_C01_A01,pending,,,,,,,"Factual narrative, procedural action, menu listing, or non-evaluative statement without opinion.",90,163,"The best part about this place was the ambiance, music was cool with very friendly staff. Was there with a friend and ordered a lamb burger which was small in size, and not worth the amount but at the same time it was really tasty!"
REV_03913_C03_A01,REV_03913_C03,REV_03913,Deli 9 Bistro,4.0,and not worth the amount,Price / Value,,not worth,Negative,Value for money,Annotated,primary_assertion,,pending,,,,,,,Pricing / financial evaluation (Negative).,165,189,"The best part about this place was the ambiance, music was cool with very friendly staff. Was there with a friend and ordered a lamb burger which was small in size, and not worth the amount but at the same time it was really tasty!"
REV_03913_C04_A01,REV_03913_C04,REV_03913,Deli 9 Bistro,4.0,at the same time it was really tasty,Food,,,Positive,Taste / Flavor,Annotated,primary_assertion,,pending,,,,,,,"Culinary evaluation (Positive) on food quality, taste, or portion.",194,230,"The best part about this place was the ambiance, music was cool with very friendly staff. Was there with a friend and ordered a lamb burger which was small in size, and not worth the amount but at the same time it was really tasty!"
REV_03965_C01_A01,REV_03965_C01,REV_03965,Frio Bistro,5.0,Well if atall I am in Gachibowli area in lunch times or dinner times,,,,,,No Aspect Opinion,independent,,pending,,,,,,,"Factual narrative, procedural action, menu listing, or non-evaluative statement without opinion.",0,68,"Well if atall I am in Gachibowli area in lunch times or dinner times...my mind like a magnet asks me to get into this cozy bistro. Each thin slices of pizza wid toppings of olive oil and chilli flakes is all you need for your mid day motivation.
Have been to this place couple of times and Everytime tried something new in veg. But pizza has been a constant one. The Spanish rice too has a very authentic taste and was in competition to the pizza to give ultimate pleasure to tell taste buds. These two dishes have been my favorite and most recommend tough have tried other dishes as well.
A friendly staff and zomato gold is a value addition to this place.
Review#2 my regular visits to this place made me increase the rating from 4 to 5.
I have been to pizza events where the restaurants where claiming that it's the best pizza in town or money back .
Tough I did claim the money back as I feel the best pizza in town is what you get here.
Zomato gold is always an add on benifit .
Every time I go to this place...I come out happy tummy n happy soul .."
REV_03965_C02_A01,REV_03965_C02,REV_03965,Frio Bistro,5.0,my mind like a magnet asks me to get into this cozy bistro,,,,,,No Aspect Opinion,independent,,pending,,,,,,,"Factual narrative, procedural action, menu listing, or non-evaluative statement without opinion.",71,129,"Well if atall I am in Gachibowli area in lunch times or dinner times...my mind like a magnet asks me to get into this cozy bistro. Each thin slices of pizza wid toppings of olive oil and chilli flakes is all you need for your mid day motivation.
Have been to this place couple of times and Everytime tried something new in veg. But pizza has been a constant one. The Spanish rice too has a very authentic taste and was in competition to the pizza to give ultimate pleasure to tell taste buds. These two dishes have been my favorite and most recommend tough have tried other dishes as well.
A friendly staff and zomato gold is a value addition to this place.
Review#2 my regular visits to this place made me increase the rating from 4 to 5.
I have been to pizza events where the restaurants where claiming that it's the best pizza in town or money back .
Tough I did claim the money back as I feel the best pizza in town is what you get here.
Zomato gold is always an add on benifit .
Every time I go to this place...I come out happy tummy n happy soul .."
REV_03965_C03_A01,REV_03965_C03,REV_03965,Frio Bistro,5.0,Each thin slices of pizza wid toppings of olive oil and chilli flakes is all you need for your mid day motivation,,,,,,No Aspect Opinion,independent,,pending,,,,,,,"Factual narrative, procedural action, menu listing, or non-evaluative statement without opinion.",131,244,"Well if atall I am in Gachibowli area in lunch times or dinner times...my mind like a magnet asks me to get into this cozy bistro. Each thin slices of pizza wid toppings of olive oil and chilli flakes is all you need for your mid day motivation.
Have been to this place couple of times and Everytime tried something new in veg. But pizza has been a constant one. The Spanish rice too has a very authentic taste and was in competition to the pizza to give ultimate pleasure to tell taste buds. These two dishes have been my favorite and most recommend tough have tried other dishes as well.
A friendly staff and zomato gold is a value addition to this place.
Review#2 my regular visits to this place made me increase the rating from 4 to 5.
I have been to pizza events where the restaurants where claiming that it's the best pizza in town or money back .
Tough I did claim the money back as I feel the best pizza in town is what you get here.
Zomato gold is always an add on benifit .
Every time I go to this place...I come out happy tummy n happy soul .."
REV_03965_C04_A01,REV_03965_C04,REV_03965,Frio Bistro,5.0,Have been to this place couple of times and Everytime tried something new in veg,,,,,,No Aspect Opinion,independent,,pending,,,,,,,"Factual narrative, procedural action, menu listing, or non-evaluative statement without opinion.",247,327,"Well if atall I am in Gachibowli area in lunch times or dinner times...my mind like a magnet asks me to get into this cozy bistro. Each thin slices of pizza wid toppings of olive oil and chilli flakes is all you need for your mid day motivation.
Have been to this place couple of times and Everytime tried something new in veg. But pizza has been a constant one. The Spanish rice too has a very authentic taste and was in competition to the pizza to give ultimate pleasure to tell taste buds. These two dishes have been my favorite and most recommend tough have tried other dishes as well.
A friendly staff and zomato gold is a value addition to this place.
Review#2 my regular visits to this place made me increase the rating from 4 to 5.
I have been to pizza events where the restaurants where claiming that it's the best pizza in town or money back .
Tough I did claim the money back as I feel the best pizza in town is what you get here.
Zomato gold is always an add on benifit .
Every time I go to this place...I come out happy tummy n happy soul .."
REV_03965_C05_A01,REV_03965_C05,REV_03965,Frio Bistro,5.0,But pizza has been a constant one,,,,,,No Aspect Opinion,independent,,pending,,,,,,,"Factual narrative, procedural action, menu listing, or non-evaluative statement without opinion.",329,362,"Well if atall I am in Gachibowli area in lunch times or dinner times...my mind like a magnet asks me to get into this cozy bistro. Each thin slices of pizza wid toppings of olive oil and chilli flakes is all you need for your mid day motivation.
Have been to this place couple of times and Everytime tried something new in veg. But pizza has been a constant one. The Spanish rice too has a very authentic taste and was in competition to the pizza to give ultimate pleasure to tell taste buds. These two dishes have been my favorite and most recommend tough have tried other dishes as well.
A friendly staff and zomato gold is a value addition to this place.
Review#2 my regular visits to this place made me increase the rating from 4 to 5.
I have been to pizza events where the restaurants where claiming that it's the best pizza in town or money back .
Tough I did claim the money back as I feel the best pizza in town is what you get here.
Zomato gold is always an add on benifit .
Every time I go to this place...I come out happy tummy n happy soul .."
REV_03965_C06_A01,REV_03965_C06,REV_03965,Frio Bistro,5.0,The Spanish rice too has a very authentic taste and was in competition to the pizza to give ultimate pleasure to tell taste buds,,,,,,No Aspect Opinion,independent,,pending,,,,,,,"Factual narrative, procedural action, menu listing, or non-evaluative statement without opinion.",364,492,"Well if atall I am in Gachibowli area in lunch times or dinner times...my mind like a magnet asks me to get into this cozy bistro. Each thin slices of pizza wid toppings of olive oil and chilli flakes is all you need for your mid day motivation.
Have been to this place couple of times and Everytime tried something new in veg. But pizza has been a constant one. The Spanish rice too has a very authentic taste and was in competition to the pizza to give ultimate pleasure to tell taste buds. These two dishes have been my favorite and most recommend tough have tried other dishes as well.
A friendly staff and zomato gold is a value addition to this place.
Review#2 my regular visits to this place made me increase the rating from 4 to 5.
I have been to pizza events where the restaurants where claiming that it's the best pizza in town or money back .
Tough I did claim the money back as I feel the best pizza in town is what you get here.
Zomato gold is always an add on benifit .
Every time I go to this place...I come out happy tummy n happy soul .."
REV_03965_C07_A01,REV_03965_C07,REV_03965,Frio Bistro,5.0,These two dishes have been my favorite and most recommend tough have tried other dishes as well,Food,dishes,favorite and most recommend,Positive,Taste / Flavor,Annotated,primary_assertion,,pending,,,,,,,"Culinary evaluation (Positive) on food quality, taste, or portion.",494,589,"Well if atall I am in Gachibowli area in lunch times or dinner times...my mind like a magnet asks me to get into this cozy bistro. Each thin slices of pizza wid toppings of olive oil and chilli flakes is all you need for your mid day motivation.
Have been to this place couple of times and Everytime tried something new in veg. But pizza has been a constant one. The Spanish rice too has a very authentic taste and was in competition to the pizza to give ultimate pleasure to tell taste buds. These two dishes have been my favorite and most recommend tough have tried other dishes as well.
A friendly staff and zomato gold is a value addition to this place.
Review#2 my regular visits to this place made me increase the rating from 4 to 5.
I have been to pizza events where the restaurants where claiming that it's the best pizza in town or money back .
Tough I did claim the money back as I feel the best pizza in town is what you get here.
Zomato gold is always an add on benifit .
Every time I go to this place...I come out happy tummy n happy soul .."
REV_03965_C08_A01,REV_03965_C08,REV_03965,Frio Bistro,5.0,A friendly staff and zomato gold is a value addition to this place,Service,staff,friendly,Positive,Staff courtesy,Annotated,primary_assertion,,pending,,,,,,,Service evaluation (Positive) targeting staff hospitality or turnaround.,592,658,"Well if atall I am in Gachibowli area in lunch times or dinner times...my mind like a magnet asks me to get into this cozy bistro. Each thin slices of pizza wid toppings of olive oil and chilli flakes is all you need for your mid day motivation.
Have been to this place couple of times and Everytime tried something new in veg. But pizza has been a constant one. The Spanish rice too has a very authentic taste and was in competition to the pizza to give ultimate pleasure to tell taste buds. These two dishes have been my favorite and most recommend tough have tried other dishes as well.
A friendly staff and zomato gold is a value addition to this place.
Review#2 my regular visits to this place made me increase the rating from 4 to 5.
I have been to pizza events where the restaurants where claiming that it's the best pizza in town or money back .
Tough I did claim the money back as I feel the best pizza in town is what you get here.
Zomato gold is always an add on benifit .
Every time I go to this place...I come out happy tummy n happy soul .."
REV_03965_C09_A01,REV_03965_C09,REV_03965,Frio Bistro,5.0,Review#2 my regular visits to this place made me increase the rating from 4 to 5,,,,,,No Aspect Opinion,descriptive_context,REV_03965_C08_A01,pending,,,,,,,"Factual narrative, procedural action, menu listing, or non-evaluative statement without opinion.",661,741,"Well if atall I am in Gachibowli area in lunch times or dinner times...my mind like a magnet asks me to get into this cozy bistro. Each thin slices of pizza wid toppings of olive oil and chilli flakes is all you need for your mid day motivation.
Have been to this place couple of times and Everytime tried something new in veg. But pizza has been a constant one. The Spanish rice too has a very authentic taste and was in competition to the pizza to give ultimate pleasure to tell taste buds. These two dishes have been my favorite and most recommend tough have tried other dishes as well.
A friendly staff and zomato gold is a value addition to this place.
Review#2 my regular visits to this place made me increase the rating from 4 to 5.
I have been to pizza events where the restaurants where claiming that it's the best pizza in town or money back .
Tough I did claim the money back as I feel the best pizza in town is what you get here.
Zomato gold is always an add on benifit .
Every time I go to this place...I come out happy tummy n happy soul .."
REV_03965_C10_A01,REV_03965_C10,REV_03965,Frio Bistro,5.0,I have been to pizza events where the restaurants where claiming that it's the best pizza in town or money back,,,,,,No Aspect Opinion,descriptive_context,REV_03965_C08_A01,pending,,,,,,,"Factual narrative, procedural action, menu listing, or non-evaluative statement without opinion.",744,855,"Well if atall I am in Gachibowli area in lunch times or dinner times...my mind like a magnet asks me to get into this cozy bistro. Each thin slices of pizza wid toppings of olive oil and chilli flakes is all you need for your mid day motivation.
Have been to this place couple of times and Everytime tried something new in veg. But pizza has been a constant one. The Spanish rice too has a very authentic taste and was in competition to the pizza to give ultimate pleasure to tell taste buds. These two dishes have been my favorite and most recommend tough have tried other dishes as well.
A friendly staff and zomato gold is a value addition to this place.
Review#2 my regular visits to this place made me increase the rating from 4 to 5.
I have been to pizza events where the restaurants where claiming that it's the best pizza in town or money back .
Tough I did claim the money back as I feel the best pizza in town is what you get here.
Zomato gold is always an add on benifit .
Every time I go to this place...I come out happy tummy n happy soul .."
REV_03965_C11_A01,REV_03965_C11,REV_03965,Frio Bistro,5.0,Tough I did claim the money back as I feel the best pizza in town is what you get here,,,,,,No Aspect Opinion,descriptive_context,REV_03965_C08_A01,pending,,,,,,,"Factual narrative, procedural action, menu listing, or non-evaluative statement without opinion.",859,945,"Well if atall I am in Gachibowli area in lunch times or dinner times...my mind like a magnet asks me to get into this cozy bistro. Each thin slices of pizza wid toppings of olive oil and chilli flakes is all you need for your mid day motivation.
Have been to this place couple of times and Everytime tried something new in veg. But pizza has been a constant one. The Spanish rice too has a very authentic taste and was in competition to the pizza to give ultimate pleasure to tell taste buds. These two dishes have been my favorite and most recommend tough have tried other dishes as well.
A friendly staff and zomato gold is a value addition to this place.
Review#2 my regular visits to this place made me increase the rating from 4 to 5.
I have been to pizza events where the restaurants where claiming that it's the best pizza in town or money back .
Tough I did claim the money back as I feel the best pizza in town is what you get here.
Zomato gold is always an add on benifit .
Every time I go to this place...I come out happy tummy n happy soul .."
REV_03965_C12_A01,REV_03965_C12,REV_03965,Frio Bistro,5.0,Zomato gold is always an add on benifit,,,,,,No Aspect Opinion,descriptive_context,REV_03965_C08_A01,pending,,,,,,,"Factual narrative, procedural action, menu listing, or non-evaluative statement without opinion.",948,987,"Well if atall I am in Gachibowli area in lunch times or dinner times...my mind like a magnet asks me to get into this cozy bistro. Each thin slices of pizza wid toppings of olive oil and chilli flakes is all you need for your mid day motivation.
Have been to this place couple of times and Everytime tried something new in veg. But pizza has been a constant one. The Spanish rice too has a very authentic taste and was in competition to the pizza to give ultimate pleasure to tell taste buds. These two dishes have been my favorite and most recommend tough have tried other dishes as well.
A friendly staff and zomato gold is a value addition to this place.
Review#2 my regular visits to this place made me increase the rating from 4 to 5.
I have been to pizza events where the restaurants where claiming that it's the best pizza in town or money back .
Tough I did claim the money back as I feel the best pizza in town is what you get here.
Zomato gold is always an add on benifit .
Every time I go to this place...I come out happy tummy n happy soul .."
REV_03965_C13_A01,REV_03965_C13,REV_03965,Frio Bistro,5.0,Every time I go to this place,,,,,,No Aspect Opinion,descriptive_context,REV_03965_C08_A01,pending,,,,,,,"Factual narrative, procedural action, menu listing, or non-evaluative statement without opinion.",991,1020,"Well if atall I am in Gachibowli area in lunch times or dinner times...my mind like a magnet asks me to get into this cozy bistro. Each thin slices of pizza wid toppings of olive oil and chilli flakes is all you need for your mid day motivation.
Have been to this place couple of times and Everytime tried something new in veg. But pizza has been a constant one. The Spanish rice too has a very authentic taste and was in competition to the pizza to give ultimate pleasure to tell taste buds. These two dishes have been my favorite and most recommend tough have tried other dishes as well.
A friendly staff and zomato gold is a value addition to this place.
Review#2 my regular visits to this place made me increase the rating from 4 to 5.
I have been to pizza events where the restaurants where claiming that it's the best pizza in town or money back .
Tough I did claim the money back as I feel the best pizza in town is what you get here.
Zomato gold is always an add on benifit .
Every time I go to this place...I come out happy tummy n happy soul .."
REV_03965_C14_A01,REV_03965_C14,REV_03965,Frio Bistro,5.0,I come out happy tummy n happy soul,,,,,,No Aspect Opinion,descriptive_context,REV_03965_C08_A01,pending,,,,,,,"Factual narrative, procedural action, menu listing, or non-evaluative statement without opinion.",1023,1058,"Well if atall I am in Gachibowli area in lunch times or dinner times...my mind like a magnet asks me to get into this cozy bistro. Each thin slices of pizza wid toppings of olive oil and chilli flakes is all you need for your mid day motivation.
Have been to this place couple of times and Everytime tried something new in veg. But pizza has been a constant one. The Spanish rice too has a very authentic taste and was in competition to the pizza to give ultimate pleasure to tell taste buds. These two dishes have been my favorite and most recommend tough have tried other dishes as well.
A friendly staff and zomato gold is a value addition to this place.
Review#2 my regular visits to this place made me increase the rating from 4 to 5.
I have been to pizza events where the restaurants where claiming that it's the best pizza in town or money back .
Tough I did claim the money back as I feel the best pizza in town is what you get here.
Zomato gold is always an add on benifit .
Every time I go to this place...I come out happy tummy n happy soul .."
REV_04097_C01_A01,REV_04097_C01,REV_04097,Karachi Bakery,1.0,Worst taste,Food,taste,,Negative,Taste / Flavor,Annotated,primary_assertion,,pending,,,,,,,"Culinary evaluation (Negative) on food quality, taste, or portion.",0,11,Worst taste
REV_04152_C01_A01,REV_04152_C01,REV_04152,Karachi Cafe,3.0,Ordered red sacuce pasta and got white sauce pasta by mistake,,,,,,No Aspect Opinion,independent,,pending,,,,,,,"Factual narrative, procedural action, menu listing, or non-evaluative statement without opinion.",0,61,"Ordered red sacuce pasta and got white sauce pasta by mistake .

Rate
Pasta 5/2.5

However delivery was quite quick ordered from swiggy and also got a refund same time for delivering wrong order ."
REV_04152_C02_A01,REV_04152_C02,REV_04152,Karachi Cafe,3.0,Rate,,,,,,No Aspect Opinion,independent,,pending,,,,,,,"Factual narrative, procedural action, menu listing, or non-evaluative statement without opinion.",67,71,"Ordered red sacuce pasta and got white sauce pasta by mistake .

Rate
Pasta 5/2.5

However delivery was quite quick ordered from swiggy and also got a refund same time for delivering wrong order ."
REV_04152_C03_A01,REV_04152_C03,REV_04152,Karachi Cafe,3.0,Pasta 5/2.5,,,,,,No Aspect Opinion,independent,,pending,,,,,,,"Factual narrative, procedural action, menu listing, or non-evaluative statement without opinion.",73,84,"Ordered red sacuce pasta and got white sauce pasta by mistake .

Rate
Pasta 5/2.5

However delivery was quite quick ordered from swiggy and also got a refund same time for delivering wrong order ."
REV_04152_C04_A01,REV_04152_C04,REV_04152,Karachi Cafe,3.0,However delivery was quite quick ordered from swiggy,Service,delivery,quick,Positive,Delivery Speed,Annotated,primary_assertion,,pending,,,,,,,Service evaluation (Positive) targeting staff hospitality or turnaround.,88,140,"Ordered red sacuce pasta and got white sauce pasta by mistake .

Rate
Pasta 5/2.5

However delivery was quite quick ordered from swiggy and also got a refund same time for delivering wrong order ."
REV_04152_C05_A01,REV_04152_C05,REV_04152,Karachi Cafe,3.0,also got a refund same time for delivering wrong order,,,,,,No Aspect Opinion,descriptive_context,REV_04152_C04_A01,pending,,,,,,,"Factual narrative, procedural action, menu listing, or non-evaluative statement without opinion.",145,199,"Ordered red sacuce pasta and got white sauce pasta by mistake .

Rate
Pasta 5/2.5

However delivery was quite quick ordered from swiggy and also got a refund same time for delivering wrong order ."
REV_04235_C01_A01,REV_04235_C01,REV_04235,The Foodie Monster Kitchen,4.0,Loved it,General Experience,,Loved it,Positive,Overall Impression,Annotated,primary_assertion,,pending,,,,,,,Holistic evaluation of the restaurant / visit (Positive).,0,8,"Loved it.

The shwarmas, the fries, the garlic bread and all the amazing dips that they serve are lip-smacking!! 

After eating his full course, one still craves to eat more... That's how tasty it is. 

Cheers!!"
REV_04235_C02_A01,REV_04235_C02,REV_04235,The Foodie Monster Kitchen,4.0,"The shwarmas, the fries, the garlic bread and all the amazing dips that they serve are lip-smacking",General Experience,,amazing,Positive,Overall Impression,Annotated,primary_assertion,,pending,,,,,,,Positive appraisal targeting 'General Experience'.,13,112,"Loved it.

The shwarmas, the fries, the garlic bread and all the amazing dips that they serve are lip-smacking!! 

After eating his full course, one still craves to eat more... That's how tasty it is. 

Cheers!!"
REV_04235_C03_A01,REV_04235_C03,REV_04235,The Foodie Monster Kitchen,4.0,"After eating his full course, one still craves to eat more",,,,,,No Aspect Opinion,descriptive_context,REV_04235_C02_A01,pending,,,,,,,"Factual narrative, procedural action, menu listing, or non-evaluative statement without opinion.",119,177,"Loved it.

The shwarmas, the fries, the garlic bread and all the amazing dips that they serve are lip-smacking!! 

After eating his full course, one still craves to eat more... That's how tasty it is. 

Cheers!!"
REV_04235_C04_A01,REV_04235_C04,REV_04235,The Foodie Monster Kitchen,4.0,That's how tasty it is,Food,,,Positive,Taste / Flavor,Annotated,primary_assertion,,pending,,,,,,,"Culinary evaluation (Positive) on food quality, taste, or portion.",181,203,"Loved it.

The shwarmas, the fries, the garlic bread and all the amazing dips that they serve are lip-smacking!! 

After eating his full course, one still craves to eat more... That's how tasty it is. 

Cheers!!"
REV_04235_C05_A01,REV_04235_C05,REV_04235,The Foodie Monster Kitchen,4.0,Cheers,,,,,,No Aspect Opinion,descriptive_context,REV_04235_C04_A01,pending,,,,,,,"Factual narrative, procedural action, menu listing, or non-evaluative statement without opinion.",209,215,"Loved it.

The shwarmas, the fries, the garlic bread and all the amazing dips that they serve are lip-smacking!! 

After eating his full course, one still craves to eat more... That's how tasty it is. 

Cheers!!"
REV_04327_C01_A01,REV_04327_C01,REV_04327,La La Land - Bar & Kitchen,1.0,The food's really below average,Food,food,below average,Negative,Taste / Flavor,Annotated,primary_assertion,,pending,,,,,,,"Culinary evaluation (Negative) on food quality, taste, or portion.",0,31,"The food's really below average. Although they've put a lot of items on their menu, all of them lack quality and flavour. The service is not at all good. Nobody's even around you to take your orders or your feedbacks. If you are planning to go to this place for food, it's really a horrible idea.👎👎👎"
REV_04327_C02_A01,REV_04327_C02,REV_04327,La La Land - Bar & Kitchen,1.0,"Although they've put a lot of items on their menu, all of them lack quality and flavour",,,,,,No Aspect Opinion,descriptive_context,REV_04327_C01_A01,pending,,,,,,,"Factual narrative, procedural action, menu listing, or non-evaluative statement without opinion.",33,120,"The food's really below average. Although they've put a lot of items on their menu, all of them lack quality and flavour. The service is not at all good. Nobody's even around you to take your orders or your feedbacks. If you are planning to go to this place for food, it's really a horrible idea.👎👎👎"
REV_04327_C03_A01,REV_04327_C03,REV_04327,La La Land - Bar & Kitchen,1.0,The service is not at all good,Service,service,good,Positive,Staff hospitality,Annotated,primary_assertion,,pending,,,,,,,Positive appraisal targeting 'service'.,122,152,"The food's really below average. Although they've put a lot of items on their menu, all of them lack quality and flavour. The service is not at all good. Nobody's even around you to take your orders or your feedbacks. If you are planning to go to this place for food, it's really a horrible idea.👎👎👎"
REV_04327_C04_A01,REV_04327_C04,REV_04327,La La Land - Bar & Kitchen,1.0,Nobody's even around you to take your orders or your feedbacks,,,,,,No Aspect Opinion,descriptive_context,REV_04327_C03_A01,pending,,,,,,,"Factual narrative, procedural action, menu listing, or non-evaluative statement without opinion.",154,216,"The food's really below average. Although they've put a lot of items on their menu, all of them lack quality and flavour. The service is not at all good. Nobody's even around you to take your orders or your feedbacks. If you are planning to go to this place for food, it's really a horrible idea.👎👎👎"
REV_04327_C05_A01,REV_04327_C05,REV_04327,La La Land - Bar & Kitchen,1.0,"If you are planning to go to this place for food, it's really a horrible idea.👎👎👎",General Experience,place,horrible,Negative,Overall Impression,Annotated,primary_assertion,,pending,,,,,,,Negative evaluation targeting 'place'.,218,299,"The food's really below average. Although they've put a lot of items on their menu, all of them lack quality and flavour. The service is not at all good. Nobody's even around you to take your orders or your feedbacks. If you are planning to go to this place for food, it's really a horrible idea.👎👎👎"
REV_04412_C01_A01,REV_04412_C01,REV_04412,Owm Nom Nom,1.0,Ordered chicken lollipop as a starter,,,,,,No Aspect Opinion,independent,,pending,,,,,,,"Factual narrative, procedural action, menu listing, or non-evaluative statement without opinion.",0,37,"Ordered chicken lollipop as a starter..but received them as burnt,salty and wet instead of dry snack. Egg fried rice was ok. Chicken kadai curry was not tasty at all .Chicken seems to be old stock. Veg rolls looked like Dosa roll instead. Rolls should be crispy with stuff not coming out. Didn't like the food at all . I'm not gonna order it from here again. Price also on the higher side but food is not worth the price."
REV_04412_C02_A01,REV_04412_C02,REV_04412,Owm Nom Nom,1.0,"but received them as burnt,salty and wet instead of dry snack",Food,,burnt,Negative,Taste / Flavor,Annotated,primary_assertion,,pending,,,,,,,"Culinary evaluation (Negative) on food quality, taste, or portion.",39,100,"Ordered chicken lollipop as a starter..but received them as burnt,salty and wet instead of dry snack. Egg fried rice was ok. Chicken kadai curry was not tasty at all .Chicken seems to be old stock. Veg rolls looked like Dosa roll instead. Rolls should be crispy with stuff not coming out. Didn't like the food at all . I'm not gonna order it from here again. Price also on the higher side but food is not worth the price."
REV_04412_C03_A01,REV_04412_C03,REV_04412,Owm Nom Nom,1.0,Egg fried rice was ok,,,,,,No Aspect Opinion,descriptive_context,REV_04412_C02_A01,pending,,,,,,,"Factual narrative, procedural action, menu listing, or non-evaluative statement without opinion.",102,123,"Ordered chicken lollipop as a starter..but received them as burnt,salty and wet instead of dry snack. Egg fried rice was ok. Chicken kadai curry was not tasty at all .Chicken seems to be old stock. Veg rolls looked like Dosa roll instead. Rolls should be crispy with stuff not coming out. Didn't like the food at all . I'm not gonna order it from here again. Price also on the higher side but food is not worth the price."
REV_04412_C04_A01,REV_04412_C04,REV_04412,Owm Nom Nom,1.0,Chicken kadai curry was not tasty at all,Food,Chicken,,Negative,Taste / Flavor,Annotated,primary_assertion,,pending,,,,,,,"Culinary evaluation (Negative) on food quality, taste, or portion.",125,165,"Ordered chicken lollipop as a starter..but received them as burnt,salty and wet instead of dry snack. Egg fried rice was ok. Chicken kadai curry was not tasty at all .Chicken seems to be old stock. Veg rolls looked like Dosa roll instead. Rolls should be crispy with stuff not coming out. Didn't like the food at all . I'm not gonna order it from here again. Price also on the higher side but food is not worth the price."
REV_04412_C05_A01,REV_04412_C05,REV_04412,Owm Nom Nom,1.0,Chicken seems to be old stock,,,,,,No Aspect Opinion,descriptive_context,REV_04412_C04_A01,pending,,,,,,,"Factual narrative, procedural action, menu listing, or non-evaluative statement without opinion.",167,196,"Ordered chicken lollipop as a starter..but received them as burnt,salty and wet instead of dry snack. Egg fried rice was ok. Chicken kadai curry was not tasty at all .Chicken seems to be old stock. Veg rolls looked like Dosa roll instead. Rolls should be crispy with stuff not coming out. Didn't like the food at all . I'm not gonna order it from here again. Price also on the higher side but food is not worth the price."
REV_04412_C06_A01,REV_04412_C06,REV_04412,Owm Nom Nom,1.0,Veg rolls looked like Dosa roll instead,,,,,,No Aspect Opinion,descriptive_context,REV_04412_C04_A01,pending,,,,,,,"Factual narrative, procedural action, menu listing, or non-evaluative statement without opinion.",198,237,"Ordered chicken lollipop as a starter..but received them as burnt,salty and wet instead of dry snack. Egg fried rice was ok. Chicken kadai curry was not tasty at all .Chicken seems to be old stock. Veg rolls looked like Dosa roll instead. Rolls should be crispy with stuff not coming out. Didn't like the food at all . I'm not gonna order it from here again. Price also on the higher side but food is not worth the price."
REV_04412_C07_A01,REV_04412_C07,REV_04412,Owm Nom Nom,1.0,Rolls should be crispy with stuff not coming out,,,,,,No Aspect Opinion,descriptive_context,REV_04412_C04_A01,pending,,,,,,,"Factual narrative, procedural action, menu listing, or non-evaluative statement without opinion.",239,287,"Ordered chicken lollipop as a starter..but received them as burnt,salty and wet instead of dry snack. Egg fried rice was ok. Chicken kadai curry was not tasty at all .Chicken seems to be old stock. Veg rolls looked like Dosa roll instead. Rolls should be crispy with stuff not coming out. Didn't like the food at all . I'm not gonna order it from here again. Price also on the higher side but food is not worth the price."
REV_04412_C08_A01,REV_04412_C08,REV_04412,Owm Nom Nom,1.0,Didn't like the food at all,,,,,,No Aspect Opinion,descriptive_context,REV_04412_C04_A01,pending,,,,,,,"Factual narrative, procedural action, menu listing, or non-evaluative statement without opinion.",289,316,"Ordered chicken lollipop as a starter..but received them as burnt,salty and wet instead of dry snack. Egg fried rice was ok. Chicken kadai curry was not tasty at all .Chicken seems to be old stock. Veg rolls looked like Dosa roll instead. Rolls should be crispy with stuff not coming out. Didn't like the food at all . I'm not gonna order it from here again. Price also on the higher side but food is not worth the price."
REV_04412_C09_A01,REV_04412_C09,REV_04412,Owm Nom Nom,1.0,I'm not gonna order it from here again,,,,,,No Aspect Opinion,descriptive_context,REV_04412_C04_A01,pending,,,,,,,"Factual narrative, procedural action, menu listing, or non-evaluative statement without opinion.",319,357,"Ordered chicken lollipop as a starter..but received them as burnt,salty and wet instead of dry snack. Egg fried rice was ok. Chicken kadai curry was not tasty at all .Chicken seems to be old stock. Veg rolls looked like Dosa roll instead. Rolls should be crispy with stuff not coming out. Didn't like the food at all . I'm not gonna order it from here again. Price also on the higher side but food is not worth the price."
REV_04412_C10_A01,REV_04412_C10,REV_04412,Owm Nom Nom,1.0,Price also on the higher side,Price / Value,Price,on the higher side,Negative,Pricing / Overpriced,Annotated,primary_assertion,,pending,,,,,,,Pricing / financial evaluation (Negative).,359,388,"Ordered chicken lollipop as a starter..but received them as burnt,salty and wet instead of dry snack. Egg fried rice was ok. Chicken kadai curry was not tasty at all .Chicken seems to be old stock. Veg rolls looked like Dosa roll instead. Rolls should be crispy with stuff not coming out. Didn't like the food at all . I'm not gonna order it from here again. Price also on the higher side but food is not worth the price."
REV_04412_C11_A01,REV_04412_C11,REV_04412,Owm Nom Nom,1.0,food is not worth the price,Price / Value,price,not worth,Negative,Value for money,Annotated,primary_assertion,,pending,,,,,,,Pricing / financial evaluation (Negative).,393,420,"Ordered chicken lollipop as a starter..but received them as burnt,salty and wet instead of dry snack. Egg fried rice was ok. Chicken kadai curry was not tasty at all .Chicken seems to be old stock. Veg rolls looked like Dosa roll instead. Rolls should be crispy with stuff not coming out. Didn't like the food at all . I'm not gonna order it from here again. Price also on the higher side but food is not worth the price."
REV_04504_C01_A01,REV_04504_C01,REV_04504,Ulavacharu,5.0,A lot of people suggested this place for some real spicy food,Food,food,,Positive,Taste / Flavor,Annotated,primary_assertion,,pending,,,,,,,"Culinary evaluation (Positive) on food quality, taste, or portion.",0,61,"A lot of people suggested this place for some real spicy food. Had been there twice and in fact the first time I went there I knew that whenever I have guests at home I need to bring them here. Nicely done interiors - the antique door and the idol at the entrance, very beautiful and welcoming.
Coming the food this tile we we're welcomed with some ghee Mysore pak (yummy). The staff is really helpful in giving suggestions so we ordered a chicken, fish and mutton biryani /pulao. Delicious , full of masalas and tasty. Nothing to complain about the food. Bamboo chicken was the star dish , it just melts in your mouth.
So it's a place for some really fine dining. On Fridays and weekends do make a reservation, the have some crazy waiting .
Definitely recommended."
REV_04504_C02_A01,REV_04504_C02,REV_04504,Ulavacharu,5.0,Had been there twice and in fact the first time I went there I knew that whenever I have guests at home I need to bring them here,,,,,,No Aspect Opinion,descriptive_context,REV_04504_C01_A01,pending,,,,,,,"Factual narrative, procedural action, menu listing, or non-evaluative statement without opinion.",63,192,"A lot of people suggested this place for some real spicy food. Had been there twice and in fact the first time I went there I knew that whenever I have guests at home I need to bring them here. Nicely done interiors - the antique door and the idol at the entrance, very beautiful and welcoming.
Coming the food this tile we we're welcomed with some ghee Mysore pak (yummy). The staff is really helpful in giving suggestions so we ordered a chicken, fish and mutton biryani /pulao. Delicious , full of masalas and tasty. Nothing to complain about the food. Bamboo chicken was the star dish , it just melts in your mouth.
So it's a place for some really fine dining. On Fridays and weekends do make a reservation, the have some crazy waiting .
Definitely recommended."
REV_04504_C03_A01,REV_04504_C03,REV_04504,Ulavacharu,5.0,Nicely done interiors,,,,,,No Aspect Opinion,descriptive_context,REV_04504_C01_A01,pending,,,,,,,"Factual narrative, procedural action, menu listing, or non-evaluative statement without opinion.",194,215,"A lot of people suggested this place for some real spicy food. Had been there twice and in fact the first time I went there I knew that whenever I have guests at home I need to bring them here. Nicely done interiors - the antique door and the idol at the entrance, very beautiful and welcoming.
Coming the food this tile we we're welcomed with some ghee Mysore pak (yummy). The staff is really helpful in giving suggestions so we ordered a chicken, fish and mutton biryani /pulao. Delicious , full of masalas and tasty. Nothing to complain about the food. Bamboo chicken was the star dish , it just melts in your mouth.
So it's a place for some really fine dining. On Fridays and weekends do make a reservation, the have some crazy waiting .
Definitely recommended."
REV_04504_C04_A01,REV_04504_C04,REV_04504,Ulavacharu,5.0,"the antique door and the idol at the entrance, very beautiful and welcoming",,,,,,No Aspect Opinion,descriptive_context,REV_04504_C01_A01,pending,,,,,,,"Factual narrative, procedural action, menu listing, or non-evaluative statement without opinion.",218,293,"A lot of people suggested this place for some real spicy food. Had been there twice and in fact the first time I went there I knew that whenever I have guests at home I need to bring them here. Nicely done interiors - the antique door and the idol at the entrance, very beautiful and welcoming.
Coming the food this tile we we're welcomed with some ghee Mysore pak (yummy). The staff is really helpful in giving suggestions so we ordered a chicken, fish and mutton biryani /pulao. Delicious , full of masalas and tasty. Nothing to complain about the food. Bamboo chicken was the star dish , it just melts in your mouth.
So it's a place for some really fine dining. On Fridays and weekends do make a reservation, the have some crazy waiting .
Definitely recommended."
REV_04504_C05_A01,REV_04504_C05,REV_04504,Ulavacharu,5.0,Coming the food this tile we we're welcomed with some ghee Mysore pak (yummy),Food,food,yummy,Positive,Taste / Flavor,Annotated,primary_assertion,,pending,,,,,,,"Culinary evaluation (Positive) on food quality, taste, or portion.",296,373,"A lot of people suggested this place for some real spicy food. Had been there twice and in fact the first time I went there I knew that whenever I have guests at home I need to bring them here. Nicely done interiors - the antique door and the idol at the entrance, very beautiful and welcoming.
Coming the food this tile we we're welcomed with some ghee Mysore pak (yummy). The staff is really helpful in giving suggestions so we ordered a chicken, fish and mutton biryani /pulao. Delicious , full of masalas and tasty. Nothing to complain about the food. Bamboo chicken was the star dish , it just melts in your mouth.
So it's a place for some really fine dining. On Fridays and weekends do make a reservation, the have some crazy waiting .
Definitely recommended."
REV_04504_C06_A01,REV_04504_C06,REV_04504,Ulavacharu,5.0,"The staff is really helpful in giving suggestions so we ordered a chicken, fish and mutton biryani /pulao",Service,staff,,Positive,Staff courtesy,Annotated,primary_assertion,,pending,,,,,,,Service evaluation (Positive) targeting staff hospitality or turnaround.,375,480,"A lot of people suggested this place for some real spicy food. Had been there twice and in fact the first time I went there I knew that whenever I have guests at home I need to bring them here. Nicely done interiors - the antique door and the idol at the entrance, very beautiful and welcoming.
Coming the food this tile we we're welcomed with some ghee Mysore pak (yummy). The staff is really helpful in giving suggestions so we ordered a chicken, fish and mutton biryani /pulao. Delicious , full of masalas and tasty. Nothing to complain about the food. Bamboo chicken was the star dish , it just melts in your mouth.
So it's a place for some really fine dining. On Fridays and weekends do make a reservation, the have some crazy waiting .
Definitely recommended."
REV_04504_C07_A01,REV_04504_C07,REV_04504,Ulavacharu,5.0,"Delicious , full of masalas and tasty",Food,,Delicious,Positive,Taste / Flavor,Annotated,primary_assertion,,pending,,,,,,,"Culinary evaluation (Positive) on food quality, taste, or portion.",482,519,"A lot of people suggested this place for some real spicy food. Had been there twice and in fact the first time I went there I knew that whenever I have guests at home I need to bring them here. Nicely done interiors - the antique door and the idol at the entrance, very beautiful and welcoming.
Coming the food this tile we we're welcomed with some ghee Mysore pak (yummy). The staff is really helpful in giving suggestions so we ordered a chicken, fish and mutton biryani /pulao. Delicious , full of masalas and tasty. Nothing to complain about the food. Bamboo chicken was the star dish , it just melts in your mouth.
So it's a place for some really fine dining. On Fridays and weekends do make a reservation, the have some crazy waiting .
Definitely recommended."
REV_04504_C08_A01,REV_04504_C08,REV_04504,Ulavacharu,5.0,Nothing to complain about the food,,,,,,No Aspect Opinion,descriptive_context,REV_04504_C07_A01,pending,,,,,,,"Factual narrative, procedural action, menu listing, or non-evaluative statement without opinion.",521,555,"A lot of people suggested this place for some real spicy food. Had been there twice and in fact the first time I went there I knew that whenever I have guests at home I need to bring them here. Nicely done interiors - the antique door and the idol at the entrance, very beautiful and welcoming.
Coming the food this tile we we're welcomed with some ghee Mysore pak (yummy). The staff is really helpful in giving suggestions so we ordered a chicken, fish and mutton biryani /pulao. Delicious , full of masalas and tasty. Nothing to complain about the food. Bamboo chicken was the star dish , it just melts in your mouth.
So it's a place for some really fine dining. On Fridays and weekends do make a reservation, the have some crazy waiting .
Definitely recommended."
REV_04504_C09_A01,REV_04504_C09,REV_04504,Ulavacharu,5.0,"Bamboo chicken was the star dish , it just melts in your mouth",,,,,,No Aspect Opinion,descriptive_context,REV_04504_C07_A01,pending,,,,,,,"Factual narrative, procedural action, menu listing, or non-evaluative statement without opinion.",557,619,"A lot of people suggested this place for some real spicy food. Had been there twice and in fact the first time I went there I knew that whenever I have guests at home I need to bring them here. Nicely done interiors - the antique door and the idol at the entrance, very beautiful and welcoming.
Coming the food this tile we we're welcomed with some ghee Mysore pak (yummy). The staff is really helpful in giving suggestions so we ordered a chicken, fish and mutton biryani /pulao. Delicious , full of masalas and tasty. Nothing to complain about the food. Bamboo chicken was the star dish , it just melts in your mouth.
So it's a place for some really fine dining. On Fridays and weekends do make a reservation, the have some crazy waiting .
Definitely recommended."
REV_04504_C10_A01,REV_04504_C10,REV_04504,Ulavacharu,5.0,So it's a place for some really fine dining,,,,,,No Aspect Opinion,descriptive_context,REV_04504_C07_A01,pending,,,,,,,"Factual narrative, procedural action, menu listing, or non-evaluative statement without opinion.",622,665,"A lot of people suggested this place for some real spicy food. Had been there twice and in fact the first time I went there I knew that whenever I have guests at home I need to bring them here. Nicely done interiors - the antique door and the idol at the entrance, very beautiful and welcoming.
Coming the food this tile we we're welcomed with some ghee Mysore pak (yummy). The staff is really helpful in giving suggestions so we ordered a chicken, fish and mutton biryani /pulao. Delicious , full of masalas and tasty. Nothing to complain about the food. Bamboo chicken was the star dish , it just melts in your mouth.
So it's a place for some really fine dining. On Fridays and weekends do make a reservation, the have some crazy waiting .
Definitely recommended."
REV_04504_C11_A01,REV_04504_C11,REV_04504,Ulavacharu,5.0,"On Fridays and weekends do make a reservation, the have some crazy waiting",,,,,,No Aspect Opinion,descriptive_context,REV_04504_C07_A01,pending,,,,,,,"Factual narrative, procedural action, menu listing, or non-evaluative statement without opinion.",667,741,"A lot of people suggested this place for some real spicy food. Had been there twice and in fact the first time I went there I knew that whenever I have guests at home I need to bring them here. Nicely done interiors - the antique door and the idol at the entrance, very beautiful and welcoming.
Coming the food this tile we we're welcomed with some ghee Mysore pak (yummy). The staff is really helpful in giving suggestions so we ordered a chicken, fish and mutton biryani /pulao. Delicious , full of masalas and tasty. Nothing to complain about the food. Bamboo chicken was the star dish , it just melts in your mouth.
So it's a place for some really fine dining. On Fridays and weekends do make a reservation, the have some crazy waiting .
Definitely recommended."
REV_04504_C12_A01,REV_04504_C12,REV_04504,Ulavacharu,5.0,Definitely recommended,,,,,,No Aspect Opinion,descriptive_context,REV_04504_C07_A01,pending,,,,,,,"Factual narrative, procedural action, menu listing, or non-evaluative statement without opinion.",745,767,"A lot of people suggested this place for some real spicy food. Had been there twice and in fact the first time I went there I knew that whenever I have guests at home I need to bring them here. Nicely done interiors - the antique door and the idol at the entrance, very beautiful and welcoming.
Coming the food this tile we we're welcomed with some ghee Mysore pak (yummy). The staff is really helpful in giving suggestions so we ordered a chicken, fish and mutton biryani /pulao. Delicious , full of masalas and tasty. Nothing to complain about the food. Bamboo chicken was the star dish , it just melts in your mouth.
So it's a place for some really fine dining. On Fridays and weekends do make a reservation, the have some crazy waiting .
Definitely recommended."
REV_04677_C01_A01,REV_04677_C01,REV_04677,Shanghai Chef 2,5.0,First of all just love the ambience and food was absolutely good,Ambience,ambience,good,Positive,Atmosphere,Annotated,primary_assertion,,pending,,,,,,,Ambience evaluation (Positive) regarding environment or facilities.,0,64,First of all just love the ambience and food was absolutely good...specially the crab meat soup...just wow...only the thing is thai raosted chiken is filled with a heavy coconut cream ..otherwise its good
REV_04677_C02_A01,REV_04677_C02,REV_04677,Shanghai Chef 2,5.0,specially the crab meat soup,,,,,,No Aspect Opinion,descriptive_context,REV_04677_C01_A01,pending,,,,,,,"Factual narrative, procedural action, menu listing, or non-evaluative statement without opinion.",67,95,First of all just love the ambience and food was absolutely good...specially the crab meat soup...just wow...only the thing is thai raosted chiken is filled with a heavy coconut cream ..otherwise its good
REV_04677_C03_A01,REV_04677_C03,REV_04677,Shanghai Chef 2,5.0,just wow,,,,,,No Aspect Opinion,descriptive_context,REV_04677_C01_A01,pending,,,,,,,"Factual narrative, procedural action, menu listing, or non-evaluative statement without opinion.",98,106,First of all just love the ambience and food was absolutely good...specially the crab meat soup...just wow...only the thing is thai raosted chiken is filled with a heavy coconut cream ..otherwise its good
REV_04677_C04_A01,REV_04677_C04,REV_04677,Shanghai Chef 2,5.0,only the thing is thai raosted chiken is filled with a heavy coconut cream,,,,,,No Aspect Opinion,descriptive_context,REV_04677_C01_A01,pending,,,,,,,"Factual narrative, procedural action, menu listing, or non-evaluative statement without opinion.",109,183,First of all just love the ambience and food was absolutely good...specially the crab meat soup...just wow...only the thing is thai raosted chiken is filled with a heavy coconut cream ..otherwise its good
REV_04677_C05_A01,REV_04677_C05,REV_04677,Shanghai Chef 2,5.0,otherwise its good,General Experience,,good,Positive,Overall Impression,Annotated,primary_assertion,,pending,,,,,,,Positive appraisal targeting 'General Experience'.,186,204,First of all just love the ambience and food was absolutely good...specially the crab meat soup...just wow...only the thing is thai raosted chiken is filled with a heavy coconut cream ..otherwise its good
REV_04726_C01_A01,REV_04726_C01,REV_04726,Udipi's Upahar,5.0,thank thank you for your services,,,,,,No Aspect Opinion,independent,,pending,,,,,,,"Factual narrative, procedural action, menu listing, or non-evaluative statement without opinion.",0,33,thank thank you for your services.
REV_04777_C01_A01,REV_04777_C01,REV_04777,Mathura Vilas,1.0,I found this place pathetic,General Experience,place,pathetic,Negative,Overall Impression,Annotated,primary_assertion,,pending,,,,,,,Negative evaluation targeting 'place'.,0,27,"I found this place pathetic. Went yesterday, most of the dishes we ordered were not available. The excuse waiter gave was that one of the chefs is on leave. I wonder if business stops for them if one the chef is not available.
I read on zomato reviews that their thali is good. And restaurant's menu on zomato mentioned that thali is available in dinner as well, but on reaching restaurant I found out they are not serving thali in dinner now. I travelled 9km to visit this restaurant.

Food was pathetic as well. Tanduri roti that we ordered was made of maida. And the dishes were either too oily or just bad.

Overall this place is very bad and doesn't deserve a visit at all. There are plenty of restaurants all around Hyderabad which are much better than this for half the rate.

Avoid this restaurant at all cost !!!"
REV_04777_C02_A01,REV_04777_C02,REV_04777,Mathura Vilas,1.0,"Went yesterday, most of the dishes we ordered were not available",,,,,,No Aspect Opinion,descriptive_context,REV_04777_C01_A01,pending,,,,,,,"Factual narrative, procedural action, menu listing, or non-evaluative statement without opinion.",29,93,"I found this place pathetic. Went yesterday, most of the dishes we ordered were not available. The excuse waiter gave was that one of the chefs is on leave. I wonder if business stops for them if one the chef is not available.
I read on zomato reviews that their thali is good. And restaurant's menu on zomato mentioned that thali is available in dinner as well, but on reaching restaurant I found out they are not serving thali in dinner now. I travelled 9km to visit this restaurant.

Food was pathetic as well. Tanduri roti that we ordered was made of maida. And the dishes were either too oily or just bad.

Overall this place is very bad and doesn't deserve a visit at all. There are plenty of restaurants all around Hyderabad which are much better than this for half the rate.

Avoid this restaurant at all cost !!!"
REV_04777_C03_A01,REV_04777_C03,REV_04777,Mathura Vilas,1.0,The excuse waiter gave was that one of the chefs is on leave,,,,,,No Aspect Opinion,descriptive_context,REV_04777_C01_A01,pending,,,,,,,"Factual narrative, procedural action, menu listing, or non-evaluative statement without opinion.",95,155,"I found this place pathetic. Went yesterday, most of the dishes we ordered were not available. The excuse waiter gave was that one of the chefs is on leave. I wonder if business stops for them if one the chef is not available.
I read on zomato reviews that their thali is good. And restaurant's menu on zomato mentioned that thali is available in dinner as well, but on reaching restaurant I found out they are not serving thali in dinner now. I travelled 9km to visit this restaurant.

Food was pathetic as well. Tanduri roti that we ordered was made of maida. And the dishes were either too oily or just bad.

Overall this place is very bad and doesn't deserve a visit at all. There are plenty of restaurants all around Hyderabad which are much better than this for half the rate.

Avoid this restaurant at all cost !!!"
REV_04777_C04_A01,REV_04777_C04,REV_04777,Mathura Vilas,1.0,I wonder if business stops for them if one the chef is not available,,,,,,No Aspect Opinion,descriptive_context,REV_04777_C01_A01,pending,,,,,,,"Factual narrative, procedural action, menu listing, or non-evaluative statement without opinion.",157,225,"I found this place pathetic. Went yesterday, most of the dishes we ordered were not available. The excuse waiter gave was that one of the chefs is on leave. I wonder if business stops for them if one the chef is not available.
I read on zomato reviews that their thali is good. And restaurant's menu on zomato mentioned that thali is available in dinner as well, but on reaching restaurant I found out they are not serving thali in dinner now. I travelled 9km to visit this restaurant.

Food was pathetic as well. Tanduri roti that we ordered was made of maida. And the dishes were either too oily or just bad.

Overall this place is very bad and doesn't deserve a visit at all. There are plenty of restaurants all around Hyderabad which are much better than this for half the rate.

Avoid this restaurant at all cost !!!"
REV_04777_C05_A01,REV_04777_C05,REV_04777,Mathura Vilas,1.0,I read on zomato reviews that their thali is good,General Experience,,good,Positive,Overall Impression,Annotated,primary_assertion,,pending,,,,,,,Positive appraisal targeting 'General Experience'.,228,277,"I found this place pathetic. Went yesterday, most of the dishes we ordered were not available. The excuse waiter gave was that one of the chefs is on leave. I wonder if business stops for them if one the chef is not available.
I read on zomato reviews that their thali is good. And restaurant's menu on zomato mentioned that thali is available in dinner as well, but on reaching restaurant I found out they are not serving thali in dinner now. I travelled 9km to visit this restaurant.

Food was pathetic as well. Tanduri roti that we ordered was made of maida. And the dishes were either too oily or just bad.

Overall this place is very bad and doesn't deserve a visit at all. There are plenty of restaurants all around Hyderabad which are much better than this for half the rate.

Avoid this restaurant at all cost !!!"
REV_04777_C06_A01,REV_04777_C06,REV_04777,Mathura Vilas,1.0,And restaurant's menu on zomato mentioned that thali is available in dinner as well,,,,,,No Aspect Opinion,descriptive_context,REV_04777_C05_A01,pending,,,,,,,"Factual narrative, procedural action, menu listing, or non-evaluative statement without opinion.",279,362,"I found this place pathetic. Went yesterday, most of the dishes we ordered were not available. The excuse waiter gave was that one of the chefs is on leave. I wonder if business stops for them if one the chef is not available.
I read on zomato reviews that their thali is good. And restaurant's menu on zomato mentioned that thali is available in dinner as well, but on reaching restaurant I found out they are not serving thali in dinner now. I travelled 9km to visit this restaurant.

Food was pathetic as well. Tanduri roti that we ordered was made of maida. And the dishes were either too oily or just bad.

Overall this place is very bad and doesn't deserve a visit at all. There are plenty of restaurants all around Hyderabad which are much better than this for half the rate.

Avoid this restaurant at all cost !!!"
REV_04777_C07_A01,REV_04777_C07,REV_04777,Mathura Vilas,1.0,but on reaching restaurant I found out they are not serving thali in dinner now,,,,,,No Aspect Opinion,descriptive_context,REV_04777_C05_A01,pending,,,,,,,"Factual narrative, procedural action, menu listing, or non-evaluative statement without opinion.",364,443,"I found this place pathetic. Went yesterday, most of the dishes we ordered were not available. The excuse waiter gave was that one of the chefs is on leave. I wonder if business stops for them if one the chef is not available.
I read on zomato reviews that their thali is good. And restaurant's menu on zomato mentioned that thali is available in dinner as well, but on reaching restaurant I found out they are not serving thali in dinner now. I travelled 9km to visit this restaurant.

Food was pathetic as well. Tanduri roti that we ordered was made of maida. And the dishes were either too oily or just bad.

Overall this place is very bad and doesn't deserve a visit at all. There are plenty of restaurants all around Hyderabad which are much better than this for half the rate.

Avoid this restaurant at all cost !!!"
REV_04777_C08_A01,REV_04777_C08,REV_04777,Mathura Vilas,1.0,I travelled 9km to visit this restaurant,,,,,,No Aspect Opinion,descriptive_context,REV_04777_C05_A01,pending,,,,,,,"Factual narrative, procedural action, menu listing, or non-evaluative statement without opinion.",445,485,"I found this place pathetic. Went yesterday, most of the dishes we ordered were not available. The excuse waiter gave was that one of the chefs is on leave. I wonder if business stops for them if one the chef is not available.
I read on zomato reviews that their thali is good. And restaurant's menu on zomato mentioned that thali is available in dinner as well, but on reaching restaurant I found out they are not serving thali in dinner now. I travelled 9km to visit this restaurant.

Food was pathetic as well. Tanduri roti that we ordered was made of maida. And the dishes were either too oily or just bad.

Overall this place is very bad and doesn't deserve a visit at all. There are plenty of restaurants all around Hyderabad which are much better than this for half the rate.

Avoid this restaurant at all cost !!!"
REV_04777_C09_A01,REV_04777_C09,REV_04777,Mathura Vilas,1.0,Food was pathetic as well,Food,Food,,Negative,Taste / Flavor,Annotated,primary_assertion,,pending,,,,,,,"Culinary evaluation (Negative) on food quality, taste, or portion.",490,515,"I found this place pathetic. Went yesterday, most of the dishes we ordered were not available. The excuse waiter gave was that one of the chefs is on leave. I wonder if business stops for them if one the chef is not available.
I read on zomato reviews that their thali is good. And restaurant's menu on zomato mentioned that thali is available in dinner as well, but on reaching restaurant I found out they are not serving thali in dinner now. I travelled 9km to visit this restaurant.

Food was pathetic as well. Tanduri roti that we ordered was made of maida. And the dishes were either too oily or just bad.

Overall this place is very bad and doesn't deserve a visit at all. There are plenty of restaurants all around Hyderabad which are much better than this for half the rate.

Avoid this restaurant at all cost !!!"
REV_04777_C10_A01,REV_04777_C10,REV_04777,Mathura Vilas,1.0,Tanduri roti that we ordered was made of maida,,,,,,No Aspect Opinion,descriptive_context,REV_04777_C09_A01,pending,,,,,,,"Factual narrative, procedural action, menu listing, or non-evaluative statement without opinion.",517,563,"I found this place pathetic. Went yesterday, most of the dishes we ordered were not available. The excuse waiter gave was that one of the chefs is on leave. I wonder if business stops for them if one the chef is not available.
I read on zomato reviews that their thali is good. And restaurant's menu on zomato mentioned that thali is available in dinner as well, but on reaching restaurant I found out they are not serving thali in dinner now. I travelled 9km to visit this restaurant.

Food was pathetic as well. Tanduri roti that we ordered was made of maida. And the dishes were either too oily or just bad.

Overall this place is very bad and doesn't deserve a visit at all. There are plenty of restaurants all around Hyderabad which are much better than this for half the rate.

Avoid this restaurant at all cost !!!"
REV_04777_C11_A01,REV_04777_C11,REV_04777,Mathura Vilas,1.0,And the dishes were either too oily or just bad,Food,dishes,oily,Negative,Taste / Flavor,Annotated,primary_assertion,,pending,,,,,,,"Culinary evaluation (Negative) on food quality, taste, or portion.",565,612,"I found this place pathetic. Went yesterday, most of the dishes we ordered were not available. The excuse waiter gave was that one of the chefs is on leave. I wonder if business stops for them if one the chef is not available.
I read on zomato reviews that their thali is good. And restaurant's menu on zomato mentioned that thali is available in dinner as well, but on reaching restaurant I found out they are not serving thali in dinner now. I travelled 9km to visit this restaurant.

Food was pathetic as well. Tanduri roti that we ordered was made of maida. And the dishes were either too oily or just bad.

Overall this place is very bad and doesn't deserve a visit at all. There are plenty of restaurants all around Hyderabad which are much better than this for half the rate.

Avoid this restaurant at all cost !!!"
REV_04777_C12_A01,REV_04777_C12,REV_04777,Mathura Vilas,1.0,Overall this place is very bad and doesn't deserve a visit at all,General Experience,place,very bad,Negative,Overall Impression,Annotated,primary_assertion,,pending,,,,,,,Holistic evaluation of the restaurant / visit (Negative).,617,682,"I found this place pathetic. Went yesterday, most of the dishes we ordered were not available. The excuse waiter gave was that one of the chefs is on leave. I wonder if business stops for them if one the chef is not available.
I read on zomato reviews that their thali is good. And restaurant's menu on zomato mentioned that thali is available in dinner as well, but on reaching restaurant I found out they are not serving thali in dinner now. I travelled 9km to visit this restaurant.

Food was pathetic as well. Tanduri roti that we ordered was made of maida. And the dishes were either too oily or just bad.

Overall this place is very bad and doesn't deserve a visit at all. There are plenty of restaurants all around Hyderabad which are much better than this for half the rate.

Avoid this restaurant at all cost !!!"
REV_04777_C13_A01,REV_04777_C13,REV_04777,Mathura Vilas,1.0,There are plenty of restaurants all around Hyderabad which are much better than this for half the rate,,,,,,No Aspect Opinion,descriptive_context,REV_04777_C12_A01,pending,,,,,,,"Factual narrative, procedural action, menu listing, or non-evaluative statement without opinion.",684,786,"I found this place pathetic. Went yesterday, most of the dishes we ordered were not available. The excuse waiter gave was that one of the chefs is on leave. I wonder if business stops for them if one the chef is not available.
I read on zomato reviews that their thali is good. And restaurant's menu on zomato mentioned that thali is available in dinner as well, but on reaching restaurant I found out they are not serving thali in dinner now. I travelled 9km to visit this restaurant.

Food was pathetic as well. Tanduri roti that we ordered was made of maida. And the dishes were either too oily or just bad.

Overall this place is very bad and doesn't deserve a visit at all. There are plenty of restaurants all around Hyderabad which are much better than this for half the rate.

Avoid this restaurant at all cost !!!"
REV_04777_C14_A01,REV_04777_C14,REV_04777,Mathura Vilas,1.0,Avoid this restaurant at all cost,,,,,,No Aspect Opinion,descriptive_context,REV_04777_C12_A01,pending,,,,,,,"Factual narrative, procedural action, menu listing, or non-evaluative statement without opinion.",791,824,"I found this place pathetic. Went yesterday, most of the dishes we ordered were not available. The excuse waiter gave was that one of the chefs is on leave. I wonder if business stops for them if one the chef is not available.
I read on zomato reviews that their thali is good. And restaurant's menu on zomato mentioned that thali is available in dinner as well, but on reaching restaurant I found out they are not serving thali in dinner now. I travelled 9km to visit this restaurant.

Food was pathetic as well. Tanduri roti that we ordered was made of maida. And the dishes were either too oily or just bad.

Overall this place is very bad and doesn't deserve a visit at all. There are plenty of restaurants all around Hyderabad which are much better than this for half the rate.

Avoid this restaurant at all cost !!!"
REV_04901_C01_A01,REV_04901_C01,REV_04901,Gal Punjab Di,3.0,not too good,General Experience,,good,Positive,Overall Impression,Annotated,primary_assertion,,pending,,,,,,,Positive appraisal targeting 'General Experience'.,0,12,"not too good.. but OkOk. have better option nearby. need better option for punjabi food...
world seems really small everywhere you get punjabi food
#punjabi #stereotypicalfood #boring"
REV_04901_C02_A01,REV_04901_C02,REV_04901,Gal Punjab Di,3.0,but OkOk,,,,,,No Aspect Opinion,descriptive_context,REV_04901_C01_A01,pending,,,,,,,"Factual narrative, procedural action, menu listing, or non-evaluative statement without opinion.",15,23,"not too good.. but OkOk. have better option nearby. need better option for punjabi food...
world seems really small everywhere you get punjabi food
#punjabi #stereotypicalfood #boring"
REV_04901_C03_A01,REV_04901_C03,REV_04901,Gal Punjab Di,3.0,have better option nearby,,,,,,No Aspect Opinion,descriptive_context,REV_04901_C01_A01,pending,,,,,,,"Factual narrative, procedural action, menu listing, or non-evaluative statement without opinion.",25,50,"not too good.. but OkOk. have better option nearby. need better option for punjabi food...
world seems really small everywhere you get punjabi food
#punjabi #stereotypicalfood #boring"
REV_04901_C04_A01,REV_04901_C04,REV_04901,Gal Punjab Di,3.0,need better option for punjabi food,,,,,,No Aspect Opinion,descriptive_context,REV_04901_C01_A01,pending,,,,,,,"Factual narrative, procedural action, menu listing, or non-evaluative statement without opinion.",52,87,"not too good.. but OkOk. have better option nearby. need better option for punjabi food...
world seems really small everywhere you get punjabi food
#punjabi #stereotypicalfood #boring"
REV_04901_C05_A01,REV_04901_C05,REV_04901,Gal Punjab Di,3.0,world seems really small everywhere you get punjabi food,,,,,,No Aspect Opinion,descriptive_context,REV_04901_C01_A01,pending,,,,,,,"Factual narrative, procedural action, menu listing, or non-evaluative statement without opinion.",92,148,"not too good.. but OkOk. have better option nearby. need better option for punjabi food...
world seems really small everywhere you get punjabi food
#punjabi #stereotypicalfood #boring"
REV_04901_C06_A01,REV_04901_C06,REV_04901,Gal Punjab Di,3.0,#punjabi #stereotypicalfood #boring,,,,,,No Aspect Opinion,descriptive_context,REV_04901_C01_A01,pending,,,,,,,"Factual narrative, procedural action, menu listing, or non-evaluative statement without opinion.",150,185,"not too good.. but OkOk. have better option nearby. need better option for punjabi food...
world seems really small everywhere you get punjabi food
#punjabi #stereotypicalfood #boring"
REV_04979_C01_A01,REV_04979_C01,REV_04979,Hitech Bawarchi Food Zone,4.0,Little less quantity,Food,quantity,,Negative,Portion size,Annotated,primary_assertion,,pending,,,,,,,"Culinary evaluation (Negative) on food quality, taste, or portion.",0,20,Little less quantity
REV_05070_C01_A01,REV_05070_C01,REV_05070,Biryanis And More,4.0,Do follow us on Instagram: forkandspoonstoryhyd,,,,,,No Aspect Opinion,independent,,pending,,,,,,,"Factual narrative, procedural action, menu listing, or non-evaluative statement without opinion.",0,47,"Do follow us on Instagram: forkandspoonstoryhyd


Biryani and more, a new outlet in Gachibowli is fine-dine restaurant.
It has recently opened and serves varieties of biryani and other food dishes.
This restaurant is on the ground floor and can be easily spotted by the crowd passing by the road.
I’ve been here for a dinner session.
The ambience of this place is quite good with bright lights all over the place.
It was a weekend and there was a pretty good amount of crowd at that time.
We started with mocktails.
They had many varieties of mocktails,out which we ordered the sparkling blue,ginger cola,mango lassi,ginger lemon and ginger mojito.
All the mocktails were of different colours making them very appealing for us to drink.
Almost all the mocktails had mint,lemon and ice which was refreshing!
The mango lassi was too sweet.
Then we were served with soups,
Veg lemon coriander soup
Chicken manchow soup
The veg lemon coriander soup was served hot with parboiled broccoli.
The chicken manchow soup was full of flavour and was served with crispy fried noodles,it tasted delicious.
We were then served with starters,
Apollo fish:
The fish was well cooked and soft but had so much of salt in it.
Tender chicken:
This was something very tasty,the chicken was soft,tender and with good amount of spice.
Bangla kodi:
It is one of the most popular dishes,it was crispy,light and was well presented with coriander garnish.
The chilli prawns:
The prawns were juicy,spicy and had great flavour.
Crispy veg and corn 65 were other vegetarian starters which we had.
They also were good but not that great.
Next we were served with main course:
They served us different types of curry’s with Indian breads.
The chicken chetinadu,its a spicy chicken curry which was too good.
The other curry’s were chicken tikka masala,tomato cashew nut and ulvacharu chicken.
The ulvacharu chicken,a chicken curry with horse gram soup was outstanding and finger licking good.

Biryanis:
We were then served biryani.
avakai chicken biryani
Afghani chicken biryani

Avakai chicken biryani is a authentic Andhra dish,it had a wonderful taste still haunting.
Afghani chicken biryani is very different from other biryani,it had unique flavour.
It was served with egg omelet above the biryani .
We ended up our meal with deserts,
Qubani ka meetha,gulab jamun and junnu.
The deserts were not that great and had disappointed me.
Overall the restaurant has good biryani’s and I would suggest everyone to visit this place especially for avakai chicken biryani.

Do follow us on Instagram:forkandspoonstoryhyd"
REV_05070_C02_A01,REV_05070_C02,REV_05070,Biryanis And More,4.0,"Biryani and more, a new outlet in Gachibowli is fine-dine restaurant",,,,,,No Aspect Opinion,independent,,pending,,,,,,,"Factual narrative, procedural action, menu listing, or non-evaluative statement without opinion.",53,121,"Do follow us on Instagram: forkandspoonstoryhyd


Biryani and more, a new outlet in Gachibowli is fine-dine restaurant.
It has recently opened and serves varieties of biryani and other food dishes.
This restaurant is on the ground floor and can be easily spotted by the crowd passing by the road.
I’ve been here for a dinner session.
The ambience of this place is quite good with bright lights all over the place.
It was a weekend and there was a pretty good amount of crowd at that time.
We started with mocktails.
They had many varieties of mocktails,out which we ordered the sparkling blue,ginger cola,mango lassi,ginger lemon and ginger mojito.
All the mocktails were of different colours making them very appealing for us to drink.
Almost all the mocktails had mint,lemon and ice which was refreshing!
The mango lassi was too sweet.
Then we were served with soups,
Veg lemon coriander soup
Chicken manchow soup
The veg lemon coriander soup was served hot with parboiled broccoli.
The chicken manchow soup was full of flavour and was served with crispy fried noodles,it tasted delicious.
We were then served with starters,
Apollo fish:
The fish was well cooked and soft but had so much of salt in it.
Tender chicken:
This was something very tasty,the chicken was soft,tender and with good amount of spice.
Bangla kodi:
It is one of the most popular dishes,it was crispy,light and was well presented with coriander garnish.
The chilli prawns:
The prawns were juicy,spicy and had great flavour.
Crispy veg and corn 65 were other vegetarian starters which we had.
They also were good but not that great.
Next we were served with main course:
They served us different types of curry’s with Indian breads.
The chicken chetinadu,its a spicy chicken curry which was too good.
The other curry’s were chicken tikka masala,tomato cashew nut and ulvacharu chicken.
The ulvacharu chicken,a chicken curry with horse gram soup was outstanding and finger licking good.

Biryanis:
We were then served biryani.
avakai chicken biryani
Afghani chicken biryani

Avakai chicken biryani is a authentic Andhra dish,it had a wonderful taste still haunting.
Afghani chicken biryani is very different from other biryani,it had unique flavour.
It was served with egg omelet above the biryani .
We ended up our meal with deserts,
Qubani ka meetha,gulab jamun and junnu.
The deserts were not that great and had disappointed me.
Overall the restaurant has good biryani’s and I would suggest everyone to visit this place especially for avakai chicken biryani.

Do follow us on Instagram:forkandspoonstoryhyd"
REV_05070_C03_A01,REV_05070_C03,REV_05070,Biryanis And More,4.0,It has recently opened and serves varieties of biryani and other food dishes,,,,,,No Aspect Opinion,independent,,pending,,,,,,,"Factual narrative, procedural action, menu listing, or non-evaluative statement without opinion.",124,200,"Do follow us on Instagram: forkandspoonstoryhyd


Biryani and more, a new outlet in Gachibowli is fine-dine restaurant.
It has recently opened and serves varieties of biryani and other food dishes.
This restaurant is on the ground floor and can be easily spotted by the crowd passing by the road.
I’ve been here for a dinner session.
The ambience of this place is quite good with bright lights all over the place.
It was a weekend and there was a pretty good amount of crowd at that time.
We started with mocktails.
They had many varieties of mocktails,out which we ordered the sparkling blue,ginger cola,mango lassi,ginger lemon and ginger mojito.
All the mocktails were of different colours making them very appealing for us to drink.
Almost all the mocktails had mint,lemon and ice which was refreshing!
The mango lassi was too sweet.
Then we were served with soups,
Veg lemon coriander soup
Chicken manchow soup
The veg lemon coriander soup was served hot with parboiled broccoli.
The chicken manchow soup was full of flavour and was served with crispy fried noodles,it tasted delicious.
We were then served with starters,
Apollo fish:
The fish was well cooked and soft but had so much of salt in it.
Tender chicken:
This was something very tasty,the chicken was soft,tender and with good amount of spice.
Bangla kodi:
It is one of the most popular dishes,it was crispy,light and was well presented with coriander garnish.
The chilli prawns:
The prawns were juicy,spicy and had great flavour.
Crispy veg and corn 65 were other vegetarian starters which we had.
They also were good but not that great.
Next we were served with main course:
They served us different types of curry’s with Indian breads.
The chicken chetinadu,its a spicy chicken curry which was too good.
The other curry’s were chicken tikka masala,tomato cashew nut and ulvacharu chicken.
The ulvacharu chicken,a chicken curry with horse gram soup was outstanding and finger licking good.

Biryanis:
We were then served biryani.
avakai chicken biryani
Afghani chicken biryani

Avakai chicken biryani is a authentic Andhra dish,it had a wonderful taste still haunting.
Afghani chicken biryani is very different from other biryani,it had unique flavour.
It was served with egg omelet above the biryani .
We ended up our meal with deserts,
Qubani ka meetha,gulab jamun and junnu.
The deserts were not that great and had disappointed me.
Overall the restaurant has good biryani’s and I would suggest everyone to visit this place especially for avakai chicken biryani.

Do follow us on Instagram:forkandspoonstoryhyd"
REV_05070_C04_A01,REV_05070_C04,REV_05070,Biryanis And More,4.0,This restaurant is on the ground floor and can be easily spotted by the crowd passing by the road,,,,,,No Aspect Opinion,independent,,pending,,,,,,,"Factual narrative, procedural action, menu listing, or non-evaluative statement without opinion.",203,300,"Do follow us on Instagram: forkandspoonstoryhyd


Biryani and more, a new outlet in Gachibowli is fine-dine restaurant.
It has recently opened and serves varieties of biryani and other food dishes.
This restaurant is on the ground floor and can be easily spotted by the crowd passing by the road.
I’ve been here for a dinner session.
The ambience of this place is quite good with bright lights all over the place.
It was a weekend and there was a pretty good amount of crowd at that time.
We started with mocktails.
They had many varieties of mocktails,out which we ordered the sparkling blue,ginger cola,mango lassi,ginger lemon and ginger mojito.
All the mocktails were of different colours making them very appealing for us to drink.
Almost all the mocktails had mint,lemon and ice which was refreshing!
The mango lassi was too sweet.
Then we were served with soups,
Veg lemon coriander soup
Chicken manchow soup
The veg lemon coriander soup was served hot with parboiled broccoli.
The chicken manchow soup was full of flavour and was served with crispy fried noodles,it tasted delicious.
We were then served with starters,
Apollo fish:
The fish was well cooked and soft but had so much of salt in it.
Tender chicken:
This was something very tasty,the chicken was soft,tender and with good amount of spice.
Bangla kodi:
It is one of the most popular dishes,it was crispy,light and was well presented with coriander garnish.
The chilli prawns:
The prawns were juicy,spicy and had great flavour.
Crispy veg and corn 65 were other vegetarian starters which we had.
They also were good but not that great.
Next we were served with main course:
They served us different types of curry’s with Indian breads.
The chicken chetinadu,its a spicy chicken curry which was too good.
The other curry’s were chicken tikka masala,tomato cashew nut and ulvacharu chicken.
The ulvacharu chicken,a chicken curry with horse gram soup was outstanding and finger licking good.

Biryanis:
We were then served biryani.
avakai chicken biryani
Afghani chicken biryani

Avakai chicken biryani is a authentic Andhra dish,it had a wonderful taste still haunting.
Afghani chicken biryani is very different from other biryani,it had unique flavour.
It was served with egg omelet above the biryani .
We ended up our meal with deserts,
Qubani ka meetha,gulab jamun and junnu.
The deserts were not that great and had disappointed me.
Overall the restaurant has good biryani’s and I would suggest everyone to visit this place especially for avakai chicken biryani.

Do follow us on Instagram:forkandspoonstoryhyd"
REV_05070_C05_A01,REV_05070_C05,REV_05070,Biryanis And More,4.0,I’ve been here for a dinner session,,,,,,No Aspect Opinion,independent,,pending,,,,,,,"Factual narrative, procedural action, menu listing, or non-evaluative statement without opinion.",303,338,"Do follow us on Instagram: forkandspoonstoryhyd


Biryani and more, a new outlet in Gachibowli is fine-dine restaurant.
It has recently opened and serves varieties of biryani and other food dishes.
This restaurant is on the ground floor and can be easily spotted by the crowd passing by the road.
I’ve been here for a dinner session.
The ambience of this place is quite good with bright lights all over the place.
It was a weekend and there was a pretty good amount of crowd at that time.
We started with mocktails.
They had many varieties of mocktails,out which we ordered the sparkling blue,ginger cola,mango lassi,ginger lemon and ginger mojito.
All the mocktails were of different colours making them very appealing for us to drink.
Almost all the mocktails had mint,lemon and ice which was refreshing!
The mango lassi was too sweet.
Then we were served with soups,
Veg lemon coriander soup
Chicken manchow soup
The veg lemon coriander soup was served hot with parboiled broccoli.
The chicken manchow soup was full of flavour and was served with crispy fried noodles,it tasted delicious.
We were then served with starters,
Apollo fish:
The fish was well cooked and soft but had so much of salt in it.
Tender chicken:
This was something very tasty,the chicken was soft,tender and with good amount of spice.
Bangla kodi:
It is one of the most popular dishes,it was crispy,light and was well presented with coriander garnish.
The chilli prawns:
The prawns were juicy,spicy and had great flavour.
Crispy veg and corn 65 were other vegetarian starters which we had.
They also were good but not that great.
Next we were served with main course:
They served us different types of curry’s with Indian breads.
The chicken chetinadu,its a spicy chicken curry which was too good.
The other curry’s were chicken tikka masala,tomato cashew nut and ulvacharu chicken.
The ulvacharu chicken,a chicken curry with horse gram soup was outstanding and finger licking good.

Biryanis:
We were then served biryani.
avakai chicken biryani
Afghani chicken biryani

Avakai chicken biryani is a authentic Andhra dish,it had a wonderful taste still haunting.
Afghani chicken biryani is very different from other biryani,it had unique flavour.
It was served with egg omelet above the biryani .
We ended up our meal with deserts,
Qubani ka meetha,gulab jamun and junnu.
The deserts were not that great and had disappointed me.
Overall the restaurant has good biryani’s and I would suggest everyone to visit this place especially for avakai chicken biryani.

Do follow us on Instagram:forkandspoonstoryhyd"
REV_05070_C06_A01,REV_05070_C06,REV_05070,Biryanis And More,4.0,The ambience of this place is quite good with bright lights all over the place,Ambience,ambience,good,Positive,Atmosphere,Annotated,primary_assertion,,pending,,,,,,,Ambience evaluation (Positive) regarding environment or facilities.,341,419,"Do follow us on Instagram: forkandspoonstoryhyd


Biryani and more, a new outlet in Gachibowli is fine-dine restaurant.
It has recently opened and serves varieties of biryani and other food dishes.
This restaurant is on the ground floor and can be easily spotted by the crowd passing by the road.
I’ve been here for a dinner session.
The ambience of this place is quite good with bright lights all over the place.
It was a weekend and there was a pretty good amount of crowd at that time.
We started with mocktails.
They had many varieties of mocktails,out which we ordered the sparkling blue,ginger cola,mango lassi,ginger lemon and ginger mojito.
All the mocktails were of different colours making them very appealing for us to drink.
Almost all the mocktails had mint,lemon and ice which was refreshing!
The mango lassi was too sweet.
Then we were served with soups,
Veg lemon coriander soup
Chicken manchow soup
The veg lemon coriander soup was served hot with parboiled broccoli.
The chicken manchow soup was full of flavour and was served with crispy fried noodles,it tasted delicious.
We were then served with starters,
Apollo fish:
The fish was well cooked and soft but had so much of salt in it.
Tender chicken:
This was something very tasty,the chicken was soft,tender and with good amount of spice.
Bangla kodi:
It is one of the most popular dishes,it was crispy,light and was well presented with coriander garnish.
The chilli prawns:
The prawns were juicy,spicy and had great flavour.
Crispy veg and corn 65 were other vegetarian starters which we had.
They also were good but not that great.
Next we were served with main course:
They served us different types of curry’s with Indian breads.
The chicken chetinadu,its a spicy chicken curry which was too good.
The other curry’s were chicken tikka masala,tomato cashew nut and ulvacharu chicken.
The ulvacharu chicken,a chicken curry with horse gram soup was outstanding and finger licking good.

Biryanis:
We were then served biryani.
avakai chicken biryani
Afghani chicken biryani

Avakai chicken biryani is a authentic Andhra dish,it had a wonderful taste still haunting.
Afghani chicken biryani is very different from other biryani,it had unique flavour.
It was served with egg omelet above the biryani .
We ended up our meal with deserts,
Qubani ka meetha,gulab jamun and junnu.
The deserts were not that great and had disappointed me.
Overall the restaurant has good biryani’s and I would suggest everyone to visit this place especially for avakai chicken biryani.

Do follow us on Instagram:forkandspoonstoryhyd"
REV_05070_C07_A01,REV_05070_C07,REV_05070,Biryanis And More,4.0,It was a weekend and there was a pretty good amount of crowd at that time,General Experience,,good,Positive,Overall Impression,Annotated,primary_assertion,,pending,,,,,,,Positive appraisal targeting 'General Experience'.,422,495,"Do follow us on Instagram: forkandspoonstoryhyd


Biryani and more, a new outlet in Gachibowli is fine-dine restaurant.
It has recently opened and serves varieties of biryani and other food dishes.
This restaurant is on the ground floor and can be easily spotted by the crowd passing by the road.
I’ve been here for a dinner session.
The ambience of this place is quite good with bright lights all over the place.
It was a weekend and there was a pretty good amount of crowd at that time.
We started with mocktails.
They had many varieties of mocktails,out which we ordered the sparkling blue,ginger cola,mango lassi,ginger lemon and ginger mojito.
All the mocktails were of different colours making them very appealing for us to drink.
Almost all the mocktails had mint,lemon and ice which was refreshing!
The mango lassi was too sweet.
Then we were served with soups,
Veg lemon coriander soup
Chicken manchow soup
The veg lemon coriander soup was served hot with parboiled broccoli.
The chicken manchow soup was full of flavour and was served with crispy fried noodles,it tasted delicious.
We were then served with starters,
Apollo fish:
The fish was well cooked and soft but had so much of salt in it.
Tender chicken:
This was something very tasty,the chicken was soft,tender and with good amount of spice.
Bangla kodi:
It is one of the most popular dishes,it was crispy,light and was well presented with coriander garnish.
The chilli prawns:
The prawns were juicy,spicy and had great flavour.
Crispy veg and corn 65 were other vegetarian starters which we had.
They also were good but not that great.
Next we were served with main course:
They served us different types of curry’s with Indian breads.
The chicken chetinadu,its a spicy chicken curry which was too good.
The other curry’s were chicken tikka masala,tomato cashew nut and ulvacharu chicken.
The ulvacharu chicken,a chicken curry with horse gram soup was outstanding and finger licking good.

Biryanis:
We were then served biryani.
avakai chicken biryani
Afghani chicken biryani

Avakai chicken biryani is a authentic Andhra dish,it had a wonderful taste still haunting.
Afghani chicken biryani is very different from other biryani,it had unique flavour.
It was served with egg omelet above the biryani .
We ended up our meal with deserts,
Qubani ka meetha,gulab jamun and junnu.
The deserts were not that great and had disappointed me.
Overall the restaurant has good biryani’s and I would suggest everyone to visit this place especially for avakai chicken biryani.

Do follow us on Instagram:forkandspoonstoryhyd"
REV_05070_C08_A01,REV_05070_C08,REV_05070,Biryanis And More,4.0,We started with mocktails,,,,,,No Aspect Opinion,descriptive_context,REV_05070_C07_A01,pending,,,,,,,"Factual narrative, procedural action, menu listing, or non-evaluative statement without opinion.",498,523,"Do follow us on Instagram: forkandspoonstoryhyd


Biryani and more, a new outlet in Gachibowli is fine-dine restaurant.
It has recently opened and serves varieties of biryani and other food dishes.
This restaurant is on the ground floor and can be easily spotted by the crowd passing by the road.
I’ve been here for a dinner session.
The ambience of this place is quite good with bright lights all over the place.
It was a weekend and there was a pretty good amount of crowd at that time.
We started with mocktails.
They had many varieties of mocktails,out which we ordered the sparkling blue,ginger cola,mango lassi,ginger lemon and ginger mojito.
All the mocktails were of different colours making them very appealing for us to drink.
Almost all the mocktails had mint,lemon and ice which was refreshing!
The mango lassi was too sweet.
Then we were served with soups,
Veg lemon coriander soup
Chicken manchow soup
The veg lemon coriander soup was served hot with parboiled broccoli.
The chicken manchow soup was full of flavour and was served with crispy fried noodles,it tasted delicious.
We were then served with starters,
Apollo fish:
The fish was well cooked and soft but had so much of salt in it.
Tender chicken:
This was something very tasty,the chicken was soft,tender and with good amount of spice.
Bangla kodi:
It is one of the most popular dishes,it was crispy,light and was well presented with coriander garnish.
The chilli prawns:
The prawns were juicy,spicy and had great flavour.
Crispy veg and corn 65 were other vegetarian starters which we had.
They also were good but not that great.
Next we were served with main course:
They served us different types of curry’s with Indian breads.
The chicken chetinadu,its a spicy chicken curry which was too good.
The other curry’s were chicken tikka masala,tomato cashew nut and ulvacharu chicken.
The ulvacharu chicken,a chicken curry with horse gram soup was outstanding and finger licking good.

Biryanis:
We were then served biryani.
avakai chicken biryani
Afghani chicken biryani

Avakai chicken biryani is a authentic Andhra dish,it had a wonderful taste still haunting.
Afghani chicken biryani is very different from other biryani,it had unique flavour.
It was served with egg omelet above the biryani .
We ended up our meal with deserts,
Qubani ka meetha,gulab jamun and junnu.
The deserts were not that great and had disappointed me.
Overall the restaurant has good biryani’s and I would suggest everyone to visit this place especially for avakai chicken biryani.

Do follow us on Instagram:forkandspoonstoryhyd"
REV_05070_C09_A01,REV_05070_C09,REV_05070,Biryanis And More,4.0,"They had many varieties of mocktails,out which we ordered the sparkling blue,ginger cola,mango lassi,ginger lemon and ginger mojito",,,,,,No Aspect Opinion,descriptive_context,REV_05070_C07_A01,pending,,,,,,,"Factual narrative, procedural action, menu listing, or non-evaluative statement without opinion.",526,657,"Do follow us on Instagram: forkandspoonstoryhyd


Biryani and more, a new outlet in Gachibowli is fine-dine restaurant.
It has recently opened and serves varieties of biryani and other food dishes.
This restaurant is on the ground floor and can be easily spotted by the crowd passing by the road.
I’ve been here for a dinner session.
The ambience of this place is quite good with bright lights all over the place.
It was a weekend and there was a pretty good amount of crowd at that time.
We started with mocktails.
They had many varieties of mocktails,out which we ordered the sparkling blue,ginger cola,mango lassi,ginger lemon and ginger mojito.
All the mocktails were of different colours making them very appealing for us to drink.
Almost all the mocktails had mint,lemon and ice which was refreshing!
The mango lassi was too sweet.
Then we were served with soups,
Veg lemon coriander soup
Chicken manchow soup
The veg lemon coriander soup was served hot with parboiled broccoli.
The chicken manchow soup was full of flavour and was served with crispy fried noodles,it tasted delicious.
We were then served with starters,
Apollo fish:
The fish was well cooked and soft but had so much of salt in it.
Tender chicken:
This was something very tasty,the chicken was soft,tender and with good amount of spice.
Bangla kodi:
It is one of the most popular dishes,it was crispy,light and was well presented with coriander garnish.
The chilli prawns:
The prawns were juicy,spicy and had great flavour.
Crispy veg and corn 65 were other vegetarian starters which we had.
They also were good but not that great.
Next we were served with main course:
They served us different types of curry’s with Indian breads.
The chicken chetinadu,its a spicy chicken curry which was too good.
The other curry’s were chicken tikka masala,tomato cashew nut and ulvacharu chicken.
The ulvacharu chicken,a chicken curry with horse gram soup was outstanding and finger licking good.

Biryanis:
We were then served biryani.
avakai chicken biryani
Afghani chicken biryani

Avakai chicken biryani is a authentic Andhra dish,it had a wonderful taste still haunting.
Afghani chicken biryani is very different from other biryani,it had unique flavour.
It was served with egg omelet above the biryani .
We ended up our meal with deserts,
Qubani ka meetha,gulab jamun and junnu.
The deserts were not that great and had disappointed me.
Overall the restaurant has good biryani’s and I would suggest everyone to visit this place especially for avakai chicken biryani.

Do follow us on Instagram:forkandspoonstoryhyd"
REV_05070_C10_A01,REV_05070_C10,REV_05070,Biryanis And More,4.0,All the mocktails were of different colours making them very appealing for us to drink,,,,,,No Aspect Opinion,descriptive_context,REV_05070_C07_A01,pending,,,,,,,"Factual narrative, procedural action, menu listing, or non-evaluative statement without opinion.",660,746,"Do follow us on Instagram: forkandspoonstoryhyd


Biryani and more, a new outlet in Gachibowli is fine-dine restaurant.
It has recently opened and serves varieties of biryani and other food dishes.
This restaurant is on the ground floor and can be easily spotted by the crowd passing by the road.
I’ve been here for a dinner session.
The ambience of this place is quite good with bright lights all over the place.
It was a weekend and there was a pretty good amount of crowd at that time.
We started with mocktails.
They had many varieties of mocktails,out which we ordered the sparkling blue,ginger cola,mango lassi,ginger lemon and ginger mojito.
All the mocktails were of different colours making them very appealing for us to drink.
Almost all the mocktails had mint,lemon and ice which was refreshing!
The mango lassi was too sweet.
Then we were served with soups,
Veg lemon coriander soup
Chicken manchow soup
The veg lemon coriander soup was served hot with parboiled broccoli.
The chicken manchow soup was full of flavour and was served with crispy fried noodles,it tasted delicious.
We were then served with starters,
Apollo fish:
The fish was well cooked and soft but had so much of salt in it.
Tender chicken:
This was something very tasty,the chicken was soft,tender and with good amount of spice.
Bangla kodi:
It is one of the most popular dishes,it was crispy,light and was well presented with coriander garnish.
The chilli prawns:
The prawns were juicy,spicy and had great flavour.
Crispy veg and corn 65 were other vegetarian starters which we had.
They also were good but not that great.
Next we were served with main course:
They served us different types of curry’s with Indian breads.
The chicken chetinadu,its a spicy chicken curry which was too good.
The other curry’s were chicken tikka masala,tomato cashew nut and ulvacharu chicken.
The ulvacharu chicken,a chicken curry with horse gram soup was outstanding and finger licking good.

Biryanis:
We were then served biryani.
avakai chicken biryani
Afghani chicken biryani

Avakai chicken biryani is a authentic Andhra dish,it had a wonderful taste still haunting.
Afghani chicken biryani is very different from other biryani,it had unique flavour.
It was served with egg omelet above the biryani .
We ended up our meal with deserts,
Qubani ka meetha,gulab jamun and junnu.
The deserts were not that great and had disappointed me.
Overall the restaurant has good biryani’s and I would suggest everyone to visit this place especially for avakai chicken biryani.

Do follow us on Instagram:forkandspoonstoryhyd"
REV_05070_C11_A01,REV_05070_C11,REV_05070,Biryanis And More,4.0,"Almost all the mocktails had mint,lemon and ice which was refreshing",,,,,,No Aspect Opinion,descriptive_context,REV_05070_C07_A01,pending,,,,,,,"Factual narrative, procedural action, menu listing, or non-evaluative statement without opinion.",749,817,"Do follow us on Instagram: forkandspoonstoryhyd


Biryani and more, a new outlet in Gachibowli is fine-dine restaurant.
It has recently opened and serves varieties of biryani and other food dishes.
This restaurant is on the ground floor and can be easily spotted by the crowd passing by the road.
I’ve been here for a dinner session.
The ambience of this place is quite good with bright lights all over the place.
It was a weekend and there was a pretty good amount of crowd at that time.
We started with mocktails.
They had many varieties of mocktails,out which we ordered the sparkling blue,ginger cola,mango lassi,ginger lemon and ginger mojito.
All the mocktails were of different colours making them very appealing for us to drink.
Almost all the mocktails had mint,lemon and ice which was refreshing!
The mango lassi was too sweet.
Then we were served with soups,
Veg lemon coriander soup
Chicken manchow soup
The veg lemon coriander soup was served hot with parboiled broccoli.
The chicken manchow soup was full of flavour and was served with crispy fried noodles,it tasted delicious.
We were then served with starters,
Apollo fish:
The fish was well cooked and soft but had so much of salt in it.
Tender chicken:
This was something very tasty,the chicken was soft,tender and with good amount of spice.
Bangla kodi:
It is one of the most popular dishes,it was crispy,light and was well presented with coriander garnish.
The chilli prawns:
The prawns were juicy,spicy and had great flavour.
Crispy veg and corn 65 were other vegetarian starters which we had.
They also were good but not that great.
Next we were served with main course:
They served us different types of curry’s with Indian breads.
The chicken chetinadu,its a spicy chicken curry which was too good.
The other curry’s were chicken tikka masala,tomato cashew nut and ulvacharu chicken.
The ulvacharu chicken,a chicken curry with horse gram soup was outstanding and finger licking good.

Biryanis:
We were then served biryani.
avakai chicken biryani
Afghani chicken biryani

Avakai chicken biryani is a authentic Andhra dish,it had a wonderful taste still haunting.
Afghani chicken biryani is very different from other biryani,it had unique flavour.
It was served with egg omelet above the biryani .
We ended up our meal with deserts,
Qubani ka meetha,gulab jamun and junnu.
The deserts were not that great and had disappointed me.
Overall the restaurant has good biryani’s and I would suggest everyone to visit this place especially for avakai chicken biryani.

Do follow us on Instagram:forkandspoonstoryhyd"
REV_05070_C12_A01,REV_05070_C12,REV_05070,Biryanis And More,4.0,The mango lassi was too sweet,Food,,,Positive,Taste / Flavor,Annotated,primary_assertion,,pending,,,,,,,"Culinary evaluation (Positive) on food quality, taste, or portion.",820,849,"Do follow us on Instagram: forkandspoonstoryhyd


Biryani and more, a new outlet in Gachibowli is fine-dine restaurant.
It has recently opened and serves varieties of biryani and other food dishes.
This restaurant is on the ground floor and can be easily spotted by the crowd passing by the road.
I’ve been here for a dinner session.
The ambience of this place is quite good with bright lights all over the place.
It was a weekend and there was a pretty good amount of crowd at that time.
We started with mocktails.
They had many varieties of mocktails,out which we ordered the sparkling blue,ginger cola,mango lassi,ginger lemon and ginger mojito.
All the mocktails were of different colours making them very appealing for us to drink.
Almost all the mocktails had mint,lemon and ice which was refreshing!
The mango lassi was too sweet.
Then we were served with soups,
Veg lemon coriander soup
Chicken manchow soup
The veg lemon coriander soup was served hot with parboiled broccoli.
The chicken manchow soup was full of flavour and was served with crispy fried noodles,it tasted delicious.
We were then served with starters,
Apollo fish:
The fish was well cooked and soft but had so much of salt in it.
Tender chicken:
This was something very tasty,the chicken was soft,tender and with good amount of spice.
Bangla kodi:
It is one of the most popular dishes,it was crispy,light and was well presented with coriander garnish.
The chilli prawns:
The prawns were juicy,spicy and had great flavour.
Crispy veg and corn 65 were other vegetarian starters which we had.
They also were good but not that great.
Next we were served with main course:
They served us different types of curry’s with Indian breads.
The chicken chetinadu,its a spicy chicken curry which was too good.
The other curry’s were chicken tikka masala,tomato cashew nut and ulvacharu chicken.
The ulvacharu chicken,a chicken curry with horse gram soup was outstanding and finger licking good.

Biryanis:
We were then served biryani.
avakai chicken biryani
Afghani chicken biryani

Avakai chicken biryani is a authentic Andhra dish,it had a wonderful taste still haunting.
Afghani chicken biryani is very different from other biryani,it had unique flavour.
It was served with egg omelet above the biryani .
We ended up our meal with deserts,
Qubani ka meetha,gulab jamun and junnu.
The deserts were not that great and had disappointed me.
Overall the restaurant has good biryani’s and I would suggest everyone to visit this place especially for avakai chicken biryani.

Do follow us on Instagram:forkandspoonstoryhyd"
REV_05070_C13_A01,REV_05070_C13,REV_05070,Biryanis And More,4.0,"Then we were served with soups,",,,,,,No Aspect Opinion,descriptive_context,REV_05070_C12_A01,pending,,,,,,,"Factual narrative, procedural action, menu listing, or non-evaluative statement without opinion.",852,883,"Do follow us on Instagram: forkandspoonstoryhyd


Biryani and more, a new outlet in Gachibowli is fine-dine restaurant.
It has recently opened and serves varieties of biryani and other food dishes.
This restaurant is on the ground floor and can be easily spotted by the crowd passing by the road.
I’ve been here for a dinner session.
The ambience of this place is quite good with bright lights all over the place.
It was a weekend and there was a pretty good amount of crowd at that time.
We started with mocktails.
They had many varieties of mocktails,out which we ordered the sparkling blue,ginger cola,mango lassi,ginger lemon and ginger mojito.
All the mocktails were of different colours making them very appealing for us to drink.
Almost all the mocktails had mint,lemon and ice which was refreshing!
The mango lassi was too sweet.
Then we were served with soups,
Veg lemon coriander soup
Chicken manchow soup
The veg lemon coriander soup was served hot with parboiled broccoli.
The chicken manchow soup was full of flavour and was served with crispy fried noodles,it tasted delicious.
We were then served with starters,
Apollo fish:
The fish was well cooked and soft but had so much of salt in it.
Tender chicken:
This was something very tasty,the chicken was soft,tender and with good amount of spice.
Bangla kodi:
It is one of the most popular dishes,it was crispy,light and was well presented with coriander garnish.
The chilli prawns:
The prawns were juicy,spicy and had great flavour.
Crispy veg and corn 65 were other vegetarian starters which we had.
They also were good but not that great.
Next we were served with main course:
They served us different types of curry’s with Indian breads.
The chicken chetinadu,its a spicy chicken curry which was too good.
The other curry’s were chicken tikka masala,tomato cashew nut and ulvacharu chicken.
The ulvacharu chicken,a chicken curry with horse gram soup was outstanding and finger licking good.

Biryanis:
We were then served biryani.
avakai chicken biryani
Afghani chicken biryani

Avakai chicken biryani is a authentic Andhra dish,it had a wonderful taste still haunting.
Afghani chicken biryani is very different from other biryani,it had unique flavour.
It was served with egg omelet above the biryani .
We ended up our meal with deserts,
Qubani ka meetha,gulab jamun and junnu.
The deserts were not that great and had disappointed me.
Overall the restaurant has good biryani’s and I would suggest everyone to visit this place especially for avakai chicken biryani.

Do follow us on Instagram:forkandspoonstoryhyd"
REV_05070_C14_A01,REV_05070_C14,REV_05070,Biryanis And More,4.0,Veg lemon coriander soup,,,,,,No Aspect Opinion,descriptive_context,REV_05070_C12_A01,pending,,,,,,,"Factual narrative, procedural action, menu listing, or non-evaluative statement without opinion.",885,909,"Do follow us on Instagram: forkandspoonstoryhyd


Biryani and more, a new outlet in Gachibowli is fine-dine restaurant.
It has recently opened and serves varieties of biryani and other food dishes.
This restaurant is on the ground floor and can be easily spotted by the crowd passing by the road.
I’ve been here for a dinner session.
The ambience of this place is quite good with bright lights all over the place.
It was a weekend and there was a pretty good amount of crowd at that time.
We started with mocktails.
They had many varieties of mocktails,out which we ordered the sparkling blue,ginger cola,mango lassi,ginger lemon and ginger mojito.
All the mocktails were of different colours making them very appealing for us to drink.
Almost all the mocktails had mint,lemon and ice which was refreshing!
The mango lassi was too sweet.
Then we were served with soups,
Veg lemon coriander soup
Chicken manchow soup
The veg lemon coriander soup was served hot with parboiled broccoli.
The chicken manchow soup was full of flavour and was served with crispy fried noodles,it tasted delicious.
We were then served with starters,
Apollo fish:
The fish was well cooked and soft but had so much of salt in it.
Tender chicken:
This was something very tasty,the chicken was soft,tender and with good amount of spice.
Bangla kodi:
It is one of the most popular dishes,it was crispy,light and was well presented with coriander garnish.
The chilli prawns:
The prawns were juicy,spicy and had great flavour.
Crispy veg and corn 65 were other vegetarian starters which we had.
They also were good but not that great.
Next we were served with main course:
They served us different types of curry’s with Indian breads.
The chicken chetinadu,its a spicy chicken curry which was too good.
The other curry’s were chicken tikka masala,tomato cashew nut and ulvacharu chicken.
The ulvacharu chicken,a chicken curry with horse gram soup was outstanding and finger licking good.

Biryanis:
We were then served biryani.
avakai chicken biryani
Afghani chicken biryani

Avakai chicken biryani is a authentic Andhra dish,it had a wonderful taste still haunting.
Afghani chicken biryani is very different from other biryani,it had unique flavour.
It was served with egg omelet above the biryani .
We ended up our meal with deserts,
Qubani ka meetha,gulab jamun and junnu.
The deserts were not that great and had disappointed me.
Overall the restaurant has good biryani’s and I would suggest everyone to visit this place especially for avakai chicken biryani.

Do follow us on Instagram:forkandspoonstoryhyd"
REV_05070_C15_A01,REV_05070_C15,REV_05070,Biryanis And More,4.0,Chicken manchow soup,,,,,,No Aspect Opinion,descriptive_context,REV_05070_C12_A01,pending,,,,,,,"Factual narrative, procedural action, menu listing, or non-evaluative statement without opinion.",911,931,"Do follow us on Instagram: forkandspoonstoryhyd


Biryani and more, a new outlet in Gachibowli is fine-dine restaurant.
It has recently opened and serves varieties of biryani and other food dishes.
This restaurant is on the ground floor and can be easily spotted by the crowd passing by the road.
I’ve been here for a dinner session.
The ambience of this place is quite good with bright lights all over the place.
It was a weekend and there was a pretty good amount of crowd at that time.
We started with mocktails.
They had many varieties of mocktails,out which we ordered the sparkling blue,ginger cola,mango lassi,ginger lemon and ginger mojito.
All the mocktails were of different colours making them very appealing for us to drink.
Almost all the mocktails had mint,lemon and ice which was refreshing!
The mango lassi was too sweet.
Then we were served with soups,
Veg lemon coriander soup
Chicken manchow soup
The veg lemon coriander soup was served hot with parboiled broccoli.
The chicken manchow soup was full of flavour and was served with crispy fried noodles,it tasted delicious.
We were then served with starters,
Apollo fish:
The fish was well cooked and soft but had so much of salt in it.
Tender chicken:
This was something very tasty,the chicken was soft,tender and with good amount of spice.
Bangla kodi:
It is one of the most popular dishes,it was crispy,light and was well presented with coriander garnish.
The chilli prawns:
The prawns were juicy,spicy and had great flavour.
Crispy veg and corn 65 were other vegetarian starters which we had.
They also were good but not that great.
Next we were served with main course:
They served us different types of curry’s with Indian breads.
The chicken chetinadu,its a spicy chicken curry which was too good.
The other curry’s were chicken tikka masala,tomato cashew nut and ulvacharu chicken.
The ulvacharu chicken,a chicken curry with horse gram soup was outstanding and finger licking good.

Biryanis:
We were then served biryani.
avakai chicken biryani
Afghani chicken biryani

Avakai chicken biryani is a authentic Andhra dish,it had a wonderful taste still haunting.
Afghani chicken biryani is very different from other biryani,it had unique flavour.
It was served with egg omelet above the biryani .
We ended up our meal with deserts,
Qubani ka meetha,gulab jamun and junnu.
The deserts were not that great and had disappointed me.
Overall the restaurant has good biryani’s and I would suggest everyone to visit this place especially for avakai chicken biryani.

Do follow us on Instagram:forkandspoonstoryhyd"
REV_05070_C16_A01,REV_05070_C16,REV_05070,Biryanis And More,4.0,The veg lemon coriander soup was served hot with parboiled broccoli,,,,,,No Aspect Opinion,descriptive_context,REV_05070_C12_A01,pending,,,,,,,"Factual narrative, procedural action, menu listing, or non-evaluative statement without opinion.",933,1000,"Do follow us on Instagram: forkandspoonstoryhyd


Biryani and more, a new outlet in Gachibowli is fine-dine restaurant.
It has recently opened and serves varieties of biryani and other food dishes.
This restaurant is on the ground floor and can be easily spotted by the crowd passing by the road.
I’ve been here for a dinner session.
The ambience of this place is quite good with bright lights all over the place.
It was a weekend and there was a pretty good amount of crowd at that time.
We started with mocktails.
They had many varieties of mocktails,out which we ordered the sparkling blue,ginger cola,mango lassi,ginger lemon and ginger mojito.
All the mocktails were of different colours making them very appealing for us to drink.
Almost all the mocktails had mint,lemon and ice which was refreshing!
The mango lassi was too sweet.
Then we were served with soups,
Veg lemon coriander soup
Chicken manchow soup
The veg lemon coriander soup was served hot with parboiled broccoli.
The chicken manchow soup was full of flavour and was served with crispy fried noodles,it tasted delicious.
We were then served with starters,
Apollo fish:
The fish was well cooked and soft but had so much of salt in it.
Tender chicken:
This was something very tasty,the chicken was soft,tender and with good amount of spice.
Bangla kodi:
It is one of the most popular dishes,it was crispy,light and was well presented with coriander garnish.
The chilli prawns:
The prawns were juicy,spicy and had great flavour.
Crispy veg and corn 65 were other vegetarian starters which we had.
They also were good but not that great.
Next we were served with main course:
They served us different types of curry’s with Indian breads.
The chicken chetinadu,its a spicy chicken curry which was too good.
The other curry’s were chicken tikka masala,tomato cashew nut and ulvacharu chicken.
The ulvacharu chicken,a chicken curry with horse gram soup was outstanding and finger licking good.

Biryanis:
We were then served biryani.
avakai chicken biryani
Afghani chicken biryani

Avakai chicken biryani is a authentic Andhra dish,it had a wonderful taste still haunting.
Afghani chicken biryani is very different from other biryani,it had unique flavour.
It was served with egg omelet above the biryani .
We ended up our meal with deserts,
Qubani ka meetha,gulab jamun and junnu.
The deserts were not that great and had disappointed me.
Overall the restaurant has good biryani’s and I would suggest everyone to visit this place especially for avakai chicken biryani.

Do follow us on Instagram:forkandspoonstoryhyd"
REV_05070_C17_A01,REV_05070_C17,REV_05070,Biryanis And More,4.0,"The chicken manchow soup was full of flavour and was served with crispy fried noodles,it tasted delicious",Food,chicken,delicious,Positive,Taste / Flavor,Annotated,primary_assertion,,pending,,,,,,,"Culinary evaluation (Positive) on food quality, taste, or portion.",1003,1108,"Do follow us on Instagram: forkandspoonstoryhyd


Biryani and more, a new outlet in Gachibowli is fine-dine restaurant.
It has recently opened and serves varieties of biryani and other food dishes.
This restaurant is on the ground floor and can be easily spotted by the crowd passing by the road.
I’ve been here for a dinner session.
The ambience of this place is quite good with bright lights all over the place.
It was a weekend and there was a pretty good amount of crowd at that time.
We started with mocktails.
They had many varieties of mocktails,out which we ordered the sparkling blue,ginger cola,mango lassi,ginger lemon and ginger mojito.
All the mocktails were of different colours making them very appealing for us to drink.
Almost all the mocktails had mint,lemon and ice which was refreshing!
The mango lassi was too sweet.
Then we were served with soups,
Veg lemon coriander soup
Chicken manchow soup
The veg lemon coriander soup was served hot with parboiled broccoli.
The chicken manchow soup was full of flavour and was served with crispy fried noodles,it tasted delicious.
We were then served with starters,
Apollo fish:
The fish was well cooked and soft but had so much of salt in it.
Tender chicken:
This was something very tasty,the chicken was soft,tender and with good amount of spice.
Bangla kodi:
It is one of the most popular dishes,it was crispy,light and was well presented with coriander garnish.
The chilli prawns:
The prawns were juicy,spicy and had great flavour.
Crispy veg and corn 65 were other vegetarian starters which we had.
They also were good but not that great.
Next we were served with main course:
They served us different types of curry’s with Indian breads.
The chicken chetinadu,its a spicy chicken curry which was too good.
The other curry’s were chicken tikka masala,tomato cashew nut and ulvacharu chicken.
The ulvacharu chicken,a chicken curry with horse gram soup was outstanding and finger licking good.

Biryanis:
We were then served biryani.
avakai chicken biryani
Afghani chicken biryani

Avakai chicken biryani is a authentic Andhra dish,it had a wonderful taste still haunting.
Afghani chicken biryani is very different from other biryani,it had unique flavour.
It was served with egg omelet above the biryani .
We ended up our meal with deserts,
Qubani ka meetha,gulab jamun and junnu.
The deserts were not that great and had disappointed me.
Overall the restaurant has good biryani’s and I would suggest everyone to visit this place especially for avakai chicken biryani.

Do follow us on Instagram:forkandspoonstoryhyd"
REV_05070_C18_A01,REV_05070_C18,REV_05070,Biryanis And More,4.0,"We were then served with starters,",,,,,,No Aspect Opinion,descriptive_context,REV_05070_C17_A01,pending,,,,,,,"Factual narrative, procedural action, menu listing, or non-evaluative statement without opinion.",1111,1145,"Do follow us on Instagram: forkandspoonstoryhyd


Biryani and more, a new outlet in Gachibowli is fine-dine restaurant.
It has recently opened and serves varieties of biryani and other food dishes.
This restaurant is on the ground floor and can be easily spotted by the crowd passing by the road.
I’ve been here for a dinner session.
The ambience of this place is quite good with bright lights all over the place.
It was a weekend and there was a pretty good amount of crowd at that time.
We started with mocktails.
They had many varieties of mocktails,out which we ordered the sparkling blue,ginger cola,mango lassi,ginger lemon and ginger mojito.
All the mocktails were of different colours making them very appealing for us to drink.
Almost all the mocktails had mint,lemon and ice which was refreshing!
The mango lassi was too sweet.
Then we were served with soups,
Veg lemon coriander soup
Chicken manchow soup
The veg lemon coriander soup was served hot with parboiled broccoli.
The chicken manchow soup was full of flavour and was served with crispy fried noodles,it tasted delicious.
We were then served with starters,
Apollo fish:
The fish was well cooked and soft but had so much of salt in it.
Tender chicken:
This was something very tasty,the chicken was soft,tender and with good amount of spice.
Bangla kodi:
It is one of the most popular dishes,it was crispy,light and was well presented with coriander garnish.
The chilli prawns:
The prawns were juicy,spicy and had great flavour.
Crispy veg and corn 65 were other vegetarian starters which we had.
They also were good but not that great.
Next we were served with main course:
They served us different types of curry’s with Indian breads.
The chicken chetinadu,its a spicy chicken curry which was too good.
The other curry’s were chicken tikka masala,tomato cashew nut and ulvacharu chicken.
The ulvacharu chicken,a chicken curry with horse gram soup was outstanding and finger licking good.

Biryanis:
We were then served biryani.
avakai chicken biryani
Afghani chicken biryani

Avakai chicken biryani is a authentic Andhra dish,it had a wonderful taste still haunting.
Afghani chicken biryani is very different from other biryani,it had unique flavour.
It was served with egg omelet above the biryani .
We ended up our meal with deserts,
Qubani ka meetha,gulab jamun and junnu.
The deserts were not that great and had disappointed me.
Overall the restaurant has good biryani’s and I would suggest everyone to visit this place especially for avakai chicken biryani.

Do follow us on Instagram:forkandspoonstoryhyd"
REV_05070_C19_A01,REV_05070_C19,REV_05070,Biryanis And More,4.0,Apollo fish:,,,,,,No Aspect Opinion,descriptive_context,REV_05070_C17_A01,pending,,,,,,,"Factual narrative, procedural action, menu listing, or non-evaluative statement without opinion.",1147,1159,"Do follow us on Instagram: forkandspoonstoryhyd


Biryani and more, a new outlet in Gachibowli is fine-dine restaurant.
It has recently opened and serves varieties of biryani and other food dishes.
This restaurant is on the ground floor and can be easily spotted by the crowd passing by the road.
I’ve been here for a dinner session.
The ambience of this place is quite good with bright lights all over the place.
It was a weekend and there was a pretty good amount of crowd at that time.
We started with mocktails.
They had many varieties of mocktails,out which we ordered the sparkling blue,ginger cola,mango lassi,ginger lemon and ginger mojito.
All the mocktails were of different colours making them very appealing for us to drink.
Almost all the mocktails had mint,lemon and ice which was refreshing!
The mango lassi was too sweet.
Then we were served with soups,
Veg lemon coriander soup
Chicken manchow soup
The veg lemon coriander soup was served hot with parboiled broccoli.
The chicken manchow soup was full of flavour and was served with crispy fried noodles,it tasted delicious.
We were then served with starters,
Apollo fish:
The fish was well cooked and soft but had so much of salt in it.
Tender chicken:
This was something very tasty,the chicken was soft,tender and with good amount of spice.
Bangla kodi:
It is one of the most popular dishes,it was crispy,light and was well presented with coriander garnish.
The chilli prawns:
The prawns were juicy,spicy and had great flavour.
Crispy veg and corn 65 were other vegetarian starters which we had.
They also were good but not that great.
Next we were served with main course:
They served us different types of curry’s with Indian breads.
The chicken chetinadu,its a spicy chicken curry which was too good.
The other curry’s were chicken tikka masala,tomato cashew nut and ulvacharu chicken.
The ulvacharu chicken,a chicken curry with horse gram soup was outstanding and finger licking good.

Biryanis:
We were then served biryani.
avakai chicken biryani
Afghani chicken biryani

Avakai chicken biryani is a authentic Andhra dish,it had a wonderful taste still haunting.
Afghani chicken biryani is very different from other biryani,it had unique flavour.
It was served with egg omelet above the biryani .
We ended up our meal with deserts,
Qubani ka meetha,gulab jamun and junnu.
The deserts were not that great and had disappointed me.
Overall the restaurant has good biryani’s and I would suggest everyone to visit this place especially for avakai chicken biryani.

Do follow us on Instagram:forkandspoonstoryhyd"
REV_05070_C20_A01,REV_05070_C20,REV_05070,Biryanis And More,4.0,The fish was well cooked and soft,Food,fish,soft,Positive,Taste / Flavor,Annotated,primary_assertion,,pending,,,,,,,"Culinary evaluation (Positive) on food quality, taste, or portion.",1161,1194,"Do follow us on Instagram: forkandspoonstoryhyd


Biryani and more, a new outlet in Gachibowli is fine-dine restaurant.
It has recently opened and serves varieties of biryani and other food dishes.
This restaurant is on the ground floor and can be easily spotted by the crowd passing by the road.
I’ve been here for a dinner session.
The ambience of this place is quite good with bright lights all over the place.
It was a weekend and there was a pretty good amount of crowd at that time.
We started with mocktails.
They had many varieties of mocktails,out which we ordered the sparkling blue,ginger cola,mango lassi,ginger lemon and ginger mojito.
All the mocktails were of different colours making them very appealing for us to drink.
Almost all the mocktails had mint,lemon and ice which was refreshing!
The mango lassi was too sweet.
Then we were served with soups,
Veg lemon coriander soup
Chicken manchow soup
The veg lemon coriander soup was served hot with parboiled broccoli.
The chicken manchow soup was full of flavour and was served with crispy fried noodles,it tasted delicious.
We were then served with starters,
Apollo fish:
The fish was well cooked and soft but had so much of salt in it.
Tender chicken:
This was something very tasty,the chicken was soft,tender and with good amount of spice.
Bangla kodi:
It is one of the most popular dishes,it was crispy,light and was well presented with coriander garnish.
The chilli prawns:
The prawns were juicy,spicy and had great flavour.
Crispy veg and corn 65 were other vegetarian starters which we had.
They also were good but not that great.
Next we were served with main course:
They served us different types of curry’s with Indian breads.
The chicken chetinadu,its a spicy chicken curry which was too good.
The other curry’s were chicken tikka masala,tomato cashew nut and ulvacharu chicken.
The ulvacharu chicken,a chicken curry with horse gram soup was outstanding and finger licking good.

Biryanis:
We were then served biryani.
avakai chicken biryani
Afghani chicken biryani

Avakai chicken biryani is a authentic Andhra dish,it had a wonderful taste still haunting.
Afghani chicken biryani is very different from other biryani,it had unique flavour.
It was served with egg omelet above the biryani .
We ended up our meal with deserts,
Qubani ka meetha,gulab jamun and junnu.
The deserts were not that great and had disappointed me.
Overall the restaurant has good biryani’s and I would suggest everyone to visit this place especially for avakai chicken biryani.

Do follow us on Instagram:forkandspoonstoryhyd"
REV_05070_C21_A01,REV_05070_C21,REV_05070,Biryanis And More,4.0,had so much of salt in it,,,,,,No Aspect Opinion,descriptive_context,REV_05070_C20_A01,pending,,,,,,,"Factual narrative, procedural action, menu listing, or non-evaluative statement without opinion.",1199,1224,"Do follow us on Instagram: forkandspoonstoryhyd


Biryani and more, a new outlet in Gachibowli is fine-dine restaurant.
It has recently opened and serves varieties of biryani and other food dishes.
This restaurant is on the ground floor and can be easily spotted by the crowd passing by the road.
I’ve been here for a dinner session.
The ambience of this place is quite good with bright lights all over the place.
It was a weekend and there was a pretty good amount of crowd at that time.
We started with mocktails.
They had many varieties of mocktails,out which we ordered the sparkling blue,ginger cola,mango lassi,ginger lemon and ginger mojito.
All the mocktails were of different colours making them very appealing for us to drink.
Almost all the mocktails had mint,lemon and ice which was refreshing!
The mango lassi was too sweet.
Then we were served with soups,
Veg lemon coriander soup
Chicken manchow soup
The veg lemon coriander soup was served hot with parboiled broccoli.
The chicken manchow soup was full of flavour and was served with crispy fried noodles,it tasted delicious.
We were then served with starters,
Apollo fish:
The fish was well cooked and soft but had so much of salt in it.
Tender chicken:
This was something very tasty,the chicken was soft,tender and with good amount of spice.
Bangla kodi:
It is one of the most popular dishes,it was crispy,light and was well presented with coriander garnish.
The chilli prawns:
The prawns were juicy,spicy and had great flavour.
Crispy veg and corn 65 were other vegetarian starters which we had.
They also were good but not that great.
Next we were served with main course:
They served us different types of curry’s with Indian breads.
The chicken chetinadu,its a spicy chicken curry which was too good.
The other curry’s were chicken tikka masala,tomato cashew nut and ulvacharu chicken.
The ulvacharu chicken,a chicken curry with horse gram soup was outstanding and finger licking good.

Biryanis:
We were then served biryani.
avakai chicken biryani
Afghani chicken biryani

Avakai chicken biryani is a authentic Andhra dish,it had a wonderful taste still haunting.
Afghani chicken biryani is very different from other biryani,it had unique flavour.
It was served with egg omelet above the biryani .
We ended up our meal with deserts,
Qubani ka meetha,gulab jamun and junnu.
The deserts were not that great and had disappointed me.
Overall the restaurant has good biryani’s and I would suggest everyone to visit this place especially for avakai chicken biryani.

Do follow us on Instagram:forkandspoonstoryhyd"
REV_05070_C22_A01,REV_05070_C22,REV_05070,Biryanis And More,4.0,Tender chicken:,Food,chicken,Tender,Positive,Taste / Flavor,Annotated,primary_assertion,,pending,,,,,,,"Culinary evaluation (Positive) on food quality, taste, or portion.",1227,1242,"Do follow us on Instagram: forkandspoonstoryhyd


Biryani and more, a new outlet in Gachibowli is fine-dine restaurant.
It has recently opened and serves varieties of biryani and other food dishes.
This restaurant is on the ground floor and can be easily spotted by the crowd passing by the road.
I’ve been here for a dinner session.
The ambience of this place is quite good with bright lights all over the place.
It was a weekend and there was a pretty good amount of crowd at that time.
We started with mocktails.
They had many varieties of mocktails,out which we ordered the sparkling blue,ginger cola,mango lassi,ginger lemon and ginger mojito.
All the mocktails were of different colours making them very appealing for us to drink.
Almost all the mocktails had mint,lemon and ice which was refreshing!
The mango lassi was too sweet.
Then we were served with soups,
Veg lemon coriander soup
Chicken manchow soup
The veg lemon coriander soup was served hot with parboiled broccoli.
The chicken manchow soup was full of flavour and was served with crispy fried noodles,it tasted delicious.
We were then served with starters,
Apollo fish:
The fish was well cooked and soft but had so much of salt in it.
Tender chicken:
This was something very tasty,the chicken was soft,tender and with good amount of spice.
Bangla kodi:
It is one of the most popular dishes,it was crispy,light and was well presented with coriander garnish.
The chilli prawns:
The prawns were juicy,spicy and had great flavour.
Crispy veg and corn 65 were other vegetarian starters which we had.
They also were good but not that great.
Next we were served with main course:
They served us different types of curry’s with Indian breads.
The chicken chetinadu,its a spicy chicken curry which was too good.
The other curry’s were chicken tikka masala,tomato cashew nut and ulvacharu chicken.
The ulvacharu chicken,a chicken curry with horse gram soup was outstanding and finger licking good.

Biryanis:
We were then served biryani.
avakai chicken biryani
Afghani chicken biryani

Avakai chicken biryani is a authentic Andhra dish,it had a wonderful taste still haunting.
Afghani chicken biryani is very different from other biryani,it had unique flavour.
It was served with egg omelet above the biryani .
We ended up our meal with deserts,
Qubani ka meetha,gulab jamun and junnu.
The deserts were not that great and had disappointed me.
Overall the restaurant has good biryani’s and I would suggest everyone to visit this place especially for avakai chicken biryani.

Do follow us on Instagram:forkandspoonstoryhyd"
REV_05070_C23_A01,REV_05070_C23,REV_05070,Biryanis And More,4.0,"This was something very tasty,the chicken was soft,tender and with good amount of spice",Food,chicken,soft,Positive,Taste / Flavor,Annotated,primary_assertion,,pending,,,,,,,"Culinary evaluation (Positive) on food quality, taste, or portion.",1244,1331,"Do follow us on Instagram: forkandspoonstoryhyd


Biryani and more, a new outlet in Gachibowli is fine-dine restaurant.
It has recently opened and serves varieties of biryani and other food dishes.
This restaurant is on the ground floor and can be easily spotted by the crowd passing by the road.
I’ve been here for a dinner session.
The ambience of this place is quite good with bright lights all over the place.
It was a weekend and there was a pretty good amount of crowd at that time.
We started with mocktails.
They had many varieties of mocktails,out which we ordered the sparkling blue,ginger cola,mango lassi,ginger lemon and ginger mojito.
All the mocktails were of different colours making them very appealing for us to drink.
Almost all the mocktails had mint,lemon and ice which was refreshing!
The mango lassi was too sweet.
Then we were served with soups,
Veg lemon coriander soup
Chicken manchow soup
The veg lemon coriander soup was served hot with parboiled broccoli.
The chicken manchow soup was full of flavour and was served with crispy fried noodles,it tasted delicious.
We were then served with starters,
Apollo fish:
The fish was well cooked and soft but had so much of salt in it.
Tender chicken:
This was something very tasty,the chicken was soft,tender and with good amount of spice.
Bangla kodi:
It is one of the most popular dishes,it was crispy,light and was well presented with coriander garnish.
The chilli prawns:
The prawns were juicy,spicy and had great flavour.
Crispy veg and corn 65 were other vegetarian starters which we had.
They also were good but not that great.
Next we were served with main course:
They served us different types of curry’s with Indian breads.
The chicken chetinadu,its a spicy chicken curry which was too good.
The other curry’s were chicken tikka masala,tomato cashew nut and ulvacharu chicken.
The ulvacharu chicken,a chicken curry with horse gram soup was outstanding and finger licking good.

Biryanis:
We were then served biryani.
avakai chicken biryani
Afghani chicken biryani

Avakai chicken biryani is a authentic Andhra dish,it had a wonderful taste still haunting.
Afghani chicken biryani is very different from other biryani,it had unique flavour.
It was served with egg omelet above the biryani .
We ended up our meal with deserts,
Qubani ka meetha,gulab jamun and junnu.
The deserts were not that great and had disappointed me.
Overall the restaurant has good biryani’s and I would suggest everyone to visit this place especially for avakai chicken biryani.

Do follow us on Instagram:forkandspoonstoryhyd"
REV_05070_C24_A01,REV_05070_C24,REV_05070,Biryanis And More,4.0,Bangla kodi:,,,,,,No Aspect Opinion,descriptive_context,REV_05070_C23_A01,pending,,,,,,,"Factual narrative, procedural action, menu listing, or non-evaluative statement without opinion.",1334,1346,"Do follow us on Instagram: forkandspoonstoryhyd


Biryani and more, a new outlet in Gachibowli is fine-dine restaurant.
It has recently opened and serves varieties of biryani and other food dishes.
This restaurant is on the ground floor and can be easily spotted by the crowd passing by the road.
I’ve been here for a dinner session.
The ambience of this place is quite good with bright lights all over the place.
It was a weekend and there was a pretty good amount of crowd at that time.
We started with mocktails.
They had many varieties of mocktails,out which we ordered the sparkling blue,ginger cola,mango lassi,ginger lemon and ginger mojito.
All the mocktails were of different colours making them very appealing for us to drink.
Almost all the mocktails had mint,lemon and ice which was refreshing!
The mango lassi was too sweet.
Then we were served with soups,
Veg lemon coriander soup
Chicken manchow soup
The veg lemon coriander soup was served hot with parboiled broccoli.
The chicken manchow soup was full of flavour and was served with crispy fried noodles,it tasted delicious.
We were then served with starters,
Apollo fish:
The fish was well cooked and soft but had so much of salt in it.
Tender chicken:
This was something very tasty,the chicken was soft,tender and with good amount of spice.
Bangla kodi:
It is one of the most popular dishes,it was crispy,light and was well presented with coriander garnish.
The chilli prawns:
The prawns were juicy,spicy and had great flavour.
Crispy veg and corn 65 were other vegetarian starters which we had.
They also were good but not that great.
Next we were served with main course:
They served us different types of curry’s with Indian breads.
The chicken chetinadu,its a spicy chicken curry which was too good.
The other curry’s were chicken tikka masala,tomato cashew nut and ulvacharu chicken.
The ulvacharu chicken,a chicken curry with horse gram soup was outstanding and finger licking good.

Biryanis:
We were then served biryani.
avakai chicken biryani
Afghani chicken biryani

Avakai chicken biryani is a authentic Andhra dish,it had a wonderful taste still haunting.
Afghani chicken biryani is very different from other biryani,it had unique flavour.
It was served with egg omelet above the biryani .
We ended up our meal with deserts,
Qubani ka meetha,gulab jamun and junnu.
The deserts were not that great and had disappointed me.
Overall the restaurant has good biryani’s and I would suggest everyone to visit this place especially for avakai chicken biryani.

Do follow us on Instagram:forkandspoonstoryhyd"
REV_05070_C25_A01,REV_05070_C25,REV_05070,Biryanis And More,4.0,"It is one of the most popular dishes,it was crispy,light and was well presented with coriander garnish",,,,,,No Aspect Opinion,descriptive_context,REV_05070_C23_A01,pending,,,,,,,"Factual narrative, procedural action, menu listing, or non-evaluative statement without opinion.",1348,1450,"Do follow us on Instagram: forkandspoonstoryhyd


Biryani and more, a new outlet in Gachibowli is fine-dine restaurant.
It has recently opened and serves varieties of biryani and other food dishes.
This restaurant is on the ground floor and can be easily spotted by the crowd passing by the road.
I’ve been here for a dinner session.
The ambience of this place is quite good with bright lights all over the place.
It was a weekend and there was a pretty good amount of crowd at that time.
We started with mocktails.
They had many varieties of mocktails,out which we ordered the sparkling blue,ginger cola,mango lassi,ginger lemon and ginger mojito.
All the mocktails were of different colours making them very appealing for us to drink.
Almost all the mocktails had mint,lemon and ice which was refreshing!
The mango lassi was too sweet.
Then we were served with soups,
Veg lemon coriander soup
Chicken manchow soup
The veg lemon coriander soup was served hot with parboiled broccoli.
The chicken manchow soup was full of flavour and was served with crispy fried noodles,it tasted delicious.
We were then served with starters,
Apollo fish:
The fish was well cooked and soft but had so much of salt in it.
Tender chicken:
This was something very tasty,the chicken was soft,tender and with good amount of spice.
Bangla kodi:
It is one of the most popular dishes,it was crispy,light and was well presented with coriander garnish.
The chilli prawns:
The prawns were juicy,spicy and had great flavour.
Crispy veg and corn 65 were other vegetarian starters which we had.
They also were good but not that great.
Next we were served with main course:
They served us different types of curry’s with Indian breads.
The chicken chetinadu,its a spicy chicken curry which was too good.
The other curry’s were chicken tikka masala,tomato cashew nut and ulvacharu chicken.
The ulvacharu chicken,a chicken curry with horse gram soup was outstanding and finger licking good.

Biryanis:
We were then served biryani.
avakai chicken biryani
Afghani chicken biryani

Avakai chicken biryani is a authentic Andhra dish,it had a wonderful taste still haunting.
Afghani chicken biryani is very different from other biryani,it had unique flavour.
It was served with egg omelet above the biryani .
We ended up our meal with deserts,
Qubani ka meetha,gulab jamun and junnu.
The deserts were not that great and had disappointed me.
Overall the restaurant has good biryani’s and I would suggest everyone to visit this place especially for avakai chicken biryani.

Do follow us on Instagram:forkandspoonstoryhyd"
REV_05070_C26_A01,REV_05070_C26,REV_05070,Biryanis And More,4.0,The chilli prawns:,,,,,,No Aspect Opinion,descriptive_context,REV_05070_C23_A01,pending,,,,,,,"Factual narrative, procedural action, menu listing, or non-evaluative statement without opinion.",1453,1471,"Do follow us on Instagram: forkandspoonstoryhyd


Biryani and more, a new outlet in Gachibowli is fine-dine restaurant.
It has recently opened and serves varieties of biryani and other food dishes.
This restaurant is on the ground floor and can be easily spotted by the crowd passing by the road.
I’ve been here for a dinner session.
The ambience of this place is quite good with bright lights all over the place.
It was a weekend and there was a pretty good amount of crowd at that time.
We started with mocktails.
They had many varieties of mocktails,out which we ordered the sparkling blue,ginger cola,mango lassi,ginger lemon and ginger mojito.
All the mocktails were of different colours making them very appealing for us to drink.
Almost all the mocktails had mint,lemon and ice which was refreshing!
The mango lassi was too sweet.
Then we were served with soups,
Veg lemon coriander soup
Chicken manchow soup
The veg lemon coriander soup was served hot with parboiled broccoli.
The chicken manchow soup was full of flavour and was served with crispy fried noodles,it tasted delicious.
We were then served with starters,
Apollo fish:
The fish was well cooked and soft but had so much of salt in it.
Tender chicken:
This was something very tasty,the chicken was soft,tender and with good amount of spice.
Bangla kodi:
It is one of the most popular dishes,it was crispy,light and was well presented with coriander garnish.
The chilli prawns:
The prawns were juicy,spicy and had great flavour.
Crispy veg and corn 65 were other vegetarian starters which we had.
They also were good but not that great.
Next we were served with main course:
They served us different types of curry’s with Indian breads.
The chicken chetinadu,its a spicy chicken curry which was too good.
The other curry’s were chicken tikka masala,tomato cashew nut and ulvacharu chicken.
The ulvacharu chicken,a chicken curry with horse gram soup was outstanding and finger licking good.

Biryanis:
We were then served biryani.
avakai chicken biryani
Afghani chicken biryani

Avakai chicken biryani is a authentic Andhra dish,it had a wonderful taste still haunting.
Afghani chicken biryani is very different from other biryani,it had unique flavour.
It was served with egg omelet above the biryani .
We ended up our meal with deserts,
Qubani ka meetha,gulab jamun and junnu.
The deserts were not that great and had disappointed me.
Overall the restaurant has good biryani’s and I would suggest everyone to visit this place especially for avakai chicken biryani.

Do follow us on Instagram:forkandspoonstoryhyd"
REV_05070_C27_A01,REV_05070_C27,REV_05070,Biryanis And More,4.0,"The prawns were juicy,spicy and had great flavour",Food,prawns,raw,Positive,Taste / Flavor,Annotated,primary_assertion,,pending,,,,,,,"Culinary evaluation (Positive) on food quality, taste, or portion.",1473,1522,"Do follow us on Instagram: forkandspoonstoryhyd


Biryani and more, a new outlet in Gachibowli is fine-dine restaurant.
It has recently opened and serves varieties of biryani and other food dishes.
This restaurant is on the ground floor and can be easily spotted by the crowd passing by the road.
I’ve been here for a dinner session.
The ambience of this place is quite good with bright lights all over the place.
It was a weekend and there was a pretty good amount of crowd at that time.
We started with mocktails.
They had many varieties of mocktails,out which we ordered the sparkling blue,ginger cola,mango lassi,ginger lemon and ginger mojito.
All the mocktails were of different colours making them very appealing for us to drink.
Almost all the mocktails had mint,lemon and ice which was refreshing!
The mango lassi was too sweet.
Then we were served with soups,
Veg lemon coriander soup
Chicken manchow soup
The veg lemon coriander soup was served hot with parboiled broccoli.
The chicken manchow soup was full of flavour and was served with crispy fried noodles,it tasted delicious.
We were then served with starters,
Apollo fish:
The fish was well cooked and soft but had so much of salt in it.
Tender chicken:
This was something very tasty,the chicken was soft,tender and with good amount of spice.
Bangla kodi:
It is one of the most popular dishes,it was crispy,light and was well presented with coriander garnish.
The chilli prawns:
The prawns were juicy,spicy and had great flavour.
Crispy veg and corn 65 were other vegetarian starters which we had.
They also were good but not that great.
Next we were served with main course:
They served us different types of curry’s with Indian breads.
The chicken chetinadu,its a spicy chicken curry which was too good.
The other curry’s were chicken tikka masala,tomato cashew nut and ulvacharu chicken.
The ulvacharu chicken,a chicken curry with horse gram soup was outstanding and finger licking good.

Biryanis:
We were then served biryani.
avakai chicken biryani
Afghani chicken biryani

Avakai chicken biryani is a authentic Andhra dish,it had a wonderful taste still haunting.
Afghani chicken biryani is very different from other biryani,it had unique flavour.
It was served with egg omelet above the biryani .
We ended up our meal with deserts,
Qubani ka meetha,gulab jamun and junnu.
The deserts were not that great and had disappointed me.
Overall the restaurant has good biryani’s and I would suggest everyone to visit this place especially for avakai chicken biryani.

Do follow us on Instagram:forkandspoonstoryhyd"
REV_05070_C28_A01,REV_05070_C28,REV_05070,Biryanis And More,4.0,Crispy veg and corn 65 were other vegetarian starters which we had,,,,,,No Aspect Opinion,descriptive_context,REV_05070_C27_A01,pending,,,,,,,"Factual narrative, procedural action, menu listing, or non-evaluative statement without opinion.",1525,1591,"Do follow us on Instagram: forkandspoonstoryhyd


Biryani and more, a new outlet in Gachibowli is fine-dine restaurant.
It has recently opened and serves varieties of biryani and other food dishes.
This restaurant is on the ground floor and can be easily spotted by the crowd passing by the road.
I’ve been here for a dinner session.
The ambience of this place is quite good with bright lights all over the place.
It was a weekend and there was a pretty good amount of crowd at that time.
We started with mocktails.
They had many varieties of mocktails,out which we ordered the sparkling blue,ginger cola,mango lassi,ginger lemon and ginger mojito.
All the mocktails were of different colours making them very appealing for us to drink.
Almost all the mocktails had mint,lemon and ice which was refreshing!
The mango lassi was too sweet.
Then we were served with soups,
Veg lemon coriander soup
Chicken manchow soup
The veg lemon coriander soup was served hot with parboiled broccoli.
The chicken manchow soup was full of flavour and was served with crispy fried noodles,it tasted delicious.
We were then served with starters,
Apollo fish:
The fish was well cooked and soft but had so much of salt in it.
Tender chicken:
This was something very tasty,the chicken was soft,tender and with good amount of spice.
Bangla kodi:
It is one of the most popular dishes,it was crispy,light and was well presented with coriander garnish.
The chilli prawns:
The prawns were juicy,spicy and had great flavour.
Crispy veg and corn 65 were other vegetarian starters which we had.
They also were good but not that great.
Next we were served with main course:
They served us different types of curry’s with Indian breads.
The chicken chetinadu,its a spicy chicken curry which was too good.
The other curry’s were chicken tikka masala,tomato cashew nut and ulvacharu chicken.
The ulvacharu chicken,a chicken curry with horse gram soup was outstanding and finger licking good.

Biryanis:
We were then served biryani.
avakai chicken biryani
Afghani chicken biryani

Avakai chicken biryani is a authentic Andhra dish,it had a wonderful taste still haunting.
Afghani chicken biryani is very different from other biryani,it had unique flavour.
It was served with egg omelet above the biryani .
We ended up our meal with deserts,
Qubani ka meetha,gulab jamun and junnu.
The deserts were not that great and had disappointed me.
Overall the restaurant has good biryani’s and I would suggest everyone to visit this place especially for avakai chicken biryani.

Do follow us on Instagram:forkandspoonstoryhyd"
REV_05070_C29_A01,REV_05070_C29,REV_05070,Biryanis And More,4.0,They also were good,General Experience,,good,Positive,Overall Impression,Annotated,primary_assertion,,pending,,,,,,,Positive appraisal targeting 'General Experience'.,1594,1613,"Do follow us on Instagram: forkandspoonstoryhyd


Biryani and more, a new outlet in Gachibowli is fine-dine restaurant.
It has recently opened and serves varieties of biryani and other food dishes.
This restaurant is on the ground floor and can be easily spotted by the crowd passing by the road.
I’ve been here for a dinner session.
The ambience of this place is quite good with bright lights all over the place.
It was a weekend and there was a pretty good amount of crowd at that time.
We started with mocktails.
They had many varieties of mocktails,out which we ordered the sparkling blue,ginger cola,mango lassi,ginger lemon and ginger mojito.
All the mocktails were of different colours making them very appealing for us to drink.
Almost all the mocktails had mint,lemon and ice which was refreshing!
The mango lassi was too sweet.
Then we were served with soups,
Veg lemon coriander soup
Chicken manchow soup
The veg lemon coriander soup was served hot with parboiled broccoli.
The chicken manchow soup was full of flavour and was served with crispy fried noodles,it tasted delicious.
We were then served with starters,
Apollo fish:
The fish was well cooked and soft but had so much of salt in it.
Tender chicken:
This was something very tasty,the chicken was soft,tender and with good amount of spice.
Bangla kodi:
It is one of the most popular dishes,it was crispy,light and was well presented with coriander garnish.
The chilli prawns:
The prawns were juicy,spicy and had great flavour.
Crispy veg and corn 65 were other vegetarian starters which we had.
They also were good but not that great.
Next we were served with main course:
They served us different types of curry’s with Indian breads.
The chicken chetinadu,its a spicy chicken curry which was too good.
The other curry’s were chicken tikka masala,tomato cashew nut and ulvacharu chicken.
The ulvacharu chicken,a chicken curry with horse gram soup was outstanding and finger licking good.

Biryanis:
We were then served biryani.
avakai chicken biryani
Afghani chicken biryani

Avakai chicken biryani is a authentic Andhra dish,it had a wonderful taste still haunting.
Afghani chicken biryani is very different from other biryani,it had unique flavour.
It was served with egg omelet above the biryani .
We ended up our meal with deserts,
Qubani ka meetha,gulab jamun and junnu.
The deserts were not that great and had disappointed me.
Overall the restaurant has good biryani’s and I would suggest everyone to visit this place especially for avakai chicken biryani.

Do follow us on Instagram:forkandspoonstoryhyd"
REV_05070_C30_A01,REV_05070_C30,REV_05070,Biryanis And More,4.0,not that great,General Experience,,great,Positive,Overall Impression,Annotated,primary_assertion,,pending,,,,,,,Positive appraisal targeting 'General Experience'.,1618,1632,"Do follow us on Instagram: forkandspoonstoryhyd


Biryani and more, a new outlet in Gachibowli is fine-dine restaurant.
It has recently opened and serves varieties of biryani and other food dishes.
This restaurant is on the ground floor and can be easily spotted by the crowd passing by the road.
I’ve been here for a dinner session.
The ambience of this place is quite good with bright lights all over the place.
It was a weekend and there was a pretty good amount of crowd at that time.
We started with mocktails.
They had many varieties of mocktails,out which we ordered the sparkling blue,ginger cola,mango lassi,ginger lemon and ginger mojito.
All the mocktails were of different colours making them very appealing for us to drink.
Almost all the mocktails had mint,lemon and ice which was refreshing!
The mango lassi was too sweet.
Then we were served with soups,
Veg lemon coriander soup
Chicken manchow soup
The veg lemon coriander soup was served hot with parboiled broccoli.
The chicken manchow soup was full of flavour and was served with crispy fried noodles,it tasted delicious.
We were then served with starters,
Apollo fish:
The fish was well cooked and soft but had so much of salt in it.
Tender chicken:
This was something very tasty,the chicken was soft,tender and with good amount of spice.
Bangla kodi:
It is one of the most popular dishes,it was crispy,light and was well presented with coriander garnish.
The chilli prawns:
The prawns were juicy,spicy and had great flavour.
Crispy veg and corn 65 were other vegetarian starters which we had.
They also were good but not that great.
Next we were served with main course:
They served us different types of curry’s with Indian breads.
The chicken chetinadu,its a spicy chicken curry which was too good.
The other curry’s were chicken tikka masala,tomato cashew nut and ulvacharu chicken.
The ulvacharu chicken,a chicken curry with horse gram soup was outstanding and finger licking good.

Biryanis:
We were then served biryani.
avakai chicken biryani
Afghani chicken biryani

Avakai chicken biryani is a authentic Andhra dish,it had a wonderful taste still haunting.
Afghani chicken biryani is very different from other biryani,it had unique flavour.
It was served with egg omelet above the biryani .
We ended up our meal with deserts,
Qubani ka meetha,gulab jamun and junnu.
The deserts were not that great and had disappointed me.
Overall the restaurant has good biryani’s and I would suggest everyone to visit this place especially for avakai chicken biryani.

Do follow us on Instagram:forkandspoonstoryhyd"
REV_05070_C31_A01,REV_05070_C31,REV_05070,Biryanis And More,4.0,Next we were served with main course:,,,,,,No Aspect Opinion,descriptive_context,REV_05070_C30_A01,pending,,,,,,,"Factual narrative, procedural action, menu listing, or non-evaluative statement without opinion.",1635,1672,"Do follow us on Instagram: forkandspoonstoryhyd


Biryani and more, a new outlet in Gachibowli is fine-dine restaurant.
It has recently opened and serves varieties of biryani and other food dishes.
This restaurant is on the ground floor and can be easily spotted by the crowd passing by the road.
I’ve been here for a dinner session.
The ambience of this place is quite good with bright lights all over the place.
It was a weekend and there was a pretty good amount of crowd at that time.
We started with mocktails.
They had many varieties of mocktails,out which we ordered the sparkling blue,ginger cola,mango lassi,ginger lemon and ginger mojito.
All the mocktails were of different colours making them very appealing for us to drink.
Almost all the mocktails had mint,lemon and ice which was refreshing!
The mango lassi was too sweet.
Then we were served with soups,
Veg lemon coriander soup
Chicken manchow soup
The veg lemon coriander soup was served hot with parboiled broccoli.
The chicken manchow soup was full of flavour and was served with crispy fried noodles,it tasted delicious.
We were then served with starters,
Apollo fish:
The fish was well cooked and soft but had so much of salt in it.
Tender chicken:
This was something very tasty,the chicken was soft,tender and with good amount of spice.
Bangla kodi:
It is one of the most popular dishes,it was crispy,light and was well presented with coriander garnish.
The chilli prawns:
The prawns were juicy,spicy and had great flavour.
Crispy veg and corn 65 were other vegetarian starters which we had.
They also were good but not that great.
Next we were served with main course:
They served us different types of curry’s with Indian breads.
The chicken chetinadu,its a spicy chicken curry which was too good.
The other curry’s were chicken tikka masala,tomato cashew nut and ulvacharu chicken.
The ulvacharu chicken,a chicken curry with horse gram soup was outstanding and finger licking good.

Biryanis:
We were then served biryani.
avakai chicken biryani
Afghani chicken biryani

Avakai chicken biryani is a authentic Andhra dish,it had a wonderful taste still haunting.
Afghani chicken biryani is very different from other biryani,it had unique flavour.
It was served with egg omelet above the biryani .
We ended up our meal with deserts,
Qubani ka meetha,gulab jamun and junnu.
The deserts were not that great and had disappointed me.
Overall the restaurant has good biryani’s and I would suggest everyone to visit this place especially for avakai chicken biryani.

Do follow us on Instagram:forkandspoonstoryhyd"
REV_05070_C32_A01,REV_05070_C32,REV_05070,Biryanis And More,4.0,They served us different types of curry’s with Indian breads,,,,,,No Aspect Opinion,descriptive_context,REV_05070_C30_A01,pending,,,,,,,"Factual narrative, procedural action, menu listing, or non-evaluative statement without opinion.",1674,1734,"Do follow us on Instagram: forkandspoonstoryhyd


Biryani and more, a new outlet in Gachibowli is fine-dine restaurant.
It has recently opened and serves varieties of biryani and other food dishes.
This restaurant is on the ground floor and can be easily spotted by the crowd passing by the road.
I’ve been here for a dinner session.
The ambience of this place is quite good with bright lights all over the place.
It was a weekend and there was a pretty good amount of crowd at that time.
We started with mocktails.
They had many varieties of mocktails,out which we ordered the sparkling blue,ginger cola,mango lassi,ginger lemon and ginger mojito.
All the mocktails were of different colours making them very appealing for us to drink.
Almost all the mocktails had mint,lemon and ice which was refreshing!
The mango lassi was too sweet.
Then we were served with soups,
Veg lemon coriander soup
Chicken manchow soup
The veg lemon coriander soup was served hot with parboiled broccoli.
The chicken manchow soup was full of flavour and was served with crispy fried noodles,it tasted delicious.
We were then served with starters,
Apollo fish:
The fish was well cooked and soft but had so much of salt in it.
Tender chicken:
This was something very tasty,the chicken was soft,tender and with good amount of spice.
Bangla kodi:
It is one of the most popular dishes,it was crispy,light and was well presented with coriander garnish.
The chilli prawns:
The prawns were juicy,spicy and had great flavour.
Crispy veg and corn 65 were other vegetarian starters which we had.
They also were good but not that great.
Next we were served with main course:
They served us different types of curry’s with Indian breads.
The chicken chetinadu,its a spicy chicken curry which was too good.
The other curry’s were chicken tikka masala,tomato cashew nut and ulvacharu chicken.
The ulvacharu chicken,a chicken curry with horse gram soup was outstanding and finger licking good.

Biryanis:
We were then served biryani.
avakai chicken biryani
Afghani chicken biryani

Avakai chicken biryani is a authentic Andhra dish,it had a wonderful taste still haunting.
Afghani chicken biryani is very different from other biryani,it had unique flavour.
It was served with egg omelet above the biryani .
We ended up our meal with deserts,
Qubani ka meetha,gulab jamun and junnu.
The deserts were not that great and had disappointed me.
Overall the restaurant has good biryani’s and I would suggest everyone to visit this place especially for avakai chicken biryani.

Do follow us on Instagram:forkandspoonstoryhyd"
REV_05070_C33_A01,REV_05070_C33,REV_05070,Biryanis And More,4.0,"The chicken chetinadu,its a spicy chicken curry which was too good",Food,chicken,good,Positive,Taste / Flavor,Annotated,primary_assertion,,pending,,,,,,,"Culinary evaluation (Positive) on food quality, taste, or portion.",1737,1803,"Do follow us on Instagram: forkandspoonstoryhyd


Biryani and more, a new outlet in Gachibowli is fine-dine restaurant.
It has recently opened and serves varieties of biryani and other food dishes.
This restaurant is on the ground floor and can be easily spotted by the crowd passing by the road.
I’ve been here for a dinner session.
The ambience of this place is quite good with bright lights all over the place.
It was a weekend and there was a pretty good amount of crowd at that time.
We started with mocktails.
They had many varieties of mocktails,out which we ordered the sparkling blue,ginger cola,mango lassi,ginger lemon and ginger mojito.
All the mocktails were of different colours making them very appealing for us to drink.
Almost all the mocktails had mint,lemon and ice which was refreshing!
The mango lassi was too sweet.
Then we were served with soups,
Veg lemon coriander soup
Chicken manchow soup
The veg lemon coriander soup was served hot with parboiled broccoli.
The chicken manchow soup was full of flavour and was served with crispy fried noodles,it tasted delicious.
We were then served with starters,
Apollo fish:
The fish was well cooked and soft but had so much of salt in it.
Tender chicken:
This was something very tasty,the chicken was soft,tender and with good amount of spice.
Bangla kodi:
It is one of the most popular dishes,it was crispy,light and was well presented with coriander garnish.
The chilli prawns:
The prawns were juicy,spicy and had great flavour.
Crispy veg and corn 65 were other vegetarian starters which we had.
They also were good but not that great.
Next we were served with main course:
They served us different types of curry’s with Indian breads.
The chicken chetinadu,its a spicy chicken curry which was too good.
The other curry’s were chicken tikka masala,tomato cashew nut and ulvacharu chicken.
The ulvacharu chicken,a chicken curry with horse gram soup was outstanding and finger licking good.

Biryanis:
We were then served biryani.
avakai chicken biryani
Afghani chicken biryani

Avakai chicken biryani is a authentic Andhra dish,it had a wonderful taste still haunting.
Afghani chicken biryani is very different from other biryani,it had unique flavour.
It was served with egg omelet above the biryani .
We ended up our meal with deserts,
Qubani ka meetha,gulab jamun and junnu.
The deserts were not that great and had disappointed me.
Overall the restaurant has good biryani’s and I would suggest everyone to visit this place especially for avakai chicken biryani.

Do follow us on Instagram:forkandspoonstoryhyd"
REV_05070_C34_A01,REV_05070_C34,REV_05070,Biryanis And More,4.0,"The other curry’s were chicken tikka masala,tomato cashew nut and ulvacharu chicken",,,,,,No Aspect Opinion,descriptive_context,REV_05070_C33_A01,pending,,,,,,,"Factual narrative, procedural action, menu listing, or non-evaluative statement without opinion.",1806,1889,"Do follow us on Instagram: forkandspoonstoryhyd


Biryani and more, a new outlet in Gachibowli is fine-dine restaurant.
It has recently opened and serves varieties of biryani and other food dishes.
This restaurant is on the ground floor and can be easily spotted by the crowd passing by the road.
I’ve been here for a dinner session.
The ambience of this place is quite good with bright lights all over the place.
It was a weekend and there was a pretty good amount of crowd at that time.
We started with mocktails.
They had many varieties of mocktails,out which we ordered the sparkling blue,ginger cola,mango lassi,ginger lemon and ginger mojito.
All the mocktails were of different colours making them very appealing for us to drink.
Almost all the mocktails had mint,lemon and ice which was refreshing!
The mango lassi was too sweet.
Then we were served with soups,
Veg lemon coriander soup
Chicken manchow soup
The veg lemon coriander soup was served hot with parboiled broccoli.
The chicken manchow soup was full of flavour and was served with crispy fried noodles,it tasted delicious.
We were then served with starters,
Apollo fish:
The fish was well cooked and soft but had so much of salt in it.
Tender chicken:
This was something very tasty,the chicken was soft,tender and with good amount of spice.
Bangla kodi:
It is one of the most popular dishes,it was crispy,light and was well presented with coriander garnish.
The chilli prawns:
The prawns were juicy,spicy and had great flavour.
Crispy veg and corn 65 were other vegetarian starters which we had.
They also were good but not that great.
Next we were served with main course:
They served us different types of curry’s with Indian breads.
The chicken chetinadu,its a spicy chicken curry which was too good.
The other curry’s were chicken tikka masala,tomato cashew nut and ulvacharu chicken.
The ulvacharu chicken,a chicken curry with horse gram soup was outstanding and finger licking good.

Biryanis:
We were then served biryani.
avakai chicken biryani
Afghani chicken biryani

Avakai chicken biryani is a authentic Andhra dish,it had a wonderful taste still haunting.
Afghani chicken biryani is very different from other biryani,it had unique flavour.
It was served with egg omelet above the biryani .
We ended up our meal with deserts,
Qubani ka meetha,gulab jamun and junnu.
The deserts were not that great and had disappointed me.
Overall the restaurant has good biryani’s and I would suggest everyone to visit this place especially for avakai chicken biryani.

Do follow us on Instagram:forkandspoonstoryhyd"
REV_05070_C35_A01,REV_05070_C35,REV_05070,Biryanis And More,4.0,"The ulvacharu chicken,a chicken curry with horse gram soup was outstanding and finger licking good",Food,chicken,finger licking,Positive,Taste / Flavor,Annotated,primary_assertion,,pending,,,,,,,"Culinary evaluation (Positive) on food quality, taste, or portion.",1892,1990,"Do follow us on Instagram: forkandspoonstoryhyd


Biryani and more, a new outlet in Gachibowli is fine-dine restaurant.
It has recently opened and serves varieties of biryani and other food dishes.
This restaurant is on the ground floor and can be easily spotted by the crowd passing by the road.
I’ve been here for a dinner session.
The ambience of this place is quite good with bright lights all over the place.
It was a weekend and there was a pretty good amount of crowd at that time.
We started with mocktails.
They had many varieties of mocktails,out which we ordered the sparkling blue,ginger cola,mango lassi,ginger lemon and ginger mojito.
All the mocktails were of different colours making them very appealing for us to drink.
Almost all the mocktails had mint,lemon and ice which was refreshing!
The mango lassi was too sweet.
Then we were served with soups,
Veg lemon coriander soup
Chicken manchow soup
The veg lemon coriander soup was served hot with parboiled broccoli.
The chicken manchow soup was full of flavour and was served with crispy fried noodles,it tasted delicious.
We were then served with starters,
Apollo fish:
The fish was well cooked and soft but had so much of salt in it.
Tender chicken:
This was something very tasty,the chicken was soft,tender and with good amount of spice.
Bangla kodi:
It is one of the most popular dishes,it was crispy,light and was well presented with coriander garnish.
The chilli prawns:
The prawns were juicy,spicy and had great flavour.
Crispy veg and corn 65 were other vegetarian starters which we had.
They also were good but not that great.
Next we were served with main course:
They served us different types of curry’s with Indian breads.
The chicken chetinadu,its a spicy chicken curry which was too good.
The other curry’s were chicken tikka masala,tomato cashew nut and ulvacharu chicken.
The ulvacharu chicken,a chicken curry with horse gram soup was outstanding and finger licking good.

Biryanis:
We were then served biryani.
avakai chicken biryani
Afghani chicken biryani

Avakai chicken biryani is a authentic Andhra dish,it had a wonderful taste still haunting.
Afghani chicken biryani is very different from other biryani,it had unique flavour.
It was served with egg omelet above the biryani .
We ended up our meal with deserts,
Qubani ka meetha,gulab jamun and junnu.
The deserts were not that great and had disappointed me.
Overall the restaurant has good biryani’s and I would suggest everyone to visit this place especially for avakai chicken biryani.

Do follow us on Instagram:forkandspoonstoryhyd"
REV_05070_C36_A01,REV_05070_C36,REV_05070,Biryanis And More,4.0,Biryanis:,,,,,,No Aspect Opinion,descriptive_context,REV_05070_C35_A01,pending,,,,,,,"Factual narrative, procedural action, menu listing, or non-evaluative statement without opinion.",1995,2004,"Do follow us on Instagram: forkandspoonstoryhyd


Biryani and more, a new outlet in Gachibowli is fine-dine restaurant.
It has recently opened and serves varieties of biryani and other food dishes.
This restaurant is on the ground floor and can be easily spotted by the crowd passing by the road.
I’ve been here for a dinner session.
The ambience of this place is quite good with bright lights all over the place.
It was a weekend and there was a pretty good amount of crowd at that time.
We started with mocktails.
They had many varieties of mocktails,out which we ordered the sparkling blue,ginger cola,mango lassi,ginger lemon and ginger mojito.
All the mocktails were of different colours making them very appealing for us to drink.
Almost all the mocktails had mint,lemon and ice which was refreshing!
The mango lassi was too sweet.
Then we were served with soups,
Veg lemon coriander soup
Chicken manchow soup
The veg lemon coriander soup was served hot with parboiled broccoli.
The chicken manchow soup was full of flavour and was served with crispy fried noodles,it tasted delicious.
We were then served with starters,
Apollo fish:
The fish was well cooked and soft but had so much of salt in it.
Tender chicken:
This was something very tasty,the chicken was soft,tender and with good amount of spice.
Bangla kodi:
It is one of the most popular dishes,it was crispy,light and was well presented with coriander garnish.
The chilli prawns:
The prawns were juicy,spicy and had great flavour.
Crispy veg and corn 65 were other vegetarian starters which we had.
They also were good but not that great.
Next we were served with main course:
They served us different types of curry’s with Indian breads.
The chicken chetinadu,its a spicy chicken curry which was too good.
The other curry’s were chicken tikka masala,tomato cashew nut and ulvacharu chicken.
The ulvacharu chicken,a chicken curry with horse gram soup was outstanding and finger licking good.

Biryanis:
We were then served biryani.
avakai chicken biryani
Afghani chicken biryani

Avakai chicken biryani is a authentic Andhra dish,it had a wonderful taste still haunting.
Afghani chicken biryani is very different from other biryani,it had unique flavour.
It was served with egg omelet above the biryani .
We ended up our meal with deserts,
Qubani ka meetha,gulab jamun and junnu.
The deserts were not that great and had disappointed me.
Overall the restaurant has good biryani’s and I would suggest everyone to visit this place especially for avakai chicken biryani.

Do follow us on Instagram:forkandspoonstoryhyd"
REV_05070_C37_A01,REV_05070_C37,REV_05070,Biryanis And More,4.0,We were then served biryani,,,,,,No Aspect Opinion,descriptive_context,REV_05070_C35_A01,pending,,,,,,,"Factual narrative, procedural action, menu listing, or non-evaluative statement without opinion.",2006,2033,"Do follow us on Instagram: forkandspoonstoryhyd


Biryani and more, a new outlet in Gachibowli is fine-dine restaurant.
It has recently opened and serves varieties of biryani and other food dishes.
This restaurant is on the ground floor and can be easily spotted by the crowd passing by the road.
I’ve been here for a dinner session.
The ambience of this place is quite good with bright lights all over the place.
It was a weekend and there was a pretty good amount of crowd at that time.
We started with mocktails.
They had many varieties of mocktails,out which we ordered the sparkling blue,ginger cola,mango lassi,ginger lemon and ginger mojito.
All the mocktails were of different colours making them very appealing for us to drink.
Almost all the mocktails had mint,lemon and ice which was refreshing!
The mango lassi was too sweet.
Then we were served with soups,
Veg lemon coriander soup
Chicken manchow soup
The veg lemon coriander soup was served hot with parboiled broccoli.
The chicken manchow soup was full of flavour and was served with crispy fried noodles,it tasted delicious.
We were then served with starters,
Apollo fish:
The fish was well cooked and soft but had so much of salt in it.
Tender chicken:
This was something very tasty,the chicken was soft,tender and with good amount of spice.
Bangla kodi:
It is one of the most popular dishes,it was crispy,light and was well presented with coriander garnish.
The chilli prawns:
The prawns were juicy,spicy and had great flavour.
Crispy veg and corn 65 were other vegetarian starters which we had.
They also were good but not that great.
Next we were served with main course:
They served us different types of curry’s with Indian breads.
The chicken chetinadu,its a spicy chicken curry which was too good.
The other curry’s were chicken tikka masala,tomato cashew nut and ulvacharu chicken.
The ulvacharu chicken,a chicken curry with horse gram soup was outstanding and finger licking good.

Biryanis:
We were then served biryani.
avakai chicken biryani
Afghani chicken biryani

Avakai chicken biryani is a authentic Andhra dish,it had a wonderful taste still haunting.
Afghani chicken biryani is very different from other biryani,it had unique flavour.
It was served with egg omelet above the biryani .
We ended up our meal with deserts,
Qubani ka meetha,gulab jamun and junnu.
The deserts were not that great and had disappointed me.
Overall the restaurant has good biryani’s and I would suggest everyone to visit this place especially for avakai chicken biryani.

Do follow us on Instagram:forkandspoonstoryhyd"
REV_05070_C38_A01,REV_05070_C38,REV_05070,Biryanis And More,4.0,avakai chicken biryani,,,,,,No Aspect Opinion,descriptive_context,REV_05070_C35_A01,pending,,,,,,,"Factual narrative, procedural action, menu listing, or non-evaluative statement without opinion.",2036,2058,"Do follow us on Instagram: forkandspoonstoryhyd


Biryani and more, a new outlet in Gachibowli is fine-dine restaurant.
It has recently opened and serves varieties of biryani and other food dishes.
This restaurant is on the ground floor and can be easily spotted by the crowd passing by the road.
I’ve been here for a dinner session.
The ambience of this place is quite good with bright lights all over the place.
It was a weekend and there was a pretty good amount of crowd at that time.
We started with mocktails.
They had many varieties of mocktails,out which we ordered the sparkling blue,ginger cola,mango lassi,ginger lemon and ginger mojito.
All the mocktails were of different colours making them very appealing for us to drink.
Almost all the mocktails had mint,lemon and ice which was refreshing!
The mango lassi was too sweet.
Then we were served with soups,
Veg lemon coriander soup
Chicken manchow soup
The veg lemon coriander soup was served hot with parboiled broccoli.
The chicken manchow soup was full of flavour and was served with crispy fried noodles,it tasted delicious.
We were then served with starters,
Apollo fish:
The fish was well cooked and soft but had so much of salt in it.
Tender chicken:
This was something very tasty,the chicken was soft,tender and with good amount of spice.
Bangla kodi:
It is one of the most popular dishes,it was crispy,light and was well presented with coriander garnish.
The chilli prawns:
The prawns were juicy,spicy and had great flavour.
Crispy veg and corn 65 were other vegetarian starters which we had.
They also were good but not that great.
Next we were served with main course:
They served us different types of curry’s with Indian breads.
The chicken chetinadu,its a spicy chicken curry which was too good.
The other curry’s were chicken tikka masala,tomato cashew nut and ulvacharu chicken.
The ulvacharu chicken,a chicken curry with horse gram soup was outstanding and finger licking good.

Biryanis:
We were then served biryani.
avakai chicken biryani
Afghani chicken biryani

Avakai chicken biryani is a authentic Andhra dish,it had a wonderful taste still haunting.
Afghani chicken biryani is very different from other biryani,it had unique flavour.
It was served with egg omelet above the biryani .
We ended up our meal with deserts,
Qubani ka meetha,gulab jamun and junnu.
The deserts were not that great and had disappointed me.
Overall the restaurant has good biryani’s and I would suggest everyone to visit this place especially for avakai chicken biryani.

Do follow us on Instagram:forkandspoonstoryhyd"
REV_05070_C39_A01,REV_05070_C39,REV_05070,Biryanis And More,4.0,Afghani chicken biryani,,,,,,No Aspect Opinion,descriptive_context,REV_05070_C35_A01,pending,,,,,,,"Factual narrative, procedural action, menu listing, or non-evaluative statement without opinion.",2060,2083,"Do follow us on Instagram: forkandspoonstoryhyd


Biryani and more, a new outlet in Gachibowli is fine-dine restaurant.
It has recently opened and serves varieties of biryani and other food dishes.
This restaurant is on the ground floor and can be easily spotted by the crowd passing by the road.
I’ve been here for a dinner session.
The ambience of this place is quite good with bright lights all over the place.
It was a weekend and there was a pretty good amount of crowd at that time.
We started with mocktails.
They had many varieties of mocktails,out which we ordered the sparkling blue,ginger cola,mango lassi,ginger lemon and ginger mojito.
All the mocktails were of different colours making them very appealing for us to drink.
Almost all the mocktails had mint,lemon and ice which was refreshing!
The mango lassi was too sweet.
Then we were served with soups,
Veg lemon coriander soup
Chicken manchow soup
The veg lemon coriander soup was served hot with parboiled broccoli.
The chicken manchow soup was full of flavour and was served with crispy fried noodles,it tasted delicious.
We were then served with starters,
Apollo fish:
The fish was well cooked and soft but had so much of salt in it.
Tender chicken:
This was something very tasty,the chicken was soft,tender and with good amount of spice.
Bangla kodi:
It is one of the most popular dishes,it was crispy,light and was well presented with coriander garnish.
The chilli prawns:
The prawns were juicy,spicy and had great flavour.
Crispy veg and corn 65 were other vegetarian starters which we had.
They also were good but not that great.
Next we were served with main course:
They served us different types of curry’s with Indian breads.
The chicken chetinadu,its a spicy chicken curry which was too good.
The other curry’s were chicken tikka masala,tomato cashew nut and ulvacharu chicken.
The ulvacharu chicken,a chicken curry with horse gram soup was outstanding and finger licking good.

Biryanis:
We were then served biryani.
avakai chicken biryani
Afghani chicken biryani

Avakai chicken biryani is a authentic Andhra dish,it had a wonderful taste still haunting.
Afghani chicken biryani is very different from other biryani,it had unique flavour.
It was served with egg omelet above the biryani .
We ended up our meal with deserts,
Qubani ka meetha,gulab jamun and junnu.
The deserts were not that great and had disappointed me.
Overall the restaurant has good biryani’s and I would suggest everyone to visit this place especially for avakai chicken biryani.

Do follow us on Instagram:forkandspoonstoryhyd"
REV_05070_C40_A01,REV_05070_C40,REV_05070,Biryanis And More,4.0,"Avakai chicken biryani is a authentic Andhra dish,it had a wonderful taste still haunting",,,,,,No Aspect Opinion,descriptive_context,REV_05070_C35_A01,pending,,,,,,,"Factual narrative, procedural action, menu listing, or non-evaluative statement without opinion.",2087,2176,"Do follow us on Instagram: forkandspoonstoryhyd


Biryani and more, a new outlet in Gachibowli is fine-dine restaurant.
It has recently opened and serves varieties of biryani and other food dishes.
This restaurant is on the ground floor and can be easily spotted by the crowd passing by the road.
I’ve been here for a dinner session.
The ambience of this place is quite good with bright lights all over the place.
It was a weekend and there was a pretty good amount of crowd at that time.
We started with mocktails.
They had many varieties of mocktails,out which we ordered the sparkling blue,ginger cola,mango lassi,ginger lemon and ginger mojito.
All the mocktails were of different colours making them very appealing for us to drink.
Almost all the mocktails had mint,lemon and ice which was refreshing!
The mango lassi was too sweet.
Then we were served with soups,
Veg lemon coriander soup
Chicken manchow soup
The veg lemon coriander soup was served hot with parboiled broccoli.
The chicken manchow soup was full of flavour and was served with crispy fried noodles,it tasted delicious.
We were then served with starters,
Apollo fish:
The fish was well cooked and soft but had so much of salt in it.
Tender chicken:
This was something very tasty,the chicken was soft,tender and with good amount of spice.
Bangla kodi:
It is one of the most popular dishes,it was crispy,light and was well presented with coriander garnish.
The chilli prawns:
The prawns were juicy,spicy and had great flavour.
Crispy veg and corn 65 were other vegetarian starters which we had.
They also were good but not that great.
Next we were served with main course:
They served us different types of curry’s with Indian breads.
The chicken chetinadu,its a spicy chicken curry which was too good.
The other curry’s were chicken tikka masala,tomato cashew nut and ulvacharu chicken.
The ulvacharu chicken,a chicken curry with horse gram soup was outstanding and finger licking good.

Biryanis:
We were then served biryani.
avakai chicken biryani
Afghani chicken biryani

Avakai chicken biryani is a authentic Andhra dish,it had a wonderful taste still haunting.
Afghani chicken biryani is very different from other biryani,it had unique flavour.
It was served with egg omelet above the biryani .
We ended up our meal with deserts,
Qubani ka meetha,gulab jamun and junnu.
The deserts were not that great and had disappointed me.
Overall the restaurant has good biryani’s and I would suggest everyone to visit this place especially for avakai chicken biryani.

Do follow us on Instagram:forkandspoonstoryhyd"
REV_05070_C41_A01,REV_05070_C41,REV_05070,Biryanis And More,4.0,"Afghani chicken biryani is very different from other biryani,it had unique flavour",,,,,,No Aspect Opinion,descriptive_context,REV_05070_C35_A01,pending,,,,,,,"Factual narrative, procedural action, menu listing, or non-evaluative statement without opinion.",2179,2261,"Do follow us on Instagram: forkandspoonstoryhyd


Biryani and more, a new outlet in Gachibowli is fine-dine restaurant.
It has recently opened and serves varieties of biryani and other food dishes.
This restaurant is on the ground floor and can be easily spotted by the crowd passing by the road.
I’ve been here for a dinner session.
The ambience of this place is quite good with bright lights all over the place.
It was a weekend and there was a pretty good amount of crowd at that time.
We started with mocktails.
They had many varieties of mocktails,out which we ordered the sparkling blue,ginger cola,mango lassi,ginger lemon and ginger mojito.
All the mocktails were of different colours making them very appealing for us to drink.
Almost all the mocktails had mint,lemon and ice which was refreshing!
The mango lassi was too sweet.
Then we were served with soups,
Veg lemon coriander soup
Chicken manchow soup
The veg lemon coriander soup was served hot with parboiled broccoli.
The chicken manchow soup was full of flavour and was served with crispy fried noodles,it tasted delicious.
We were then served with starters,
Apollo fish:
The fish was well cooked and soft but had so much of salt in it.
Tender chicken:
This was something very tasty,the chicken was soft,tender and with good amount of spice.
Bangla kodi:
It is one of the most popular dishes,it was crispy,light and was well presented with coriander garnish.
The chilli prawns:
The prawns were juicy,spicy and had great flavour.
Crispy veg and corn 65 were other vegetarian starters which we had.
They also were good but not that great.
Next we were served with main course:
They served us different types of curry’s with Indian breads.
The chicken chetinadu,its a spicy chicken curry which was too good.
The other curry’s were chicken tikka masala,tomato cashew nut and ulvacharu chicken.
The ulvacharu chicken,a chicken curry with horse gram soup was outstanding and finger licking good.

Biryanis:
We were then served biryani.
avakai chicken biryani
Afghani chicken biryani

Avakai chicken biryani is a authentic Andhra dish,it had a wonderful taste still haunting.
Afghani chicken biryani is very different from other biryani,it had unique flavour.
It was served with egg omelet above the biryani .
We ended up our meal with deserts,
Qubani ka meetha,gulab jamun and junnu.
The deserts were not that great and had disappointed me.
Overall the restaurant has good biryani’s and I would suggest everyone to visit this place especially for avakai chicken biryani.

Do follow us on Instagram:forkandspoonstoryhyd"
REV_05070_C42_A01,REV_05070_C42,REV_05070,Biryanis And More,4.0,It was served with egg omelet above the biryani,,,,,,No Aspect Opinion,descriptive_context,REV_05070_C35_A01,pending,,,,,,,"Factual narrative, procedural action, menu listing, or non-evaluative statement without opinion.",2264,2311,"Do follow us on Instagram: forkandspoonstoryhyd


Biryani and more, a new outlet in Gachibowli is fine-dine restaurant.
It has recently opened and serves varieties of biryani and other food dishes.
This restaurant is on the ground floor and can be easily spotted by the crowd passing by the road.
I’ve been here for a dinner session.
The ambience of this place is quite good with bright lights all over the place.
It was a weekend and there was a pretty good amount of crowd at that time.
We started with mocktails.
They had many varieties of mocktails,out which we ordered the sparkling blue,ginger cola,mango lassi,ginger lemon and ginger mojito.
All the mocktails were of different colours making them very appealing for us to drink.
Almost all the mocktails had mint,lemon and ice which was refreshing!
The mango lassi was too sweet.
Then we were served with soups,
Veg lemon coriander soup
Chicken manchow soup
The veg lemon coriander soup was served hot with parboiled broccoli.
The chicken manchow soup was full of flavour and was served with crispy fried noodles,it tasted delicious.
We were then served with starters,
Apollo fish:
The fish was well cooked and soft but had so much of salt in it.
Tender chicken:
This was something very tasty,the chicken was soft,tender and with good amount of spice.
Bangla kodi:
It is one of the most popular dishes,it was crispy,light and was well presented with coriander garnish.
The chilli prawns:
The prawns were juicy,spicy and had great flavour.
Crispy veg and corn 65 were other vegetarian starters which we had.
They also were good but not that great.
Next we were served with main course:
They served us different types of curry’s with Indian breads.
The chicken chetinadu,its a spicy chicken curry which was too good.
The other curry’s were chicken tikka masala,tomato cashew nut and ulvacharu chicken.
The ulvacharu chicken,a chicken curry with horse gram soup was outstanding and finger licking good.

Biryanis:
We were then served biryani.
avakai chicken biryani
Afghani chicken biryani

Avakai chicken biryani is a authentic Andhra dish,it had a wonderful taste still haunting.
Afghani chicken biryani is very different from other biryani,it had unique flavour.
It was served with egg omelet above the biryani .
We ended up our meal with deserts,
Qubani ka meetha,gulab jamun and junnu.
The deserts were not that great and had disappointed me.
Overall the restaurant has good biryani’s and I would suggest everyone to visit this place especially for avakai chicken biryani.

Do follow us on Instagram:forkandspoonstoryhyd"
REV_05070_C43_A01,REV_05070_C43,REV_05070,Biryanis And More,4.0,"We ended up our meal with deserts,",,,,,,No Aspect Opinion,descriptive_context,REV_05070_C35_A01,pending,,,,,,,"Factual narrative, procedural action, menu listing, or non-evaluative statement without opinion.",2315,2349,"Do follow us on Instagram: forkandspoonstoryhyd


Biryani and more, a new outlet in Gachibowli is fine-dine restaurant.
It has recently opened and serves varieties of biryani and other food dishes.
This restaurant is on the ground floor and can be easily spotted by the crowd passing by the road.
I’ve been here for a dinner session.
The ambience of this place is quite good with bright lights all over the place.
It was a weekend and there was a pretty good amount of crowd at that time.
We started with mocktails.
They had many varieties of mocktails,out which we ordered the sparkling blue,ginger cola,mango lassi,ginger lemon and ginger mojito.
All the mocktails were of different colours making them very appealing for us to drink.
Almost all the mocktails had mint,lemon and ice which was refreshing!
The mango lassi was too sweet.
Then we were served with soups,
Veg lemon coriander soup
Chicken manchow soup
The veg lemon coriander soup was served hot with parboiled broccoli.
The chicken manchow soup was full of flavour and was served with crispy fried noodles,it tasted delicious.
We were then served with starters,
Apollo fish:
The fish was well cooked and soft but had so much of salt in it.
Tender chicken:
This was something very tasty,the chicken was soft,tender and with good amount of spice.
Bangla kodi:
It is one of the most popular dishes,it was crispy,light and was well presented with coriander garnish.
The chilli prawns:
The prawns were juicy,spicy and had great flavour.
Crispy veg and corn 65 were other vegetarian starters which we had.
They also were good but not that great.
Next we were served with main course:
They served us different types of curry’s with Indian breads.
The chicken chetinadu,its a spicy chicken curry which was too good.
The other curry’s were chicken tikka masala,tomato cashew nut and ulvacharu chicken.
The ulvacharu chicken,a chicken curry with horse gram soup was outstanding and finger licking good.

Biryanis:
We were then served biryani.
avakai chicken biryani
Afghani chicken biryani

Avakai chicken biryani is a authentic Andhra dish,it had a wonderful taste still haunting.
Afghani chicken biryani is very different from other biryani,it had unique flavour.
It was served with egg omelet above the biryani .
We ended up our meal with deserts,
Qubani ka meetha,gulab jamun and junnu.
The deserts were not that great and had disappointed me.
Overall the restaurant has good biryani’s and I would suggest everyone to visit this place especially for avakai chicken biryani.

Do follow us on Instagram:forkandspoonstoryhyd"
REV_05070_C44_A01,REV_05070_C44,REV_05070,Biryanis And More,4.0,"Qubani ka meetha,gulab jamun and junnu",,,,,,No Aspect Opinion,descriptive_context,REV_05070_C35_A01,pending,,,,,,,"Factual narrative, procedural action, menu listing, or non-evaluative statement without opinion.",2351,2389,"Do follow us on Instagram: forkandspoonstoryhyd


Biryani and more, a new outlet in Gachibowli is fine-dine restaurant.
It has recently opened and serves varieties of biryani and other food dishes.
This restaurant is on the ground floor and can be easily spotted by the crowd passing by the road.
I’ve been here for a dinner session.
The ambience of this place is quite good with bright lights all over the place.
It was a weekend and there was a pretty good amount of crowd at that time.
We started with mocktails.
They had many varieties of mocktails,out which we ordered the sparkling blue,ginger cola,mango lassi,ginger lemon and ginger mojito.
All the mocktails were of different colours making them very appealing for us to drink.
Almost all the mocktails had mint,lemon and ice which was refreshing!
The mango lassi was too sweet.
Then we were served with soups,
Veg lemon coriander soup
Chicken manchow soup
The veg lemon coriander soup was served hot with parboiled broccoli.
The chicken manchow soup was full of flavour and was served with crispy fried noodles,it tasted delicious.
We were then served with starters,
Apollo fish:
The fish was well cooked and soft but had so much of salt in it.
Tender chicken:
This was something very tasty,the chicken was soft,tender and with good amount of spice.
Bangla kodi:
It is one of the most popular dishes,it was crispy,light and was well presented with coriander garnish.
The chilli prawns:
The prawns were juicy,spicy and had great flavour.
Crispy veg and corn 65 were other vegetarian starters which we had.
They also were good but not that great.
Next we were served with main course:
They served us different types of curry’s with Indian breads.
The chicken chetinadu,its a spicy chicken curry which was too good.
The other curry’s were chicken tikka masala,tomato cashew nut and ulvacharu chicken.
The ulvacharu chicken,a chicken curry with horse gram soup was outstanding and finger licking good.

Biryanis:
We were then served biryani.
avakai chicken biryani
Afghani chicken biryani

Avakai chicken biryani is a authentic Andhra dish,it had a wonderful taste still haunting.
Afghani chicken biryani is very different from other biryani,it had unique flavour.
It was served with egg omelet above the biryani .
We ended up our meal with deserts,
Qubani ka meetha,gulab jamun and junnu.
The deserts were not that great and had disappointed me.
Overall the restaurant has good biryani’s and I would suggest everyone to visit this place especially for avakai chicken biryani.

Do follow us on Instagram:forkandspoonstoryhyd"
REV_05070_C45_A01,REV_05070_C45,REV_05070,Biryanis And More,4.0,The deserts were not that great and had disappointed me,Food,deserts,great,Negative,Taste / Flavor,Annotated,primary_assertion,,pending,,,,,,,"Culinary evaluation (Negative) on food quality, taste, or portion.",2392,2447,"Do follow us on Instagram: forkandspoonstoryhyd


Biryani and more, a new outlet in Gachibowli is fine-dine restaurant.
It has recently opened and serves varieties of biryani and other food dishes.
This restaurant is on the ground floor and can be easily spotted by the crowd passing by the road.
I’ve been here for a dinner session.
The ambience of this place is quite good with bright lights all over the place.
It was a weekend and there was a pretty good amount of crowd at that time.
We started with mocktails.
They had many varieties of mocktails,out which we ordered the sparkling blue,ginger cola,mango lassi,ginger lemon and ginger mojito.
All the mocktails were of different colours making them very appealing for us to drink.
Almost all the mocktails had mint,lemon and ice which was refreshing!
The mango lassi was too sweet.
Then we were served with soups,
Veg lemon coriander soup
Chicken manchow soup
The veg lemon coriander soup was served hot with parboiled broccoli.
The chicken manchow soup was full of flavour and was served with crispy fried noodles,it tasted delicious.
We were then served with starters,
Apollo fish:
The fish was well cooked and soft but had so much of salt in it.
Tender chicken:
This was something very tasty,the chicken was soft,tender and with good amount of spice.
Bangla kodi:
It is one of the most popular dishes,it was crispy,light and was well presented with coriander garnish.
The chilli prawns:
The prawns were juicy,spicy and had great flavour.
Crispy veg and corn 65 were other vegetarian starters which we had.
They also were good but not that great.
Next we were served with main course:
They served us different types of curry’s with Indian breads.
The chicken chetinadu,its a spicy chicken curry which was too good.
The other curry’s were chicken tikka masala,tomato cashew nut and ulvacharu chicken.
The ulvacharu chicken,a chicken curry with horse gram soup was outstanding and finger licking good.

Biryanis:
We were then served biryani.
avakai chicken biryani
Afghani chicken biryani

Avakai chicken biryani is a authentic Andhra dish,it had a wonderful taste still haunting.
Afghani chicken biryani is very different from other biryani,it had unique flavour.
It was served with egg omelet above the biryani .
We ended up our meal with deserts,
Qubani ka meetha,gulab jamun and junnu.
The deserts were not that great and had disappointed me.
Overall the restaurant has good biryani’s and I would suggest everyone to visit this place especially for avakai chicken biryani.

Do follow us on Instagram:forkandspoonstoryhyd"
REV_05070_C46_A01,REV_05070_C46,REV_05070,Biryanis And More,4.0,Overall the restaurant has good biryani’s and I would suggest everyone to visit this place especially for avakai chicken biryani,Ambience,place,good,Positive,Atmosphere,Annotated,primary_assertion,,pending,,,,,,,Ambience evaluation (Positive) regarding environment or facilities.,2450,2578,"Do follow us on Instagram: forkandspoonstoryhyd


Biryani and more, a new outlet in Gachibowli is fine-dine restaurant.
It has recently opened and serves varieties of biryani and other food dishes.
This restaurant is on the ground floor and can be easily spotted by the crowd passing by the road.
I’ve been here for a dinner session.
The ambience of this place is quite good with bright lights all over the place.
It was a weekend and there was a pretty good amount of crowd at that time.
We started with mocktails.
They had many varieties of mocktails,out which we ordered the sparkling blue,ginger cola,mango lassi,ginger lemon and ginger mojito.
All the mocktails were of different colours making them very appealing for us to drink.
Almost all the mocktails had mint,lemon and ice which was refreshing!
The mango lassi was too sweet.
Then we were served with soups,
Veg lemon coriander soup
Chicken manchow soup
The veg lemon coriander soup was served hot with parboiled broccoli.
The chicken manchow soup was full of flavour and was served with crispy fried noodles,it tasted delicious.
We were then served with starters,
Apollo fish:
The fish was well cooked and soft but had so much of salt in it.
Tender chicken:
This was something very tasty,the chicken was soft,tender and with good amount of spice.
Bangla kodi:
It is one of the most popular dishes,it was crispy,light and was well presented with coriander garnish.
The chilli prawns:
The prawns were juicy,spicy and had great flavour.
Crispy veg and corn 65 were other vegetarian starters which we had.
They also were good but not that great.
Next we were served with main course:
They served us different types of curry’s with Indian breads.
The chicken chetinadu,its a spicy chicken curry which was too good.
The other curry’s were chicken tikka masala,tomato cashew nut and ulvacharu chicken.
The ulvacharu chicken,a chicken curry with horse gram soup was outstanding and finger licking good.

Biryanis:
We were then served biryani.
avakai chicken biryani
Afghani chicken biryani

Avakai chicken biryani is a authentic Andhra dish,it had a wonderful taste still haunting.
Afghani chicken biryani is very different from other biryani,it had unique flavour.
It was served with egg omelet above the biryani .
We ended up our meal with deserts,
Qubani ka meetha,gulab jamun and junnu.
The deserts were not that great and had disappointed me.
Overall the restaurant has good biryani’s and I would suggest everyone to visit this place especially for avakai chicken biryani.

Do follow us on Instagram:forkandspoonstoryhyd"
REV_05070_C47_A01,REV_05070_C47,REV_05070,Biryanis And More,4.0,Do follow us on Instagram:forkandspoonstoryhyd,,,,,,No Aspect Opinion,descriptive_context,REV_05070_C46_A01,pending,,,,,,,"Factual narrative, procedural action, menu listing, or non-evaluative statement without opinion.",2583,2629,"Do follow us on Instagram: forkandspoonstoryhyd


Biryani and more, a new outlet in Gachibowli is fine-dine restaurant.
It has recently opened and serves varieties of biryani and other food dishes.
This restaurant is on the ground floor and can be easily spotted by the crowd passing by the road.
I’ve been here for a dinner session.
The ambience of this place is quite good with bright lights all over the place.
It was a weekend and there was a pretty good amount of crowd at that time.
We started with mocktails.
They had many varieties of mocktails,out which we ordered the sparkling blue,ginger cola,mango lassi,ginger lemon and ginger mojito.
All the mocktails were of different colours making them very appealing for us to drink.
Almost all the mocktails had mint,lemon and ice which was refreshing!
The mango lassi was too sweet.
Then we were served with soups,
Veg lemon coriander soup
Chicken manchow soup
The veg lemon coriander soup was served hot with parboiled broccoli.
The chicken manchow soup was full of flavour and was served with crispy fried noodles,it tasted delicious.
We were then served with starters,
Apollo fish:
The fish was well cooked and soft but had so much of salt in it.
Tender chicken:
This was something very tasty,the chicken was soft,tender and with good amount of spice.
Bangla kodi:
It is one of the most popular dishes,it was crispy,light and was well presented with coriander garnish.
The chilli prawns:
The prawns were juicy,spicy and had great flavour.
Crispy veg and corn 65 were other vegetarian starters which we had.
They also were good but not that great.
Next we were served with main course:
They served us different types of curry’s with Indian breads.
The chicken chetinadu,its a spicy chicken curry which was too good.
The other curry’s were chicken tikka masala,tomato cashew nut and ulvacharu chicken.
The ulvacharu chicken,a chicken curry with horse gram soup was outstanding and finger licking good.

Biryanis:
We were then served biryani.
avakai chicken biryani
Afghani chicken biryani

Avakai chicken biryani is a authentic Andhra dish,it had a wonderful taste still haunting.
Afghani chicken biryani is very different from other biryani,it had unique flavour.
It was served with egg omelet above the biryani .
We ended up our meal with deserts,
Qubani ka meetha,gulab jamun and junnu.
The deserts were not that great and had disappointed me.
Overall the restaurant has good biryani’s and I would suggest everyone to visit this place especially for avakai chicken biryani.

Do follow us on Instagram:forkandspoonstoryhyd"
REV_05236_C01_A01,REV_05236_C01,REV_05236,Diners Pavilion,4.0,"I ordered Chilly Oyster Wings- Chicken, Grilled Chicken Teriyaki & Fusilli, Rosemary Chicken n Parmesan Cream Pasta",,,,,,No Aspect Opinion,independent,,pending,,,,,,,"Factual narrative, procedural action, menu listing, or non-evaluative statement without opinion.",0,115,"I ordered Chilly Oyster Wings- Chicken, Grilled Chicken Teriyaki & Fusilli, Rosemary Chicken n Parmesan Cream Pasta. Food was quite good. Service was also nice. Ambience is good. Fifa was played on the screen when I was there."
REV_05236_C02_A01,REV_05236_C02,REV_05236,Diners Pavilion,4.0,Food was quite good,Food,Food,good,Positive,Taste / Flavor,Annotated,primary_assertion,,pending,,,,,,,"Culinary evaluation (Positive) on food quality, taste, or portion.",117,136,"I ordered Chilly Oyster Wings- Chicken, Grilled Chicken Teriyaki & Fusilli, Rosemary Chicken n Parmesan Cream Pasta. Food was quite good. Service was also nice. Ambience is good. Fifa was played on the screen when I was there."
REV_05236_C03_A01,REV_05236_C03,REV_05236,Diners Pavilion,4.0,Service was also nice,Service,Service,nice,Positive,Staff hospitality,Annotated,primary_assertion,,pending,,,,,,,Positive appraisal targeting 'Service'.,138,159,"I ordered Chilly Oyster Wings- Chicken, Grilled Chicken Teriyaki & Fusilli, Rosemary Chicken n Parmesan Cream Pasta. Food was quite good. Service was also nice. Ambience is good. Fifa was played on the screen when I was there."
REV_05236_C04_A01,REV_05236_C04,REV_05236,Diners Pavilion,4.0,Ambience is good,Ambience,Ambience,good,Positive,Atmosphere,Annotated,primary_assertion,,pending,,,,,,,Ambience evaluation (Positive) regarding environment or facilities.,161,177,"I ordered Chilly Oyster Wings- Chicken, Grilled Chicken Teriyaki & Fusilli, Rosemary Chicken n Parmesan Cream Pasta. Food was quite good. Service was also nice. Ambience is good. Fifa was played on the screen when I was there."
REV_05236_C05_A01,REV_05236_C05,REV_05236,Diners Pavilion,4.0,Fifa was played on the screen when I was there,,,,,,No Aspect Opinion,descriptive_context,REV_05236_C04_A01,pending,,,,,,,"Factual narrative, procedural action, menu listing, or non-evaluative statement without opinion.",179,225,"I ordered Chilly Oyster Wings- Chicken, Grilled Chicken Teriyaki & Fusilli, Rosemary Chicken n Parmesan Cream Pasta. Food was quite good. Service was also nice. Ambience is good. Fifa was played on the screen when I was there."
REV_05340_C01_A01,REV_05340_C01,REV_05340,Asian Meal Box,3.0,avarage taste,,,,,,No Aspect Opinion,independent,,pending,,,,,,,"Factual narrative, procedural action, menu listing, or non-evaluative statement without opinion.",0,13,avarage taste
REV_05384_C01_A01,REV_05384_C01,REV_05384,Cafe Eclat,5.0,Superb quality,General Experience,,Superb,Positive,Overall Impression,Annotated,primary_assertion,,pending,,,,,,,Positive appraisal targeting 'General Experience'.,0,14,"Superb quality, service and ambience.. can customise their dishes, fresh bakery and healthy salad items just makes the best place for any kind of outing.."
REV_05384_C02_A01,REV_05384_C02,REV_05384,Cafe Eclat,5.0,service and ambience,,,,,,No Aspect Opinion,descriptive_context,REV_05384_C01_A01,pending,,,,,,,"Factual narrative, procedural action, menu listing, or non-evaluative statement without opinion.",16,36,"Superb quality, service and ambience.. can customise their dishes, fresh bakery and healthy salad items just makes the best place for any kind of outing.."
REV_05384_C03_A01,REV_05384_C03,REV_05384,Cafe Eclat,5.0,"can customise their dishes, fresh bakery and healthy salad items just makes the best place for any kind of outing",Food,dishes,fresh,Positive,Freshness,Annotated,primary_assertion,,pending,,,,,,,"Culinary evaluation (Positive) on food quality, taste, or portion.",39,152,"Superb quality, service and ambience.. can customise their dishes, fresh bakery and healthy salad items just makes the best place for any kind of outing.."
REV_05475_C01_A01,REV_05475_C01,REV_05475,Feast - Sheraton Hyderabad Hotel,1.0,"I dont even want to beg 1 star , today for dinner we visited this place",,,,,,No Aspect Opinion,independent,,pending,,,,,,,"Factual narrative, procedural action, menu listing, or non-evaluative statement without opinion.",0,71,"I dont even want to beg 1 star , today for dinner we visited this place And the food sounds pretty old which they were just keep on reheating. Inspite of many varities hardly it was worth. My family got Diarrhea I had to wake up till this late night to take care of kids who are suffered with Diarrhea and all thanks to This disgusting restaurant.

Updating after 12 hours - Now we all four members are down with Diarrhea including me and keep vomiting. FEAST tats really disgusting you guys are serving stale and contaminated food on this high cost. Hate to visit ur restaurant. That was our last visit to this stale food restaurant. LOOKS ALL OF YOUR GOOD REVIEWS ARE PAID REVIEWS. MY BAD I VISITED YOU ON BASED OF ZOOMATO REVIEWS. if anyone think its a fake comment confirm with me on 9704669785."
REV_05475_C02_A01,REV_05475_C02,REV_05475,Feast - Sheraton Hyderabad Hotel,1.0,the food sounds pretty old which they were just keep on reheating,,,,,,No Aspect Opinion,independent,,pending,,,,,,,"Factual narrative, procedural action, menu listing, or non-evaluative statement without opinion.",76,141,"I dont even want to beg 1 star , today for dinner we visited this place And the food sounds pretty old which they were just keep on reheating. Inspite of many varities hardly it was worth. My family got Diarrhea I had to wake up till this late night to take care of kids who are suffered with Diarrhea and all thanks to This disgusting restaurant.

Updating after 12 hours - Now we all four members are down with Diarrhea including me and keep vomiting. FEAST tats really disgusting you guys are serving stale and contaminated food on this high cost. Hate to visit ur restaurant. That was our last visit to this stale food restaurant. LOOKS ALL OF YOUR GOOD REVIEWS ARE PAID REVIEWS. MY BAD I VISITED YOU ON BASED OF ZOOMATO REVIEWS. if anyone think its a fake comment confirm with me on 9704669785."
REV_05475_C03_A01,REV_05475_C03,REV_05475,Feast - Sheraton Hyderabad Hotel,1.0,Inspite of many varities hardly it was worth,Price / Value,,hardly it was worth,Negative,Value for money,Annotated,primary_assertion,,pending,,,,,,,Pricing / financial evaluation (Negative).,143,187,"I dont even want to beg 1 star , today for dinner we visited this place And the food sounds pretty old which they were just keep on reheating. Inspite of many varities hardly it was worth. My family got Diarrhea I had to wake up till this late night to take care of kids who are suffered with Diarrhea and all thanks to This disgusting restaurant.

Updating after 12 hours - Now we all four members are down with Diarrhea including me and keep vomiting. FEAST tats really disgusting you guys are serving stale and contaminated food on this high cost. Hate to visit ur restaurant. That was our last visit to this stale food restaurant. LOOKS ALL OF YOUR GOOD REVIEWS ARE PAID REVIEWS. MY BAD I VISITED YOU ON BASED OF ZOOMATO REVIEWS. if anyone think its a fake comment confirm with me on 9704669785."
REV_05475_C04_A01,REV_05475_C04,REV_05475,Feast - Sheraton Hyderabad Hotel,1.0,My family got Diarrhea I had to wake up till this late night to take care of kids who are suffered with Diarrhea and all thanks to This disgusting restaurant,,,,,,No Aspect Opinion,descriptive_context,REV_05475_C03_A01,pending,,,,,,,"Factual narrative, procedural action, menu listing, or non-evaluative statement without opinion.",189,346,"I dont even want to beg 1 star , today for dinner we visited this place And the food sounds pretty old which they were just keep on reheating. Inspite of many varities hardly it was worth. My family got Diarrhea I had to wake up till this late night to take care of kids who are suffered with Diarrhea and all thanks to This disgusting restaurant.

Updating after 12 hours - Now we all four members are down with Diarrhea including me and keep vomiting. FEAST tats really disgusting you guys are serving stale and contaminated food on this high cost. Hate to visit ur restaurant. That was our last visit to this stale food restaurant. LOOKS ALL OF YOUR GOOD REVIEWS ARE PAID REVIEWS. MY BAD I VISITED YOU ON BASED OF ZOOMATO REVIEWS. if anyone think its a fake comment confirm with me on 9704669785."
REV_05475_C05_A01,REV_05475_C05,REV_05475,Feast - Sheraton Hyderabad Hotel,1.0,Updating after 12 hours,,,,,,No Aspect Opinion,descriptive_context,REV_05475_C03_A01,pending,,,,,,,"Factual narrative, procedural action, menu listing, or non-evaluative statement without opinion.",351,374,"I dont even want to beg 1 star , today for dinner we visited this place And the food sounds pretty old which they were just keep on reheating. Inspite of many varities hardly it was worth. My family got Diarrhea I had to wake up till this late night to take care of kids who are suffered with Diarrhea and all thanks to This disgusting restaurant.

Updating after 12 hours - Now we all four members are down with Diarrhea including me and keep vomiting. FEAST tats really disgusting you guys are serving stale and contaminated food on this high cost. Hate to visit ur restaurant. That was our last visit to this stale food restaurant. LOOKS ALL OF YOUR GOOD REVIEWS ARE PAID REVIEWS. MY BAD I VISITED YOU ON BASED OF ZOOMATO REVIEWS. if anyone think its a fake comment confirm with me on 9704669785."
REV_05475_C06_A01,REV_05475_C06,REV_05475,Feast - Sheraton Hyderabad Hotel,1.0,Now we all four members are down with Diarrhea including me and keep vomiting,,,,,,No Aspect Opinion,descriptive_context,REV_05475_C03_A01,pending,,,,,,,"Factual narrative, procedural action, menu listing, or non-evaluative statement without opinion.",377,454,"I dont even want to beg 1 star , today for dinner we visited this place And the food sounds pretty old which they were just keep on reheating. Inspite of many varities hardly it was worth. My family got Diarrhea I had to wake up till this late night to take care of kids who are suffered with Diarrhea and all thanks to This disgusting restaurant.

Updating after 12 hours - Now we all four members are down with Diarrhea including me and keep vomiting. FEAST tats really disgusting you guys are serving stale and contaminated food on this high cost. Hate to visit ur restaurant. That was our last visit to this stale food restaurant. LOOKS ALL OF YOUR GOOD REVIEWS ARE PAID REVIEWS. MY BAD I VISITED YOU ON BASED OF ZOOMATO REVIEWS. if anyone think its a fake comment confirm with me on 9704669785."
REV_05475_C07_A01,REV_05475_C07,REV_05475,Feast - Sheraton Hyderabad Hotel,1.0,FEAST tats really disgusting you guys are serving stale and contaminated food on this high cost,Price / Value,cost,,Positive,Pricing / Overpriced,Annotated,primary_assertion,,pending,,,,,,,Pricing / financial evaluation (Positive).,456,551,"I dont even want to beg 1 star , today for dinner we visited this place And the food sounds pretty old which they were just keep on reheating. Inspite of many varities hardly it was worth. My family got Diarrhea I had to wake up till this late night to take care of kids who are suffered with Diarrhea and all thanks to This disgusting restaurant.

Updating after 12 hours - Now we all four members are down with Diarrhea including me and keep vomiting. FEAST tats really disgusting you guys are serving stale and contaminated food on this high cost. Hate to visit ur restaurant. That was our last visit to this stale food restaurant. LOOKS ALL OF YOUR GOOD REVIEWS ARE PAID REVIEWS. MY BAD I VISITED YOU ON BASED OF ZOOMATO REVIEWS. if anyone think its a fake comment confirm with me on 9704669785."
REV_05475_C08_A01,REV_05475_C08,REV_05475,Feast - Sheraton Hyderabad Hotel,1.0,Hate to visit ur restaurant,General Experience,visit,Hate to visit,Negative,Recommendation,Annotated,primary_assertion,,pending,,,,,,,Holistic evaluation of the restaurant / visit (Negative).,553,580,"I dont even want to beg 1 star , today for dinner we visited this place And the food sounds pretty old which they were just keep on reheating. Inspite of many varities hardly it was worth. My family got Diarrhea I had to wake up till this late night to take care of kids who are suffered with Diarrhea and all thanks to This disgusting restaurant.

Updating after 12 hours - Now we all four members are down with Diarrhea including me and keep vomiting. FEAST tats really disgusting you guys are serving stale and contaminated food on this high cost. Hate to visit ur restaurant. That was our last visit to this stale food restaurant. LOOKS ALL OF YOUR GOOD REVIEWS ARE PAID REVIEWS. MY BAD I VISITED YOU ON BASED OF ZOOMATO REVIEWS. if anyone think its a fake comment confirm with me on 9704669785."
REV_05475_C09_A01,REV_05475_C09,REV_05475,Feast - Sheraton Hyderabad Hotel,1.0,That was our last visit to this stale food restaurant,Food,food,stale,Negative,Freshness,Annotated,primary_assertion,,pending,,,,,,,"Culinary evaluation (Negative) on food quality, taste, or portion.",582,635,"I dont even want to beg 1 star , today for dinner we visited this place And the food sounds pretty old which they were just keep on reheating. Inspite of many varities hardly it was worth. My family got Diarrhea I had to wake up till this late night to take care of kids who are suffered with Diarrhea and all thanks to This disgusting restaurant.

Updating after 12 hours - Now we all four members are down with Diarrhea including me and keep vomiting. FEAST tats really disgusting you guys are serving stale and contaminated food on this high cost. Hate to visit ur restaurant. That was our last visit to this stale food restaurant. LOOKS ALL OF YOUR GOOD REVIEWS ARE PAID REVIEWS. MY BAD I VISITED YOU ON BASED OF ZOOMATO REVIEWS. if anyone think its a fake comment confirm with me on 9704669785."
REV_05475_C10_A01,REV_05475_C10,REV_05475,Feast - Sheraton Hyderabad Hotel,1.0,LOOKS ALL OF YOUR GOOD REVIEWS ARE PAID REVIEWS,General Experience,,GOOD,Positive,Overall Impression,Annotated,primary_assertion,,pending,,,,,,,Positive appraisal targeting 'General Experience'.,637,684,"I dont even want to beg 1 star , today for dinner we visited this place And the food sounds pretty old which they were just keep on reheating. Inspite of many varities hardly it was worth. My family got Diarrhea I had to wake up till this late night to take care of kids who are suffered with Diarrhea and all thanks to This disgusting restaurant.

Updating after 12 hours - Now we all four members are down with Diarrhea including me and keep vomiting. FEAST tats really disgusting you guys are serving stale and contaminated food on this high cost. Hate to visit ur restaurant. That was our last visit to this stale food restaurant. LOOKS ALL OF YOUR GOOD REVIEWS ARE PAID REVIEWS. MY BAD I VISITED YOU ON BASED OF ZOOMATO REVIEWS. if anyone think its a fake comment confirm with me on 9704669785."
REV_05475_C11_A01,REV_05475_C11,REV_05475,Feast - Sheraton Hyderabad Hotel,1.0,MY BAD I VISITED YOU ON BASED OF ZOOMATO REVIEWS,Food,,BAD,Negative,Food quality,Annotated,primary_assertion,,pending,,,,,,,Negative evaluation targeting 'Food'.,686,734,"I dont even want to beg 1 star , today for dinner we visited this place And the food sounds pretty old which they were just keep on reheating. Inspite of many varities hardly it was worth. My family got Diarrhea I had to wake up till this late night to take care of kids who are suffered with Diarrhea and all thanks to This disgusting restaurant.

Updating after 12 hours - Now we all four members are down with Diarrhea including me and keep vomiting. FEAST tats really disgusting you guys are serving stale and contaminated food on this high cost. Hate to visit ur restaurant. That was our last visit to this stale food restaurant. LOOKS ALL OF YOUR GOOD REVIEWS ARE PAID REVIEWS. MY BAD I VISITED YOU ON BASED OF ZOOMATO REVIEWS. if anyone think its a fake comment confirm with me on 9704669785."
REV_05475_C12_A01,REV_05475_C12,REV_05475,Feast - Sheraton Hyderabad Hotel,1.0,if anyone think its a fake comment confirm with me on 9704669785,,,,,,No Aspect Opinion,descriptive_context,REV_05475_C11_A01,pending,,,,,,,"Factual narrative, procedural action, menu listing, or non-evaluative statement without opinion.",736,800,"I dont even want to beg 1 star , today for dinner we visited this place And the food sounds pretty old which they were just keep on reheating. Inspite of many varities hardly it was worth. My family got Diarrhea I had to wake up till this late night to take care of kids who are suffered with Diarrhea and all thanks to This disgusting restaurant.

Updating after 12 hours - Now we all four members are down with Diarrhea including me and keep vomiting. FEAST tats really disgusting you guys are serving stale and contaminated food on this high cost. Hate to visit ur restaurant. That was our last visit to this stale food restaurant. LOOKS ALL OF YOUR GOOD REVIEWS ARE PAID REVIEWS. MY BAD I VISITED YOU ON BASED OF ZOOMATO REVIEWS. if anyone think its a fake comment confirm with me on 9704669785."
REV_05566_C01_A01,REV_05566_C01,REV_05566,Being Hungry,5.0,This place serves delicious food with proper blend of spices,Food,food,delicious,Positive,Taste / Flavor,Annotated,primary_assertion,,pending,,,,,,,"Culinary evaluation (Positive) on food quality, taste, or portion.",0,60,"This place serves delicious food with proper blend of spices . I prefer non veg food and the taste is truly amazing . Pocket friendly , good food quantity and appreciable staff service ."
REV_05566_C02_A01,REV_05566_C02,REV_05566,Being Hungry,5.0,I prefer non veg food and the taste is truly amazing,Food,food,amazing,Positive,Taste / Flavor,Annotated,primary_assertion,,pending,,,,,,,"Culinary evaluation (Positive) on food quality, taste, or portion.",63,115,"This place serves delicious food with proper blend of spices . I prefer non veg food and the taste is truly amazing . Pocket friendly , good food quantity and appreciable staff service ."
REV_05566_C03_A01,REV_05566_C03,REV_05566,Being Hungry,5.0,"Pocket friendly , good food quantity and appreciable staff service",Service,staff,friendly,Positive,Staff courtesy,Annotated,primary_assertion,,pending,,,,,,,Service evaluation (Positive) targeting staff hospitality or turnaround.,118,184,"This place serves delicious food with proper blend of spices . I prefer non veg food and the taste is truly amazing . Pocket friendly , good food quantity and appreciable staff service ."
REV_05639_C01_A01,REV_05639_C01,REV_05639,Tempteys,5.0,Very smooth delivery and timing,,,,,,No Aspect Opinion,independent,,pending,,,,,,,"Factual narrative, procedural action, menu listing, or non-evaluative statement without opinion.",0,31,Very smooth delivery and timing. Happy with the service :)
REV_05639_C02_A01,REV_05639_C02,REV_05639,Tempteys,5.0,Happy with the service :),,,,,,No Aspect Opinion,independent,,pending,,,,,,,"Factual narrative, procedural action, menu listing, or non-evaluative statement without opinion.",33,58,Very smooth delivery and timing. Happy with the service :)
REV_05785_C01_A01,REV_05785_C01,REV_05785,KS Bakers,3.5,chocolate truffle is great here,Food,truffle,great,Positive,Taste / Flavor,Annotated,primary_assertion,,pending,,,,,,,"Culinary evaluation (Positive) on food quality, taste, or portion.",0,31,"chocolate truffle is great here!
Ferrerro rocher pastry melts in your mouth like lava...
Pleasant place....sets the mood for a cake


yummmmmyyyyyyyyyyyyyyyyyyyyyy"
REV_05785_C02_A01,REV_05785_C02,REV_05785,KS Bakers,3.5,Ferrerro rocher pastry melts in your mouth like lava,,,,,,No Aspect Opinion,descriptive_context,REV_05785_C01_A01,pending,,,,,,,"Factual narrative, procedural action, menu listing, or non-evaluative statement without opinion.",34,86,"chocolate truffle is great here!
Ferrerro rocher pastry melts in your mouth like lava...
Pleasant place....sets the mood for a cake


yummmmmyyyyyyyyyyyyyyyyyyyyyy"
REV_05785_C03_A01,REV_05785_C03,REV_05785,KS Bakers,3.5,Pleasant place,,,,,,No Aspect Opinion,descriptive_context,REV_05785_C01_A01,pending,,,,,,,"Factual narrative, procedural action, menu listing, or non-evaluative statement without opinion.",91,105,"chocolate truffle is great here!
Ferrerro rocher pastry melts in your mouth like lava...
Pleasant place....sets the mood for a cake


yummmmmyyyyyyyyyyyyyyyyyyyyyy"
REV_05785_C04_A01,REV_05785_C04,REV_05785,KS Bakers,3.5,sets the mood for a cake,,,,,,No Aspect Opinion,descriptive_context,REV_05785_C01_A01,pending,,,,,,,"Factual narrative, procedural action, menu listing, or non-evaluative statement without opinion.",109,133,"chocolate truffle is great here!
Ferrerro rocher pastry melts in your mouth like lava...
Pleasant place....sets the mood for a cake


yummmmmyyyyyyyyyyyyyyyyyyyyyy"
REV_05785_C05_A01,REV_05785_C05,REV_05785,KS Bakers,3.5,yummmmmyyyyyyyyyyyyyyyyyyyyyy,,,,,,No Aspect Opinion,descriptive_context,REV_05785_C01_A01,pending,,,,,,,"Factual narrative, procedural action, menu listing, or non-evaluative statement without opinion.",139,168,"chocolate truffle is great here!
Ferrerro rocher pastry melts in your mouth like lava...
Pleasant place....sets the mood for a cake


yummmmmyyyyyyyyyyyyyyyyyyyyyy"
REV_05863_C01_A01,REV_05863_C01,REV_05863,PourHouse7,1.0,"Don't have zero rate here, one I m giving bcoz they welcomed me nice way",General Experience,,nice,Positive,Overall Impression,Annotated,primary_assertion,,pending,,,,,,,Positive appraisal targeting 'General Experience'.,0,72,"Don't have zero rate here, one I m giving bcoz they welcomed me nice way, but food was sucks here, we had three starters which were not good at all, chicken starter was smelling may be they use stock or stale chic. Not come again here, very bad experience. Total wasting of money .
😡😡"
REV_05863_C02_A01,REV_05863_C02,REV_05863,PourHouse7,1.0,"but food was sucks here, we had three starters which were not good at all, chicken starter was smelling may be they use stock or stale chic",Food,food,good,Negative,Freshness,Annotated,primary_assertion,,pending,,,,,,,"Culinary evaluation (Negative) on food quality, taste, or portion.",74,213,"Don't have zero rate here, one I m giving bcoz they welcomed me nice way, but food was sucks here, we had three starters which were not good at all, chicken starter was smelling may be they use stock or stale chic. Not come again here, very bad experience. Total wasting of money .
😡😡"
REV_05863_C03_A01,REV_05863_C03,REV_05863,PourHouse7,1.0,"Not come again here, very bad experience",General Experience,experience,come again,Negative,Overall Impression,Annotated,primary_assertion,,pending,,,,,,,Holistic evaluation of the restaurant / visit (Negative).,215,255,"Don't have zero rate here, one I m giving bcoz they welcomed me nice way, but food was sucks here, we had three starters which were not good at all, chicken starter was smelling may be they use stock or stale chic. Not come again here, very bad experience. Total wasting of money .
😡😡"
REV_05863_C04_A01,REV_05863_C04,REV_05863,PourHouse7,1.0,Total wasting of money,Price / Value,money,wasting of money,Negative,Pricing / Overpriced,Annotated,primary_assertion,,pending,,,,,,,Pricing / financial evaluation (Negative).,257,279,"Don't have zero rate here, one I m giving bcoz they welcomed me nice way, but food was sucks here, we had three starters which were not good at all, chicken starter was smelling may be they use stock or stale chic. Not come again here, very bad experience. Total wasting of money .
😡😡"
REV_05948_C01_A01,REV_05948_C01,REV_05948,Prism Club & Kitchen,3.0,Prism is touted to be the owner of a huge club space,Food,,,Positive,Portion size,Annotated,primary_assertion,,pending,,,,,,,"Culinary evaluation (Positive) on food quality, taste, or portion.",0,52,"Prism is touted to be the owner of a huge club space, and rightly so.

The place is located somewhere in Financial District, after you take a turn from the Lemon Tree hotel. I pretty much had no clue about where I was exactly, and the almost stranded road is of not much help. Until you suddenly see the big lit up sign with the word Prism inscribed on it, though conveniently covered by the bushes around it. Another 100m or so, you reach their parking yard, and finally the enter the premises after it.

A huge velvety door opens into this big sized covered arena (for a lack of better word), that tell you that it can never get overcrowded on the dance floor. The place has high tables next to the dance area, and then some couches on the far side. There is a beautifully lit up staircase, that leads to a more relaxed lounge kind of seating.

And that is just one part of it. They have an outdoor seating, where the projector is put up for the match screening, and doubles up as the smoking zone. Apart from this, they have a pool, which would be apt for a private gathering.

I am no club expert, but their light system is sure one of their USP. The DJ played majorly Bollywood that evening (it was a Wednesday), and did a decent enough job.

While the place is all decked up pretty well, the food on offer didn't impress me much.

🔸STARTERS

🔹Burmese Roll with sweet chilli dip: A bit too oily, they were okay to munch on. They could have done with a bit more filling, though.

🔹Punjabi Paneer Tikka with mint dip: Failed to impress. The paneer was too rubbery in some places, and in others, too charred. The lingering taste was merely of chilli, and nothing else.

🔸MAINS

🔹Prism Special Veggie Lover Pizza🌟: The dish that fared best with me. It was thin crust and had a good amount of cheese. For the price, it may seem a bit costly, but quite worth it, as compared to other dishes.

🔹Spaghetti: Their take of spaghetti aglio olio, with mushrooms and black olive toppings. This was also decent.

🔹Penne Alfredo: This was just regular, nothing good or bad. And this also goes for the accompanying garlic bread.

I didn't find the Indian mains anything great, and needs to be improved a lot.

The dessert was another downer. Chocolate Truffle was all goey and just cream.

From the mocktails section, I chose the safest bet Go Crazy. It was a twist on the oreo shake, with the inclusion of KitKat, but it wasn't great either. Lacked the comfort of a regular oreo shake.

If you are looking for a party place, that has a happening setup, good crowd and amazing ambience, this is your best bet. But for the food, it is better you stick with safe bets such as pizzas and pastas. They would give you the best value for money. The alcohol is also a little pricey, but you wouldn't mind that in a place like this."
REV_05948_C02_A01,REV_05948_C02,REV_05948,Prism Club & Kitchen,3.0,and rightly so,,,,,,No Aspect Opinion,descriptive_context,REV_05948_C01_A01,pending,,,,,,,"Factual narrative, procedural action, menu listing, or non-evaluative statement without opinion.",54,68,"Prism is touted to be the owner of a huge club space, and rightly so.

The place is located somewhere in Financial District, after you take a turn from the Lemon Tree hotel. I pretty much had no clue about where I was exactly, and the almost stranded road is of not much help. Until you suddenly see the big lit up sign with the word Prism inscribed on it, though conveniently covered by the bushes around it. Another 100m or so, you reach their parking yard, and finally the enter the premises after it.

A huge velvety door opens into this big sized covered arena (for a lack of better word), that tell you that it can never get overcrowded on the dance floor. The place has high tables next to the dance area, and then some couches on the far side. There is a beautifully lit up staircase, that leads to a more relaxed lounge kind of seating.

And that is just one part of it. They have an outdoor seating, where the projector is put up for the match screening, and doubles up as the smoking zone. Apart from this, they have a pool, which would be apt for a private gathering.

I am no club expert, but their light system is sure one of their USP. The DJ played majorly Bollywood that evening (it was a Wednesday), and did a decent enough job.

While the place is all decked up pretty well, the food on offer didn't impress me much.

🔸STARTERS

🔹Burmese Roll with sweet chilli dip: A bit too oily, they were okay to munch on. They could have done with a bit more filling, though.

🔹Punjabi Paneer Tikka with mint dip: Failed to impress. The paneer was too rubbery in some places, and in others, too charred. The lingering taste was merely of chilli, and nothing else.

🔸MAINS

🔹Prism Special Veggie Lover Pizza🌟: The dish that fared best with me. It was thin crust and had a good amount of cheese. For the price, it may seem a bit costly, but quite worth it, as compared to other dishes.

🔹Spaghetti: Their take of spaghetti aglio olio, with mushrooms and black olive toppings. This was also decent.

🔹Penne Alfredo: This was just regular, nothing good or bad. And this also goes for the accompanying garlic bread.

I didn't find the Indian mains anything great, and needs to be improved a lot.

The dessert was another downer. Chocolate Truffle was all goey and just cream.

From the mocktails section, I chose the safest bet Go Crazy. It was a twist on the oreo shake, with the inclusion of KitKat, but it wasn't great either. Lacked the comfort of a regular oreo shake.

If you are looking for a party place, that has a happening setup, good crowd and amazing ambience, this is your best bet. But for the food, it is better you stick with safe bets such as pizzas and pastas. They would give you the best value for money. The alcohol is also a little pricey, but you wouldn't mind that in a place like this."
REV_05948_C03_A01,REV_05948_C03,REV_05948,Prism Club & Kitchen,3.0,"The place is located somewhere in Financial District, after you take a turn from the Lemon Tree hotel",,,,,,No Aspect Opinion,descriptive_context,REV_05948_C01_A01,pending,,,,,,,"Factual narrative, procedural action, menu listing, or non-evaluative statement without opinion.",73,174,"Prism is touted to be the owner of a huge club space, and rightly so.

The place is located somewhere in Financial District, after you take a turn from the Lemon Tree hotel. I pretty much had no clue about where I was exactly, and the almost stranded road is of not much help. Until you suddenly see the big lit up sign with the word Prism inscribed on it, though conveniently covered by the bushes around it. Another 100m or so, you reach their parking yard, and finally the enter the premises after it.

A huge velvety door opens into this big sized covered arena (for a lack of better word), that tell you that it can never get overcrowded on the dance floor. The place has high tables next to the dance area, and then some couches on the far side. There is a beautifully lit up staircase, that leads to a more relaxed lounge kind of seating.

And that is just one part of it. They have an outdoor seating, where the projector is put up for the match screening, and doubles up as the smoking zone. Apart from this, they have a pool, which would be apt for a private gathering.

I am no club expert, but their light system is sure one of their USP. The DJ played majorly Bollywood that evening (it was a Wednesday), and did a decent enough job.

While the place is all decked up pretty well, the food on offer didn't impress me much.

🔸STARTERS

🔹Burmese Roll with sweet chilli dip: A bit too oily, they were okay to munch on. They could have done with a bit more filling, though.

🔹Punjabi Paneer Tikka with mint dip: Failed to impress. The paneer was too rubbery in some places, and in others, too charred. The lingering taste was merely of chilli, and nothing else.

🔸MAINS

🔹Prism Special Veggie Lover Pizza🌟: The dish that fared best with me. It was thin crust and had a good amount of cheese. For the price, it may seem a bit costly, but quite worth it, as compared to other dishes.

🔹Spaghetti: Their take of spaghetti aglio olio, with mushrooms and black olive toppings. This was also decent.

🔹Penne Alfredo: This was just regular, nothing good or bad. And this also goes for the accompanying garlic bread.

I didn't find the Indian mains anything great, and needs to be improved a lot.

The dessert was another downer. Chocolate Truffle was all goey and just cream.

From the mocktails section, I chose the safest bet Go Crazy. It was a twist on the oreo shake, with the inclusion of KitKat, but it wasn't great either. Lacked the comfort of a regular oreo shake.

If you are looking for a party place, that has a happening setup, good crowd and amazing ambience, this is your best bet. But for the food, it is better you stick with safe bets such as pizzas and pastas. They would give you the best value for money. The alcohol is also a little pricey, but you wouldn't mind that in a place like this."
REV_05948_C04_A01,REV_05948_C04,REV_05948,Prism Club & Kitchen,3.0,I pretty much had no clue about where I was exactly,,,,,,No Aspect Opinion,descriptive_context,REV_05948_C01_A01,pending,,,,,,,"Factual narrative, procedural action, menu listing, or non-evaluative statement without opinion.",176,227,"Prism is touted to be the owner of a huge club space, and rightly so.

The place is located somewhere in Financial District, after you take a turn from the Lemon Tree hotel. I pretty much had no clue about where I was exactly, and the almost stranded road is of not much help. Until you suddenly see the big lit up sign with the word Prism inscribed on it, though conveniently covered by the bushes around it. Another 100m or so, you reach their parking yard, and finally the enter the premises after it.

A huge velvety door opens into this big sized covered arena (for a lack of better word), that tell you that it can never get overcrowded on the dance floor. The place has high tables next to the dance area, and then some couches on the far side. There is a beautifully lit up staircase, that leads to a more relaxed lounge kind of seating.

And that is just one part of it. They have an outdoor seating, where the projector is put up for the match screening, and doubles up as the smoking zone. Apart from this, they have a pool, which would be apt for a private gathering.

I am no club expert, but their light system is sure one of their USP. The DJ played majorly Bollywood that evening (it was a Wednesday), and did a decent enough job.

While the place is all decked up pretty well, the food on offer didn't impress me much.

🔸STARTERS

🔹Burmese Roll with sweet chilli dip: A bit too oily, they were okay to munch on. They could have done with a bit more filling, though.

🔹Punjabi Paneer Tikka with mint dip: Failed to impress. The paneer was too rubbery in some places, and in others, too charred. The lingering taste was merely of chilli, and nothing else.

🔸MAINS

🔹Prism Special Veggie Lover Pizza🌟: The dish that fared best with me. It was thin crust and had a good amount of cheese. For the price, it may seem a bit costly, but quite worth it, as compared to other dishes.

🔹Spaghetti: Their take of spaghetti aglio olio, with mushrooms and black olive toppings. This was also decent.

🔹Penne Alfredo: This was just regular, nothing good or bad. And this also goes for the accompanying garlic bread.

I didn't find the Indian mains anything great, and needs to be improved a lot.

The dessert was another downer. Chocolate Truffle was all goey and just cream.

From the mocktails section, I chose the safest bet Go Crazy. It was a twist on the oreo shake, with the inclusion of KitKat, but it wasn't great either. Lacked the comfort of a regular oreo shake.

If you are looking for a party place, that has a happening setup, good crowd and amazing ambience, this is your best bet. But for the food, it is better you stick with safe bets such as pizzas and pastas. They would give you the best value for money. The alcohol is also a little pricey, but you wouldn't mind that in a place like this."
REV_05948_C05_A01,REV_05948_C05,REV_05948,Prism Club & Kitchen,3.0,and the almost stranded road is of not much help,,,,,,No Aspect Opinion,descriptive_context,REV_05948_C01_A01,pending,,,,,,,"Factual narrative, procedural action, menu listing, or non-evaluative statement without opinion.",229,277,"Prism is touted to be the owner of a huge club space, and rightly so.

The place is located somewhere in Financial District, after you take a turn from the Lemon Tree hotel. I pretty much had no clue about where I was exactly, and the almost stranded road is of not much help. Until you suddenly see the big lit up sign with the word Prism inscribed on it, though conveniently covered by the bushes around it. Another 100m or so, you reach their parking yard, and finally the enter the premises after it.

A huge velvety door opens into this big sized covered arena (for a lack of better word), that tell you that it can never get overcrowded on the dance floor. The place has high tables next to the dance area, and then some couches on the far side. There is a beautifully lit up staircase, that leads to a more relaxed lounge kind of seating.

And that is just one part of it. They have an outdoor seating, where the projector is put up for the match screening, and doubles up as the smoking zone. Apart from this, they have a pool, which would be apt for a private gathering.

I am no club expert, but their light system is sure one of their USP. The DJ played majorly Bollywood that evening (it was a Wednesday), and did a decent enough job.

While the place is all decked up pretty well, the food on offer didn't impress me much.

🔸STARTERS

🔹Burmese Roll with sweet chilli dip: A bit too oily, they were okay to munch on. They could have done with a bit more filling, though.

🔹Punjabi Paneer Tikka with mint dip: Failed to impress. The paneer was too rubbery in some places, and in others, too charred. The lingering taste was merely of chilli, and nothing else.

🔸MAINS

🔹Prism Special Veggie Lover Pizza🌟: The dish that fared best with me. It was thin crust and had a good amount of cheese. For the price, it may seem a bit costly, but quite worth it, as compared to other dishes.

🔹Spaghetti: Their take of spaghetti aglio olio, with mushrooms and black olive toppings. This was also decent.

🔹Penne Alfredo: This was just regular, nothing good or bad. And this also goes for the accompanying garlic bread.

I didn't find the Indian mains anything great, and needs to be improved a lot.

The dessert was another downer. Chocolate Truffle was all goey and just cream.

From the mocktails section, I chose the safest bet Go Crazy. It was a twist on the oreo shake, with the inclusion of KitKat, but it wasn't great either. Lacked the comfort of a regular oreo shake.

If you are looking for a party place, that has a happening setup, good crowd and amazing ambience, this is your best bet. But for the food, it is better you stick with safe bets such as pizzas and pastas. They would give you the best value for money. The alcohol is also a little pricey, but you wouldn't mind that in a place like this."
REV_05948_C06_A01,REV_05948_C06,REV_05948,Prism Club & Kitchen,3.0,Until you suddenly see the big lit up sign with the word Prism inscribed on it,,,,,,No Aspect Opinion,descriptive_context,REV_05948_C01_A01,pending,,,,,,,"Factual narrative, procedural action, menu listing, or non-evaluative statement without opinion.",279,357,"Prism is touted to be the owner of a huge club space, and rightly so.

The place is located somewhere in Financial District, after you take a turn from the Lemon Tree hotel. I pretty much had no clue about where I was exactly, and the almost stranded road is of not much help. Until you suddenly see the big lit up sign with the word Prism inscribed on it, though conveniently covered by the bushes around it. Another 100m or so, you reach their parking yard, and finally the enter the premises after it.

A huge velvety door opens into this big sized covered arena (for a lack of better word), that tell you that it can never get overcrowded on the dance floor. The place has high tables next to the dance area, and then some couches on the far side. There is a beautifully lit up staircase, that leads to a more relaxed lounge kind of seating.

And that is just one part of it. They have an outdoor seating, where the projector is put up for the match screening, and doubles up as the smoking zone. Apart from this, they have a pool, which would be apt for a private gathering.

I am no club expert, but their light system is sure one of their USP. The DJ played majorly Bollywood that evening (it was a Wednesday), and did a decent enough job.

While the place is all decked up pretty well, the food on offer didn't impress me much.

🔸STARTERS

🔹Burmese Roll with sweet chilli dip: A bit too oily, they were okay to munch on. They could have done with a bit more filling, though.

🔹Punjabi Paneer Tikka with mint dip: Failed to impress. The paneer was too rubbery in some places, and in others, too charred. The lingering taste was merely of chilli, and nothing else.

🔸MAINS

🔹Prism Special Veggie Lover Pizza🌟: The dish that fared best with me. It was thin crust and had a good amount of cheese. For the price, it may seem a bit costly, but quite worth it, as compared to other dishes.

🔹Spaghetti: Their take of spaghetti aglio olio, with mushrooms and black olive toppings. This was also decent.

🔹Penne Alfredo: This was just regular, nothing good or bad. And this also goes for the accompanying garlic bread.

I didn't find the Indian mains anything great, and needs to be improved a lot.

The dessert was another downer. Chocolate Truffle was all goey and just cream.

From the mocktails section, I chose the safest bet Go Crazy. It was a twist on the oreo shake, with the inclusion of KitKat, but it wasn't great either. Lacked the comfort of a regular oreo shake.

If you are looking for a party place, that has a happening setup, good crowd and amazing ambience, this is your best bet. But for the food, it is better you stick with safe bets such as pizzas and pastas. They would give you the best value for money. The alcohol is also a little pricey, but you wouldn't mind that in a place like this."
REV_05948_C07_A01,REV_05948_C07,REV_05948,Prism Club & Kitchen,3.0,though conveniently covered by the bushes around it,,,,,,No Aspect Opinion,descriptive_context,REV_05948_C01_A01,pending,,,,,,,"Factual narrative, procedural action, menu listing, or non-evaluative statement without opinion.",359,410,"Prism is touted to be the owner of a huge club space, and rightly so.

The place is located somewhere in Financial District, after you take a turn from the Lemon Tree hotel. I pretty much had no clue about where I was exactly, and the almost stranded road is of not much help. Until you suddenly see the big lit up sign with the word Prism inscribed on it, though conveniently covered by the bushes around it. Another 100m or so, you reach their parking yard, and finally the enter the premises after it.

A huge velvety door opens into this big sized covered arena (for a lack of better word), that tell you that it can never get overcrowded on the dance floor. The place has high tables next to the dance area, and then some couches on the far side. There is a beautifully lit up staircase, that leads to a more relaxed lounge kind of seating.

And that is just one part of it. They have an outdoor seating, where the projector is put up for the match screening, and doubles up as the smoking zone. Apart from this, they have a pool, which would be apt for a private gathering.

I am no club expert, but their light system is sure one of their USP. The DJ played majorly Bollywood that evening (it was a Wednesday), and did a decent enough job.

While the place is all decked up pretty well, the food on offer didn't impress me much.

🔸STARTERS

🔹Burmese Roll with sweet chilli dip: A bit too oily, they were okay to munch on. They could have done with a bit more filling, though.

🔹Punjabi Paneer Tikka with mint dip: Failed to impress. The paneer was too rubbery in some places, and in others, too charred. The lingering taste was merely of chilli, and nothing else.

🔸MAINS

🔹Prism Special Veggie Lover Pizza🌟: The dish that fared best with me. It was thin crust and had a good amount of cheese. For the price, it may seem a bit costly, but quite worth it, as compared to other dishes.

🔹Spaghetti: Their take of spaghetti aglio olio, with mushrooms and black olive toppings. This was also decent.

🔹Penne Alfredo: This was just regular, nothing good or bad. And this also goes for the accompanying garlic bread.

I didn't find the Indian mains anything great, and needs to be improved a lot.

The dessert was another downer. Chocolate Truffle was all goey and just cream.

From the mocktails section, I chose the safest bet Go Crazy. It was a twist on the oreo shake, with the inclusion of KitKat, but it wasn't great either. Lacked the comfort of a regular oreo shake.

If you are looking for a party place, that has a happening setup, good crowd and amazing ambience, this is your best bet. But for the food, it is better you stick with safe bets such as pizzas and pastas. They would give you the best value for money. The alcohol is also a little pricey, but you wouldn't mind that in a place like this."
REV_05948_C08_A01,REV_05948_C08,REV_05948,Prism Club & Kitchen,3.0,"Another 100m or so, you reach their parking yard",,,,,,No Aspect Opinion,descriptive_context,REV_05948_C01_A01,pending,,,,,,,"Factual narrative, procedural action, menu listing, or non-evaluative statement without opinion.",412,460,"Prism is touted to be the owner of a huge club space, and rightly so.

The place is located somewhere in Financial District, after you take a turn from the Lemon Tree hotel. I pretty much had no clue about where I was exactly, and the almost stranded road is of not much help. Until you suddenly see the big lit up sign with the word Prism inscribed on it, though conveniently covered by the bushes around it. Another 100m or so, you reach their parking yard, and finally the enter the premises after it.

A huge velvety door opens into this big sized covered arena (for a lack of better word), that tell you that it can never get overcrowded on the dance floor. The place has high tables next to the dance area, and then some couches on the far side. There is a beautifully lit up staircase, that leads to a more relaxed lounge kind of seating.

And that is just one part of it. They have an outdoor seating, where the projector is put up for the match screening, and doubles up as the smoking zone. Apart from this, they have a pool, which would be apt for a private gathering.

I am no club expert, but their light system is sure one of their USP. The DJ played majorly Bollywood that evening (it was a Wednesday), and did a decent enough job.

While the place is all decked up pretty well, the food on offer didn't impress me much.

🔸STARTERS

🔹Burmese Roll with sweet chilli dip: A bit too oily, they were okay to munch on. They could have done with a bit more filling, though.

🔹Punjabi Paneer Tikka with mint dip: Failed to impress. The paneer was too rubbery in some places, and in others, too charred. The lingering taste was merely of chilli, and nothing else.

🔸MAINS

🔹Prism Special Veggie Lover Pizza🌟: The dish that fared best with me. It was thin crust and had a good amount of cheese. For the price, it may seem a bit costly, but quite worth it, as compared to other dishes.

🔹Spaghetti: Their take of spaghetti aglio olio, with mushrooms and black olive toppings. This was also decent.

🔹Penne Alfredo: This was just regular, nothing good or bad. And this also goes for the accompanying garlic bread.

I didn't find the Indian mains anything great, and needs to be improved a lot.

The dessert was another downer. Chocolate Truffle was all goey and just cream.

From the mocktails section, I chose the safest bet Go Crazy. It was a twist on the oreo shake, with the inclusion of KitKat, but it wasn't great either. Lacked the comfort of a regular oreo shake.

If you are looking for a party place, that has a happening setup, good crowd and amazing ambience, this is your best bet. But for the food, it is better you stick with safe bets such as pizzas and pastas. They would give you the best value for money. The alcohol is also a little pricey, but you wouldn't mind that in a place like this."
REV_05948_C09_A01,REV_05948_C09,REV_05948,Prism Club & Kitchen,3.0,and finally the enter the premises after it,,,,,,No Aspect Opinion,descriptive_context,REV_05948_C01_A01,pending,,,,,,,"Factual narrative, procedural action, menu listing, or non-evaluative statement without opinion.",462,505,"Prism is touted to be the owner of a huge club space, and rightly so.

The place is located somewhere in Financial District, after you take a turn from the Lemon Tree hotel. I pretty much had no clue about where I was exactly, and the almost stranded road is of not much help. Until you suddenly see the big lit up sign with the word Prism inscribed on it, though conveniently covered by the bushes around it. Another 100m or so, you reach their parking yard, and finally the enter the premises after it.

A huge velvety door opens into this big sized covered arena (for a lack of better word), that tell you that it can never get overcrowded on the dance floor. The place has high tables next to the dance area, and then some couches on the far side. There is a beautifully lit up staircase, that leads to a more relaxed lounge kind of seating.

And that is just one part of it. They have an outdoor seating, where the projector is put up for the match screening, and doubles up as the smoking zone. Apart from this, they have a pool, which would be apt for a private gathering.

I am no club expert, but their light system is sure one of their USP. The DJ played majorly Bollywood that evening (it was a Wednesday), and did a decent enough job.

While the place is all decked up pretty well, the food on offer didn't impress me much.

🔸STARTERS

🔹Burmese Roll with sweet chilli dip: A bit too oily, they were okay to munch on. They could have done with a bit more filling, though.

🔹Punjabi Paneer Tikka with mint dip: Failed to impress. The paneer was too rubbery in some places, and in others, too charred. The lingering taste was merely of chilli, and nothing else.

🔸MAINS

🔹Prism Special Veggie Lover Pizza🌟: The dish that fared best with me. It was thin crust and had a good amount of cheese. For the price, it may seem a bit costly, but quite worth it, as compared to other dishes.

🔹Spaghetti: Their take of spaghetti aglio olio, with mushrooms and black olive toppings. This was also decent.

🔹Penne Alfredo: This was just regular, nothing good or bad. And this also goes for the accompanying garlic bread.

I didn't find the Indian mains anything great, and needs to be improved a lot.

The dessert was another downer. Chocolate Truffle was all goey and just cream.

From the mocktails section, I chose the safest bet Go Crazy. It was a twist on the oreo shake, with the inclusion of KitKat, but it wasn't great either. Lacked the comfort of a regular oreo shake.

If you are looking for a party place, that has a happening setup, good crowd and amazing ambience, this is your best bet. But for the food, it is better you stick with safe bets such as pizzas and pastas. They would give you the best value for money. The alcohol is also a little pricey, but you wouldn't mind that in a place like this."
REV_05948_C10_A01,REV_05948_C10,REV_05948,Prism Club & Kitchen,3.0,"A huge velvety door opens into this big sized covered arena (for a lack of better word), that tell you that it can never get overcrowded on the dance floor",Food,,,Positive,Portion size,Annotated,primary_assertion,,pending,,,,,,,"Culinary evaluation (Positive) on food quality, taste, or portion.",510,665,"Prism is touted to be the owner of a huge club space, and rightly so.

The place is located somewhere in Financial District, after you take a turn from the Lemon Tree hotel. I pretty much had no clue about where I was exactly, and the almost stranded road is of not much help. Until you suddenly see the big lit up sign with the word Prism inscribed on it, though conveniently covered by the bushes around it. Another 100m or so, you reach their parking yard, and finally the enter the premises after it.

A huge velvety door opens into this big sized covered arena (for a lack of better word), that tell you that it can never get overcrowded on the dance floor. The place has high tables next to the dance area, and then some couches on the far side. There is a beautifully lit up staircase, that leads to a more relaxed lounge kind of seating.

And that is just one part of it. They have an outdoor seating, where the projector is put up for the match screening, and doubles up as the smoking zone. Apart from this, they have a pool, which would be apt for a private gathering.

I am no club expert, but their light system is sure one of their USP. The DJ played majorly Bollywood that evening (it was a Wednesday), and did a decent enough job.

While the place is all decked up pretty well, the food on offer didn't impress me much.

🔸STARTERS

🔹Burmese Roll with sweet chilli dip: A bit too oily, they were okay to munch on. They could have done with a bit more filling, though.

🔹Punjabi Paneer Tikka with mint dip: Failed to impress. The paneer was too rubbery in some places, and in others, too charred. The lingering taste was merely of chilli, and nothing else.

🔸MAINS

🔹Prism Special Veggie Lover Pizza🌟: The dish that fared best with me. It was thin crust and had a good amount of cheese. For the price, it may seem a bit costly, but quite worth it, as compared to other dishes.

🔹Spaghetti: Their take of spaghetti aglio olio, with mushrooms and black olive toppings. This was also decent.

🔹Penne Alfredo: This was just regular, nothing good or bad. And this also goes for the accompanying garlic bread.

I didn't find the Indian mains anything great, and needs to be improved a lot.

The dessert was another downer. Chocolate Truffle was all goey and just cream.

From the mocktails section, I chose the safest bet Go Crazy. It was a twist on the oreo shake, with the inclusion of KitKat, but it wasn't great either. Lacked the comfort of a regular oreo shake.

If you are looking for a party place, that has a happening setup, good crowd and amazing ambience, this is your best bet. But for the food, it is better you stick with safe bets such as pizzas and pastas. They would give you the best value for money. The alcohol is also a little pricey, but you wouldn't mind that in a place like this."
REV_05948_C11_A01,REV_05948_C11,REV_05948,Prism Club & Kitchen,3.0,The place has high tables next to the dance area,,,,,,No Aspect Opinion,descriptive_context,REV_05948_C10_A01,pending,,,,,,,"Factual narrative, procedural action, menu listing, or non-evaluative statement without opinion.",667,715,"Prism is touted to be the owner of a huge club space, and rightly so.

The place is located somewhere in Financial District, after you take a turn from the Lemon Tree hotel. I pretty much had no clue about where I was exactly, and the almost stranded road is of not much help. Until you suddenly see the big lit up sign with the word Prism inscribed on it, though conveniently covered by the bushes around it. Another 100m or so, you reach their parking yard, and finally the enter the premises after it.

A huge velvety door opens into this big sized covered arena (for a lack of better word), that tell you that it can never get overcrowded on the dance floor. The place has high tables next to the dance area, and then some couches on the far side. There is a beautifully lit up staircase, that leads to a more relaxed lounge kind of seating.

And that is just one part of it. They have an outdoor seating, where the projector is put up for the match screening, and doubles up as the smoking zone. Apart from this, they have a pool, which would be apt for a private gathering.

I am no club expert, but their light system is sure one of their USP. The DJ played majorly Bollywood that evening (it was a Wednesday), and did a decent enough job.

While the place is all decked up pretty well, the food on offer didn't impress me much.

🔸STARTERS

🔹Burmese Roll with sweet chilli dip: A bit too oily, they were okay to munch on. They could have done with a bit more filling, though.

🔹Punjabi Paneer Tikka with mint dip: Failed to impress. The paneer was too rubbery in some places, and in others, too charred. The lingering taste was merely of chilli, and nothing else.

🔸MAINS

🔹Prism Special Veggie Lover Pizza🌟: The dish that fared best with me. It was thin crust and had a good amount of cheese. For the price, it may seem a bit costly, but quite worth it, as compared to other dishes.

🔹Spaghetti: Their take of spaghetti aglio olio, with mushrooms and black olive toppings. This was also decent.

🔹Penne Alfredo: This was just regular, nothing good or bad. And this also goes for the accompanying garlic bread.

I didn't find the Indian mains anything great, and needs to be improved a lot.

The dessert was another downer. Chocolate Truffle was all goey and just cream.

From the mocktails section, I chose the safest bet Go Crazy. It was a twist on the oreo shake, with the inclusion of KitKat, but it wasn't great either. Lacked the comfort of a regular oreo shake.

If you are looking for a party place, that has a happening setup, good crowd and amazing ambience, this is your best bet. But for the food, it is better you stick with safe bets such as pizzas and pastas. They would give you the best value for money. The alcohol is also a little pricey, but you wouldn't mind that in a place like this."
REV_05948_C12_A01,REV_05948_C12,REV_05948,Prism Club & Kitchen,3.0,and then some couches on the far side,,,,,,No Aspect Opinion,descriptive_context,REV_05948_C10_A01,pending,,,,,,,"Factual narrative, procedural action, menu listing, or non-evaluative statement without opinion.",717,754,"Prism is touted to be the owner of a huge club space, and rightly so.

The place is located somewhere in Financial District, after you take a turn from the Lemon Tree hotel. I pretty much had no clue about where I was exactly, and the almost stranded road is of not much help. Until you suddenly see the big lit up sign with the word Prism inscribed on it, though conveniently covered by the bushes around it. Another 100m or so, you reach their parking yard, and finally the enter the premises after it.

A huge velvety door opens into this big sized covered arena (for a lack of better word), that tell you that it can never get overcrowded on the dance floor. The place has high tables next to the dance area, and then some couches on the far side. There is a beautifully lit up staircase, that leads to a more relaxed lounge kind of seating.

And that is just one part of it. They have an outdoor seating, where the projector is put up for the match screening, and doubles up as the smoking zone. Apart from this, they have a pool, which would be apt for a private gathering.

I am no club expert, but their light system is sure one of their USP. The DJ played majorly Bollywood that evening (it was a Wednesday), and did a decent enough job.

While the place is all decked up pretty well, the food on offer didn't impress me much.

🔸STARTERS

🔹Burmese Roll with sweet chilli dip: A bit too oily, they were okay to munch on. They could have done with a bit more filling, though.

🔹Punjabi Paneer Tikka with mint dip: Failed to impress. The paneer was too rubbery in some places, and in others, too charred. The lingering taste was merely of chilli, and nothing else.

🔸MAINS

🔹Prism Special Veggie Lover Pizza🌟: The dish that fared best with me. It was thin crust and had a good amount of cheese. For the price, it may seem a bit costly, but quite worth it, as compared to other dishes.

🔹Spaghetti: Their take of spaghetti aglio olio, with mushrooms and black olive toppings. This was also decent.

🔹Penne Alfredo: This was just regular, nothing good or bad. And this also goes for the accompanying garlic bread.

I didn't find the Indian mains anything great, and needs to be improved a lot.

The dessert was another downer. Chocolate Truffle was all goey and just cream.

From the mocktails section, I chose the safest bet Go Crazy. It was a twist on the oreo shake, with the inclusion of KitKat, but it wasn't great either. Lacked the comfort of a regular oreo shake.

If you are looking for a party place, that has a happening setup, good crowd and amazing ambience, this is your best bet. But for the food, it is better you stick with safe bets such as pizzas and pastas. They would give you the best value for money. The alcohol is also a little pricey, but you wouldn't mind that in a place like this."
REV_05948_C13_A01,REV_05948_C13,REV_05948,Prism Club & Kitchen,3.0,"There is a beautifully lit up staircase, that leads to a more relaxed lounge kind of seating",,,,,,No Aspect Opinion,descriptive_context,REV_05948_C10_A01,pending,,,,,,,"Factual narrative, procedural action, menu listing, or non-evaluative statement without opinion.",756,848,"Prism is touted to be the owner of a huge club space, and rightly so.

The place is located somewhere in Financial District, after you take a turn from the Lemon Tree hotel. I pretty much had no clue about where I was exactly, and the almost stranded road is of not much help. Until you suddenly see the big lit up sign with the word Prism inscribed on it, though conveniently covered by the bushes around it. Another 100m or so, you reach their parking yard, and finally the enter the premises after it.

A huge velvety door opens into this big sized covered arena (for a lack of better word), that tell you that it can never get overcrowded on the dance floor. The place has high tables next to the dance area, and then some couches on the far side. There is a beautifully lit up staircase, that leads to a more relaxed lounge kind of seating.

And that is just one part of it. They have an outdoor seating, where the projector is put up for the match screening, and doubles up as the smoking zone. Apart from this, they have a pool, which would be apt for a private gathering.

I am no club expert, but their light system is sure one of their USP. The DJ played majorly Bollywood that evening (it was a Wednesday), and did a decent enough job.

While the place is all decked up pretty well, the food on offer didn't impress me much.

🔸STARTERS

🔹Burmese Roll with sweet chilli dip: A bit too oily, they were okay to munch on. They could have done with a bit more filling, though.

🔹Punjabi Paneer Tikka with mint dip: Failed to impress. The paneer was too rubbery in some places, and in others, too charred. The lingering taste was merely of chilli, and nothing else.

🔸MAINS

🔹Prism Special Veggie Lover Pizza🌟: The dish that fared best with me. It was thin crust and had a good amount of cheese. For the price, it may seem a bit costly, but quite worth it, as compared to other dishes.

🔹Spaghetti: Their take of spaghetti aglio olio, with mushrooms and black olive toppings. This was also decent.

🔹Penne Alfredo: This was just regular, nothing good or bad. And this also goes for the accompanying garlic bread.

I didn't find the Indian mains anything great, and needs to be improved a lot.

The dessert was another downer. Chocolate Truffle was all goey and just cream.

From the mocktails section, I chose the safest bet Go Crazy. It was a twist on the oreo shake, with the inclusion of KitKat, but it wasn't great either. Lacked the comfort of a regular oreo shake.

If you are looking for a party place, that has a happening setup, good crowd and amazing ambience, this is your best bet. But for the food, it is better you stick with safe bets such as pizzas and pastas. They would give you the best value for money. The alcohol is also a little pricey, but you wouldn't mind that in a place like this."
REV_05948_C14_A01,REV_05948_C14,REV_05948,Prism Club & Kitchen,3.0,And that is just one part of it,,,,,,No Aspect Opinion,descriptive_context,REV_05948_C10_A01,pending,,,,,,,"Factual narrative, procedural action, menu listing, or non-evaluative statement without opinion.",853,884,"Prism is touted to be the owner of a huge club space, and rightly so.

The place is located somewhere in Financial District, after you take a turn from the Lemon Tree hotel. I pretty much had no clue about where I was exactly, and the almost stranded road is of not much help. Until you suddenly see the big lit up sign with the word Prism inscribed on it, though conveniently covered by the bushes around it. Another 100m or so, you reach their parking yard, and finally the enter the premises after it.

A huge velvety door opens into this big sized covered arena (for a lack of better word), that tell you that it can never get overcrowded on the dance floor. The place has high tables next to the dance area, and then some couches on the far side. There is a beautifully lit up staircase, that leads to a more relaxed lounge kind of seating.

And that is just one part of it. They have an outdoor seating, where the projector is put up for the match screening, and doubles up as the smoking zone. Apart from this, they have a pool, which would be apt for a private gathering.

I am no club expert, but their light system is sure one of their USP. The DJ played majorly Bollywood that evening (it was a Wednesday), and did a decent enough job.

While the place is all decked up pretty well, the food on offer didn't impress me much.

🔸STARTERS

🔹Burmese Roll with sweet chilli dip: A bit too oily, they were okay to munch on. They could have done with a bit more filling, though.

🔹Punjabi Paneer Tikka with mint dip: Failed to impress. The paneer was too rubbery in some places, and in others, too charred. The lingering taste was merely of chilli, and nothing else.

🔸MAINS

🔹Prism Special Veggie Lover Pizza🌟: The dish that fared best with me. It was thin crust and had a good amount of cheese. For the price, it may seem a bit costly, but quite worth it, as compared to other dishes.

🔹Spaghetti: Their take of spaghetti aglio olio, with mushrooms and black olive toppings. This was also decent.

🔹Penne Alfredo: This was just regular, nothing good or bad. And this also goes for the accompanying garlic bread.

I didn't find the Indian mains anything great, and needs to be improved a lot.

The dessert was another downer. Chocolate Truffle was all goey and just cream.

From the mocktails section, I chose the safest bet Go Crazy. It was a twist on the oreo shake, with the inclusion of KitKat, but it wasn't great either. Lacked the comfort of a regular oreo shake.

If you are looking for a party place, that has a happening setup, good crowd and amazing ambience, this is your best bet. But for the food, it is better you stick with safe bets such as pizzas and pastas. They would give you the best value for money. The alcohol is also a little pricey, but you wouldn't mind that in a place like this."
REV_05948_C15_A01,REV_05948_C15,REV_05948,Prism Club & Kitchen,3.0,"They have an outdoor seating, where the projector is put up for the match screening",,,,,,No Aspect Opinion,descriptive_context,REV_05948_C10_A01,pending,,,,,,,"Factual narrative, procedural action, menu listing, or non-evaluative statement without opinion.",886,969,"Prism is touted to be the owner of a huge club space, and rightly so.

The place is located somewhere in Financial District, after you take a turn from the Lemon Tree hotel. I pretty much had no clue about where I was exactly, and the almost stranded road is of not much help. Until you suddenly see the big lit up sign with the word Prism inscribed on it, though conveniently covered by the bushes around it. Another 100m or so, you reach their parking yard, and finally the enter the premises after it.

A huge velvety door opens into this big sized covered arena (for a lack of better word), that tell you that it can never get overcrowded on the dance floor. The place has high tables next to the dance area, and then some couches on the far side. There is a beautifully lit up staircase, that leads to a more relaxed lounge kind of seating.

And that is just one part of it. They have an outdoor seating, where the projector is put up for the match screening, and doubles up as the smoking zone. Apart from this, they have a pool, which would be apt for a private gathering.

I am no club expert, but their light system is sure one of their USP. The DJ played majorly Bollywood that evening (it was a Wednesday), and did a decent enough job.

While the place is all decked up pretty well, the food on offer didn't impress me much.

🔸STARTERS

🔹Burmese Roll with sweet chilli dip: A bit too oily, they were okay to munch on. They could have done with a bit more filling, though.

🔹Punjabi Paneer Tikka with mint dip: Failed to impress. The paneer was too rubbery in some places, and in others, too charred. The lingering taste was merely of chilli, and nothing else.

🔸MAINS

🔹Prism Special Veggie Lover Pizza🌟: The dish that fared best with me. It was thin crust and had a good amount of cheese. For the price, it may seem a bit costly, but quite worth it, as compared to other dishes.

🔹Spaghetti: Their take of spaghetti aglio olio, with mushrooms and black olive toppings. This was also decent.

🔹Penne Alfredo: This was just regular, nothing good or bad. And this also goes for the accompanying garlic bread.

I didn't find the Indian mains anything great, and needs to be improved a lot.

The dessert was another downer. Chocolate Truffle was all goey and just cream.

From the mocktails section, I chose the safest bet Go Crazy. It was a twist on the oreo shake, with the inclusion of KitKat, but it wasn't great either. Lacked the comfort of a regular oreo shake.

If you are looking for a party place, that has a happening setup, good crowd and amazing ambience, this is your best bet. But for the food, it is better you stick with safe bets such as pizzas and pastas. They would give you the best value for money. The alcohol is also a little pricey, but you wouldn't mind that in a place like this."
REV_05948_C16_A01,REV_05948_C16,REV_05948,Prism Club & Kitchen,3.0,and doubles up as the smoking zone,,,,,,No Aspect Opinion,descriptive_context,REV_05948_C10_A01,pending,,,,,,,"Factual narrative, procedural action, menu listing, or non-evaluative statement without opinion.",971,1005,"Prism is touted to be the owner of a huge club space, and rightly so.

The place is located somewhere in Financial District, after you take a turn from the Lemon Tree hotel. I pretty much had no clue about where I was exactly, and the almost stranded road is of not much help. Until you suddenly see the big lit up sign with the word Prism inscribed on it, though conveniently covered by the bushes around it. Another 100m or so, you reach their parking yard, and finally the enter the premises after it.

A huge velvety door opens into this big sized covered arena (for a lack of better word), that tell you that it can never get overcrowded on the dance floor. The place has high tables next to the dance area, and then some couches on the far side. There is a beautifully lit up staircase, that leads to a more relaxed lounge kind of seating.

And that is just one part of it. They have an outdoor seating, where the projector is put up for the match screening, and doubles up as the smoking zone. Apart from this, they have a pool, which would be apt for a private gathering.

I am no club expert, but their light system is sure one of their USP. The DJ played majorly Bollywood that evening (it was a Wednesday), and did a decent enough job.

While the place is all decked up pretty well, the food on offer didn't impress me much.

🔸STARTERS

🔹Burmese Roll with sweet chilli dip: A bit too oily, they were okay to munch on. They could have done with a bit more filling, though.

🔹Punjabi Paneer Tikka with mint dip: Failed to impress. The paneer was too rubbery in some places, and in others, too charred. The lingering taste was merely of chilli, and nothing else.

🔸MAINS

🔹Prism Special Veggie Lover Pizza🌟: The dish that fared best with me. It was thin crust and had a good amount of cheese. For the price, it may seem a bit costly, but quite worth it, as compared to other dishes.

🔹Spaghetti: Their take of spaghetti aglio olio, with mushrooms and black olive toppings. This was also decent.

🔹Penne Alfredo: This was just regular, nothing good or bad. And this also goes for the accompanying garlic bread.

I didn't find the Indian mains anything great, and needs to be improved a lot.

The dessert was another downer. Chocolate Truffle was all goey and just cream.

From the mocktails section, I chose the safest bet Go Crazy. It was a twist on the oreo shake, with the inclusion of KitKat, but it wasn't great either. Lacked the comfort of a regular oreo shake.

If you are looking for a party place, that has a happening setup, good crowd and amazing ambience, this is your best bet. But for the food, it is better you stick with safe bets such as pizzas and pastas. They would give you the best value for money. The alcohol is also a little pricey, but you wouldn't mind that in a place like this."
REV_05948_C17_A01,REV_05948_C17,REV_05948,Prism Club & Kitchen,3.0,"Apart from this, they have a pool, which would be apt for a private gathering",,,,,,No Aspect Opinion,descriptive_context,REV_05948_C10_A01,pending,,,,,,,"Factual narrative, procedural action, menu listing, or non-evaluative statement without opinion.",1007,1084,"Prism is touted to be the owner of a huge club space, and rightly so.

The place is located somewhere in Financial District, after you take a turn from the Lemon Tree hotel. I pretty much had no clue about where I was exactly, and the almost stranded road is of not much help. Until you suddenly see the big lit up sign with the word Prism inscribed on it, though conveniently covered by the bushes around it. Another 100m or so, you reach their parking yard, and finally the enter the premises after it.

A huge velvety door opens into this big sized covered arena (for a lack of better word), that tell you that it can never get overcrowded on the dance floor. The place has high tables next to the dance area, and then some couches on the far side. There is a beautifully lit up staircase, that leads to a more relaxed lounge kind of seating.

And that is just one part of it. They have an outdoor seating, where the projector is put up for the match screening, and doubles up as the smoking zone. Apart from this, they have a pool, which would be apt for a private gathering.

I am no club expert, but their light system is sure one of their USP. The DJ played majorly Bollywood that evening (it was a Wednesday), and did a decent enough job.

While the place is all decked up pretty well, the food on offer didn't impress me much.

🔸STARTERS

🔹Burmese Roll with sweet chilli dip: A bit too oily, they were okay to munch on. They could have done with a bit more filling, though.

🔹Punjabi Paneer Tikka with mint dip: Failed to impress. The paneer was too rubbery in some places, and in others, too charred. The lingering taste was merely of chilli, and nothing else.

🔸MAINS

🔹Prism Special Veggie Lover Pizza🌟: The dish that fared best with me. It was thin crust and had a good amount of cheese. For the price, it may seem a bit costly, but quite worth it, as compared to other dishes.

🔹Spaghetti: Their take of spaghetti aglio olio, with mushrooms and black olive toppings. This was also decent.

🔹Penne Alfredo: This was just regular, nothing good or bad. And this also goes for the accompanying garlic bread.

I didn't find the Indian mains anything great, and needs to be improved a lot.

The dessert was another downer. Chocolate Truffle was all goey and just cream.

From the mocktails section, I chose the safest bet Go Crazy. It was a twist on the oreo shake, with the inclusion of KitKat, but it wasn't great either. Lacked the comfort of a regular oreo shake.

If you are looking for a party place, that has a happening setup, good crowd and amazing ambience, this is your best bet. But for the food, it is better you stick with safe bets such as pizzas and pastas. They would give you the best value for money. The alcohol is also a little pricey, but you wouldn't mind that in a place like this."
REV_05948_C18_A01,REV_05948_C18,REV_05948,Prism Club & Kitchen,3.0,I am no club expert,,,,,,No Aspect Opinion,descriptive_context,REV_05948_C10_A01,pending,,,,,,,"Factual narrative, procedural action, menu listing, or non-evaluative statement without opinion.",1089,1108,"Prism is touted to be the owner of a huge club space, and rightly so.

The place is located somewhere in Financial District, after you take a turn from the Lemon Tree hotel. I pretty much had no clue about where I was exactly, and the almost stranded road is of not much help. Until you suddenly see the big lit up sign with the word Prism inscribed on it, though conveniently covered by the bushes around it. Another 100m or so, you reach their parking yard, and finally the enter the premises after it.

A huge velvety door opens into this big sized covered arena (for a lack of better word), that tell you that it can never get overcrowded on the dance floor. The place has high tables next to the dance area, and then some couches on the far side. There is a beautifully lit up staircase, that leads to a more relaxed lounge kind of seating.

And that is just one part of it. They have an outdoor seating, where the projector is put up for the match screening, and doubles up as the smoking zone. Apart from this, they have a pool, which would be apt for a private gathering.

I am no club expert, but their light system is sure one of their USP. The DJ played majorly Bollywood that evening (it was a Wednesday), and did a decent enough job.

While the place is all decked up pretty well, the food on offer didn't impress me much.

🔸STARTERS

🔹Burmese Roll with sweet chilli dip: A bit too oily, they were okay to munch on. They could have done with a bit more filling, though.

🔹Punjabi Paneer Tikka with mint dip: Failed to impress. The paneer was too rubbery in some places, and in others, too charred. The lingering taste was merely of chilli, and nothing else.

🔸MAINS

🔹Prism Special Veggie Lover Pizza🌟: The dish that fared best with me. It was thin crust and had a good amount of cheese. For the price, it may seem a bit costly, but quite worth it, as compared to other dishes.

🔹Spaghetti: Their take of spaghetti aglio olio, with mushrooms and black olive toppings. This was also decent.

🔹Penne Alfredo: This was just regular, nothing good or bad. And this also goes for the accompanying garlic bread.

I didn't find the Indian mains anything great, and needs to be improved a lot.

The dessert was another downer. Chocolate Truffle was all goey and just cream.

From the mocktails section, I chose the safest bet Go Crazy. It was a twist on the oreo shake, with the inclusion of KitKat, but it wasn't great either. Lacked the comfort of a regular oreo shake.

If you are looking for a party place, that has a happening setup, good crowd and amazing ambience, this is your best bet. But for the food, it is better you stick with safe bets such as pizzas and pastas. They would give you the best value for money. The alcohol is also a little pricey, but you wouldn't mind that in a place like this."
REV_05948_C19_A01,REV_05948_C19,REV_05948,Prism Club & Kitchen,3.0,but their light system is sure one of their USP,,,,,,No Aspect Opinion,descriptive_context,REV_05948_C10_A01,pending,,,,,,,"Factual narrative, procedural action, menu listing, or non-evaluative statement without opinion.",1110,1157,"Prism is touted to be the owner of a huge club space, and rightly so.

The place is located somewhere in Financial District, after you take a turn from the Lemon Tree hotel. I pretty much had no clue about where I was exactly, and the almost stranded road is of not much help. Until you suddenly see the big lit up sign with the word Prism inscribed on it, though conveniently covered by the bushes around it. Another 100m or so, you reach their parking yard, and finally the enter the premises after it.

A huge velvety door opens into this big sized covered arena (for a lack of better word), that tell you that it can never get overcrowded on the dance floor. The place has high tables next to the dance area, and then some couches on the far side. There is a beautifully lit up staircase, that leads to a more relaxed lounge kind of seating.

And that is just one part of it. They have an outdoor seating, where the projector is put up for the match screening, and doubles up as the smoking zone. Apart from this, they have a pool, which would be apt for a private gathering.

I am no club expert, but their light system is sure one of their USP. The DJ played majorly Bollywood that evening (it was a Wednesday), and did a decent enough job.

While the place is all decked up pretty well, the food on offer didn't impress me much.

🔸STARTERS

🔹Burmese Roll with sweet chilli dip: A bit too oily, they were okay to munch on. They could have done with a bit more filling, though.

🔹Punjabi Paneer Tikka with mint dip: Failed to impress. The paneer was too rubbery in some places, and in others, too charred. The lingering taste was merely of chilli, and nothing else.

🔸MAINS

🔹Prism Special Veggie Lover Pizza🌟: The dish that fared best with me. It was thin crust and had a good amount of cheese. For the price, it may seem a bit costly, but quite worth it, as compared to other dishes.

🔹Spaghetti: Their take of spaghetti aglio olio, with mushrooms and black olive toppings. This was also decent.

🔹Penne Alfredo: This was just regular, nothing good or bad. And this also goes for the accompanying garlic bread.

I didn't find the Indian mains anything great, and needs to be improved a lot.

The dessert was another downer. Chocolate Truffle was all goey and just cream.

From the mocktails section, I chose the safest bet Go Crazy. It was a twist on the oreo shake, with the inclusion of KitKat, but it wasn't great either. Lacked the comfort of a regular oreo shake.

If you are looking for a party place, that has a happening setup, good crowd and amazing ambience, this is your best bet. But for the food, it is better you stick with safe bets such as pizzas and pastas. They would give you the best value for money. The alcohol is also a little pricey, but you wouldn't mind that in a place like this."
REV_05948_C20_A01,REV_05948_C20,REV_05948,Prism Club & Kitchen,3.0,The DJ played majorly Bollywood that evening (it was a Wednesday),,,,,,No Aspect Opinion,descriptive_context,REV_05948_C10_A01,pending,,,,,,,"Factual narrative, procedural action, menu listing, or non-evaluative statement without opinion.",1159,1224,"Prism is touted to be the owner of a huge club space, and rightly so.

The place is located somewhere in Financial District, after you take a turn from the Lemon Tree hotel. I pretty much had no clue about where I was exactly, and the almost stranded road is of not much help. Until you suddenly see the big lit up sign with the word Prism inscribed on it, though conveniently covered by the bushes around it. Another 100m or so, you reach their parking yard, and finally the enter the premises after it.

A huge velvety door opens into this big sized covered arena (for a lack of better word), that tell you that it can never get overcrowded on the dance floor. The place has high tables next to the dance area, and then some couches on the far side. There is a beautifully lit up staircase, that leads to a more relaxed lounge kind of seating.

And that is just one part of it. They have an outdoor seating, where the projector is put up for the match screening, and doubles up as the smoking zone. Apart from this, they have a pool, which would be apt for a private gathering.

I am no club expert, but their light system is sure one of their USP. The DJ played majorly Bollywood that evening (it was a Wednesday), and did a decent enough job.

While the place is all decked up pretty well, the food on offer didn't impress me much.

🔸STARTERS

🔹Burmese Roll with sweet chilli dip: A bit too oily, they were okay to munch on. They could have done with a bit more filling, though.

🔹Punjabi Paneer Tikka with mint dip: Failed to impress. The paneer was too rubbery in some places, and in others, too charred. The lingering taste was merely of chilli, and nothing else.

🔸MAINS

🔹Prism Special Veggie Lover Pizza🌟: The dish that fared best with me. It was thin crust and had a good amount of cheese. For the price, it may seem a bit costly, but quite worth it, as compared to other dishes.

🔹Spaghetti: Their take of spaghetti aglio olio, with mushrooms and black olive toppings. This was also decent.

🔹Penne Alfredo: This was just regular, nothing good or bad. And this also goes for the accompanying garlic bread.

I didn't find the Indian mains anything great, and needs to be improved a lot.

The dessert was another downer. Chocolate Truffle was all goey and just cream.

From the mocktails section, I chose the safest bet Go Crazy. It was a twist on the oreo shake, with the inclusion of KitKat, but it wasn't great either. Lacked the comfort of a regular oreo shake.

If you are looking for a party place, that has a happening setup, good crowd and amazing ambience, this is your best bet. But for the food, it is better you stick with safe bets such as pizzas and pastas. They would give you the best value for money. The alcohol is also a little pricey, but you wouldn't mind that in a place like this."
REV_05948_C21_A01,REV_05948_C21,REV_05948,Prism Club & Kitchen,3.0,and did a decent enough job,Food,,decent,Positive,Taste / Flavor,Annotated,primary_assertion,,pending,,,,,,,"Culinary evaluation (Positive) on food quality, taste, or portion.",1226,1253,"Prism is touted to be the owner of a huge club space, and rightly so.

The place is located somewhere in Financial District, after you take a turn from the Lemon Tree hotel. I pretty much had no clue about where I was exactly, and the almost stranded road is of not much help. Until you suddenly see the big lit up sign with the word Prism inscribed on it, though conveniently covered by the bushes around it. Another 100m or so, you reach their parking yard, and finally the enter the premises after it.

A huge velvety door opens into this big sized covered arena (for a lack of better word), that tell you that it can never get overcrowded on the dance floor. The place has high tables next to the dance area, and then some couches on the far side. There is a beautifully lit up staircase, that leads to a more relaxed lounge kind of seating.

And that is just one part of it. They have an outdoor seating, where the projector is put up for the match screening, and doubles up as the smoking zone. Apart from this, they have a pool, which would be apt for a private gathering.

I am no club expert, but their light system is sure one of their USP. The DJ played majorly Bollywood that evening (it was a Wednesday), and did a decent enough job.

While the place is all decked up pretty well, the food on offer didn't impress me much.

🔸STARTERS

🔹Burmese Roll with sweet chilli dip: A bit too oily, they were okay to munch on. They could have done with a bit more filling, though.

🔹Punjabi Paneer Tikka with mint dip: Failed to impress. The paneer was too rubbery in some places, and in others, too charred. The lingering taste was merely of chilli, and nothing else.

🔸MAINS

🔹Prism Special Veggie Lover Pizza🌟: The dish that fared best with me. It was thin crust and had a good amount of cheese. For the price, it may seem a bit costly, but quite worth it, as compared to other dishes.

🔹Spaghetti: Their take of spaghetti aglio olio, with mushrooms and black olive toppings. This was also decent.

🔹Penne Alfredo: This was just regular, nothing good or bad. And this also goes for the accompanying garlic bread.

I didn't find the Indian mains anything great, and needs to be improved a lot.

The dessert was another downer. Chocolate Truffle was all goey and just cream.

From the mocktails section, I chose the safest bet Go Crazy. It was a twist on the oreo shake, with the inclusion of KitKat, but it wasn't great either. Lacked the comfort of a regular oreo shake.

If you are looking for a party place, that has a happening setup, good crowd and amazing ambience, this is your best bet. But for the food, it is better you stick with safe bets such as pizzas and pastas. They would give you the best value for money. The alcohol is also a little pricey, but you wouldn't mind that in a place like this."
REV_05948_C22_A01,REV_05948_C22,REV_05948,Prism Club & Kitchen,3.0,While the place is all decked up pretty well,,,,,,No Aspect Opinion,descriptive_context,REV_05948_C21_A01,pending,,,,,,,"Factual narrative, procedural action, menu listing, or non-evaluative statement without opinion.",1258,1302,"Prism is touted to be the owner of a huge club space, and rightly so.

The place is located somewhere in Financial District, after you take a turn from the Lemon Tree hotel. I pretty much had no clue about where I was exactly, and the almost stranded road is of not much help. Until you suddenly see the big lit up sign with the word Prism inscribed on it, though conveniently covered by the bushes around it. Another 100m or so, you reach their parking yard, and finally the enter the premises after it.

A huge velvety door opens into this big sized covered arena (for a lack of better word), that tell you that it can never get overcrowded on the dance floor. The place has high tables next to the dance area, and then some couches on the far side. There is a beautifully lit up staircase, that leads to a more relaxed lounge kind of seating.

And that is just one part of it. They have an outdoor seating, where the projector is put up for the match screening, and doubles up as the smoking zone. Apart from this, they have a pool, which would be apt for a private gathering.

I am no club expert, but their light system is sure one of their USP. The DJ played majorly Bollywood that evening (it was a Wednesday), and did a decent enough job.

While the place is all decked up pretty well, the food on offer didn't impress me much.

🔸STARTERS

🔹Burmese Roll with sweet chilli dip: A bit too oily, they were okay to munch on. They could have done with a bit more filling, though.

🔹Punjabi Paneer Tikka with mint dip: Failed to impress. The paneer was too rubbery in some places, and in others, too charred. The lingering taste was merely of chilli, and nothing else.

🔸MAINS

🔹Prism Special Veggie Lover Pizza🌟: The dish that fared best with me. It was thin crust and had a good amount of cheese. For the price, it may seem a bit costly, but quite worth it, as compared to other dishes.

🔹Spaghetti: Their take of spaghetti aglio olio, with mushrooms and black olive toppings. This was also decent.

🔹Penne Alfredo: This was just regular, nothing good or bad. And this also goes for the accompanying garlic bread.

I didn't find the Indian mains anything great, and needs to be improved a lot.

The dessert was another downer. Chocolate Truffle was all goey and just cream.

From the mocktails section, I chose the safest bet Go Crazy. It was a twist on the oreo shake, with the inclusion of KitKat, but it wasn't great either. Lacked the comfort of a regular oreo shake.

If you are looking for a party place, that has a happening setup, good crowd and amazing ambience, this is your best bet. But for the food, it is better you stick with safe bets such as pizzas and pastas. They would give you the best value for money. The alcohol is also a little pricey, but you wouldn't mind that in a place like this."
REV_05948_C23_A01,REV_05948_C23,REV_05948,Prism Club & Kitchen,3.0,the food on offer didn't impress me much,,,,,,No Aspect Opinion,descriptive_context,REV_05948_C21_A01,pending,,,,,,,"Factual narrative, procedural action, menu listing, or non-evaluative statement without opinion.",1304,1344,"Prism is touted to be the owner of a huge club space, and rightly so.

The place is located somewhere in Financial District, after you take a turn from the Lemon Tree hotel. I pretty much had no clue about where I was exactly, and the almost stranded road is of not much help. Until you suddenly see the big lit up sign with the word Prism inscribed on it, though conveniently covered by the bushes around it. Another 100m or so, you reach their parking yard, and finally the enter the premises after it.

A huge velvety door opens into this big sized covered arena (for a lack of better word), that tell you that it can never get overcrowded on the dance floor. The place has high tables next to the dance area, and then some couches on the far side. There is a beautifully lit up staircase, that leads to a more relaxed lounge kind of seating.

And that is just one part of it. They have an outdoor seating, where the projector is put up for the match screening, and doubles up as the smoking zone. Apart from this, they have a pool, which would be apt for a private gathering.

I am no club expert, but their light system is sure one of their USP. The DJ played majorly Bollywood that evening (it was a Wednesday), and did a decent enough job.

While the place is all decked up pretty well, the food on offer didn't impress me much.

🔸STARTERS

🔹Burmese Roll with sweet chilli dip: A bit too oily, they were okay to munch on. They could have done with a bit more filling, though.

🔹Punjabi Paneer Tikka with mint dip: Failed to impress. The paneer was too rubbery in some places, and in others, too charred. The lingering taste was merely of chilli, and nothing else.

🔸MAINS

🔹Prism Special Veggie Lover Pizza🌟: The dish that fared best with me. It was thin crust and had a good amount of cheese. For the price, it may seem a bit costly, but quite worth it, as compared to other dishes.

🔹Spaghetti: Their take of spaghetti aglio olio, with mushrooms and black olive toppings. This was also decent.

🔹Penne Alfredo: This was just regular, nothing good or bad. And this also goes for the accompanying garlic bread.

I didn't find the Indian mains anything great, and needs to be improved a lot.

The dessert was another downer. Chocolate Truffle was all goey and just cream.

From the mocktails section, I chose the safest bet Go Crazy. It was a twist on the oreo shake, with the inclusion of KitKat, but it wasn't great either. Lacked the comfort of a regular oreo shake.

If you are looking for a party place, that has a happening setup, good crowd and amazing ambience, this is your best bet. But for the food, it is better you stick with safe bets such as pizzas and pastas. They would give you the best value for money. The alcohol is also a little pricey, but you wouldn't mind that in a place like this."
REV_05948_C24_A01,REV_05948_C24,REV_05948,Prism Club & Kitchen,3.0,🔸STARTERS,,,,,,No Aspect Opinion,descriptive_context,REV_05948_C21_A01,pending,,,,,,,"Factual narrative, procedural action, menu listing, or non-evaluative statement without opinion.",1349,1358,"Prism is touted to be the owner of a huge club space, and rightly so.

The place is located somewhere in Financial District, after you take a turn from the Lemon Tree hotel. I pretty much had no clue about where I was exactly, and the almost stranded road is of not much help. Until you suddenly see the big lit up sign with the word Prism inscribed on it, though conveniently covered by the bushes around it. Another 100m or so, you reach their parking yard, and finally the enter the premises after it.

A huge velvety door opens into this big sized covered arena (for a lack of better word), that tell you that it can never get overcrowded on the dance floor. The place has high tables next to the dance area, and then some couches on the far side. There is a beautifully lit up staircase, that leads to a more relaxed lounge kind of seating.

And that is just one part of it. They have an outdoor seating, where the projector is put up for the match screening, and doubles up as the smoking zone. Apart from this, they have a pool, which would be apt for a private gathering.

I am no club expert, but their light system is sure one of their USP. The DJ played majorly Bollywood that evening (it was a Wednesday), and did a decent enough job.

While the place is all decked up pretty well, the food on offer didn't impress me much.

🔸STARTERS

🔹Burmese Roll with sweet chilli dip: A bit too oily, they were okay to munch on. They could have done with a bit more filling, though.

🔹Punjabi Paneer Tikka with mint dip: Failed to impress. The paneer was too rubbery in some places, and in others, too charred. The lingering taste was merely of chilli, and nothing else.

🔸MAINS

🔹Prism Special Veggie Lover Pizza🌟: The dish that fared best with me. It was thin crust and had a good amount of cheese. For the price, it may seem a bit costly, but quite worth it, as compared to other dishes.

🔹Spaghetti: Their take of spaghetti aglio olio, with mushrooms and black olive toppings. This was also decent.

🔹Penne Alfredo: This was just regular, nothing good or bad. And this also goes for the accompanying garlic bread.

I didn't find the Indian mains anything great, and needs to be improved a lot.

The dessert was another downer. Chocolate Truffle was all goey and just cream.

From the mocktails section, I chose the safest bet Go Crazy. It was a twist on the oreo shake, with the inclusion of KitKat, but it wasn't great either. Lacked the comfort of a regular oreo shake.

If you are looking for a party place, that has a happening setup, good crowd and amazing ambience, this is your best bet. But for the food, it is better you stick with safe bets such as pizzas and pastas. They would give you the best value for money. The alcohol is also a little pricey, but you wouldn't mind that in a place like this."
REV_05948_C25_A01,REV_05948_C25,REV_05948,Prism Club & Kitchen,3.0,"🔹Burmese Roll with sweet chilli dip: A bit too oily, they were okay to munch on",Food,,oily,Negative,Taste / Flavor,Annotated,primary_assertion,,pending,,,,,,,"Culinary evaluation (Negative) on food quality, taste, or portion.",1362,1441,"Prism is touted to be the owner of a huge club space, and rightly so.

The place is located somewhere in Financial District, after you take a turn from the Lemon Tree hotel. I pretty much had no clue about where I was exactly, and the almost stranded road is of not much help. Until you suddenly see the big lit up sign with the word Prism inscribed on it, though conveniently covered by the bushes around it. Another 100m or so, you reach their parking yard, and finally the enter the premises after it.

A huge velvety door opens into this big sized covered arena (for a lack of better word), that tell you that it can never get overcrowded on the dance floor. The place has high tables next to the dance area, and then some couches on the far side. There is a beautifully lit up staircase, that leads to a more relaxed lounge kind of seating.

And that is just one part of it. They have an outdoor seating, where the projector is put up for the match screening, and doubles up as the smoking zone. Apart from this, they have a pool, which would be apt for a private gathering.

I am no club expert, but their light system is sure one of their USP. The DJ played majorly Bollywood that evening (it was a Wednesday), and did a decent enough job.

While the place is all decked up pretty well, the food on offer didn't impress me much.

🔸STARTERS

🔹Burmese Roll with sweet chilli dip: A bit too oily, they were okay to munch on. They could have done with a bit more filling, though.

🔹Punjabi Paneer Tikka with mint dip: Failed to impress. The paneer was too rubbery in some places, and in others, too charred. The lingering taste was merely of chilli, and nothing else.

🔸MAINS

🔹Prism Special Veggie Lover Pizza🌟: The dish that fared best with me. It was thin crust and had a good amount of cheese. For the price, it may seem a bit costly, but quite worth it, as compared to other dishes.

🔹Spaghetti: Their take of spaghetti aglio olio, with mushrooms and black olive toppings. This was also decent.

🔹Penne Alfredo: This was just regular, nothing good or bad. And this also goes for the accompanying garlic bread.

I didn't find the Indian mains anything great, and needs to be improved a lot.

The dessert was another downer. Chocolate Truffle was all goey and just cream.

From the mocktails section, I chose the safest bet Go Crazy. It was a twist on the oreo shake, with the inclusion of KitKat, but it wasn't great either. Lacked the comfort of a regular oreo shake.

If you are looking for a party place, that has a happening setup, good crowd and amazing ambience, this is your best bet. But for the food, it is better you stick with safe bets such as pizzas and pastas. They would give you the best value for money. The alcohol is also a little pricey, but you wouldn't mind that in a place like this."
REV_05948_C26_A01,REV_05948_C26,REV_05948,Prism Club & Kitchen,3.0,They could have done with a bit more filling,Food,,,Positive,Portion size,Annotated,primary_assertion,,pending,,,,,,,"Culinary evaluation (Positive) on food quality, taste, or portion.",1443,1487,"Prism is touted to be the owner of a huge club space, and rightly so.

The place is located somewhere in Financial District, after you take a turn from the Lemon Tree hotel. I pretty much had no clue about where I was exactly, and the almost stranded road is of not much help. Until you suddenly see the big lit up sign with the word Prism inscribed on it, though conveniently covered by the bushes around it. Another 100m or so, you reach their parking yard, and finally the enter the premises after it.

A huge velvety door opens into this big sized covered arena (for a lack of better word), that tell you that it can never get overcrowded on the dance floor. The place has high tables next to the dance area, and then some couches on the far side. There is a beautifully lit up staircase, that leads to a more relaxed lounge kind of seating.

And that is just one part of it. They have an outdoor seating, where the projector is put up for the match screening, and doubles up as the smoking zone. Apart from this, they have a pool, which would be apt for a private gathering.

I am no club expert, but their light system is sure one of their USP. The DJ played majorly Bollywood that evening (it was a Wednesday), and did a decent enough job.

While the place is all decked up pretty well, the food on offer didn't impress me much.

🔸STARTERS

🔹Burmese Roll with sweet chilli dip: A bit too oily, they were okay to munch on. They could have done with a bit more filling, though.

🔹Punjabi Paneer Tikka with mint dip: Failed to impress. The paneer was too rubbery in some places, and in others, too charred. The lingering taste was merely of chilli, and nothing else.

🔸MAINS

🔹Prism Special Veggie Lover Pizza🌟: The dish that fared best with me. It was thin crust and had a good amount of cheese. For the price, it may seem a bit costly, but quite worth it, as compared to other dishes.

🔹Spaghetti: Their take of spaghetti aglio olio, with mushrooms and black olive toppings. This was also decent.

🔹Penne Alfredo: This was just regular, nothing good or bad. And this also goes for the accompanying garlic bread.

I didn't find the Indian mains anything great, and needs to be improved a lot.

The dessert was another downer. Chocolate Truffle was all goey and just cream.

From the mocktails section, I chose the safest bet Go Crazy. It was a twist on the oreo shake, with the inclusion of KitKat, but it wasn't great either. Lacked the comfort of a regular oreo shake.

If you are looking for a party place, that has a happening setup, good crowd and amazing ambience, this is your best bet. But for the food, it is better you stick with safe bets such as pizzas and pastas. They would give you the best value for money. The alcohol is also a little pricey, but you wouldn't mind that in a place like this."
REV_05948_C27_A01,REV_05948_C27,REV_05948,Prism Club & Kitchen,3.0,though,,,,,,No Aspect Opinion,descriptive_context,REV_05948_C26_A01,pending,,,,,,,"Factual narrative, procedural action, menu listing, or non-evaluative statement without opinion.",1489,1495,"Prism is touted to be the owner of a huge club space, and rightly so.

The place is located somewhere in Financial District, after you take a turn from the Lemon Tree hotel. I pretty much had no clue about where I was exactly, and the almost stranded road is of not much help. Until you suddenly see the big lit up sign with the word Prism inscribed on it, though conveniently covered by the bushes around it. Another 100m or so, you reach their parking yard, and finally the enter the premises after it.

A huge velvety door opens into this big sized covered arena (for a lack of better word), that tell you that it can never get overcrowded on the dance floor. The place has high tables next to the dance area, and then some couches on the far side. There is a beautifully lit up staircase, that leads to a more relaxed lounge kind of seating.

And that is just one part of it. They have an outdoor seating, where the projector is put up for the match screening, and doubles up as the smoking zone. Apart from this, they have a pool, which would be apt for a private gathering.

I am no club expert, but their light system is sure one of their USP. The DJ played majorly Bollywood that evening (it was a Wednesday), and did a decent enough job.

While the place is all decked up pretty well, the food on offer didn't impress me much.

🔸STARTERS

🔹Burmese Roll with sweet chilli dip: A bit too oily, they were okay to munch on. They could have done with a bit more filling, though.

🔹Punjabi Paneer Tikka with mint dip: Failed to impress. The paneer was too rubbery in some places, and in others, too charred. The lingering taste was merely of chilli, and nothing else.

🔸MAINS

🔹Prism Special Veggie Lover Pizza🌟: The dish that fared best with me. It was thin crust and had a good amount of cheese. For the price, it may seem a bit costly, but quite worth it, as compared to other dishes.

🔹Spaghetti: Their take of spaghetti aglio olio, with mushrooms and black olive toppings. This was also decent.

🔹Penne Alfredo: This was just regular, nothing good or bad. And this also goes for the accompanying garlic bread.

I didn't find the Indian mains anything great, and needs to be improved a lot.

The dessert was another downer. Chocolate Truffle was all goey and just cream.

From the mocktails section, I chose the safest bet Go Crazy. It was a twist on the oreo shake, with the inclusion of KitKat, but it wasn't great either. Lacked the comfort of a regular oreo shake.

If you are looking for a party place, that has a happening setup, good crowd and amazing ambience, this is your best bet. But for the food, it is better you stick with safe bets such as pizzas and pastas. They would give you the best value for money. The alcohol is also a little pricey, but you wouldn't mind that in a place like this."
REV_05948_C28_A01,REV_05948_C28,REV_05948,Prism Club & Kitchen,3.0,🔹Punjabi Paneer Tikka with mint dip: Failed to impress,,,,,,No Aspect Opinion,descriptive_context,REV_05948_C26_A01,pending,,,,,,,"Factual narrative, procedural action, menu listing, or non-evaluative statement without opinion.",1500,1554,"Prism is touted to be the owner of a huge club space, and rightly so.

The place is located somewhere in Financial District, after you take a turn from the Lemon Tree hotel. I pretty much had no clue about where I was exactly, and the almost stranded road is of not much help. Until you suddenly see the big lit up sign with the word Prism inscribed on it, though conveniently covered by the bushes around it. Another 100m or so, you reach their parking yard, and finally the enter the premises after it.

A huge velvety door opens into this big sized covered arena (for a lack of better word), that tell you that it can never get overcrowded on the dance floor. The place has high tables next to the dance area, and then some couches on the far side. There is a beautifully lit up staircase, that leads to a more relaxed lounge kind of seating.

And that is just one part of it. They have an outdoor seating, where the projector is put up for the match screening, and doubles up as the smoking zone. Apart from this, they have a pool, which would be apt for a private gathering.

I am no club expert, but their light system is sure one of their USP. The DJ played majorly Bollywood that evening (it was a Wednesday), and did a decent enough job.

While the place is all decked up pretty well, the food on offer didn't impress me much.

🔸STARTERS

🔹Burmese Roll with sweet chilli dip: A bit too oily, they were okay to munch on. They could have done with a bit more filling, though.

🔹Punjabi Paneer Tikka with mint dip: Failed to impress. The paneer was too rubbery in some places, and in others, too charred. The lingering taste was merely of chilli, and nothing else.

🔸MAINS

🔹Prism Special Veggie Lover Pizza🌟: The dish that fared best with me. It was thin crust and had a good amount of cheese. For the price, it may seem a bit costly, but quite worth it, as compared to other dishes.

🔹Spaghetti: Their take of spaghetti aglio olio, with mushrooms and black olive toppings. This was also decent.

🔹Penne Alfredo: This was just regular, nothing good or bad. And this also goes for the accompanying garlic bread.

I didn't find the Indian mains anything great, and needs to be improved a lot.

The dessert was another downer. Chocolate Truffle was all goey and just cream.

From the mocktails section, I chose the safest bet Go Crazy. It was a twist on the oreo shake, with the inclusion of KitKat, but it wasn't great either. Lacked the comfort of a regular oreo shake.

If you are looking for a party place, that has a happening setup, good crowd and amazing ambience, this is your best bet. But for the food, it is better you stick with safe bets such as pizzas and pastas. They would give you the best value for money. The alcohol is also a little pricey, but you wouldn't mind that in a place like this."
REV_05948_C29_A01,REV_05948_C29,REV_05948,Prism Club & Kitchen,3.0,The paneer was too rubbery in some places,,,,,,No Aspect Opinion,descriptive_context,REV_05948_C26_A01,pending,,,,,,,"Factual narrative, procedural action, menu listing, or non-evaluative statement without opinion.",1556,1597,"Prism is touted to be the owner of a huge club space, and rightly so.

The place is located somewhere in Financial District, after you take a turn from the Lemon Tree hotel. I pretty much had no clue about where I was exactly, and the almost stranded road is of not much help. Until you suddenly see the big lit up sign with the word Prism inscribed on it, though conveniently covered by the bushes around it. Another 100m or so, you reach their parking yard, and finally the enter the premises after it.

A huge velvety door opens into this big sized covered arena (for a lack of better word), that tell you that it can never get overcrowded on the dance floor. The place has high tables next to the dance area, and then some couches on the far side. There is a beautifully lit up staircase, that leads to a more relaxed lounge kind of seating.

And that is just one part of it. They have an outdoor seating, where the projector is put up for the match screening, and doubles up as the smoking zone. Apart from this, they have a pool, which would be apt for a private gathering.

I am no club expert, but their light system is sure one of their USP. The DJ played majorly Bollywood that evening (it was a Wednesday), and did a decent enough job.

While the place is all decked up pretty well, the food on offer didn't impress me much.

🔸STARTERS

🔹Burmese Roll with sweet chilli dip: A bit too oily, they were okay to munch on. They could have done with a bit more filling, though.

🔹Punjabi Paneer Tikka with mint dip: Failed to impress. The paneer was too rubbery in some places, and in others, too charred. The lingering taste was merely of chilli, and nothing else.

🔸MAINS

🔹Prism Special Veggie Lover Pizza🌟: The dish that fared best with me. It was thin crust and had a good amount of cheese. For the price, it may seem a bit costly, but quite worth it, as compared to other dishes.

🔹Spaghetti: Their take of spaghetti aglio olio, with mushrooms and black olive toppings. This was also decent.

🔹Penne Alfredo: This was just regular, nothing good or bad. And this also goes for the accompanying garlic bread.

I didn't find the Indian mains anything great, and needs to be improved a lot.

The dessert was another downer. Chocolate Truffle was all goey and just cream.

From the mocktails section, I chose the safest bet Go Crazy. It was a twist on the oreo shake, with the inclusion of KitKat, but it wasn't great either. Lacked the comfort of a regular oreo shake.

If you are looking for a party place, that has a happening setup, good crowd and amazing ambience, this is your best bet. But for the food, it is better you stick with safe bets such as pizzas and pastas. They would give you the best value for money. The alcohol is also a little pricey, but you wouldn't mind that in a place like this."
REV_05948_C30_A01,REV_05948_C30,REV_05948,Prism Club & Kitchen,3.0,"and in others, too charred",,,,,,No Aspect Opinion,descriptive_context,REV_05948_C26_A01,pending,,,,,,,"Factual narrative, procedural action, menu listing, or non-evaluative statement without opinion.",1599,1625,"Prism is touted to be the owner of a huge club space, and rightly so.

The place is located somewhere in Financial District, after you take a turn from the Lemon Tree hotel. I pretty much had no clue about where I was exactly, and the almost stranded road is of not much help. Until you suddenly see the big lit up sign with the word Prism inscribed on it, though conveniently covered by the bushes around it. Another 100m or so, you reach their parking yard, and finally the enter the premises after it.

A huge velvety door opens into this big sized covered arena (for a lack of better word), that tell you that it can never get overcrowded on the dance floor. The place has high tables next to the dance area, and then some couches on the far side. There is a beautifully lit up staircase, that leads to a more relaxed lounge kind of seating.

And that is just one part of it. They have an outdoor seating, where the projector is put up for the match screening, and doubles up as the smoking zone. Apart from this, they have a pool, which would be apt for a private gathering.

I am no club expert, but their light system is sure one of their USP. The DJ played majorly Bollywood that evening (it was a Wednesday), and did a decent enough job.

While the place is all decked up pretty well, the food on offer didn't impress me much.

🔸STARTERS

🔹Burmese Roll with sweet chilli dip: A bit too oily, they were okay to munch on. They could have done with a bit more filling, though.

🔹Punjabi Paneer Tikka with mint dip: Failed to impress. The paneer was too rubbery in some places, and in others, too charred. The lingering taste was merely of chilli, and nothing else.

🔸MAINS

🔹Prism Special Veggie Lover Pizza🌟: The dish that fared best with me. It was thin crust and had a good amount of cheese. For the price, it may seem a bit costly, but quite worth it, as compared to other dishes.

🔹Spaghetti: Their take of spaghetti aglio olio, with mushrooms and black olive toppings. This was also decent.

🔹Penne Alfredo: This was just regular, nothing good or bad. And this also goes for the accompanying garlic bread.

I didn't find the Indian mains anything great, and needs to be improved a lot.

The dessert was another downer. Chocolate Truffle was all goey and just cream.

From the mocktails section, I chose the safest bet Go Crazy. It was a twist on the oreo shake, with the inclusion of KitKat, but it wasn't great either. Lacked the comfort of a regular oreo shake.

If you are looking for a party place, that has a happening setup, good crowd and amazing ambience, this is your best bet. But for the food, it is better you stick with safe bets such as pizzas and pastas. They would give you the best value for money. The alcohol is also a little pricey, but you wouldn't mind that in a place like this."
REV_05948_C31_A01,REV_05948_C31,REV_05948,Prism Club & Kitchen,3.0,The lingering taste was merely of chilli,,,,,,No Aspect Opinion,descriptive_context,REV_05948_C26_A01,pending,,,,,,,"Factual narrative, procedural action, menu listing, or non-evaluative statement without opinion.",1627,1667,"Prism is touted to be the owner of a huge club space, and rightly so.

The place is located somewhere in Financial District, after you take a turn from the Lemon Tree hotel. I pretty much had no clue about where I was exactly, and the almost stranded road is of not much help. Until you suddenly see the big lit up sign with the word Prism inscribed on it, though conveniently covered by the bushes around it. Another 100m or so, you reach their parking yard, and finally the enter the premises after it.

A huge velvety door opens into this big sized covered arena (for a lack of better word), that tell you that it can never get overcrowded on the dance floor. The place has high tables next to the dance area, and then some couches on the far side. There is a beautifully lit up staircase, that leads to a more relaxed lounge kind of seating.

And that is just one part of it. They have an outdoor seating, where the projector is put up for the match screening, and doubles up as the smoking zone. Apart from this, they have a pool, which would be apt for a private gathering.

I am no club expert, but their light system is sure one of their USP. The DJ played majorly Bollywood that evening (it was a Wednesday), and did a decent enough job.

While the place is all decked up pretty well, the food on offer didn't impress me much.

🔸STARTERS

🔹Burmese Roll with sweet chilli dip: A bit too oily, they were okay to munch on. They could have done with a bit more filling, though.

🔹Punjabi Paneer Tikka with mint dip: Failed to impress. The paneer was too rubbery in some places, and in others, too charred. The lingering taste was merely of chilli, and nothing else.

🔸MAINS

🔹Prism Special Veggie Lover Pizza🌟: The dish that fared best with me. It was thin crust and had a good amount of cheese. For the price, it may seem a bit costly, but quite worth it, as compared to other dishes.

🔹Spaghetti: Their take of spaghetti aglio olio, with mushrooms and black olive toppings. This was also decent.

🔹Penne Alfredo: This was just regular, nothing good or bad. And this also goes for the accompanying garlic bread.

I didn't find the Indian mains anything great, and needs to be improved a lot.

The dessert was another downer. Chocolate Truffle was all goey and just cream.

From the mocktails section, I chose the safest bet Go Crazy. It was a twist on the oreo shake, with the inclusion of KitKat, but it wasn't great either. Lacked the comfort of a regular oreo shake.

If you are looking for a party place, that has a happening setup, good crowd and amazing ambience, this is your best bet. But for the food, it is better you stick with safe bets such as pizzas and pastas. They would give you the best value for money. The alcohol is also a little pricey, but you wouldn't mind that in a place like this."
REV_05948_C32_A01,REV_05948_C32,REV_05948,Prism Club & Kitchen,3.0,and nothing else,,,,,,No Aspect Opinion,descriptive_context,REV_05948_C26_A01,pending,,,,,,,"Factual narrative, procedural action, menu listing, or non-evaluative statement without opinion.",1669,1685,"Prism is touted to be the owner of a huge club space, and rightly so.

The place is located somewhere in Financial District, after you take a turn from the Lemon Tree hotel. I pretty much had no clue about where I was exactly, and the almost stranded road is of not much help. Until you suddenly see the big lit up sign with the word Prism inscribed on it, though conveniently covered by the bushes around it. Another 100m or so, you reach their parking yard, and finally the enter the premises after it.

A huge velvety door opens into this big sized covered arena (for a lack of better word), that tell you that it can never get overcrowded on the dance floor. The place has high tables next to the dance area, and then some couches on the far side. There is a beautifully lit up staircase, that leads to a more relaxed lounge kind of seating.

And that is just one part of it. They have an outdoor seating, where the projector is put up for the match screening, and doubles up as the smoking zone. Apart from this, they have a pool, which would be apt for a private gathering.

I am no club expert, but their light system is sure one of their USP. The DJ played majorly Bollywood that evening (it was a Wednesday), and did a decent enough job.

While the place is all decked up pretty well, the food on offer didn't impress me much.

🔸STARTERS

🔹Burmese Roll with sweet chilli dip: A bit too oily, they were okay to munch on. They could have done with a bit more filling, though.

🔹Punjabi Paneer Tikka with mint dip: Failed to impress. The paneer was too rubbery in some places, and in others, too charred. The lingering taste was merely of chilli, and nothing else.

🔸MAINS

🔹Prism Special Veggie Lover Pizza🌟: The dish that fared best with me. It was thin crust and had a good amount of cheese. For the price, it may seem a bit costly, but quite worth it, as compared to other dishes.

🔹Spaghetti: Their take of spaghetti aglio olio, with mushrooms and black olive toppings. This was also decent.

🔹Penne Alfredo: This was just regular, nothing good or bad. And this also goes for the accompanying garlic bread.

I didn't find the Indian mains anything great, and needs to be improved a lot.

The dessert was another downer. Chocolate Truffle was all goey and just cream.

From the mocktails section, I chose the safest bet Go Crazy. It was a twist on the oreo shake, with the inclusion of KitKat, but it wasn't great either. Lacked the comfort of a regular oreo shake.

If you are looking for a party place, that has a happening setup, good crowd and amazing ambience, this is your best bet. But for the food, it is better you stick with safe bets such as pizzas and pastas. They would give you the best value for money. The alcohol is also a little pricey, but you wouldn't mind that in a place like this."
REV_05948_C33_A01,REV_05948_C33,REV_05948,Prism Club & Kitchen,3.0,🔸MAINS,,,,,,No Aspect Opinion,descriptive_context,REV_05948_C26_A01,pending,,,,,,,"Factual narrative, procedural action, menu listing, or non-evaluative statement without opinion.",1690,1696,"Prism is touted to be the owner of a huge club space, and rightly so.

The place is located somewhere in Financial District, after you take a turn from the Lemon Tree hotel. I pretty much had no clue about where I was exactly, and the almost stranded road is of not much help. Until you suddenly see the big lit up sign with the word Prism inscribed on it, though conveniently covered by the bushes around it. Another 100m or so, you reach their parking yard, and finally the enter the premises after it.

A huge velvety door opens into this big sized covered arena (for a lack of better word), that tell you that it can never get overcrowded on the dance floor. The place has high tables next to the dance area, and then some couches on the far side. There is a beautifully lit up staircase, that leads to a more relaxed lounge kind of seating.

And that is just one part of it. They have an outdoor seating, where the projector is put up for the match screening, and doubles up as the smoking zone. Apart from this, they have a pool, which would be apt for a private gathering.

I am no club expert, but their light system is sure one of their USP. The DJ played majorly Bollywood that evening (it was a Wednesday), and did a decent enough job.

While the place is all decked up pretty well, the food on offer didn't impress me much.

🔸STARTERS

🔹Burmese Roll with sweet chilli dip: A bit too oily, they were okay to munch on. They could have done with a bit more filling, though.

🔹Punjabi Paneer Tikka with mint dip: Failed to impress. The paneer was too rubbery in some places, and in others, too charred. The lingering taste was merely of chilli, and nothing else.

🔸MAINS

🔹Prism Special Veggie Lover Pizza🌟: The dish that fared best with me. It was thin crust and had a good amount of cheese. For the price, it may seem a bit costly, but quite worth it, as compared to other dishes.

🔹Spaghetti: Their take of spaghetti aglio olio, with mushrooms and black olive toppings. This was also decent.

🔹Penne Alfredo: This was just regular, nothing good or bad. And this also goes for the accompanying garlic bread.

I didn't find the Indian mains anything great, and needs to be improved a lot.

The dessert was another downer. Chocolate Truffle was all goey and just cream.

From the mocktails section, I chose the safest bet Go Crazy. It was a twist on the oreo shake, with the inclusion of KitKat, but it wasn't great either. Lacked the comfort of a regular oreo shake.

If you are looking for a party place, that has a happening setup, good crowd and amazing ambience, this is your best bet. But for the food, it is better you stick with safe bets such as pizzas and pastas. They would give you the best value for money. The alcohol is also a little pricey, but you wouldn't mind that in a place like this."
REV_05948_C34_A01,REV_05948_C34,REV_05948,Prism Club & Kitchen,3.0,🔹Prism Special Veggie Lover Pizza🌟: The dish that fared best with me,Food,Pizza,fared best with me,Positive,Taste / Flavor,Annotated,primary_assertion,,pending,,,,,,,"Culinary evaluation (Positive) on food quality, taste, or portion.",1700,1768,"Prism is touted to be the owner of a huge club space, and rightly so.

The place is located somewhere in Financial District, after you take a turn from the Lemon Tree hotel. I pretty much had no clue about where I was exactly, and the almost stranded road is of not much help. Until you suddenly see the big lit up sign with the word Prism inscribed on it, though conveniently covered by the bushes around it. Another 100m or so, you reach their parking yard, and finally the enter the premises after it.

A huge velvety door opens into this big sized covered arena (for a lack of better word), that tell you that it can never get overcrowded on the dance floor. The place has high tables next to the dance area, and then some couches on the far side. There is a beautifully lit up staircase, that leads to a more relaxed lounge kind of seating.

And that is just one part of it. They have an outdoor seating, where the projector is put up for the match screening, and doubles up as the smoking zone. Apart from this, they have a pool, which would be apt for a private gathering.

I am no club expert, but their light system is sure one of their USP. The DJ played majorly Bollywood that evening (it was a Wednesday), and did a decent enough job.

While the place is all decked up pretty well, the food on offer didn't impress me much.

🔸STARTERS

🔹Burmese Roll with sweet chilli dip: A bit too oily, they were okay to munch on. They could have done with a bit more filling, though.

🔹Punjabi Paneer Tikka with mint dip: Failed to impress. The paneer was too rubbery in some places, and in others, too charred. The lingering taste was merely of chilli, and nothing else.

🔸MAINS

🔹Prism Special Veggie Lover Pizza🌟: The dish that fared best with me. It was thin crust and had a good amount of cheese. For the price, it may seem a bit costly, but quite worth it, as compared to other dishes.

🔹Spaghetti: Their take of spaghetti aglio olio, with mushrooms and black olive toppings. This was also decent.

🔹Penne Alfredo: This was just regular, nothing good or bad. And this also goes for the accompanying garlic bread.

I didn't find the Indian mains anything great, and needs to be improved a lot.

The dessert was another downer. Chocolate Truffle was all goey and just cream.

From the mocktails section, I chose the safest bet Go Crazy. It was a twist on the oreo shake, with the inclusion of KitKat, but it wasn't great either. Lacked the comfort of a regular oreo shake.

If you are looking for a party place, that has a happening setup, good crowd and amazing ambience, this is your best bet. But for the food, it is better you stick with safe bets such as pizzas and pastas. They would give you the best value for money. The alcohol is also a little pricey, but you wouldn't mind that in a place like this."
REV_05948_C35_A01,REV_05948_C35,REV_05948,Prism Club & Kitchen,3.0,It was thin crust and had a good amount of cheese,Food,,good amount of cheese,Positive,Taste / Flavor,Annotated,primary_assertion,,pending,,,,,,,"Culinary evaluation (Positive) on food quality, taste, or portion.",1770,1819,"Prism is touted to be the owner of a huge club space, and rightly so.

The place is located somewhere in Financial District, after you take a turn from the Lemon Tree hotel. I pretty much had no clue about where I was exactly, and the almost stranded road is of not much help. Until you suddenly see the big lit up sign with the word Prism inscribed on it, though conveniently covered by the bushes around it. Another 100m or so, you reach their parking yard, and finally the enter the premises after it.

A huge velvety door opens into this big sized covered arena (for a lack of better word), that tell you that it can never get overcrowded on the dance floor. The place has high tables next to the dance area, and then some couches on the far side. There is a beautifully lit up staircase, that leads to a more relaxed lounge kind of seating.

And that is just one part of it. They have an outdoor seating, where the projector is put up for the match screening, and doubles up as the smoking zone. Apart from this, they have a pool, which would be apt for a private gathering.

I am no club expert, but their light system is sure one of their USP. The DJ played majorly Bollywood that evening (it was a Wednesday), and did a decent enough job.

While the place is all decked up pretty well, the food on offer didn't impress me much.

🔸STARTERS

🔹Burmese Roll with sweet chilli dip: A bit too oily, they were okay to munch on. They could have done with a bit more filling, though.

🔹Punjabi Paneer Tikka with mint dip: Failed to impress. The paneer was too rubbery in some places, and in others, too charred. The lingering taste was merely of chilli, and nothing else.

🔸MAINS

🔹Prism Special Veggie Lover Pizza🌟: The dish that fared best with me. It was thin crust and had a good amount of cheese. For the price, it may seem a bit costly, but quite worth it, as compared to other dishes.

🔹Spaghetti: Their take of spaghetti aglio olio, with mushrooms and black olive toppings. This was also decent.

🔹Penne Alfredo: This was just regular, nothing good or bad. And this also goes for the accompanying garlic bread.

I didn't find the Indian mains anything great, and needs to be improved a lot.

The dessert was another downer. Chocolate Truffle was all goey and just cream.

From the mocktails section, I chose the safest bet Go Crazy. It was a twist on the oreo shake, with the inclusion of KitKat, but it wasn't great either. Lacked the comfort of a regular oreo shake.

If you are looking for a party place, that has a happening setup, good crowd and amazing ambience, this is your best bet. But for the food, it is better you stick with safe bets such as pizzas and pastas. They would give you the best value for money. The alcohol is also a little pricey, but you wouldn't mind that in a place like this."
REV_05948_C36_A01,REV_05948_C36,REV_05948,Prism Club & Kitchen,3.0,"For the price, it may seem a bit costly",Price / Value,price,costly,Negative,Pricing / Overpriced,Annotated,primary_assertion,,pending,,,,,,,Pricing / financial evaluation (Negative).,1821,1860,"Prism is touted to be the owner of a huge club space, and rightly so.

The place is located somewhere in Financial District, after you take a turn from the Lemon Tree hotel. I pretty much had no clue about where I was exactly, and the almost stranded road is of not much help. Until you suddenly see the big lit up sign with the word Prism inscribed on it, though conveniently covered by the bushes around it. Another 100m or so, you reach their parking yard, and finally the enter the premises after it.

A huge velvety door opens into this big sized covered arena (for a lack of better word), that tell you that it can never get overcrowded on the dance floor. The place has high tables next to the dance area, and then some couches on the far side. There is a beautifully lit up staircase, that leads to a more relaxed lounge kind of seating.

And that is just one part of it. They have an outdoor seating, where the projector is put up for the match screening, and doubles up as the smoking zone. Apart from this, they have a pool, which would be apt for a private gathering.

I am no club expert, but their light system is sure one of their USP. The DJ played majorly Bollywood that evening (it was a Wednesday), and did a decent enough job.

While the place is all decked up pretty well, the food on offer didn't impress me much.

🔸STARTERS

🔹Burmese Roll with sweet chilli dip: A bit too oily, they were okay to munch on. They could have done with a bit more filling, though.

🔹Punjabi Paneer Tikka with mint dip: Failed to impress. The paneer was too rubbery in some places, and in others, too charred. The lingering taste was merely of chilli, and nothing else.

🔸MAINS

🔹Prism Special Veggie Lover Pizza🌟: The dish that fared best with me. It was thin crust and had a good amount of cheese. For the price, it may seem a bit costly, but quite worth it, as compared to other dishes.

🔹Spaghetti: Their take of spaghetti aglio olio, with mushrooms and black olive toppings. This was also decent.

🔹Penne Alfredo: This was just regular, nothing good or bad. And this also goes for the accompanying garlic bread.

I didn't find the Indian mains anything great, and needs to be improved a lot.

The dessert was another downer. Chocolate Truffle was all goey and just cream.

From the mocktails section, I chose the safest bet Go Crazy. It was a twist on the oreo shake, with the inclusion of KitKat, but it wasn't great either. Lacked the comfort of a regular oreo shake.

If you are looking for a party place, that has a happening setup, good crowd and amazing ambience, this is your best bet. But for the food, it is better you stick with safe bets such as pizzas and pastas. They would give you the best value for money. The alcohol is also a little pricey, but you wouldn't mind that in a place like this."
REV_05948_C37_A01,REV_05948_C37,REV_05948,Prism Club & Kitchen,3.0,"but quite worth it, as compared to other dishes",Price / Value,,quite worth it,Positive,Value for money,Annotated,primary_assertion,,pending,,,,,,,Pricing / financial evaluation (Positive).,1862,1909,"Prism is touted to be the owner of a huge club space, and rightly so.

The place is located somewhere in Financial District, after you take a turn from the Lemon Tree hotel. I pretty much had no clue about where I was exactly, and the almost stranded road is of not much help. Until you suddenly see the big lit up sign with the word Prism inscribed on it, though conveniently covered by the bushes around it. Another 100m or so, you reach their parking yard, and finally the enter the premises after it.

A huge velvety door opens into this big sized covered arena (for a lack of better word), that tell you that it can never get overcrowded on the dance floor. The place has high tables next to the dance area, and then some couches on the far side. There is a beautifully lit up staircase, that leads to a more relaxed lounge kind of seating.

And that is just one part of it. They have an outdoor seating, where the projector is put up for the match screening, and doubles up as the smoking zone. Apart from this, they have a pool, which would be apt for a private gathering.

I am no club expert, but their light system is sure one of their USP. The DJ played majorly Bollywood that evening (it was a Wednesday), and did a decent enough job.

While the place is all decked up pretty well, the food on offer didn't impress me much.

🔸STARTERS

🔹Burmese Roll with sweet chilli dip: A bit too oily, they were okay to munch on. They could have done with a bit more filling, though.

🔹Punjabi Paneer Tikka with mint dip: Failed to impress. The paneer was too rubbery in some places, and in others, too charred. The lingering taste was merely of chilli, and nothing else.

🔸MAINS

🔹Prism Special Veggie Lover Pizza🌟: The dish that fared best with me. It was thin crust and had a good amount of cheese. For the price, it may seem a bit costly, but quite worth it, as compared to other dishes.

🔹Spaghetti: Their take of spaghetti aglio olio, with mushrooms and black olive toppings. This was also decent.

🔹Penne Alfredo: This was just regular, nothing good or bad. And this also goes for the accompanying garlic bread.

I didn't find the Indian mains anything great, and needs to be improved a lot.

The dessert was another downer. Chocolate Truffle was all goey and just cream.

From the mocktails section, I chose the safest bet Go Crazy. It was a twist on the oreo shake, with the inclusion of KitKat, but it wasn't great either. Lacked the comfort of a regular oreo shake.

If you are looking for a party place, that has a happening setup, good crowd and amazing ambience, this is your best bet. But for the food, it is better you stick with safe bets such as pizzas and pastas. They would give you the best value for money. The alcohol is also a little pricey, but you wouldn't mind that in a place like this."
REV_05948_C38_A01,REV_05948_C38,REV_05948,Prism Club & Kitchen,3.0,"🔹Spaghetti: Their take of spaghetti aglio olio, with mushrooms and black olive toppings",,,,,,No Aspect Opinion,descriptive_context,REV_05948_C37_A01,pending,,,,,,,"Factual narrative, procedural action, menu listing, or non-evaluative statement without opinion.",1914,2001,"Prism is touted to be the owner of a huge club space, and rightly so.

The place is located somewhere in Financial District, after you take a turn from the Lemon Tree hotel. I pretty much had no clue about where I was exactly, and the almost stranded road is of not much help. Until you suddenly see the big lit up sign with the word Prism inscribed on it, though conveniently covered by the bushes around it. Another 100m or so, you reach their parking yard, and finally the enter the premises after it.

A huge velvety door opens into this big sized covered arena (for a lack of better word), that tell you that it can never get overcrowded on the dance floor. The place has high tables next to the dance area, and then some couches on the far side. There is a beautifully lit up staircase, that leads to a more relaxed lounge kind of seating.

And that is just one part of it. They have an outdoor seating, where the projector is put up for the match screening, and doubles up as the smoking zone. Apart from this, they have a pool, which would be apt for a private gathering.

I am no club expert, but their light system is sure one of their USP. The DJ played majorly Bollywood that evening (it was a Wednesday), and did a decent enough job.

While the place is all decked up pretty well, the food on offer didn't impress me much.

🔸STARTERS

🔹Burmese Roll with sweet chilli dip: A bit too oily, they were okay to munch on. They could have done with a bit more filling, though.

🔹Punjabi Paneer Tikka with mint dip: Failed to impress. The paneer was too rubbery in some places, and in others, too charred. The lingering taste was merely of chilli, and nothing else.

🔸MAINS

🔹Prism Special Veggie Lover Pizza🌟: The dish that fared best with me. It was thin crust and had a good amount of cheese. For the price, it may seem a bit costly, but quite worth it, as compared to other dishes.

🔹Spaghetti: Their take of spaghetti aglio olio, with mushrooms and black olive toppings. This was also decent.

🔹Penne Alfredo: This was just regular, nothing good or bad. And this also goes for the accompanying garlic bread.

I didn't find the Indian mains anything great, and needs to be improved a lot.

The dessert was another downer. Chocolate Truffle was all goey and just cream.

From the mocktails section, I chose the safest bet Go Crazy. It was a twist on the oreo shake, with the inclusion of KitKat, but it wasn't great either. Lacked the comfort of a regular oreo shake.

If you are looking for a party place, that has a happening setup, good crowd and amazing ambience, this is your best bet. But for the food, it is better you stick with safe bets such as pizzas and pastas. They would give you the best value for money. The alcohol is also a little pricey, but you wouldn't mind that in a place like this."
REV_05948_C39_A01,REV_05948_C39,REV_05948,Prism Club & Kitchen,3.0,This was also decent,Food,,decent,Positive,Taste / Flavor,Annotated,primary_assertion,,pending,,,,,,,"Culinary evaluation (Positive) on food quality, taste, or portion.",2003,2023,"Prism is touted to be the owner of a huge club space, and rightly so.

The place is located somewhere in Financial District, after you take a turn from the Lemon Tree hotel. I pretty much had no clue about where I was exactly, and the almost stranded road is of not much help. Until you suddenly see the big lit up sign with the word Prism inscribed on it, though conveniently covered by the bushes around it. Another 100m or so, you reach their parking yard, and finally the enter the premises after it.

A huge velvety door opens into this big sized covered arena (for a lack of better word), that tell you that it can never get overcrowded on the dance floor. The place has high tables next to the dance area, and then some couches on the far side. There is a beautifully lit up staircase, that leads to a more relaxed lounge kind of seating.

And that is just one part of it. They have an outdoor seating, where the projector is put up for the match screening, and doubles up as the smoking zone. Apart from this, they have a pool, which would be apt for a private gathering.

I am no club expert, but their light system is sure one of their USP. The DJ played majorly Bollywood that evening (it was a Wednesday), and did a decent enough job.

While the place is all decked up pretty well, the food on offer didn't impress me much.

🔸STARTERS

🔹Burmese Roll with sweet chilli dip: A bit too oily, they were okay to munch on. They could have done with a bit more filling, though.

🔹Punjabi Paneer Tikka with mint dip: Failed to impress. The paneer was too rubbery in some places, and in others, too charred. The lingering taste was merely of chilli, and nothing else.

🔸MAINS

🔹Prism Special Veggie Lover Pizza🌟: The dish that fared best with me. It was thin crust and had a good amount of cheese. For the price, it may seem a bit costly, but quite worth it, as compared to other dishes.

🔹Spaghetti: Their take of spaghetti aglio olio, with mushrooms and black olive toppings. This was also decent.

🔹Penne Alfredo: This was just regular, nothing good or bad. And this also goes for the accompanying garlic bread.

I didn't find the Indian mains anything great, and needs to be improved a lot.

The dessert was another downer. Chocolate Truffle was all goey and just cream.

From the mocktails section, I chose the safest bet Go Crazy. It was a twist on the oreo shake, with the inclusion of KitKat, but it wasn't great either. Lacked the comfort of a regular oreo shake.

If you are looking for a party place, that has a happening setup, good crowd and amazing ambience, this is your best bet. But for the food, it is better you stick with safe bets such as pizzas and pastas. They would give you the best value for money. The alcohol is also a little pricey, but you wouldn't mind that in a place like this."
REV_05948_C40_A01,REV_05948_C40,REV_05948,Prism Club & Kitchen,3.0,"🔹Penne Alfredo: This was just regular, nothing good or bad",Food,Penne,good,Negative,Taste / Flavor,Annotated,primary_assertion,,pending,,,,,,,"Culinary evaluation (Negative) on food quality, taste, or portion.",2028,2086,"Prism is touted to be the owner of a huge club space, and rightly so.

The place is located somewhere in Financial District, after you take a turn from the Lemon Tree hotel. I pretty much had no clue about where I was exactly, and the almost stranded road is of not much help. Until you suddenly see the big lit up sign with the word Prism inscribed on it, though conveniently covered by the bushes around it. Another 100m or so, you reach their parking yard, and finally the enter the premises after it.

A huge velvety door opens into this big sized covered arena (for a lack of better word), that tell you that it can never get overcrowded on the dance floor. The place has high tables next to the dance area, and then some couches on the far side. There is a beautifully lit up staircase, that leads to a more relaxed lounge kind of seating.

And that is just one part of it. They have an outdoor seating, where the projector is put up for the match screening, and doubles up as the smoking zone. Apart from this, they have a pool, which would be apt for a private gathering.

I am no club expert, but their light system is sure one of their USP. The DJ played majorly Bollywood that evening (it was a Wednesday), and did a decent enough job.

While the place is all decked up pretty well, the food on offer didn't impress me much.

🔸STARTERS

🔹Burmese Roll with sweet chilli dip: A bit too oily, they were okay to munch on. They could have done with a bit more filling, though.

🔹Punjabi Paneer Tikka with mint dip: Failed to impress. The paneer was too rubbery in some places, and in others, too charred. The lingering taste was merely of chilli, and nothing else.

🔸MAINS

🔹Prism Special Veggie Lover Pizza🌟: The dish that fared best with me. It was thin crust and had a good amount of cheese. For the price, it may seem a bit costly, but quite worth it, as compared to other dishes.

🔹Spaghetti: Their take of spaghetti aglio olio, with mushrooms and black olive toppings. This was also decent.

🔹Penne Alfredo: This was just regular, nothing good or bad. And this also goes for the accompanying garlic bread.

I didn't find the Indian mains anything great, and needs to be improved a lot.

The dessert was another downer. Chocolate Truffle was all goey and just cream.

From the mocktails section, I chose the safest bet Go Crazy. It was a twist on the oreo shake, with the inclusion of KitKat, but it wasn't great either. Lacked the comfort of a regular oreo shake.

If you are looking for a party place, that has a happening setup, good crowd and amazing ambience, this is your best bet. But for the food, it is better you stick with safe bets such as pizzas and pastas. They would give you the best value for money. The alcohol is also a little pricey, but you wouldn't mind that in a place like this."
REV_05948_C41_A01,REV_05948_C41,REV_05948,Prism Club & Kitchen,3.0,And this also goes for the accompanying garlic bread,,,,,,No Aspect Opinion,descriptive_context,REV_05948_C40_A01,pending,,,,,,,"Factual narrative, procedural action, menu listing, or non-evaluative statement without opinion.",2088,2140,"Prism is touted to be the owner of a huge club space, and rightly so.

The place is located somewhere in Financial District, after you take a turn from the Lemon Tree hotel. I pretty much had no clue about where I was exactly, and the almost stranded road is of not much help. Until you suddenly see the big lit up sign with the word Prism inscribed on it, though conveniently covered by the bushes around it. Another 100m or so, you reach their parking yard, and finally the enter the premises after it.

A huge velvety door opens into this big sized covered arena (for a lack of better word), that tell you that it can never get overcrowded on the dance floor. The place has high tables next to the dance area, and then some couches on the far side. There is a beautifully lit up staircase, that leads to a more relaxed lounge kind of seating.

And that is just one part of it. They have an outdoor seating, where the projector is put up for the match screening, and doubles up as the smoking zone. Apart from this, they have a pool, which would be apt for a private gathering.

I am no club expert, but their light system is sure one of their USP. The DJ played majorly Bollywood that evening (it was a Wednesday), and did a decent enough job.

While the place is all decked up pretty well, the food on offer didn't impress me much.

🔸STARTERS

🔹Burmese Roll with sweet chilli dip: A bit too oily, they were okay to munch on. They could have done with a bit more filling, though.

🔹Punjabi Paneer Tikka with mint dip: Failed to impress. The paneer was too rubbery in some places, and in others, too charred. The lingering taste was merely of chilli, and nothing else.

🔸MAINS

🔹Prism Special Veggie Lover Pizza🌟: The dish that fared best with me. It was thin crust and had a good amount of cheese. For the price, it may seem a bit costly, but quite worth it, as compared to other dishes.

🔹Spaghetti: Their take of spaghetti aglio olio, with mushrooms and black olive toppings. This was also decent.

🔹Penne Alfredo: This was just regular, nothing good or bad. And this also goes for the accompanying garlic bread.

I didn't find the Indian mains anything great, and needs to be improved a lot.

The dessert was another downer. Chocolate Truffle was all goey and just cream.

From the mocktails section, I chose the safest bet Go Crazy. It was a twist on the oreo shake, with the inclusion of KitKat, but it wasn't great either. Lacked the comfort of a regular oreo shake.

If you are looking for a party place, that has a happening setup, good crowd and amazing ambience, this is your best bet. But for the food, it is better you stick with safe bets such as pizzas and pastas. They would give you the best value for money. The alcohol is also a little pricey, but you wouldn't mind that in a place like this."
REV_05948_C42_A01,REV_05948_C42,REV_05948,Prism Club & Kitchen,3.0,I didn't find the Indian mains anything great,General Experience,,great,Positive,Overall Impression,Annotated,primary_assertion,,pending,,,,,,,Positive appraisal targeting 'General Experience'.,2145,2190,"Prism is touted to be the owner of a huge club space, and rightly so.

The place is located somewhere in Financial District, after you take a turn from the Lemon Tree hotel. I pretty much had no clue about where I was exactly, and the almost stranded road is of not much help. Until you suddenly see the big lit up sign with the word Prism inscribed on it, though conveniently covered by the bushes around it. Another 100m or so, you reach their parking yard, and finally the enter the premises after it.

A huge velvety door opens into this big sized covered arena (for a lack of better word), that tell you that it can never get overcrowded on the dance floor. The place has high tables next to the dance area, and then some couches on the far side. There is a beautifully lit up staircase, that leads to a more relaxed lounge kind of seating.

And that is just one part of it. They have an outdoor seating, where the projector is put up for the match screening, and doubles up as the smoking zone. Apart from this, they have a pool, which would be apt for a private gathering.

I am no club expert, but their light system is sure one of their USP. The DJ played majorly Bollywood that evening (it was a Wednesday), and did a decent enough job.

While the place is all decked up pretty well, the food on offer didn't impress me much.

🔸STARTERS

🔹Burmese Roll with sweet chilli dip: A bit too oily, they were okay to munch on. They could have done with a bit more filling, though.

🔹Punjabi Paneer Tikka with mint dip: Failed to impress. The paneer was too rubbery in some places, and in others, too charred. The lingering taste was merely of chilli, and nothing else.

🔸MAINS

🔹Prism Special Veggie Lover Pizza🌟: The dish that fared best with me. It was thin crust and had a good amount of cheese. For the price, it may seem a bit costly, but quite worth it, as compared to other dishes.

🔹Spaghetti: Their take of spaghetti aglio olio, with mushrooms and black olive toppings. This was also decent.

🔹Penne Alfredo: This was just regular, nothing good or bad. And this also goes for the accompanying garlic bread.

I didn't find the Indian mains anything great, and needs to be improved a lot.

The dessert was another downer. Chocolate Truffle was all goey and just cream.

From the mocktails section, I chose the safest bet Go Crazy. It was a twist on the oreo shake, with the inclusion of KitKat, but it wasn't great either. Lacked the comfort of a regular oreo shake.

If you are looking for a party place, that has a happening setup, good crowd and amazing ambience, this is your best bet. But for the food, it is better you stick with safe bets such as pizzas and pastas. They would give you the best value for money. The alcohol is also a little pricey, but you wouldn't mind that in a place like this."
REV_05948_C43_A01,REV_05948_C43,REV_05948,Prism Club & Kitchen,3.0,and needs to be improved a lot,,,,,,No Aspect Opinion,descriptive_context,REV_05948_C42_A01,pending,,,,,,,"Factual narrative, procedural action, menu listing, or non-evaluative statement without opinion.",2192,2222,"Prism is touted to be the owner of a huge club space, and rightly so.

The place is located somewhere in Financial District, after you take a turn from the Lemon Tree hotel. I pretty much had no clue about where I was exactly, and the almost stranded road is of not much help. Until you suddenly see the big lit up sign with the word Prism inscribed on it, though conveniently covered by the bushes around it. Another 100m or so, you reach their parking yard, and finally the enter the premises after it.

A huge velvety door opens into this big sized covered arena (for a lack of better word), that tell you that it can never get overcrowded on the dance floor. The place has high tables next to the dance area, and then some couches on the far side. There is a beautifully lit up staircase, that leads to a more relaxed lounge kind of seating.

And that is just one part of it. They have an outdoor seating, where the projector is put up for the match screening, and doubles up as the smoking zone. Apart from this, they have a pool, which would be apt for a private gathering.

I am no club expert, but their light system is sure one of their USP. The DJ played majorly Bollywood that evening (it was a Wednesday), and did a decent enough job.

While the place is all decked up pretty well, the food on offer didn't impress me much.

🔸STARTERS

🔹Burmese Roll with sweet chilli dip: A bit too oily, they were okay to munch on. They could have done with a bit more filling, though.

🔹Punjabi Paneer Tikka with mint dip: Failed to impress. The paneer was too rubbery in some places, and in others, too charred. The lingering taste was merely of chilli, and nothing else.

🔸MAINS

🔹Prism Special Veggie Lover Pizza🌟: The dish that fared best with me. It was thin crust and had a good amount of cheese. For the price, it may seem a bit costly, but quite worth it, as compared to other dishes.

🔹Spaghetti: Their take of spaghetti aglio olio, with mushrooms and black olive toppings. This was also decent.

🔹Penne Alfredo: This was just regular, nothing good or bad. And this also goes for the accompanying garlic bread.

I didn't find the Indian mains anything great, and needs to be improved a lot.

The dessert was another downer. Chocolate Truffle was all goey and just cream.

From the mocktails section, I chose the safest bet Go Crazy. It was a twist on the oreo shake, with the inclusion of KitKat, but it wasn't great either. Lacked the comfort of a regular oreo shake.

If you are looking for a party place, that has a happening setup, good crowd and amazing ambience, this is your best bet. But for the food, it is better you stick with safe bets such as pizzas and pastas. They would give you the best value for money. The alcohol is also a little pricey, but you wouldn't mind that in a place like this."
REV_05948_C44_A01,REV_05948_C44,REV_05948,Prism Club & Kitchen,3.0,The dessert was another downer,Food,dessert,another downer,Negative,Taste / Flavor,Annotated,primary_assertion,,pending,,,,,,,"Culinary evaluation (Negative) on food quality, taste, or portion.",2227,2257,"Prism is touted to be the owner of a huge club space, and rightly so.

The place is located somewhere in Financial District, after you take a turn from the Lemon Tree hotel. I pretty much had no clue about where I was exactly, and the almost stranded road is of not much help. Until you suddenly see the big lit up sign with the word Prism inscribed on it, though conveniently covered by the bushes around it. Another 100m or so, you reach their parking yard, and finally the enter the premises after it.

A huge velvety door opens into this big sized covered arena (for a lack of better word), that tell you that it can never get overcrowded on the dance floor. The place has high tables next to the dance area, and then some couches on the far side. There is a beautifully lit up staircase, that leads to a more relaxed lounge kind of seating.

And that is just one part of it. They have an outdoor seating, where the projector is put up for the match screening, and doubles up as the smoking zone. Apart from this, they have a pool, which would be apt for a private gathering.

I am no club expert, but their light system is sure one of their USP. The DJ played majorly Bollywood that evening (it was a Wednesday), and did a decent enough job.

While the place is all decked up pretty well, the food on offer didn't impress me much.

🔸STARTERS

🔹Burmese Roll with sweet chilli dip: A bit too oily, they were okay to munch on. They could have done with a bit more filling, though.

🔹Punjabi Paneer Tikka with mint dip: Failed to impress. The paneer was too rubbery in some places, and in others, too charred. The lingering taste was merely of chilli, and nothing else.

🔸MAINS

🔹Prism Special Veggie Lover Pizza🌟: The dish that fared best with me. It was thin crust and had a good amount of cheese. For the price, it may seem a bit costly, but quite worth it, as compared to other dishes.

🔹Spaghetti: Their take of spaghetti aglio olio, with mushrooms and black olive toppings. This was also decent.

🔹Penne Alfredo: This was just regular, nothing good or bad. And this also goes for the accompanying garlic bread.

I didn't find the Indian mains anything great, and needs to be improved a lot.

The dessert was another downer. Chocolate Truffle was all goey and just cream.

From the mocktails section, I chose the safest bet Go Crazy. It was a twist on the oreo shake, with the inclusion of KitKat, but it wasn't great either. Lacked the comfort of a regular oreo shake.

If you are looking for a party place, that has a happening setup, good crowd and amazing ambience, this is your best bet. But for the food, it is better you stick with safe bets such as pizzas and pastas. They would give you the best value for money. The alcohol is also a little pricey, but you wouldn't mind that in a place like this."
REV_05948_C45_A01,REV_05948_C45,REV_05948,Prism Club & Kitchen,3.0,Chocolate Truffle was all goey and just cream,,,,,,No Aspect Opinion,descriptive_context,REV_05948_C44_A01,pending,,,,,,,"Factual narrative, procedural action, menu listing, or non-evaluative statement without opinion.",2259,2304,"Prism is touted to be the owner of a huge club space, and rightly so.

The place is located somewhere in Financial District, after you take a turn from the Lemon Tree hotel. I pretty much had no clue about where I was exactly, and the almost stranded road is of not much help. Until you suddenly see the big lit up sign with the word Prism inscribed on it, though conveniently covered by the bushes around it. Another 100m or so, you reach their parking yard, and finally the enter the premises after it.

A huge velvety door opens into this big sized covered arena (for a lack of better word), that tell you that it can never get overcrowded on the dance floor. The place has high tables next to the dance area, and then some couches on the far side. There is a beautifully lit up staircase, that leads to a more relaxed lounge kind of seating.

And that is just one part of it. They have an outdoor seating, where the projector is put up for the match screening, and doubles up as the smoking zone. Apart from this, they have a pool, which would be apt for a private gathering.

I am no club expert, but their light system is sure one of their USP. The DJ played majorly Bollywood that evening (it was a Wednesday), and did a decent enough job.

While the place is all decked up pretty well, the food on offer didn't impress me much.

🔸STARTERS

🔹Burmese Roll with sweet chilli dip: A bit too oily, they were okay to munch on. They could have done with a bit more filling, though.

🔹Punjabi Paneer Tikka with mint dip: Failed to impress. The paneer was too rubbery in some places, and in others, too charred. The lingering taste was merely of chilli, and nothing else.

🔸MAINS

🔹Prism Special Veggie Lover Pizza🌟: The dish that fared best with me. It was thin crust and had a good amount of cheese. For the price, it may seem a bit costly, but quite worth it, as compared to other dishes.

🔹Spaghetti: Their take of spaghetti aglio olio, with mushrooms and black olive toppings. This was also decent.

🔹Penne Alfredo: This was just regular, nothing good or bad. And this also goes for the accompanying garlic bread.

I didn't find the Indian mains anything great, and needs to be improved a lot.

The dessert was another downer. Chocolate Truffle was all goey and just cream.

From the mocktails section, I chose the safest bet Go Crazy. It was a twist on the oreo shake, with the inclusion of KitKat, but it wasn't great either. Lacked the comfort of a regular oreo shake.

If you are looking for a party place, that has a happening setup, good crowd and amazing ambience, this is your best bet. But for the food, it is better you stick with safe bets such as pizzas and pastas. They would give you the best value for money. The alcohol is also a little pricey, but you wouldn't mind that in a place like this."
REV_05948_C46_A01,REV_05948_C46,REV_05948,Prism Club & Kitchen,3.0,"From the mocktails section, I chose the safest bet Go Crazy",,,,,,No Aspect Opinion,descriptive_context,REV_05948_C44_A01,pending,,,,,,,"Factual narrative, procedural action, menu listing, or non-evaluative statement without opinion.",2309,2368,"Prism is touted to be the owner of a huge club space, and rightly so.

The place is located somewhere in Financial District, after you take a turn from the Lemon Tree hotel. I pretty much had no clue about where I was exactly, and the almost stranded road is of not much help. Until you suddenly see the big lit up sign with the word Prism inscribed on it, though conveniently covered by the bushes around it. Another 100m or so, you reach their parking yard, and finally the enter the premises after it.

A huge velvety door opens into this big sized covered arena (for a lack of better word), that tell you that it can never get overcrowded on the dance floor. The place has high tables next to the dance area, and then some couches on the far side. There is a beautifully lit up staircase, that leads to a more relaxed lounge kind of seating.

And that is just one part of it. They have an outdoor seating, where the projector is put up for the match screening, and doubles up as the smoking zone. Apart from this, they have a pool, which would be apt for a private gathering.

I am no club expert, but their light system is sure one of their USP. The DJ played majorly Bollywood that evening (it was a Wednesday), and did a decent enough job.

While the place is all decked up pretty well, the food on offer didn't impress me much.

🔸STARTERS

🔹Burmese Roll with sweet chilli dip: A bit too oily, they were okay to munch on. They could have done with a bit more filling, though.

🔹Punjabi Paneer Tikka with mint dip: Failed to impress. The paneer was too rubbery in some places, and in others, too charred. The lingering taste was merely of chilli, and nothing else.

🔸MAINS

🔹Prism Special Veggie Lover Pizza🌟: The dish that fared best with me. It was thin crust and had a good amount of cheese. For the price, it may seem a bit costly, but quite worth it, as compared to other dishes.

🔹Spaghetti: Their take of spaghetti aglio olio, with mushrooms and black olive toppings. This was also decent.

🔹Penne Alfredo: This was just regular, nothing good or bad. And this also goes for the accompanying garlic bread.

I didn't find the Indian mains anything great, and needs to be improved a lot.

The dessert was another downer. Chocolate Truffle was all goey and just cream.

From the mocktails section, I chose the safest bet Go Crazy. It was a twist on the oreo shake, with the inclusion of KitKat, but it wasn't great either. Lacked the comfort of a regular oreo shake.

If you are looking for a party place, that has a happening setup, good crowd and amazing ambience, this is your best bet. But for the food, it is better you stick with safe bets such as pizzas and pastas. They would give you the best value for money. The alcohol is also a little pricey, but you wouldn't mind that in a place like this."
REV_05948_C47_A01,REV_05948_C47,REV_05948,Prism Club & Kitchen,3.0,"It was a twist on the oreo shake, with the inclusion of KitKat",,,,,,No Aspect Opinion,descriptive_context,REV_05948_C44_A01,pending,,,,,,,"Factual narrative, procedural action, menu listing, or non-evaluative statement without opinion.",2370,2432,"Prism is touted to be the owner of a huge club space, and rightly so.

The place is located somewhere in Financial District, after you take a turn from the Lemon Tree hotel. I pretty much had no clue about where I was exactly, and the almost stranded road is of not much help. Until you suddenly see the big lit up sign with the word Prism inscribed on it, though conveniently covered by the bushes around it. Another 100m or so, you reach their parking yard, and finally the enter the premises after it.

A huge velvety door opens into this big sized covered arena (for a lack of better word), that tell you that it can never get overcrowded on the dance floor. The place has high tables next to the dance area, and then some couches on the far side. There is a beautifully lit up staircase, that leads to a more relaxed lounge kind of seating.

And that is just one part of it. They have an outdoor seating, where the projector is put up for the match screening, and doubles up as the smoking zone. Apart from this, they have a pool, which would be apt for a private gathering.

I am no club expert, but their light system is sure one of their USP. The DJ played majorly Bollywood that evening (it was a Wednesday), and did a decent enough job.

While the place is all decked up pretty well, the food on offer didn't impress me much.

🔸STARTERS

🔹Burmese Roll with sweet chilli dip: A bit too oily, they were okay to munch on. They could have done with a bit more filling, though.

🔹Punjabi Paneer Tikka with mint dip: Failed to impress. The paneer was too rubbery in some places, and in others, too charred. The lingering taste was merely of chilli, and nothing else.

🔸MAINS

🔹Prism Special Veggie Lover Pizza🌟: The dish that fared best with me. It was thin crust and had a good amount of cheese. For the price, it may seem a bit costly, but quite worth it, as compared to other dishes.

🔹Spaghetti: Their take of spaghetti aglio olio, with mushrooms and black olive toppings. This was also decent.

🔹Penne Alfredo: This was just regular, nothing good or bad. And this also goes for the accompanying garlic bread.

I didn't find the Indian mains anything great, and needs to be improved a lot.

The dessert was another downer. Chocolate Truffle was all goey and just cream.

From the mocktails section, I chose the safest bet Go Crazy. It was a twist on the oreo shake, with the inclusion of KitKat, but it wasn't great either. Lacked the comfort of a regular oreo shake.

If you are looking for a party place, that has a happening setup, good crowd and amazing ambience, this is your best bet. But for the food, it is better you stick with safe bets such as pizzas and pastas. They would give you the best value for money. The alcohol is also a little pricey, but you wouldn't mind that in a place like this."
REV_05948_C48_A01,REV_05948_C48,REV_05948,Prism Club & Kitchen,3.0,but it wasn't great either,Food,,wasn't great either,Negative,Taste / Flavor,Annotated,primary_assertion,,pending,,,,,,,"Culinary evaluation (Negative) on food quality, taste, or portion.",2434,2460,"Prism is touted to be the owner of a huge club space, and rightly so.

The place is located somewhere in Financial District, after you take a turn from the Lemon Tree hotel. I pretty much had no clue about where I was exactly, and the almost stranded road is of not much help. Until you suddenly see the big lit up sign with the word Prism inscribed on it, though conveniently covered by the bushes around it. Another 100m or so, you reach their parking yard, and finally the enter the premises after it.

A huge velvety door opens into this big sized covered arena (for a lack of better word), that tell you that it can never get overcrowded on the dance floor. The place has high tables next to the dance area, and then some couches on the far side. There is a beautifully lit up staircase, that leads to a more relaxed lounge kind of seating.

And that is just one part of it. They have an outdoor seating, where the projector is put up for the match screening, and doubles up as the smoking zone. Apart from this, they have a pool, which would be apt for a private gathering.

I am no club expert, but their light system is sure one of their USP. The DJ played majorly Bollywood that evening (it was a Wednesday), and did a decent enough job.

While the place is all decked up pretty well, the food on offer didn't impress me much.

🔸STARTERS

🔹Burmese Roll with sweet chilli dip: A bit too oily, they were okay to munch on. They could have done with a bit more filling, though.

🔹Punjabi Paneer Tikka with mint dip: Failed to impress. The paneer was too rubbery in some places, and in others, too charred. The lingering taste was merely of chilli, and nothing else.

🔸MAINS

🔹Prism Special Veggie Lover Pizza🌟: The dish that fared best with me. It was thin crust and had a good amount of cheese. For the price, it may seem a bit costly, but quite worth it, as compared to other dishes.

🔹Spaghetti: Their take of spaghetti aglio olio, with mushrooms and black olive toppings. This was also decent.

🔹Penne Alfredo: This was just regular, nothing good or bad. And this also goes for the accompanying garlic bread.

I didn't find the Indian mains anything great, and needs to be improved a lot.

The dessert was another downer. Chocolate Truffle was all goey and just cream.

From the mocktails section, I chose the safest bet Go Crazy. It was a twist on the oreo shake, with the inclusion of KitKat, but it wasn't great either. Lacked the comfort of a regular oreo shake.

If you are looking for a party place, that has a happening setup, good crowd and amazing ambience, this is your best bet. But for the food, it is better you stick with safe bets such as pizzas and pastas. They would give you the best value for money. The alcohol is also a little pricey, but you wouldn't mind that in a place like this."
REV_05948_C49_A01,REV_05948_C49,REV_05948,Prism Club & Kitchen,3.0,Lacked the comfort of a regular oreo shake,Food,shake,Lacked the comfort,Negative,Taste / Flavor,Annotated,primary_assertion,,pending,,,,,,,"Culinary evaluation (Negative) on food quality, taste, or portion.",2462,2504,"Prism is touted to be the owner of a huge club space, and rightly so.

The place is located somewhere in Financial District, after you take a turn from the Lemon Tree hotel. I pretty much had no clue about where I was exactly, and the almost stranded road is of not much help. Until you suddenly see the big lit up sign with the word Prism inscribed on it, though conveniently covered by the bushes around it. Another 100m or so, you reach their parking yard, and finally the enter the premises after it.

A huge velvety door opens into this big sized covered arena (for a lack of better word), that tell you that it can never get overcrowded on the dance floor. The place has high tables next to the dance area, and then some couches on the far side. There is a beautifully lit up staircase, that leads to a more relaxed lounge kind of seating.

And that is just one part of it. They have an outdoor seating, where the projector is put up for the match screening, and doubles up as the smoking zone. Apart from this, they have a pool, which would be apt for a private gathering.

I am no club expert, but their light system is sure one of their USP. The DJ played majorly Bollywood that evening (it was a Wednesday), and did a decent enough job.

While the place is all decked up pretty well, the food on offer didn't impress me much.

🔸STARTERS

🔹Burmese Roll with sweet chilli dip: A bit too oily, they were okay to munch on. They could have done with a bit more filling, though.

🔹Punjabi Paneer Tikka with mint dip: Failed to impress. The paneer was too rubbery in some places, and in others, too charred. The lingering taste was merely of chilli, and nothing else.

🔸MAINS

🔹Prism Special Veggie Lover Pizza🌟: The dish that fared best with me. It was thin crust and had a good amount of cheese. For the price, it may seem a bit costly, but quite worth it, as compared to other dishes.

🔹Spaghetti: Their take of spaghetti aglio olio, with mushrooms and black olive toppings. This was also decent.

🔹Penne Alfredo: This was just regular, nothing good or bad. And this also goes for the accompanying garlic bread.

I didn't find the Indian mains anything great, and needs to be improved a lot.

The dessert was another downer. Chocolate Truffle was all goey and just cream.

From the mocktails section, I chose the safest bet Go Crazy. It was a twist on the oreo shake, with the inclusion of KitKat, but it wasn't great either. Lacked the comfort of a regular oreo shake.

If you are looking for a party place, that has a happening setup, good crowd and amazing ambience, this is your best bet. But for the food, it is better you stick with safe bets such as pizzas and pastas. They would give you the best value for money. The alcohol is also a little pricey, but you wouldn't mind that in a place like this."
REV_05948_C50_A01,REV_05948_C50,REV_05948,Prism Club & Kitchen,3.0,"If you are looking for a party place, that has a happening setup, good crowd and amazing ambience, this is your best bet",Ambience,place,good,Positive,Atmosphere,Annotated,primary_assertion,,pending,,,,,,,Ambience evaluation (Positive) regarding environment or facilities.,2509,2629,"Prism is touted to be the owner of a huge club space, and rightly so.

The place is located somewhere in Financial District, after you take a turn from the Lemon Tree hotel. I pretty much had no clue about where I was exactly, and the almost stranded road is of not much help. Until you suddenly see the big lit up sign with the word Prism inscribed on it, though conveniently covered by the bushes around it. Another 100m or so, you reach their parking yard, and finally the enter the premises after it.

A huge velvety door opens into this big sized covered arena (for a lack of better word), that tell you that it can never get overcrowded on the dance floor. The place has high tables next to the dance area, and then some couches on the far side. There is a beautifully lit up staircase, that leads to a more relaxed lounge kind of seating.

And that is just one part of it. They have an outdoor seating, where the projector is put up for the match screening, and doubles up as the smoking zone. Apart from this, they have a pool, which would be apt for a private gathering.

I am no club expert, but their light system is sure one of their USP. The DJ played majorly Bollywood that evening (it was a Wednesday), and did a decent enough job.

While the place is all decked up pretty well, the food on offer didn't impress me much.

🔸STARTERS

🔹Burmese Roll with sweet chilli dip: A bit too oily, they were okay to munch on. They could have done with a bit more filling, though.

🔹Punjabi Paneer Tikka with mint dip: Failed to impress. The paneer was too rubbery in some places, and in others, too charred. The lingering taste was merely of chilli, and nothing else.

🔸MAINS

🔹Prism Special Veggie Lover Pizza🌟: The dish that fared best with me. It was thin crust and had a good amount of cheese. For the price, it may seem a bit costly, but quite worth it, as compared to other dishes.

🔹Spaghetti: Their take of spaghetti aglio olio, with mushrooms and black olive toppings. This was also decent.

🔹Penne Alfredo: This was just regular, nothing good or bad. And this also goes for the accompanying garlic bread.

I didn't find the Indian mains anything great, and needs to be improved a lot.

The dessert was another downer. Chocolate Truffle was all goey and just cream.

From the mocktails section, I chose the safest bet Go Crazy. It was a twist on the oreo shake, with the inclusion of KitKat, but it wasn't great either. Lacked the comfort of a regular oreo shake.

If you are looking for a party place, that has a happening setup, good crowd and amazing ambience, this is your best bet. But for the food, it is better you stick with safe bets such as pizzas and pastas. They would give you the best value for money. The alcohol is also a little pricey, but you wouldn't mind that in a place like this."
REV_05948_C51_A01,REV_05948_C51,REV_05948,Prism Club & Kitchen,3.0,"But for the food, it is better you stick with safe bets such as pizzas and pastas",,,,,,No Aspect Opinion,descriptive_context,REV_05948_C50_A01,pending,,,,,,,"Factual narrative, procedural action, menu listing, or non-evaluative statement without opinion.",2631,2712,"Prism is touted to be the owner of a huge club space, and rightly so.

The place is located somewhere in Financial District, after you take a turn from the Lemon Tree hotel. I pretty much had no clue about where I was exactly, and the almost stranded road is of not much help. Until you suddenly see the big lit up sign with the word Prism inscribed on it, though conveniently covered by the bushes around it. Another 100m or so, you reach their parking yard, and finally the enter the premises after it.

A huge velvety door opens into this big sized covered arena (for a lack of better word), that tell you that it can never get overcrowded on the dance floor. The place has high tables next to the dance area, and then some couches on the far side. There is a beautifully lit up staircase, that leads to a more relaxed lounge kind of seating.

And that is just one part of it. They have an outdoor seating, where the projector is put up for the match screening, and doubles up as the smoking zone. Apart from this, they have a pool, which would be apt for a private gathering.

I am no club expert, but their light system is sure one of their USP. The DJ played majorly Bollywood that evening (it was a Wednesday), and did a decent enough job.

While the place is all decked up pretty well, the food on offer didn't impress me much.

🔸STARTERS

🔹Burmese Roll with sweet chilli dip: A bit too oily, they were okay to munch on. They could have done with a bit more filling, though.

🔹Punjabi Paneer Tikka with mint dip: Failed to impress. The paneer was too rubbery in some places, and in others, too charred. The lingering taste was merely of chilli, and nothing else.

🔸MAINS

🔹Prism Special Veggie Lover Pizza🌟: The dish that fared best with me. It was thin crust and had a good amount of cheese. For the price, it may seem a bit costly, but quite worth it, as compared to other dishes.

🔹Spaghetti: Their take of spaghetti aglio olio, with mushrooms and black olive toppings. This was also decent.

🔹Penne Alfredo: This was just regular, nothing good or bad. And this also goes for the accompanying garlic bread.

I didn't find the Indian mains anything great, and needs to be improved a lot.

The dessert was another downer. Chocolate Truffle was all goey and just cream.

From the mocktails section, I chose the safest bet Go Crazy. It was a twist on the oreo shake, with the inclusion of KitKat, but it wasn't great either. Lacked the comfort of a regular oreo shake.

If you are looking for a party place, that has a happening setup, good crowd and amazing ambience, this is your best bet. But for the food, it is better you stick with safe bets such as pizzas and pastas. They would give you the best value for money. The alcohol is also a little pricey, but you wouldn't mind that in a place like this."
REV_05948_C52_A01,REV_05948_C52,REV_05948,Prism Club & Kitchen,3.0,They would give you the best value for money,Price / Value,value,best value for money,Positive,Value for money,Annotated,primary_assertion,,pending,,,,,,,Pricing / financial evaluation (Positive).,2714,2758,"Prism is touted to be the owner of a huge club space, and rightly so.

The place is located somewhere in Financial District, after you take a turn from the Lemon Tree hotel. I pretty much had no clue about where I was exactly, and the almost stranded road is of not much help. Until you suddenly see the big lit up sign with the word Prism inscribed on it, though conveniently covered by the bushes around it. Another 100m or so, you reach their parking yard, and finally the enter the premises after it.

A huge velvety door opens into this big sized covered arena (for a lack of better word), that tell you that it can never get overcrowded on the dance floor. The place has high tables next to the dance area, and then some couches on the far side. There is a beautifully lit up staircase, that leads to a more relaxed lounge kind of seating.

And that is just one part of it. They have an outdoor seating, where the projector is put up for the match screening, and doubles up as the smoking zone. Apart from this, they have a pool, which would be apt for a private gathering.

I am no club expert, but their light system is sure one of their USP. The DJ played majorly Bollywood that evening (it was a Wednesday), and did a decent enough job.

While the place is all decked up pretty well, the food on offer didn't impress me much.

🔸STARTERS

🔹Burmese Roll with sweet chilli dip: A bit too oily, they were okay to munch on. They could have done with a bit more filling, though.

🔹Punjabi Paneer Tikka with mint dip: Failed to impress. The paneer was too rubbery in some places, and in others, too charred. The lingering taste was merely of chilli, and nothing else.

🔸MAINS

🔹Prism Special Veggie Lover Pizza🌟: The dish that fared best with me. It was thin crust and had a good amount of cheese. For the price, it may seem a bit costly, but quite worth it, as compared to other dishes.

🔹Spaghetti: Their take of spaghetti aglio olio, with mushrooms and black olive toppings. This was also decent.

🔹Penne Alfredo: This was just regular, nothing good or bad. And this also goes for the accompanying garlic bread.

I didn't find the Indian mains anything great, and needs to be improved a lot.

The dessert was another downer. Chocolate Truffle was all goey and just cream.

From the mocktails section, I chose the safest bet Go Crazy. It was a twist on the oreo shake, with the inclusion of KitKat, but it wasn't great either. Lacked the comfort of a regular oreo shake.

If you are looking for a party place, that has a happening setup, good crowd and amazing ambience, this is your best bet. But for the food, it is better you stick with safe bets such as pizzas and pastas. They would give you the best value for money. The alcohol is also a little pricey, but you wouldn't mind that in a place like this."
REV_05948_C53_A01,REV_05948_C53,REV_05948,Prism Club & Kitchen,3.0,The alcohol is also a little pricey,Price / Value,,a little pricey,Negative,Pricing / Overpriced,Annotated,primary_assertion,,pending,,,,,,,Pricing / financial evaluation (Negative).,2760,2795,"Prism is touted to be the owner of a huge club space, and rightly so.

The place is located somewhere in Financial District, after you take a turn from the Lemon Tree hotel. I pretty much had no clue about where I was exactly, and the almost stranded road is of not much help. Until you suddenly see the big lit up sign with the word Prism inscribed on it, though conveniently covered by the bushes around it. Another 100m or so, you reach their parking yard, and finally the enter the premises after it.

A huge velvety door opens into this big sized covered arena (for a lack of better word), that tell you that it can never get overcrowded on the dance floor. The place has high tables next to the dance area, and then some couches on the far side. There is a beautifully lit up staircase, that leads to a more relaxed lounge kind of seating.

And that is just one part of it. They have an outdoor seating, where the projector is put up for the match screening, and doubles up as the smoking zone. Apart from this, they have a pool, which would be apt for a private gathering.

I am no club expert, but their light system is sure one of their USP. The DJ played majorly Bollywood that evening (it was a Wednesday), and did a decent enough job.

While the place is all decked up pretty well, the food on offer didn't impress me much.

🔸STARTERS

🔹Burmese Roll with sweet chilli dip: A bit too oily, they were okay to munch on. They could have done with a bit more filling, though.

🔹Punjabi Paneer Tikka with mint dip: Failed to impress. The paneer was too rubbery in some places, and in others, too charred. The lingering taste was merely of chilli, and nothing else.

🔸MAINS

🔹Prism Special Veggie Lover Pizza🌟: The dish that fared best with me. It was thin crust and had a good amount of cheese. For the price, it may seem a bit costly, but quite worth it, as compared to other dishes.

🔹Spaghetti: Their take of spaghetti aglio olio, with mushrooms and black olive toppings. This was also decent.

🔹Penne Alfredo: This was just regular, nothing good or bad. And this also goes for the accompanying garlic bread.

I didn't find the Indian mains anything great, and needs to be improved a lot.

The dessert was another downer. Chocolate Truffle was all goey and just cream.

From the mocktails section, I chose the safest bet Go Crazy. It was a twist on the oreo shake, with the inclusion of KitKat, but it wasn't great either. Lacked the comfort of a regular oreo shake.

If you are looking for a party place, that has a happening setup, good crowd and amazing ambience, this is your best bet. But for the food, it is better you stick with safe bets such as pizzas and pastas. They would give you the best value for money. The alcohol is also a little pricey, but you wouldn't mind that in a place like this."
REV_05948_C54_A01,REV_05948_C54,REV_05948,Prism Club & Kitchen,3.0,but you wouldn't mind that in a place like this,,,,,,No Aspect Opinion,descriptive_context,REV_05948_C53_A01,pending,,,,,,,"Factual narrative, procedural action, menu listing, or non-evaluative statement without opinion.",2797,2844,"Prism is touted to be the owner of a huge club space, and rightly so.

The place is located somewhere in Financial District, after you take a turn from the Lemon Tree hotel. I pretty much had no clue about where I was exactly, and the almost stranded road is of not much help. Until you suddenly see the big lit up sign with the word Prism inscribed on it, though conveniently covered by the bushes around it. Another 100m or so, you reach their parking yard, and finally the enter the premises after it.

A huge velvety door opens into this big sized covered arena (for a lack of better word), that tell you that it can never get overcrowded on the dance floor. The place has high tables next to the dance area, and then some couches on the far side. There is a beautifully lit up staircase, that leads to a more relaxed lounge kind of seating.

And that is just one part of it. They have an outdoor seating, where the projector is put up for the match screening, and doubles up as the smoking zone. Apart from this, they have a pool, which would be apt for a private gathering.

I am no club expert, but their light system is sure one of their USP. The DJ played majorly Bollywood that evening (it was a Wednesday), and did a decent enough job.

While the place is all decked up pretty well, the food on offer didn't impress me much.

🔸STARTERS

🔹Burmese Roll with sweet chilli dip: A bit too oily, they were okay to munch on. They could have done with a bit more filling, though.

🔹Punjabi Paneer Tikka with mint dip: Failed to impress. The paneer was too rubbery in some places, and in others, too charred. The lingering taste was merely of chilli, and nothing else.

🔸MAINS

🔹Prism Special Veggie Lover Pizza🌟: The dish that fared best with me. It was thin crust and had a good amount of cheese. For the price, it may seem a bit costly, but quite worth it, as compared to other dishes.

🔹Spaghetti: Their take of spaghetti aglio olio, with mushrooms and black olive toppings. This was also decent.

🔹Penne Alfredo: This was just regular, nothing good or bad. And this also goes for the accompanying garlic bread.

I didn't find the Indian mains anything great, and needs to be improved a lot.

The dessert was another downer. Chocolate Truffle was all goey and just cream.

From the mocktails section, I chose the safest bet Go Crazy. It was a twist on the oreo shake, with the inclusion of KitKat, but it wasn't great either. Lacked the comfort of a regular oreo shake.

If you are looking for a party place, that has a happening setup, good crowd and amazing ambience, this is your best bet. But for the food, it is better you stick with safe bets such as pizzas and pastas. They would give you the best value for money. The alcohol is also a little pricey, but you wouldn't mind that in a place like this."
REV_06090_C01_A01,REV_06090_C01,REV_06090,Shree Santosh Dhaba Family Restaurant,4.0,The Santosh Dhaba is one of the reliable place for north Indian food,General Experience,place,reliable place,Positive,Overall Impression,Annotated,primary_assertion,,pending,,,,,,,Holistic evaluation of the restaurant / visit (Positive).,0,68,The Santosh Dhaba is one of the reliable place for north Indian food. The food here is somewhat oily but it tastes delicious. Should visit it once
REV_06090_C02_A01,REV_06090_C02,REV_06090,Shree Santosh Dhaba Family Restaurant,4.0,The food here is somewhat oily,Food,food,oily,Negative,Taste / Flavor,Annotated,primary_assertion,,pending,,,,,,,"Culinary evaluation (Negative) on food quality, taste, or portion.",70,100,The Santosh Dhaba is one of the reliable place for north Indian food. The food here is somewhat oily but it tastes delicious. Should visit it once
REV_06090_C03_A01,REV_06090_C03,REV_06090,Shree Santosh Dhaba Family Restaurant,4.0,it tastes delicious,Food,,delicious,Positive,Taste / Flavor,Annotated,primary_assertion,,pending,,,,,,,"Culinary evaluation (Positive) on food quality, taste, or portion.",105,124,The Santosh Dhaba is one of the reliable place for north Indian food. The food here is somewhat oily but it tastes delicious. Should visit it once
REV_06090_C04_A01,REV_06090_C04,REV_06090,Shree Santosh Dhaba Family Restaurant,4.0,Should visit it once,General Experience,visit,Should visit it once,Positive,Recommendation,Annotated,primary_assertion,,pending,,,,,,,Holistic evaluation of the restaurant / visit (Positive).,126,146,The Santosh Dhaba is one of the reliable place for north Indian food. The food here is somewhat oily but it tastes delicious. Should visit it once
REV_06123_C01_A01,REV_06123_C01,REV_06123,Dine O China,5.0,"We tried chicken hot n sour soup, chilli garlic chicken,singapore fish as starters and chicken fried rice with Schezwan chicken",Food,chicken,,Positive,Food temperature,Annotated,primary_assertion,,pending,,,,,,,"Culinary evaluation (Positive) on food quality, taste, or portion.",0,127,"We tried chicken hot n sour soup, chilli garlic chicken,singapore fish as starters and chicken fried rice with Schezwan chicken..Food was very delicious.. Good Ambience.. Nice staff..
I highly recommend this Restaurant.."
REV_06123_C02_A01,REV_06123_C02,REV_06123,Dine O China,5.0,Food was very delicious,Food,Food,delicious,Positive,Taste / Flavor,Annotated,primary_assertion,,pending,,,,,,,"Culinary evaluation (Positive) on food quality, taste, or portion.",129,152,"We tried chicken hot n sour soup, chilli garlic chicken,singapore fish as starters and chicken fried rice with Schezwan chicken..Food was very delicious.. Good Ambience.. Nice staff..
I highly recommend this Restaurant.."
REV_06123_C03_A01,REV_06123_C03,REV_06123,Dine O China,5.0,Good Ambience,Ambience,Ambience,Good,Positive,Atmosphere,Annotated,primary_assertion,,pending,,,,,,,Ambience evaluation (Positive) regarding environment or facilities.,155,168,"We tried chicken hot n sour soup, chilli garlic chicken,singapore fish as starters and chicken fried rice with Schezwan chicken..Food was very delicious.. Good Ambience.. Nice staff..
I highly recommend this Restaurant.."
REV_06123_C04_A01,REV_06123_C04,REV_06123,Dine O China,5.0,Nice staff,General Experience,,Nice,Positive,Overall Impression,Annotated,primary_assertion,,pending,,,,,,,Positive appraisal targeting 'General Experience'.,171,181,"We tried chicken hot n sour soup, chilli garlic chicken,singapore fish as starters and chicken fried rice with Schezwan chicken..Food was very delicious.. Good Ambience.. Nice staff..
I highly recommend this Restaurant.."
REV_06123_C05_A01,REV_06123_C05,REV_06123,Dine O China,5.0,I highly recommend this Restaurant,General Experience,Restaurant,highly recommend,Positive,Recommendation,Annotated,primary_assertion,,pending,,,,,,,Holistic evaluation of the restaurant / visit (Positive).,185,219,"We tried chicken hot n sour soup, chilli garlic chicken,singapore fish as starters and chicken fried rice with Schezwan chicken..Food was very delicious.. Good Ambience.. Nice staff..
I highly recommend this Restaurant.."
REV_06254_C01_A01,REV_06254_C01,REV_06254,Hyderabad Chefs,1.0,Ordered food was not delivered,Service,delivered,not delivered,Negative,Staff courtesy,Annotated,primary_assertion,,pending,,,,,,,Service evaluation (Negative) targeting staff hospitality or turnaround.,0,30,Ordered food was not delivered. we ordered fried piece biryani though bill States the same but it was normal dum biryani that was delivered.
REV_06254_C02_A01,REV_06254_C02,REV_06254,Hyderabad Chefs,1.0,we ordered fried piece biryani,,,,,,No Aspect Opinion,descriptive_context,REV_06254_C01_A01,pending,,,,,,,"Factual narrative, procedural action, menu listing, or non-evaluative statement without opinion.",32,62,Ordered food was not delivered. we ordered fried piece biryani though bill States the same but it was normal dum biryani that was delivered.
REV_06254_C03_A01,REV_06254_C03,REV_06254,Hyderabad Chefs,1.0,bill States the same,,,,,,No Aspect Opinion,descriptive_context,REV_06254_C01_A01,pending,,,,,,,"Factual narrative, procedural action, menu listing, or non-evaluative statement without opinion.",70,90,Ordered food was not delivered. we ordered fried piece biryani though bill States the same but it was normal dum biryani that was delivered.
REV_06254_C04_A01,REV_06254_C04,REV_06254,Hyderabad Chefs,1.0,it was normal dum biryani that was delivered,,,,,,No Aspect Opinion,descriptive_context,REV_06254_C01_A01,pending,,,,,,,"Factual narrative, procedural action, menu listing, or non-evaluative statement without opinion.",95,139,Ordered food was not delivered. we ordered fried piece biryani though bill States the same but it was normal dum biryani that was delivered.
REV_06351_C01_A01,REV_06351_C01,REV_06351,Komatose - Holiday Inn Express & Suites,5.0,Great place with nice ambience,General Experience,place,Great,Positive,Overall Impression,Annotated,primary_assertion,,pending,,,,,,,Holistic praise for the restaurant overall.,0,30,Great place with nice ambience...Cocktail's was amazing!!! Mouth watering food with neat service. Nice place to hangout with friends & family too.
REV_06351_C01_A02,REV_06351_C01,REV_06351,Komatose - Holiday Inn Express & Suites,5.0,Great place with nice ambience,Ambience,ambience,nice,Positive,Atmosphere,Annotated,primary_assertion,,pending,,,,,,,Praise for establishment ambience.,0,30,Great place with nice ambience...Cocktail's was amazing!!! Mouth watering food with neat service. Nice place to hangout with friends & family too.
REV_06351_C02_A01,REV_06351_C02,REV_06351,Komatose - Holiday Inn Express & Suites,5.0,Cocktail's was amazing,Food,Cocktail,amazing,Positive,Taste / Flavor,Annotated,primary_assertion,,pending,,,,,,,"Culinary evaluation (Positive) on food quality, taste, or portion.",33,55,Great place with nice ambience...Cocktail's was amazing!!! Mouth watering food with neat service. Nice place to hangout with friends & family too.
REV_06351_C03_A01,REV_06351_C03,REV_06351,Komatose - Holiday Inn Express & Suites,5.0,Mouth watering food with neat service,Food,food,Mouth watering,Positive,Taste / Flavor,Annotated,primary_assertion,,pending,,,,,,,High praise for food flavor ('Mouth watering').,59,96,Great place with nice ambience...Cocktail's was amazing!!! Mouth watering food with neat service. Nice place to hangout with friends & family too.
REV_06351_C03_A02,REV_06351_C03,REV_06351,Komatose - Holiday Inn Express & Suites,5.0,Mouth watering food with neat service,Service,service,neat,Positive,Staff hospitality,Annotated,primary_assertion,,pending,,,,,,,Appraisal of service quality ('neat').,59,96,Great place with nice ambience...Cocktail's was amazing!!! Mouth watering food with neat service. Nice place to hangout with friends & family too.
REV_06351_C04_A01,REV_06351_C04,REV_06351,Komatose - Holiday Inn Express & Suites,5.0,Nice place to hangout with friends & family too,Ambience,place,Nice,Positive,Atmosphere,Annotated,primary_assertion,,pending,,,,,,,Ambience evaluation (Positive) regarding environment or facilities.,98,145,Great place with nice ambience...Cocktail's was amazing!!! Mouth watering food with neat service. Nice place to hangout with friends & family too.
REV_06442_C01_A01,REV_06442_C01,REV_06442,Aromas@11SIX,3.0,If you have no value for money then this restaurant is good to waste your money,Price / Value,value,value for money,Negative,Value for money,Annotated,primary_assertion,,pending,,,,,,,Pricing / financial evaluation (Negative).,0,79,"If you have no value for money then this restaurant is good to waste your money. Reason for giving 3* is due to veg curries which were told be good by my vegan friends. But, we, non-veg guys were totally disappointed for non-veg curries. It's got no taste at all. Chilli chicken gravy was like saucy-saucy. No spicy at all. Butter rotis were thicker than it usually has to be. It tasted like wheat flour and not maida.

Service- Good
Taste- Below average
Ambiance- Good
Cost- High"
REV_06442_C02_A01,REV_06442_C02,REV_06442,Aromas@11SIX,3.0,Reason for giving 3* is due to veg curries which were told be good by my vegan friends,Food,curries,good,Positive,Taste / Flavor,Annotated,primary_assertion,,pending,,,,,,,"Culinary evaluation (Positive) on food quality, taste, or portion.",81,167,"If you have no value for money then this restaurant is good to waste your money. Reason for giving 3* is due to veg curries which were told be good by my vegan friends. But, we, non-veg guys were totally disappointed for non-veg curries. It's got no taste at all. Chilli chicken gravy was like saucy-saucy. No spicy at all. Butter rotis were thicker than it usually has to be. It tasted like wheat flour and not maida.

Service- Good
Taste- Below average
Ambiance- Good
Cost- High"
REV_06442_C03_A01,REV_06442_C03,REV_06442,Aromas@11SIX,3.0,"But, we, non-veg guys were totally disappointed for non-veg curries",Food,curries,,Negative,Taste / Flavor,Annotated,primary_assertion,,pending,,,,,,,"Culinary evaluation (Negative) on food quality, taste, or portion.",169,236,"If you have no value for money then this restaurant is good to waste your money. Reason for giving 3* is due to veg curries which were told be good by my vegan friends. But, we, non-veg guys were totally disappointed for non-veg curries. It's got no taste at all. Chilli chicken gravy was like saucy-saucy. No spicy at all. Butter rotis were thicker than it usually has to be. It tasted like wheat flour and not maida.

Service- Good
Taste- Below average
Ambiance- Good
Cost- High"
REV_06442_C04_A01,REV_06442_C04,REV_06442,Aromas@11SIX,3.0,It's got no taste at all,Food,taste,no taste at all,Negative,Taste / Flavor,Annotated,primary_assertion,,pending,,,,,,,"Culinary evaluation (Negative) on food quality, taste, or portion.",238,262,"If you have no value for money then this restaurant is good to waste your money. Reason for giving 3* is due to veg curries which were told be good by my vegan friends. But, we, non-veg guys were totally disappointed for non-veg curries. It's got no taste at all. Chilli chicken gravy was like saucy-saucy. No spicy at all. Butter rotis were thicker than it usually has to be. It tasted like wheat flour and not maida.

Service- Good
Taste- Below average
Ambiance- Good
Cost- High"
REV_06442_C05_A01,REV_06442_C05,REV_06442,Aromas@11SIX,3.0,Chilli chicken gravy was like saucy-saucy,,,,,,No Aspect Opinion,descriptive_context,REV_06442_C04_A01,pending,,,,,,,"Factual narrative, procedural action, menu listing, or non-evaluative statement without opinion.",264,305,"If you have no value for money then this restaurant is good to waste your money. Reason for giving 3* is due to veg curries which were told be good by my vegan friends. But, we, non-veg guys were totally disappointed for non-veg curries. It's got no taste at all. Chilli chicken gravy was like saucy-saucy. No spicy at all. Butter rotis were thicker than it usually has to be. It tasted like wheat flour and not maida.

Service- Good
Taste- Below average
Ambiance- Good
Cost- High"
REV_06442_C06_A01,REV_06442_C06,REV_06442,Aromas@11SIX,3.0,No spicy at all,Food,,,Positive,Taste / Flavor,Annotated,primary_assertion,,pending,,,,,,,"Culinary evaluation (Positive) on food quality, taste, or portion.",307,322,"If you have no value for money then this restaurant is good to waste your money. Reason for giving 3* is due to veg curries which were told be good by my vegan friends. But, we, non-veg guys were totally disappointed for non-veg curries. It's got no taste at all. Chilli chicken gravy was like saucy-saucy. No spicy at all. Butter rotis were thicker than it usually has to be. It tasted like wheat flour and not maida.

Service- Good
Taste- Below average
Ambiance- Good
Cost- High"
REV_06442_C07_A01,REV_06442_C07,REV_06442,Aromas@11SIX,3.0,Butter rotis were thicker than it usually has to be,Food,rotis,thicker,Negative,Taste / Flavor,Annotated,primary_assertion,,pending,,,,,,,"Culinary evaluation (Negative) on food quality, taste, or portion.",324,375,"If you have no value for money then this restaurant is good to waste your money. Reason for giving 3* is due to veg curries which were told be good by my vegan friends. But, we, non-veg guys were totally disappointed for non-veg curries. It's got no taste at all. Chilli chicken gravy was like saucy-saucy. No spicy at all. Butter rotis were thicker than it usually has to be. It tasted like wheat flour and not maida.

Service- Good
Taste- Below average
Ambiance- Good
Cost- High"
REV_06442_C08_A01,REV_06442_C08,REV_06442,Aromas@11SIX,3.0,It tasted like wheat flour and not maida,,,,,,No Aspect Opinion,descriptive_context,REV_06442_C07_A01,pending,,,,,,,"Factual narrative, procedural action, menu listing, or non-evaluative statement without opinion.",377,417,"If you have no value for money then this restaurant is good to waste your money. Reason for giving 3* is due to veg curries which were told be good by my vegan friends. But, we, non-veg guys were totally disappointed for non-veg curries. It's got no taste at all. Chilli chicken gravy was like saucy-saucy. No spicy at all. Butter rotis were thicker than it usually has to be. It tasted like wheat flour and not maida.

Service- Good
Taste- Below average
Ambiance- Good
Cost- High"
REV_06442_C09_A01,REV_06442_C09,REV_06442,Aromas@11SIX,3.0,Service- Good,Service,Service,Good,Positive,Staff hospitality,Annotated,primary_assertion,,pending,,,,,,,Positive appraisal targeting 'Service'.,422,435,"If you have no value for money then this restaurant is good to waste your money. Reason for giving 3* is due to veg curries which were told be good by my vegan friends. But, we, non-veg guys were totally disappointed for non-veg curries. It's got no taste at all. Chilli chicken gravy was like saucy-saucy. No spicy at all. Butter rotis were thicker than it usually has to be. It tasted like wheat flour and not maida.

Service- Good
Taste- Below average
Ambiance- Good
Cost- High"
REV_06442_C10_A01,REV_06442_C10,REV_06442,Aromas@11SIX,3.0,Taste- Below average,Food,Taste,Below average,Negative,Taste / Flavor,Annotated,primary_assertion,,pending,,,,,,,"Culinary evaluation (Negative) on food quality, taste, or portion.",437,457,"If you have no value for money then this restaurant is good to waste your money. Reason for giving 3* is due to veg curries which were told be good by my vegan friends. But, we, non-veg guys were totally disappointed for non-veg curries. It's got no taste at all. Chilli chicken gravy was like saucy-saucy. No spicy at all. Butter rotis were thicker than it usually has to be. It tasted like wheat flour and not maida.

Service- Good
Taste- Below average
Ambiance- Good
Cost- High"
REV_06442_C11_A01,REV_06442_C11,REV_06442,Aromas@11SIX,3.0,Ambiance- Good,Ambience,Ambiance,Good,Positive,Atmosphere,Annotated,primary_assertion,,pending,,,,,,,Ambience evaluation (Positive) regarding environment or facilities.,459,473,"If you have no value for money then this restaurant is good to waste your money. Reason for giving 3* is due to veg curries which were told be good by my vegan friends. But, we, non-veg guys were totally disappointed for non-veg curries. It's got no taste at all. Chilli chicken gravy was like saucy-saucy. No spicy at all. Butter rotis were thicker than it usually has to be. It tasted like wheat flour and not maida.

Service- Good
Taste- Below average
Ambiance- Good
Cost- High"
REV_06442_C12_A01,REV_06442_C12,REV_06442,Aromas@11SIX,3.0,Cost- High,Price / Value,Cost,,Positive,Pricing / Overpriced,Annotated,primary_assertion,,pending,,,,,,,Pricing / financial evaluation (Positive).,475,485,"If you have no value for money then this restaurant is good to waste your money. Reason for giving 3* is due to veg curries which were told be good by my vegan friends. But, we, non-veg guys were totally disappointed for non-veg curries. It's got no taste at all. Chilli chicken gravy was like saucy-saucy. No spicy at all. Butter rotis were thicker than it usually has to be. It tasted like wheat flour and not maida.

Service- Good
Taste- Below average
Ambiance- Good
Cost- High"
REV_06534_C01_A01,REV_06534_C01,REV_06534,Yum Yum Tree - The Arabian Food Court,3.0,"This is an Arabian themed Restaurant and is located near QCity, Gachibowli and is exclusively known for its MANDI",,,,,,No Aspect Opinion,independent,,pending,,,,,,,"Factual narrative, procedural action, menu listing, or non-evaluative statement without opinion.",0,113,"This is an Arabian themed Restaurant and is located near QCity, Gachibowli and is exclusively known for its MANDI. 🍛🍚

They have different varieties of Mandi and the restro is designed very well with eye catching Ambience.🐪🐫🐪🐫

Taste is quite different from other places of Hyderabad where we enjoy Biryani. But yes, The Biryani tasted equally good.😊😊😊

For my surprise Veg Biryani is served with French Fries and some patties which tasted good as well.

Food -4/5
Ambience - 5/5
Value for money - 3.5/5
Service -4/5

Thank you for a different experience..!!

MUST TRY PLACE..!!"
REV_06534_C02_A01,REV_06534_C02,REV_06534,Yum Yum Tree - The Arabian Food Court,3.0,They have different varieties of Mandi and the restro is designed very well with eye catching Ambience.🐪🐫🐪🐫,Ambience,Ambience,eye catching,Positive,Atmosphere,Annotated,primary_assertion,,pending,,,,,,,Ambience evaluation (Positive) regarding environment or facilities.,121,228,"This is an Arabian themed Restaurant and is located near QCity, Gachibowli and is exclusively known for its MANDI. 🍛🍚

They have different varieties of Mandi and the restro is designed very well with eye catching Ambience.🐪🐫🐪🐫

Taste is quite different from other places of Hyderabad where we enjoy Biryani. But yes, The Biryani tasted equally good.😊😊😊

For my surprise Veg Biryani is served with French Fries and some patties which tasted good as well.

Food -4/5
Ambience - 5/5
Value for money - 3.5/5
Service -4/5

Thank you for a different experience..!!

MUST TRY PLACE..!!"
REV_06534_C03_A01,REV_06534_C03,REV_06534,Yum Yum Tree - The Arabian Food Court,3.0,Taste is quite different from other places of Hyderabad where we enjoy Biryani,Food,Taste,quite different,Positive,Taste / Flavor,Annotated,primary_assertion,,pending,,,,,,,"Culinary evaluation (Positive) on food quality, taste, or portion.",232,310,"This is an Arabian themed Restaurant and is located near QCity, Gachibowli and is exclusively known for its MANDI. 🍛🍚

They have different varieties of Mandi and the restro is designed very well with eye catching Ambience.🐪🐫🐪🐫

Taste is quite different from other places of Hyderabad where we enjoy Biryani. But yes, The Biryani tasted equally good.😊😊😊

For my surprise Veg Biryani is served with French Fries and some patties which tasted good as well.

Food -4/5
Ambience - 5/5
Value for money - 3.5/5
Service -4/5

Thank you for a different experience..!!

MUST TRY PLACE..!!"
REV_06534_C04_A01,REV_06534_C04,REV_06534,Yum Yum Tree - The Arabian Food Court,3.0,"But yes, The Biryani tasted equally good.😊😊😊",Food,Biryani,equally good,Positive,Taste / Flavor,Annotated,primary_assertion,,pending,,,,,,,"Culinary evaluation (Positive) on food quality, taste, or portion.",312,356,"This is an Arabian themed Restaurant and is located near QCity, Gachibowli and is exclusively known for its MANDI. 🍛🍚

They have different varieties of Mandi and the restro is designed very well with eye catching Ambience.🐪🐫🐪🐫

Taste is quite different from other places of Hyderabad where we enjoy Biryani. But yes, The Biryani tasted equally good.😊😊😊

For my surprise Veg Biryani is served with French Fries and some patties which tasted good as well.

Food -4/5
Ambience - 5/5
Value for money - 3.5/5
Service -4/5

Thank you for a different experience..!!

MUST TRY PLACE..!!"
REV_06534_C05_A01,REV_06534_C05,REV_06534,Yum Yum Tree - The Arabian Food Court,3.0,For my surprise Veg Biryani is served with French Fries and some patties which tasted good as well,Food,Biryani,good,Positive,Taste / Flavor,Annotated,primary_assertion,,pending,,,,,,,"Culinary evaluation (Positive) on food quality, taste, or portion.",360,458,"This is an Arabian themed Restaurant and is located near QCity, Gachibowli and is exclusively known for its MANDI. 🍛🍚

They have different varieties of Mandi and the restro is designed very well with eye catching Ambience.🐪🐫🐪🐫

Taste is quite different from other places of Hyderabad where we enjoy Biryani. But yes, The Biryani tasted equally good.😊😊😊

For my surprise Veg Biryani is served with French Fries and some patties which tasted good as well.

Food -4/5
Ambience - 5/5
Value for money - 3.5/5
Service -4/5

Thank you for a different experience..!!

MUST TRY PLACE..!!"
REV_06534_C06_A01,REV_06534_C06,REV_06534,Yum Yum Tree - The Arabian Food Court,3.0,Food -4/5,Food,Food,4/5,Positive,Food quality,Annotated,primary_assertion,,pending,,,,,,,Explicit quantitative score '4/5' (Positive) assigned to Food.,463,472,"This is an Arabian themed Restaurant and is located near QCity, Gachibowli and is exclusively known for its MANDI. 🍛🍚

They have different varieties of Mandi and the restro is designed very well with eye catching Ambience.🐪🐫🐪🐫

Taste is quite different from other places of Hyderabad where we enjoy Biryani. But yes, The Biryani tasted equally good.😊😊😊

For my surprise Veg Biryani is served with French Fries and some patties which tasted good as well.

Food -4/5
Ambience - 5/5
Value for money - 3.5/5
Service -4/5

Thank you for a different experience..!!

MUST TRY PLACE..!!"
REV_06534_C07_A01,REV_06534_C07,REV_06534,Yum Yum Tree - The Arabian Food Court,3.0,Ambience,,,,,,No Aspect Opinion,descriptive_context,REV_06534_C06_A01,pending,,,,,,,"Factual narrative, procedural action, menu listing, or non-evaluative statement without opinion.",474,482,"This is an Arabian themed Restaurant and is located near QCity, Gachibowli and is exclusively known for its MANDI. 🍛🍚

They have different varieties of Mandi and the restro is designed very well with eye catching Ambience.🐪🐫🐪🐫

Taste is quite different from other places of Hyderabad where we enjoy Biryani. But yes, The Biryani tasted equally good.😊😊😊

For my surprise Veg Biryani is served with French Fries and some patties which tasted good as well.

Food -4/5
Ambience - 5/5
Value for money - 3.5/5
Service -4/5

Thank you for a different experience..!!

MUST TRY PLACE..!!"
REV_06534_C08_A01,REV_06534_C08,REV_06534,Yum Yum Tree - The Arabian Food Court,3.0,5/5,,,,,,No Aspect Opinion,descriptive_context,REV_06534_C06_A01,pending,,,,,,,"Factual narrative, procedural action, menu listing, or non-evaluative statement without opinion.",485,488,"This is an Arabian themed Restaurant and is located near QCity, Gachibowli and is exclusively known for its MANDI. 🍛🍚

They have different varieties of Mandi and the restro is designed very well with eye catching Ambience.🐪🐫🐪🐫

Taste is quite different from other places of Hyderabad where we enjoy Biryani. But yes, The Biryani tasted equally good.😊😊😊

For my surprise Veg Biryani is served with French Fries and some patties which tasted good as well.

Food -4/5
Ambience - 5/5
Value for money - 3.5/5
Service -4/5

Thank you for a different experience..!!

MUST TRY PLACE..!!"
REV_06534_C09_A01,REV_06534_C09,REV_06534,Yum Yum Tree - The Arabian Food Court,3.0,Value for money,Price / Value,Value,Value for money,Positive,Value for money,Annotated,primary_assertion,,pending,,,,,,,Pricing / financial evaluation (Positive).,490,505,"This is an Arabian themed Restaurant and is located near QCity, Gachibowli and is exclusively known for its MANDI. 🍛🍚

They have different varieties of Mandi and the restro is designed very well with eye catching Ambience.🐪🐫🐪🐫

Taste is quite different from other places of Hyderabad where we enjoy Biryani. But yes, The Biryani tasted equally good.😊😊😊

For my surprise Veg Biryani is served with French Fries and some patties which tasted good as well.

Food -4/5
Ambience - 5/5
Value for money - 3.5/5
Service -4/5

Thank you for a different experience..!!

MUST TRY PLACE..!!"
REV_06534_C10_A01,REV_06534_C10,REV_06534,Yum Yum Tree - The Arabian Food Court,3.0,3.5/5,,,,,,No Aspect Opinion,descriptive_context,REV_06534_C09_A01,pending,,,,,,,"Factual narrative, procedural action, menu listing, or non-evaluative statement without opinion.",508,513,"This is an Arabian themed Restaurant and is located near QCity, Gachibowli and is exclusively known for its MANDI. 🍛🍚

They have different varieties of Mandi and the restro is designed very well with eye catching Ambience.🐪🐫🐪🐫

Taste is quite different from other places of Hyderabad where we enjoy Biryani. But yes, The Biryani tasted equally good.😊😊😊

For my surprise Veg Biryani is served with French Fries and some patties which tasted good as well.

Food -4/5
Ambience - 5/5
Value for money - 3.5/5
Service -4/5

Thank you for a different experience..!!

MUST TRY PLACE..!!"
REV_06534_C11_A01,REV_06534_C11,REV_06534,Yum Yum Tree - The Arabian Food Court,3.0,Service -4/5,Service,Service,4/5,Positive,Staff hospitality,Annotated,primary_assertion,,pending,,,,,,,Explicit quantitative score '4/5' (Positive) assigned to Service.,515,527,"This is an Arabian themed Restaurant and is located near QCity, Gachibowli and is exclusively known for its MANDI. 🍛🍚

They have different varieties of Mandi and the restro is designed very well with eye catching Ambience.🐪🐫🐪🐫

Taste is quite different from other places of Hyderabad where we enjoy Biryani. But yes, The Biryani tasted equally good.😊😊😊

For my surprise Veg Biryani is served with French Fries and some patties which tasted good as well.

Food -4/5
Ambience - 5/5
Value for money - 3.5/5
Service -4/5

Thank you for a different experience..!!

MUST TRY PLACE..!!"
REV_06534_C12_A01,REV_06534_C12,REV_06534,Yum Yum Tree - The Arabian Food Court,3.0,Thank you for a different experience,General Experience,experience,Thank you for a different experience,Positive,Overall Impression,Annotated,primary_assertion,,pending,,,,,,,Holistic evaluation of the restaurant / visit (Positive).,531,567,"This is an Arabian themed Restaurant and is located near QCity, Gachibowli and is exclusively known for its MANDI. 🍛🍚

They have different varieties of Mandi and the restro is designed very well with eye catching Ambience.🐪🐫🐪🐫

Taste is quite different from other places of Hyderabad where we enjoy Biryani. But yes, The Biryani tasted equally good.😊😊😊

For my surprise Veg Biryani is served with French Fries and some patties which tasted good as well.

Food -4/5
Ambience - 5/5
Value for money - 3.5/5
Service -4/5

Thank you for a different experience..!!

MUST TRY PLACE..!!"
REV_06534_C13_A01,REV_06534_C13,REV_06534,Yum Yum Tree - The Arabian Food Court,3.0,MUST TRY PLACE,General Experience,PLACE,MUST TRY PLACE,Positive,Recommendation,Annotated,primary_assertion,,pending,,,,,,,Holistic evaluation of the restaurant / visit (Positive).,575,589,"This is an Arabian themed Restaurant and is located near QCity, Gachibowli and is exclusively known for its MANDI. 🍛🍚

They have different varieties of Mandi and the restro is designed very well with eye catching Ambience.🐪🐫🐪🐫

Taste is quite different from other places of Hyderabad where we enjoy Biryani. But yes, The Biryani tasted equally good.😊😊😊

For my surprise Veg Biryani is served with French Fries and some patties which tasted good as well.

Food -4/5
Ambience - 5/5
Value for money - 3.5/5
Service -4/5

Thank you for a different experience..!!

MUST TRY PLACE..!!"
REV_06572_C01_A01,REV_06572_C01,REV_06572,The Tilt Bar Republic,5.0,Wanted to listen her again n again,,,,,,No Aspect Opinion,independent,,pending,,,,,,,"Factual narrative, procedural action, menu listing, or non-evaluative statement without opinion.",0,34,"Wanted to listen her again n again .. Sonalin Priyadarshini has very good voice.. such a talented girl,.. really appreciate .. nice place nice lightning"
REV_06572_C02_A01,REV_06572_C02,REV_06572,The Tilt Bar Republic,5.0,Sonalin Priyadarshini has very good voice,General Experience,,good,Positive,Overall Impression,Annotated,primary_assertion,,pending,,,,,,,Positive appraisal targeting 'General Experience'.,38,79,"Wanted to listen her again n again .. Sonalin Priyadarshini has very good voice.. such a talented girl,.. really appreciate .. nice place nice lightning"
REV_06572_C03_A01,REV_06572_C03,REV_06572,The Tilt Bar Republic,5.0,"such a talented girl,",,,,,,No Aspect Opinion,descriptive_context,REV_06572_C02_A01,pending,,,,,,,"Factual narrative, procedural action, menu listing, or non-evaluative statement without opinion.",82,103,"Wanted to listen her again n again .. Sonalin Priyadarshini has very good voice.. such a talented girl,.. really appreciate .. nice place nice lightning"
REV_06572_C04_A01,REV_06572_C04,REV_06572,The Tilt Bar Republic,5.0,really appreciate,,,,,,No Aspect Opinion,descriptive_context,REV_06572_C02_A01,pending,,,,,,,"Factual narrative, procedural action, menu listing, or non-evaluative statement without opinion.",106,123,"Wanted to listen her again n again .. Sonalin Priyadarshini has very good voice.. such a talented girl,.. really appreciate .. nice place nice lightning"
REV_06572_C05_A01,REV_06572_C05,REV_06572,The Tilt Bar Republic,5.0,nice place nice lightning,Ambience,place,nice,Positive,Atmosphere,Annotated,primary_assertion,,pending,,,,,,,Ambience evaluation (Positive) regarding environment or facilities.,127,152,"Wanted to listen her again n again .. Sonalin Priyadarshini has very good voice.. such a talented girl,.. really appreciate .. nice place nice lightning"
REV_06755_C01_A01,REV_06755_C01,REV_06755,The Indi Grill,5.0,Great place and great food,General Experience,place,Great,Positive,Overall Impression,Annotated,primary_assertion,,pending,,,,,,,Holistic praise for the restaurant overall.,0,26,"Great place and great food. Came for lunch with my team, enjoyed every bit. Staff is very nice and polite. We’ll come again for sure. Thank you"
REV_06755_C01_A02,REV_06755_C01,REV_06755,The Indi Grill,5.0,Great place and great food,Food,food,Great,Positive,Food quality,Annotated,primary_assertion,,pending,,,,,,,Praise for food quality.,0,26,"Great place and great food. Came for lunch with my team, enjoyed every bit. Staff is very nice and polite. We’ll come again for sure. Thank you"
REV_06755_C02_A01,REV_06755_C02,REV_06755,The Indi Grill,5.0,Came for lunch with my team,,,,,,No Aspect Opinion,descriptive_context,REV_06755_C01_A02,pending,,,,,,,"Factual narrative, procedural action, menu listing, or non-evaluative statement without opinion.",28,55,"Great place and great food. Came for lunch with my team, enjoyed every bit. Staff is very nice and polite. We’ll come again for sure. Thank you"
REV_06755_C03_A01,REV_06755_C03,REV_06755,The Indi Grill,5.0,enjoyed every bit,General Experience,,enjoyed every bit,Positive,Overall Impression,Annotated,primary_assertion,,pending,,,,,,,Holistic evaluation of the restaurant / visit (Positive).,57,74,"Great place and great food. Came for lunch with my team, enjoyed every bit. Staff is very nice and polite. We’ll come again for sure. Thank you"
REV_06755_C04_A01,REV_06755_C04,REV_06755,The Indi Grill,5.0,Staff is very nice and polite,Service,Staff,polite,Positive,Staff courtesy,Annotated,primary_assertion,,pending,,,,,,,Service evaluation (Positive) targeting staff hospitality or turnaround.,76,105,"Great place and great food. Came for lunch with my team, enjoyed every bit. Staff is very nice and polite. We’ll come again for sure. Thank you"
REV_06755_C05_A01,REV_06755_C05,REV_06755,The Indi Grill,5.0,We’ll come again for sure,General Experience,,come again,Positive,Overall Impression,Annotated,primary_assertion,,pending,,,,,,,Holistic evaluation of the restaurant / visit (Positive).,107,132,"Great place and great food. Came for lunch with my team, enjoyed every bit. Staff is very nice and polite. We’ll come again for sure. Thank you"
REV_06755_C06_A01,REV_06755_C06,REV_06755,The Indi Grill,5.0,Thank you,,,,,,No Aspect Opinion,descriptive_context,REV_06755_C05_A01,pending,,,,,,,"Factual narrative, procedural action, menu listing, or non-evaluative statement without opinion.",134,143,"Great place and great food. Came for lunch with my team, enjoyed every bit. Staff is very nice and polite. We’ll come again for sure. Thank you"
REV_06813_C01_A01,REV_06813_C01,REV_06813,Urban Asia - Kitchen & Bar,3.0,Great food,Food,food,Great,Positive,Taste / Flavor,Annotated,primary_assertion,,pending,,,,,,,"Culinary evaluation (Positive) on food quality, taste, or portion.",0,10,"Great food. Esp the Know Suey. Starters were good as well. Service by the attendants was poor. Delayed orders after multiple follow ups. Great ambience. Mild music. Mild air conditioning. Very clean. Definitely try the fried prawns as part of the starters. Wasabi needs to be more like the real wasabi. They need to serve the sushi along with the wasabi and soy sauce provided in small bowls - the bowls we're missing. And you had to ask for the wasabi as well. Should be part of the table sauces, etc. Good to go there once in a while."
REV_06813_C02_A01,REV_06813_C02,REV_06813,Urban Asia - Kitchen & Bar,3.0,Esp the Know Suey,,,,,,No Aspect Opinion,descriptive_context,REV_06813_C01_A01,pending,,,,,,,"Factual narrative, procedural action, menu listing, or non-evaluative statement without opinion.",12,29,"Great food. Esp the Know Suey. Starters were good as well. Service by the attendants was poor. Delayed orders after multiple follow ups. Great ambience. Mild music. Mild air conditioning. Very clean. Definitely try the fried prawns as part of the starters. Wasabi needs to be more like the real wasabi. They need to serve the sushi along with the wasabi and soy sauce provided in small bowls - the bowls we're missing. And you had to ask for the wasabi as well. Should be part of the table sauces, etc. Good to go there once in a while."
REV_06813_C03_A01,REV_06813_C03,REV_06813,Urban Asia - Kitchen & Bar,3.0,Starters were good as well,Food,Starters,good,Positive,Taste / Flavor,Annotated,primary_assertion,,pending,,,,,,,"Culinary evaluation (Positive) on food quality, taste, or portion.",31,57,"Great food. Esp the Know Suey. Starters were good as well. Service by the attendants was poor. Delayed orders after multiple follow ups. Great ambience. Mild music. Mild air conditioning. Very clean. Definitely try the fried prawns as part of the starters. Wasabi needs to be more like the real wasabi. They need to serve the sushi along with the wasabi and soy sauce provided in small bowls - the bowls we're missing. And you had to ask for the wasabi as well. Should be part of the table sauces, etc. Good to go there once in a while."
REV_06813_C04_A01,REV_06813_C04,REV_06813,Urban Asia - Kitchen & Bar,3.0,Service by the attendants was poor,Service,Service,poor,Negative,Staff courtesy,Annotated,primary_assertion,,pending,,,,,,,Service evaluation (Negative) targeting staff hospitality or turnaround.,59,93,"Great food. Esp the Know Suey. Starters were good as well. Service by the attendants was poor. Delayed orders after multiple follow ups. Great ambience. Mild music. Mild air conditioning. Very clean. Definitely try the fried prawns as part of the starters. Wasabi needs to be more like the real wasabi. They need to serve the sushi along with the wasabi and soy sauce provided in small bowls - the bowls we're missing. And you had to ask for the wasabi as well. Should be part of the table sauces, etc. Good to go there once in a while."
REV_06813_C05_A01,REV_06813_C05,REV_06813,Urban Asia - Kitchen & Bar,3.0,Delayed orders after multiple follow ups,Service,orders,Delayed orders after multiple follow ups,Negative,Service speed,Annotated,primary_assertion,,pending,,,,,,,Service evaluation (Negative) targeting staff hospitality or turnaround.,95,135,"Great food. Esp the Know Suey. Starters were good as well. Service by the attendants was poor. Delayed orders after multiple follow ups. Great ambience. Mild music. Mild air conditioning. Very clean. Definitely try the fried prawns as part of the starters. Wasabi needs to be more like the real wasabi. They need to serve the sushi along with the wasabi and soy sauce provided in small bowls - the bowls we're missing. And you had to ask for the wasabi as well. Should be part of the table sauces, etc. Good to go there once in a while."
REV_06813_C06_A01,REV_06813_C06,REV_06813,Urban Asia - Kitchen & Bar,3.0,Great ambience,Ambience,ambience,Great,Positive,Atmosphere,Annotated,primary_assertion,,pending,,,,,,,Ambience evaluation (Positive) regarding environment or facilities.,137,151,"Great food. Esp the Know Suey. Starters were good as well. Service by the attendants was poor. Delayed orders after multiple follow ups. Great ambience. Mild music. Mild air conditioning. Very clean. Definitely try the fried prawns as part of the starters. Wasabi needs to be more like the real wasabi. They need to serve the sushi along with the wasabi and soy sauce provided in small bowls - the bowls we're missing. And you had to ask for the wasabi as well. Should be part of the table sauces, etc. Good to go there once in a while."
REV_06813_C07_A01,REV_06813_C07,REV_06813,Urban Asia - Kitchen & Bar,3.0,Mild music,Ambience,music,Mild music,Neutral,Music / Noise level,Annotated,primary_assertion,,pending,,,,,,,Ambience evaluation (Neutral) regarding environment or facilities.,153,163,"Great food. Esp the Know Suey. Starters were good as well. Service by the attendants was poor. Delayed orders after multiple follow ups. Great ambience. Mild music. Mild air conditioning. Very clean. Definitely try the fried prawns as part of the starters. Wasabi needs to be more like the real wasabi. They need to serve the sushi along with the wasabi and soy sauce provided in small bowls - the bowls we're missing. And you had to ask for the wasabi as well. Should be part of the table sauces, etc. Good to go there once in a while."
REV_06813_C08_A01,REV_06813_C08,REV_06813,Urban Asia - Kitchen & Bar,3.0,Mild air conditioning,Ambience,air conditioning,Mild air conditioning,Neutral,Air conditioning / Ventilation,Annotated,primary_assertion,,pending,,,,,,,Ambience evaluation (Neutral) regarding environment or facilities.,165,186,"Great food. Esp the Know Suey. Starters were good as well. Service by the attendants was poor. Delayed orders after multiple follow ups. Great ambience. Mild music. Mild air conditioning. Very clean. Definitely try the fried prawns as part of the starters. Wasabi needs to be more like the real wasabi. They need to serve the sushi along with the wasabi and soy sauce provided in small bowls - the bowls we're missing. And you had to ask for the wasabi as well. Should be part of the table sauces, etc. Good to go there once in a while."
REV_06813_C09_A01,REV_06813_C09,REV_06813,Urban Asia - Kitchen & Bar,3.0,Very clean,Ambience,clean,Very clean,Positive,Cleanliness & Hygiene,Annotated,primary_assertion,,pending,,,,,,,Ambience evaluation (Positive) regarding environment or facilities.,188,198,"Great food. Esp the Know Suey. Starters were good as well. Service by the attendants was poor. Delayed orders after multiple follow ups. Great ambience. Mild music. Mild air conditioning. Very clean. Definitely try the fried prawns as part of the starters. Wasabi needs to be more like the real wasabi. They need to serve the sushi along with the wasabi and soy sauce provided in small bowls - the bowls we're missing. And you had to ask for the wasabi as well. Should be part of the table sauces, etc. Good to go there once in a while."
REV_06813_C10_A01,REV_06813_C10,REV_06813,Urban Asia - Kitchen & Bar,3.0,Definitely try the fried prawns as part of the starters,,,,,,No Aspect Opinion,descriptive_context,REV_06813_C09_A01,pending,,,,,,,"Factual narrative, procedural action, menu listing, or non-evaluative statement without opinion.",200,255,"Great food. Esp the Know Suey. Starters were good as well. Service by the attendants was poor. Delayed orders after multiple follow ups. Great ambience. Mild music. Mild air conditioning. Very clean. Definitely try the fried prawns as part of the starters. Wasabi needs to be more like the real wasabi. They need to serve the sushi along with the wasabi and soy sauce provided in small bowls - the bowls we're missing. And you had to ask for the wasabi as well. Should be part of the table sauces, etc. Good to go there once in a while."
REV_06813_C11_A01,REV_06813_C11,REV_06813,Urban Asia - Kitchen & Bar,3.0,Wasabi needs to be more like the real wasabi,Food,Wasabi,,Positive,Taste / Flavor,Annotated,primary_assertion,,pending,,,,,,,"Culinary evaluation (Positive) on food quality, taste, or portion.",257,301,"Great food. Esp the Know Suey. Starters were good as well. Service by the attendants was poor. Delayed orders after multiple follow ups. Great ambience. Mild music. Mild air conditioning. Very clean. Definitely try the fried prawns as part of the starters. Wasabi needs to be more like the real wasabi. They need to serve the sushi along with the wasabi and soy sauce provided in small bowls - the bowls we're missing. And you had to ask for the wasabi as well. Should be part of the table sauces, etc. Good to go there once in a while."
REV_06813_C12_A01,REV_06813_C12,REV_06813,Urban Asia - Kitchen & Bar,3.0,They need to serve the sushi along with the wasabi and soy sauce provided in small bowls,,,,,,No Aspect Opinion,descriptive_context,REV_06813_C11_A01,pending,,,,,,,"Factual narrative, procedural action, menu listing, or non-evaluative statement without opinion.",303,391,"Great food. Esp the Know Suey. Starters were good as well. Service by the attendants was poor. Delayed orders after multiple follow ups. Great ambience. Mild music. Mild air conditioning. Very clean. Definitely try the fried prawns as part of the starters. Wasabi needs to be more like the real wasabi. They need to serve the sushi along with the wasabi and soy sauce provided in small bowls - the bowls we're missing. And you had to ask for the wasabi as well. Should be part of the table sauces, etc. Good to go there once in a while."
REV_06813_C13_A01,REV_06813_C13,REV_06813,Urban Asia - Kitchen & Bar,3.0,the bowls we're missing,,,,,,No Aspect Opinion,descriptive_context,REV_06813_C11_A01,pending,,,,,,,"Factual narrative, procedural action, menu listing, or non-evaluative statement without opinion.",394,417,"Great food. Esp the Know Suey. Starters were good as well. Service by the attendants was poor. Delayed orders after multiple follow ups. Great ambience. Mild music. Mild air conditioning. Very clean. Definitely try the fried prawns as part of the starters. Wasabi needs to be more like the real wasabi. They need to serve the sushi along with the wasabi and soy sauce provided in small bowls - the bowls we're missing. And you had to ask for the wasabi as well. Should be part of the table sauces, etc. Good to go there once in a while."
REV_06813_C14_A01,REV_06813_C14,REV_06813,Urban Asia - Kitchen & Bar,3.0,And you had to ask for the wasabi as well,Service,,,Positive,Staff courtesy,Annotated,primary_assertion,,pending,,,,,,,Service evaluation (Positive) targeting staff hospitality or turnaround.,419,460,"Great food. Esp the Know Suey. Starters were good as well. Service by the attendants was poor. Delayed orders after multiple follow ups. Great ambience. Mild music. Mild air conditioning. Very clean. Definitely try the fried prawns as part of the starters. Wasabi needs to be more like the real wasabi. They need to serve the sushi along with the wasabi and soy sauce provided in small bowls - the bowls we're missing. And you had to ask for the wasabi as well. Should be part of the table sauces, etc. Good to go there once in a while."
REV_06813_C15_A01,REV_06813_C15,REV_06813,Urban Asia - Kitchen & Bar,3.0,"Should be part of the table sauces, etc",,,,,,No Aspect Opinion,descriptive_context,REV_06813_C14_A01,pending,,,,,,,"Factual narrative, procedural action, menu listing, or non-evaluative statement without opinion.",462,501,"Great food. Esp the Know Suey. Starters were good as well. Service by the attendants was poor. Delayed orders after multiple follow ups. Great ambience. Mild music. Mild air conditioning. Very clean. Definitely try the fried prawns as part of the starters. Wasabi needs to be more like the real wasabi. They need to serve the sushi along with the wasabi and soy sauce provided in small bowls - the bowls we're missing. And you had to ask for the wasabi as well. Should be part of the table sauces, etc. Good to go there once in a while."
REV_06813_C16_A01,REV_06813_C16,REV_06813,Urban Asia - Kitchen & Bar,3.0,Good to go there once in a while,General Experience,,Good,Positive,Overall Impression,Annotated,primary_assertion,,pending,,,,,,,Positive appraisal targeting 'General Experience'.,503,535,"Great food. Esp the Know Suey. Starters were good as well. Service by the attendants was poor. Delayed orders after multiple follow ups. Great ambience. Mild music. Mild air conditioning. Very clean. Definitely try the fried prawns as part of the starters. Wasabi needs to be more like the real wasabi. They need to serve the sushi along with the wasabi and soy sauce provided in small bowls - the bowls we're missing. And you had to ask for the wasabi as well. Should be part of the table sauces, etc. Good to go there once in a while."
REV_06898_C01_A01,REV_06898_C01,REV_06898,Eat India Company,4.0,Eat India Company (EIC),,,,,,No Aspect Opinion,independent,,pending,,,,,,,"Factual narrative, procedural action, menu listing, or non-evaluative statement without opinion.",0,23,"Eat India Company (EIC). So this is a very interesting place. You go there, and first impressions very good. When you are seated, you get 3 menu cards, 4 actually. Besides EIC, you are also given the menu of Urban Asia and Tiki Shack. It's all in one place. Now dont be surprised if you go there to have in Urban Asia and are given all three menu cards. HAHA!

Ok. So there was buffet at the EIC. I scanned thru it and they had very good options. There were number of options. Very intriguing. Though i had À la cart. 

Ambience is very good. You want to go and see whats on every wall, it's interesting. Lighting is good, you get to see what you are eating (i've seen some dont have enough lighting. Not talking about Dialogue in the dark here, hehe). 

Taste was good, as in ok. I've tasted better biryanis at other places. All and all it was a good experience. Nothing like WOW or Very different. It's a good place, your regular go out and have good food."
REV_06898_C02_A01,REV_06898_C02,REV_06898,Eat India Company,4.0,So this is a very interesting place,General Experience,place,very interesting,Positive,Overall Impression,Annotated,primary_assertion,,pending,,,,,,,Holistic evaluation of the restaurant / visit (Positive).,25,60,"Eat India Company (EIC). So this is a very interesting place. You go there, and first impressions very good. When you are seated, you get 3 menu cards, 4 actually. Besides EIC, you are also given the menu of Urban Asia and Tiki Shack. It's all in one place. Now dont be surprised if you go there to have in Urban Asia and are given all three menu cards. HAHA!

Ok. So there was buffet at the EIC. I scanned thru it and they had very good options. There were number of options. Very intriguing. Though i had À la cart. 

Ambience is very good. You want to go and see whats on every wall, it's interesting. Lighting is good, you get to see what you are eating (i've seen some dont have enough lighting. Not talking about Dialogue in the dark here, hehe). 

Taste was good, as in ok. I've tasted better biryanis at other places. All and all it was a good experience. Nothing like WOW or Very different. It's a good place, your regular go out and have good food."
REV_06898_C03_A01,REV_06898_C03,REV_06898,Eat India Company,4.0,You go there,,,,,,No Aspect Opinion,descriptive_context,REV_06898_C02_A01,pending,,,,,,,"Factual narrative, procedural action, menu listing, or non-evaluative statement without opinion.",62,74,"Eat India Company (EIC). So this is a very interesting place. You go there, and first impressions very good. When you are seated, you get 3 menu cards, 4 actually. Besides EIC, you are also given the menu of Urban Asia and Tiki Shack. It's all in one place. Now dont be surprised if you go there to have in Urban Asia and are given all three menu cards. HAHA!

Ok. So there was buffet at the EIC. I scanned thru it and they had very good options. There were number of options. Very intriguing. Though i had À la cart. 

Ambience is very good. You want to go and see whats on every wall, it's interesting. Lighting is good, you get to see what you are eating (i've seen some dont have enough lighting. Not talking about Dialogue in the dark here, hehe). 

Taste was good, as in ok. I've tasted better biryanis at other places. All and all it was a good experience. Nothing like WOW or Very different. It's a good place, your regular go out and have good food."
REV_06898_C04_A01,REV_06898_C04,REV_06898,Eat India Company,4.0,and first impressions very good,General Experience,,good,Positive,Overall Impression,Annotated,primary_assertion,,pending,,,,,,,Positive appraisal targeting 'General Experience'.,76,107,"Eat India Company (EIC). So this is a very interesting place. You go there, and first impressions very good. When you are seated, you get 3 menu cards, 4 actually. Besides EIC, you are also given the menu of Urban Asia and Tiki Shack. It's all in one place. Now dont be surprised if you go there to have in Urban Asia and are given all three menu cards. HAHA!

Ok. So there was buffet at the EIC. I scanned thru it and they had very good options. There were number of options. Very intriguing. Though i had À la cart. 

Ambience is very good. You want to go and see whats on every wall, it's interesting. Lighting is good, you get to see what you are eating (i've seen some dont have enough lighting. Not talking about Dialogue in the dark here, hehe). 

Taste was good, as in ok. I've tasted better biryanis at other places. All and all it was a good experience. Nothing like WOW or Very different. It's a good place, your regular go out and have good food."
REV_06898_C05_A01,REV_06898_C05,REV_06898,Eat India Company,4.0,"When you are seated, you get 3 menu cards, 4 actually",,,,,,No Aspect Opinion,descriptive_context,REV_06898_C04_A01,pending,,,,,,,"Factual narrative, procedural action, menu listing, or non-evaluative statement without opinion.",109,162,"Eat India Company (EIC). So this is a very interesting place. You go there, and first impressions very good. When you are seated, you get 3 menu cards, 4 actually. Besides EIC, you are also given the menu of Urban Asia and Tiki Shack. It's all in one place. Now dont be surprised if you go there to have in Urban Asia and are given all three menu cards. HAHA!

Ok. So there was buffet at the EIC. I scanned thru it and they had very good options. There were number of options. Very intriguing. Though i had À la cart. 

Ambience is very good. You want to go and see whats on every wall, it's interesting. Lighting is good, you get to see what you are eating (i've seen some dont have enough lighting. Not talking about Dialogue in the dark here, hehe). 

Taste was good, as in ok. I've tasted better biryanis at other places. All and all it was a good experience. Nothing like WOW or Very different. It's a good place, your regular go out and have good food."
REV_06898_C06_A01,REV_06898_C06,REV_06898,Eat India Company,4.0,"Besides EIC, you are also given the menu of Urban Asia and Tiki Shack",,,,,,No Aspect Opinion,descriptive_context,REV_06898_C04_A01,pending,,,,,,,"Factual narrative, procedural action, menu listing, or non-evaluative statement without opinion.",164,233,"Eat India Company (EIC). So this is a very interesting place. You go there, and first impressions very good. When you are seated, you get 3 menu cards, 4 actually. Besides EIC, you are also given the menu of Urban Asia and Tiki Shack. It's all in one place. Now dont be surprised if you go there to have in Urban Asia and are given all three menu cards. HAHA!

Ok. So there was buffet at the EIC. I scanned thru it and they had very good options. There were number of options. Very intriguing. Though i had À la cart. 

Ambience is very good. You want to go and see whats on every wall, it's interesting. Lighting is good, you get to see what you are eating (i've seen some dont have enough lighting. Not talking about Dialogue in the dark here, hehe). 

Taste was good, as in ok. I've tasted better biryanis at other places. All and all it was a good experience. Nothing like WOW or Very different. It's a good place, your regular go out and have good food."
REV_06898_C07_A01,REV_06898_C07,REV_06898,Eat India Company,4.0,It's all in one place,,,,,,No Aspect Opinion,descriptive_context,REV_06898_C04_A01,pending,,,,,,,"Factual narrative, procedural action, menu listing, or non-evaluative statement without opinion.",235,256,"Eat India Company (EIC). So this is a very interesting place. You go there, and first impressions very good. When you are seated, you get 3 menu cards, 4 actually. Besides EIC, you are also given the menu of Urban Asia and Tiki Shack. It's all in one place. Now dont be surprised if you go there to have in Urban Asia and are given all three menu cards. HAHA!

Ok. So there was buffet at the EIC. I scanned thru it and they had very good options. There were number of options. Very intriguing. Though i had À la cart. 

Ambience is very good. You want to go and see whats on every wall, it's interesting. Lighting is good, you get to see what you are eating (i've seen some dont have enough lighting. Not talking about Dialogue in the dark here, hehe). 

Taste was good, as in ok. I've tasted better biryanis at other places. All and all it was a good experience. Nothing like WOW or Very different. It's a good place, your regular go out and have good food."
REV_06898_C08_A01,REV_06898_C08,REV_06898,Eat India Company,4.0,Now dont be surprised if you go there to have in Urban Asia and are given all three menu cards,,,,,,No Aspect Opinion,descriptive_context,REV_06898_C04_A01,pending,,,,,,,"Factual narrative, procedural action, menu listing, or non-evaluative statement without opinion.",258,352,"Eat India Company (EIC). So this is a very interesting place. You go there, and first impressions very good. When you are seated, you get 3 menu cards, 4 actually. Besides EIC, you are also given the menu of Urban Asia and Tiki Shack. It's all in one place. Now dont be surprised if you go there to have in Urban Asia and are given all three menu cards. HAHA!

Ok. So there was buffet at the EIC. I scanned thru it and they had very good options. There were number of options. Very intriguing. Though i had À la cart. 

Ambience is very good. You want to go and see whats on every wall, it's interesting. Lighting is good, you get to see what you are eating (i've seen some dont have enough lighting. Not talking about Dialogue in the dark here, hehe). 

Taste was good, as in ok. I've tasted better biryanis at other places. All and all it was a good experience. Nothing like WOW or Very different. It's a good place, your regular go out and have good food."
REV_06898_C09_A01,REV_06898_C09,REV_06898,Eat India Company,4.0,HAHA,,,,,,No Aspect Opinion,descriptive_context,REV_06898_C04_A01,pending,,,,,,,"Factual narrative, procedural action, menu listing, or non-evaluative statement without opinion.",354,358,"Eat India Company (EIC). So this is a very interesting place. You go there, and first impressions very good. When you are seated, you get 3 menu cards, 4 actually. Besides EIC, you are also given the menu of Urban Asia and Tiki Shack. It's all in one place. Now dont be surprised if you go there to have in Urban Asia and are given all three menu cards. HAHA!

Ok. So there was buffet at the EIC. I scanned thru it and they had very good options. There were number of options. Very intriguing. Though i had À la cart. 

Ambience is very good. You want to go and see whats on every wall, it's interesting. Lighting is good, you get to see what you are eating (i've seen some dont have enough lighting. Not talking about Dialogue in the dark here, hehe). 

Taste was good, as in ok. I've tasted better biryanis at other places. All and all it was a good experience. Nothing like WOW or Very different. It's a good place, your regular go out and have good food."
REV_06898_C10_A01,REV_06898_C10,REV_06898,Eat India Company,4.0,Ok,,,,,,No Aspect Opinion,descriptive_context,REV_06898_C04_A01,pending,,,,,,,"Factual narrative, procedural action, menu listing, or non-evaluative statement without opinion.",363,365,"Eat India Company (EIC). So this is a very interesting place. You go there, and first impressions very good. When you are seated, you get 3 menu cards, 4 actually. Besides EIC, you are also given the menu of Urban Asia and Tiki Shack. It's all in one place. Now dont be surprised if you go there to have in Urban Asia and are given all three menu cards. HAHA!

Ok. So there was buffet at the EIC. I scanned thru it and they had very good options. There were number of options. Very intriguing. Though i had À la cart. 

Ambience is very good. You want to go and see whats on every wall, it's interesting. Lighting is good, you get to see what you are eating (i've seen some dont have enough lighting. Not talking about Dialogue in the dark here, hehe). 

Taste was good, as in ok. I've tasted better biryanis at other places. All and all it was a good experience. Nothing like WOW or Very different. It's a good place, your regular go out and have good food."
REV_06898_C11_A01,REV_06898_C11,REV_06898,Eat India Company,4.0,So there was buffet at the EIC,,,,,,No Aspect Opinion,descriptive_context,REV_06898_C04_A01,pending,,,,,,,"Factual narrative, procedural action, menu listing, or non-evaluative statement without opinion.",367,397,"Eat India Company (EIC). So this is a very interesting place. You go there, and first impressions very good. When you are seated, you get 3 menu cards, 4 actually. Besides EIC, you are also given the menu of Urban Asia and Tiki Shack. It's all in one place. Now dont be surprised if you go there to have in Urban Asia and are given all three menu cards. HAHA!

Ok. So there was buffet at the EIC. I scanned thru it and they had very good options. There were number of options. Very intriguing. Though i had À la cart. 

Ambience is very good. You want to go and see whats on every wall, it's interesting. Lighting is good, you get to see what you are eating (i've seen some dont have enough lighting. Not talking about Dialogue in the dark here, hehe). 

Taste was good, as in ok. I've tasted better biryanis at other places. All and all it was a good experience. Nothing like WOW or Very different. It's a good place, your regular go out and have good food."
REV_06898_C12_A01,REV_06898_C12,REV_06898,Eat India Company,4.0,I scanned thru it and they had very good options,Food,,very good options,Positive,Menu variety,Annotated,primary_assertion,,pending,,,,,,,"Culinary evaluation (Positive) on food quality, taste, or portion.",399,447,"Eat India Company (EIC). So this is a very interesting place. You go there, and first impressions very good. When you are seated, you get 3 menu cards, 4 actually. Besides EIC, you are also given the menu of Urban Asia and Tiki Shack. It's all in one place. Now dont be surprised if you go there to have in Urban Asia and are given all three menu cards. HAHA!

Ok. So there was buffet at the EIC. I scanned thru it and they had very good options. There were number of options. Very intriguing. Though i had À la cart. 

Ambience is very good. You want to go and see whats on every wall, it's interesting. Lighting is good, you get to see what you are eating (i've seen some dont have enough lighting. Not talking about Dialogue in the dark here, hehe). 

Taste was good, as in ok. I've tasted better biryanis at other places. All and all it was a good experience. Nothing like WOW or Very different. It's a good place, your regular go out and have good food."
REV_06898_C13_A01,REV_06898_C13,REV_06898,Eat India Company,4.0,There were number of options,,,,,,No Aspect Opinion,descriptive_context,REV_06898_C12_A01,pending,,,,,,,"Factual narrative, procedural action, menu listing, or non-evaluative statement without opinion.",449,477,"Eat India Company (EIC). So this is a very interesting place. You go there, and first impressions very good. When you are seated, you get 3 menu cards, 4 actually. Besides EIC, you are also given the menu of Urban Asia and Tiki Shack. It's all in one place. Now dont be surprised if you go there to have in Urban Asia and are given all three menu cards. HAHA!

Ok. So there was buffet at the EIC. I scanned thru it and they had very good options. There were number of options. Very intriguing. Though i had À la cart. 

Ambience is very good. You want to go and see whats on every wall, it's interesting. Lighting is good, you get to see what you are eating (i've seen some dont have enough lighting. Not talking about Dialogue in the dark here, hehe). 

Taste was good, as in ok. I've tasted better biryanis at other places. All and all it was a good experience. Nothing like WOW or Very different. It's a good place, your regular go out and have good food."
REV_06898_C14_A01,REV_06898_C14,REV_06898,Eat India Company,4.0,Very intriguing,General Experience,,intriguing,Positive,Overall Impression,Annotated,primary_assertion,,pending,,,,,,,Holistic evaluation of the restaurant / visit (Positive).,479,494,"Eat India Company (EIC). So this is a very interesting place. You go there, and first impressions very good. When you are seated, you get 3 menu cards, 4 actually. Besides EIC, you are also given the menu of Urban Asia and Tiki Shack. It's all in one place. Now dont be surprised if you go there to have in Urban Asia and are given all three menu cards. HAHA!

Ok. So there was buffet at the EIC. I scanned thru it and they had very good options. There were number of options. Very intriguing. Though i had À la cart. 

Ambience is very good. You want to go and see whats on every wall, it's interesting. Lighting is good, you get to see what you are eating (i've seen some dont have enough lighting. Not talking about Dialogue in the dark here, hehe). 

Taste was good, as in ok. I've tasted better biryanis at other places. All and all it was a good experience. Nothing like WOW or Very different. It's a good place, your regular go out and have good food."
REV_06898_C15_A01,REV_06898_C15,REV_06898,Eat India Company,4.0,Though i had À la cart,,,,,,No Aspect Opinion,descriptive_context,REV_06898_C14_A01,pending,,,,,,,"Factual narrative, procedural action, menu listing, or non-evaluative statement without opinion.",496,518,"Eat India Company (EIC). So this is a very interesting place. You go there, and first impressions very good. When you are seated, you get 3 menu cards, 4 actually. Besides EIC, you are also given the menu of Urban Asia and Tiki Shack. It's all in one place. Now dont be surprised if you go there to have in Urban Asia and are given all three menu cards. HAHA!

Ok. So there was buffet at the EIC. I scanned thru it and they had very good options. There were number of options. Very intriguing. Though i had À la cart. 

Ambience is very good. You want to go and see whats on every wall, it's interesting. Lighting is good, you get to see what you are eating (i've seen some dont have enough lighting. Not talking about Dialogue in the dark here, hehe). 

Taste was good, as in ok. I've tasted better biryanis at other places. All and all it was a good experience. Nothing like WOW or Very different. It's a good place, your regular go out and have good food."
REV_06898_C16_A01,REV_06898_C16,REV_06898,Eat India Company,4.0,Ambience is very good,Ambience,Ambience,good,Positive,Atmosphere,Annotated,primary_assertion,,pending,,,,,,,Ambience evaluation (Positive) regarding environment or facilities.,524,545,"Eat India Company (EIC). So this is a very interesting place. You go there, and first impressions very good. When you are seated, you get 3 menu cards, 4 actually. Besides EIC, you are also given the menu of Urban Asia and Tiki Shack. It's all in one place. Now dont be surprised if you go there to have in Urban Asia and are given all three menu cards. HAHA!

Ok. So there was buffet at the EIC. I scanned thru it and they had very good options. There were number of options. Very intriguing. Though i had À la cart. 

Ambience is very good. You want to go and see whats on every wall, it's interesting. Lighting is good, you get to see what you are eating (i've seen some dont have enough lighting. Not talking about Dialogue in the dark here, hehe). 

Taste was good, as in ok. I've tasted better biryanis at other places. All and all it was a good experience. Nothing like WOW or Very different. It's a good place, your regular go out and have good food."
REV_06898_C17_A01,REV_06898_C17,REV_06898,Eat India Company,4.0,"You want to go and see whats on every wall, it's interesting",,,,,,No Aspect Opinion,descriptive_context,REV_06898_C16_A01,pending,,,,,,,"Factual narrative, procedural action, menu listing, or non-evaluative statement without opinion.",547,607,"Eat India Company (EIC). So this is a very interesting place. You go there, and first impressions very good. When you are seated, you get 3 menu cards, 4 actually. Besides EIC, you are also given the menu of Urban Asia and Tiki Shack. It's all in one place. Now dont be surprised if you go there to have in Urban Asia and are given all three menu cards. HAHA!

Ok. So there was buffet at the EIC. I scanned thru it and they had very good options. There were number of options. Very intriguing. Though i had À la cart. 

Ambience is very good. You want to go and see whats on every wall, it's interesting. Lighting is good, you get to see what you are eating (i've seen some dont have enough lighting. Not talking about Dialogue in the dark here, hehe). 

Taste was good, as in ok. I've tasted better biryanis at other places. All and all it was a good experience. Nothing like WOW or Very different. It's a good place, your regular go out and have good food."
REV_06898_C18_A01,REV_06898_C18,REV_06898,Eat India Company,4.0,"Lighting is good, you get to see what you are eating (i've seen some dont have enough lighting",Ambience,Lighting,Lighting is good,Positive,Atmosphere,Annotated,primary_assertion,,pending,,,,,,,Ambience evaluation (Positive) regarding environment or facilities.,609,703,"Eat India Company (EIC). So this is a very interesting place. You go there, and first impressions very good. When you are seated, you get 3 menu cards, 4 actually. Besides EIC, you are also given the menu of Urban Asia and Tiki Shack. It's all in one place. Now dont be surprised if you go there to have in Urban Asia and are given all three menu cards. HAHA!

Ok. So there was buffet at the EIC. I scanned thru it and they had very good options. There were number of options. Very intriguing. Though i had À la cart. 

Ambience is very good. You want to go and see whats on every wall, it's interesting. Lighting is good, you get to see what you are eating (i've seen some dont have enough lighting. Not talking about Dialogue in the dark here, hehe). 

Taste was good, as in ok. I've tasted better biryanis at other places. All and all it was a good experience. Nothing like WOW or Very different. It's a good place, your regular go out and have good food."
REV_06898_C19_A01,REV_06898_C19,REV_06898,Eat India Company,4.0,"Not talking about Dialogue in the dark here, hehe)",,,,,,No Aspect Opinion,descriptive_context,REV_06898_C18_A01,pending,,,,,,,"Factual narrative, procedural action, menu listing, or non-evaluative statement without opinion.",705,755,"Eat India Company (EIC). So this is a very interesting place. You go there, and first impressions very good. When you are seated, you get 3 menu cards, 4 actually. Besides EIC, you are also given the menu of Urban Asia and Tiki Shack. It's all in one place. Now dont be surprised if you go there to have in Urban Asia and are given all three menu cards. HAHA!

Ok. So there was buffet at the EIC. I scanned thru it and they had very good options. There were number of options. Very intriguing. Though i had À la cart. 

Ambience is very good. You want to go and see whats on every wall, it's interesting. Lighting is good, you get to see what you are eating (i've seen some dont have enough lighting. Not talking about Dialogue in the dark here, hehe). 

Taste was good, as in ok. I've tasted better biryanis at other places. All and all it was a good experience. Nothing like WOW or Very different. It's a good place, your regular go out and have good food."
REV_06898_C20_A01,REV_06898_C20,REV_06898,Eat India Company,4.0,"Taste was good, as in ok",Food,Taste,good,Positive,Taste / Flavor,Annotated,primary_assertion,,pending,,,,,,,"Culinary evaluation (Positive) on food quality, taste, or portion.",761,785,"Eat India Company (EIC). So this is a very interesting place. You go there, and first impressions very good. When you are seated, you get 3 menu cards, 4 actually. Besides EIC, you are also given the menu of Urban Asia and Tiki Shack. It's all in one place. Now dont be surprised if you go there to have in Urban Asia and are given all three menu cards. HAHA!

Ok. So there was buffet at the EIC. I scanned thru it and they had very good options. There were number of options. Very intriguing. Though i had À la cart. 

Ambience is very good. You want to go and see whats on every wall, it's interesting. Lighting is good, you get to see what you are eating (i've seen some dont have enough lighting. Not talking about Dialogue in the dark here, hehe). 

Taste was good, as in ok. I've tasted better biryanis at other places. All and all it was a good experience. Nothing like WOW or Very different. It's a good place, your regular go out and have good food."
REV_06898_C21_A01,REV_06898_C21,REV_06898,Eat India Company,4.0,I've tasted better biryanis at other places,Food,,,Positive,Taste / Flavor,Annotated,primary_assertion,,pending,,,,,,,"Culinary evaluation (Positive) on food quality, taste, or portion.",787,830,"Eat India Company (EIC). So this is a very interesting place. You go there, and first impressions very good. When you are seated, you get 3 menu cards, 4 actually. Besides EIC, you are also given the menu of Urban Asia and Tiki Shack. It's all in one place. Now dont be surprised if you go there to have in Urban Asia and are given all three menu cards. HAHA!

Ok. So there was buffet at the EIC. I scanned thru it and they had very good options. There were number of options. Very intriguing. Though i had À la cart. 

Ambience is very good. You want to go and see whats on every wall, it's interesting. Lighting is good, you get to see what you are eating (i've seen some dont have enough lighting. Not talking about Dialogue in the dark here, hehe). 

Taste was good, as in ok. I've tasted better biryanis at other places. All and all it was a good experience. Nothing like WOW or Very different. It's a good place, your regular go out and have good food."
REV_06898_C22_A01,REV_06898_C22,REV_06898,Eat India Company,4.0,All and all it was a good experience,General Experience,experience,good experience,Positive,Overall Impression,Annotated,primary_assertion,,pending,,,,,,,Holistic evaluation of the restaurant / visit (Positive).,832,868,"Eat India Company (EIC). So this is a very interesting place. You go there, and first impressions very good. When you are seated, you get 3 menu cards, 4 actually. Besides EIC, you are also given the menu of Urban Asia and Tiki Shack. It's all in one place. Now dont be surprised if you go there to have in Urban Asia and are given all three menu cards. HAHA!

Ok. So there was buffet at the EIC. I scanned thru it and they had very good options. There were number of options. Very intriguing. Though i had À la cart. 

Ambience is very good. You want to go and see whats on every wall, it's interesting. Lighting is good, you get to see what you are eating (i've seen some dont have enough lighting. Not talking about Dialogue in the dark here, hehe). 

Taste was good, as in ok. I've tasted better biryanis at other places. All and all it was a good experience. Nothing like WOW or Very different. It's a good place, your regular go out and have good food."
REV_06898_C23_A01,REV_06898_C23,REV_06898,Eat India Company,4.0,Nothing like WOW or Very different,General Experience,,Nothing like WOW,Neutral,Overall Impression,Annotated,primary_assertion,,pending,,,,,,,Holistic evaluation of the restaurant / visit (Neutral).,870,904,"Eat India Company (EIC). So this is a very interesting place. You go there, and first impressions very good. When you are seated, you get 3 menu cards, 4 actually. Besides EIC, you are also given the menu of Urban Asia and Tiki Shack. It's all in one place. Now dont be surprised if you go there to have in Urban Asia and are given all three menu cards. HAHA!

Ok. So there was buffet at the EIC. I scanned thru it and they had very good options. There were number of options. Very intriguing. Though i had À la cart. 

Ambience is very good. You want to go and see whats on every wall, it's interesting. Lighting is good, you get to see what you are eating (i've seen some dont have enough lighting. Not talking about Dialogue in the dark here, hehe). 

Taste was good, as in ok. I've tasted better biryanis at other places. All and all it was a good experience. Nothing like WOW or Very different. It's a good place, your regular go out and have good food."
REV_06898_C24_A01,REV_06898_C24,REV_06898,Eat India Company,4.0,"It's a good place, your regular go out and have good food",Ambience,place,good,Positive,Atmosphere,Annotated,primary_assertion,,pending,,,,,,,Ambience evaluation (Positive) regarding environment or facilities.,906,963,"Eat India Company (EIC). So this is a very interesting place. You go there, and first impressions very good. When you are seated, you get 3 menu cards, 4 actually. Besides EIC, you are also given the menu of Urban Asia and Tiki Shack. It's all in one place. Now dont be surprised if you go there to have in Urban Asia and are given all three menu cards. HAHA!

Ok. So there was buffet at the EIC. I scanned thru it and they had very good options. There were number of options. Very intriguing. Though i had À la cart. 

Ambience is very good. You want to go and see whats on every wall, it's interesting. Lighting is good, you get to see what you are eating (i've seen some dont have enough lighting. Not talking about Dialogue in the dark here, hehe). 

Taste was good, as in ok. I've tasted better biryanis at other places. All and all it was a good experience. Nothing like WOW or Very different. It's a good place, your regular go out and have good food."
REV_07067_C01_A01,REV_07067_C01,REV_07067,Labonel,4.5,Hands down the best cup cakes and brownies in Hyderabad,Food,cup cakes,best cup cakes and brownies,Positive,Taste / Flavor,Annotated,primary_assertion,,pending,,,,,,,"Culinary evaluation (Positive) on food quality, taste, or portion.",0,55,Hands down the best cup cakes and brownies in Hyderabad. They don't compromise on quality and you can feel that in the rich flavors and amazing taste. We had even ordered a cake from their for one of our directors birthday and good did that cake fly after it was cut. Pricing is a bit on the higher side but totally worth it.
REV_07067_C02_A01,REV_07067_C02,REV_07067,Labonel,4.5,They don't compromise on quality and you can feel that in the rich flavors and amazing taste,Food,taste,amazing,Positive,Taste / Flavor,Annotated,primary_assertion,,pending,,,,,,,"Culinary evaluation (Positive) on food quality, taste, or portion.",57,149,Hands down the best cup cakes and brownies in Hyderabad. They don't compromise on quality and you can feel that in the rich flavors and amazing taste. We had even ordered a cake from their for one of our directors birthday and good did that cake fly after it was cut. Pricing is a bit on the higher side but totally worth it.
REV_07067_C03_A01,REV_07067_C03,REV_07067,Labonel,4.5,We had even ordered a cake from their for one of our directors birthday and good did that cake fly after it was cut,General Experience,,good,Positive,Overall Impression,Annotated,primary_assertion,,pending,,,,,,,Positive appraisal targeting 'General Experience'.,151,266,Hands down the best cup cakes and brownies in Hyderabad. They don't compromise on quality and you can feel that in the rich flavors and amazing taste. We had even ordered a cake from their for one of our directors birthday and good did that cake fly after it was cut. Pricing is a bit on the higher side but totally worth it.
REV_07067_C04_A01,REV_07067_C04,REV_07067,Labonel,4.5,Pricing is a bit on the higher side,Price / Value,Pricing,on the higher side,Negative,Pricing / Overpriced,Annotated,primary_assertion,,pending,,,,,,,Pricing / financial evaluation (Negative).,268,303,Hands down the best cup cakes and brownies in Hyderabad. They don't compromise on quality and you can feel that in the rich flavors and amazing taste. We had even ordered a cake from their for one of our directors birthday and good did that cake fly after it was cut. Pricing is a bit on the higher side but totally worth it.
REV_07067_C05_A01,REV_07067_C05,REV_07067,Labonel,4.5,totally worth it,Price / Value,,totally worth it,Positive,Value for money,Annotated,primary_assertion,,pending,,,,,,,Pricing / financial evaluation (Positive).,308,324,Hands down the best cup cakes and brownies in Hyderabad. They don't compromise on quality and you can feel that in the rich flavors and amazing taste. We had even ordered a cake from their for one of our directors birthday and good did that cake fly after it was cut. Pricing is a bit on the higher side but totally worth it.
REV_07086_C01_A01,REV_07086_C01,REV_07086,Driven Cafe,3.0,"The interior arrangement and design suits the name 'driven', many bike models along with bike related stuffs",Ambience,interior,,Positive,Atmosphere,Annotated,primary_assertion,,pending,,,,,,,Ambience evaluation (Positive) regarding environment or facilities.,0,108,"The interior arrangement and design suits the name 'driven', many bike models along with bike related stuffs. Location wise it's placed at good and well communicated area. Coffee collections are remarkable. I have a good experience ans would suggest if you are around the place then visit once along with friends."
REV_07086_C02_A01,REV_07086_C02,REV_07086,Driven Cafe,3.0,Location wise it's placed at good and well communicated area,General Experience,,good,Positive,Overall Impression,Annotated,primary_assertion,,pending,,,,,,,Positive appraisal targeting 'General Experience'.,110,170,"The interior arrangement and design suits the name 'driven', many bike models along with bike related stuffs. Location wise it's placed at good and well communicated area. Coffee collections are remarkable. I have a good experience ans would suggest if you are around the place then visit once along with friends."
REV_07086_C03_A01,REV_07086_C03,REV_07086,Driven Cafe,3.0,Coffee collections are remarkable,Food,Coffee,remarkable,Positive,Taste / Flavor,Annotated,primary_assertion,,pending,,,,,,,"Culinary evaluation (Positive) on food quality, taste, or portion.",172,205,"The interior arrangement and design suits the name 'driven', many bike models along with bike related stuffs. Location wise it's placed at good and well communicated area. Coffee collections are remarkable. I have a good experience ans would suggest if you are around the place then visit once along with friends."
REV_07086_C04_A01,REV_07086_C04,REV_07086,Driven Cafe,3.0,I have a good experience ans would suggest if you are around the place then visit once along with friends,Ambience,place,good,Positive,Atmosphere,Annotated,primary_assertion,,pending,,,,,,,Ambience evaluation (Positive) regarding environment or facilities.,207,312,"The interior arrangement and design suits the name 'driven', many bike models along with bike related stuffs. Location wise it's placed at good and well communicated area. Coffee collections are remarkable. I have a good experience ans would suggest if you are around the place then visit once along with friends."
REV_07231_C01_A01,REV_07231_C01,REV_07231,Faasos,3.0,I hace tried faasos a multiple times,,,,,,No Aspect Opinion,independent,,pending,,,,,,,"Factual narrative, procedural action, menu listing, or non-evaluative statement without opinion.",0,36,I hace tried faasos a multiple times. I got two wraps through a food review programme. The cheesy melt paneer wrap wasn't cheesy at all. The jumbo chicken wrap was good quantity wise but was very spicy.
REV_07231_C02_A01,REV_07231_C02,REV_07231,Faasos,3.0,I got two wraps through a food review programme,,,,,,No Aspect Opinion,independent,,pending,,,,,,,"Factual narrative, procedural action, menu listing, or non-evaluative statement without opinion.",38,85,I hace tried faasos a multiple times. I got two wraps through a food review programme. The cheesy melt paneer wrap wasn't cheesy at all. The jumbo chicken wrap was good quantity wise but was very spicy.
REV_07231_C03_A01,REV_07231_C03,REV_07231,Faasos,3.0,The cheesy melt paneer wrap wasn't cheesy at all,Food,wrap,cheesy,Negative,Taste / Flavor,Annotated,primary_assertion,,pending,,,,,,,"Culinary evaluation (Negative) on food quality, taste, or portion.",87,135,I hace tried faasos a multiple times. I got two wraps through a food review programme. The cheesy melt paneer wrap wasn't cheesy at all. The jumbo chicken wrap was good quantity wise but was very spicy.
REV_07231_C04_A01,REV_07231_C04,REV_07231,Faasos,3.0,The jumbo chicken wrap was good quantity wise,Food,chicken,good,Positive,Portion size,Annotated,primary_assertion,,pending,,,,,,,"Culinary evaluation (Positive) on food quality, taste, or portion.",137,182,I hace tried faasos a multiple times. I got two wraps through a food review programme. The cheesy melt paneer wrap wasn't cheesy at all. The jumbo chicken wrap was good quantity wise but was very spicy.
REV_07231_C05_A01,REV_07231_C05,REV_07231,Faasos,3.0,was very spicy,Food,,,Positive,Taste / Flavor,Annotated,primary_assertion,,pending,,,,,,,"Culinary evaluation (Positive) on food quality, taste, or portion.",187,201,I hace tried faasos a multiple times. I got two wraps through a food review programme. The cheesy melt paneer wrap wasn't cheesy at all. The jumbo chicken wrap was good quantity wise but was very spicy.
REV_07310_C01_A01,REV_07310_C01,REV_07310,Royal Spicy Restaurant,3.0,average,General Experience,,average,Neutral,Overall Impression,Annotated,primary_assertion,,pending,,,,,,,Holistic evaluation of the restaurant / visit (Neutral).,0,7,average
REV_07435_C01_A01,REV_07435_C01,REV_07435,The Old Madras Baking Company,4.0,I have been here twice and both the times for breakfast,,,,,,No Aspect Opinion,independent,,pending,,,,,,,"Factual narrative, procedural action, menu listing, or non-evaluative statement without opinion.",0,55,I have been here twice and both the times for breakfast.... and I must say I love what they cook. Their bakery is fresh and a pure delight. Size of sandwiches is huge. omelettes are interesting and tasty.
REV_07435_C02_A01,REV_07435_C02,REV_07435,The Old Madras Baking Company,4.0,and I must say I love what they cook,Food,,love what they cook,Positive,Taste / Flavor,Annotated,primary_assertion,,pending,,,,,,,"Culinary evaluation (Positive) on food quality, taste, or portion.",60,96,I have been here twice and both the times for breakfast.... and I must say I love what they cook. Their bakery is fresh and a pure delight. Size of sandwiches is huge. omelettes are interesting and tasty.
REV_07435_C03_A01,REV_07435_C03,REV_07435,The Old Madras Baking Company,4.0,Their bakery is fresh and a pure delight,Food,,fresh,Positive,Freshness,Annotated,primary_assertion,,pending,,,,,,,"Culinary evaluation (Positive) on food quality, taste, or portion.",98,138,I have been here twice and both the times for breakfast.... and I must say I love what they cook. Their bakery is fresh and a pure delight. Size of sandwiches is huge. omelettes are interesting and tasty.
REV_07435_C04_A01,REV_07435_C04,REV_07435,The Old Madras Baking Company,4.0,Size of sandwiches is huge,Food,,,Positive,Portion size,Annotated,primary_assertion,,pending,,,,,,,"Culinary evaluation (Positive) on food quality, taste, or portion.",140,166,I have been here twice and both the times for breakfast.... and I must say I love what they cook. Their bakery is fresh and a pure delight. Size of sandwiches is huge. omelettes are interesting and tasty.
REV_07435_C05_A01,REV_07435_C05,REV_07435,The Old Madras Baking Company,4.0,omelettes are interesting and tasty,Food,,interesting,Positive,Taste / Flavor,Annotated,primary_assertion,,pending,,,,,,,"Culinary evaluation (Positive) on food quality, taste, or portion.",168,203,I have been here twice and both the times for breakfast.... and I must say I love what they cook. Their bakery is fresh and a pure delight. Size of sandwiches is huge. omelettes are interesting and tasty.
REV_07478_C01_A01,REV_07478_C01,REV_07478,Squeeze @ The Lime,5.0,It's very nice experiance,General Experience,,nice,Positive,Overall Impression,Annotated,primary_assertion,,pending,,,,,,,Positive appraisal targeting 'General Experience'.,0,25,"It's very nice experiance. Very good environment
Food is good. Simply supebb, arrangement is very nice. Very friendly environment. Whole our had enjoyed a lot"
REV_07478_C02_A01,REV_07478_C02,REV_07478,Squeeze @ The Lime,5.0,Very good environment,Ambience,environment,good,Positive,Atmosphere,Annotated,primary_assertion,,pending,,,,,,,Ambience evaluation (Positive) regarding environment or facilities.,27,48,"It's very nice experiance. Very good environment
Food is good. Simply supebb, arrangement is very nice. Very friendly environment. Whole our had enjoyed a lot"
REV_07478_C03_A01,REV_07478_C03,REV_07478,Squeeze @ The Lime,5.0,Food is good,Food,Food,good,Positive,Taste / Flavor,Annotated,primary_assertion,,pending,,,,,,,"Culinary evaluation (Positive) on food quality, taste, or portion.",50,62,"It's very nice experiance. Very good environment
Food is good. Simply supebb, arrangement is very nice. Very friendly environment. Whole our had enjoyed a lot"
REV_07478_C04_A01,REV_07478_C04,REV_07478,Squeeze @ The Lime,5.0,"Simply supebb, arrangement is very nice",General Experience,,nice,Positive,Overall Impression,Annotated,primary_assertion,,pending,,,,,,,Positive appraisal targeting 'General Experience'.,64,103,"It's very nice experiance. Very good environment
Food is good. Simply supebb, arrangement is very nice. Very friendly environment. Whole our had enjoyed a lot"
REV_07478_C05_A01,REV_07478_C05,REV_07478,Squeeze @ The Lime,5.0,Very friendly environment,Ambience,environment,friendly,Positive,Atmosphere,Annotated,primary_assertion,,pending,,,,,,,Ambience evaluation (Positive) regarding environment or facilities.,105,130,"It's very nice experiance. Very good environment
Food is good. Simply supebb, arrangement is very nice. Very friendly environment. Whole our had enjoyed a lot"
REV_07478_C06_A01,REV_07478_C06,REV_07478,Squeeze @ The Lime,5.0,Whole our had enjoyed a lot,General Experience,,enjoyed a lot,Positive,Overall Impression,Annotated,primary_assertion,,pending,,,,,,,Holistic evaluation of the restaurant / visit (Positive).,132,159,"It's very nice experiance. Very good environment
Food is good. Simply supebb, arrangement is very nice. Very friendly environment. Whole our had enjoyed a lot"
REV_07583_C01_A01,REV_07583_C01,REV_07583,Khaan Saab,2.0,"It was a bad experience on a saturday night after the DJ snake event we were all starving, we ended up this place",General Experience,experience,bad,Negative,Overall Impression,Annotated,primary_assertion,,pending,,,,,,,Negative evaluation targeting 'experience'.,0,113,"It was a bad experience on a saturday night after the DJ snake event we were all starving, we ended up this place. We ordered mutton kheema, Mutton biryani and subz veg biryani which was in lucknowi style and not at all good. Those who prefer hydrabadi style biryani please stay out of this place. Ambience is also not at all good when compared to Bankara Hills Khaan Saab. Not a place to visit again, so guys think more than twice before visiting this place. 
Service 3
Food 2
Ambience 2.5"
REV_07583_C02_A01,REV_07583_C02,REV_07583,Khaan Saab,2.0,"We ordered mutton kheema, Mutton biryani and subz veg biryani which was in lucknowi style and not at all good",Food,mutton,good,Positive,Taste / Flavor,Annotated,primary_assertion,,pending,,,,,,,"Culinary evaluation (Positive) on food quality, taste, or portion.",115,224,"It was a bad experience on a saturday night after the DJ snake event we were all starving, we ended up this place. We ordered mutton kheema, Mutton biryani and subz veg biryani which was in lucknowi style and not at all good. Those who prefer hydrabadi style biryani please stay out of this place. Ambience is also not at all good when compared to Bankara Hills Khaan Saab. Not a place to visit again, so guys think more than twice before visiting this place. 
Service 3
Food 2
Ambience 2.5"
REV_07583_C03_A01,REV_07583_C03,REV_07583,Khaan Saab,2.0,Those who prefer hydrabadi style biryani please stay out of this place,General Experience,stay,stay out of this place,Negative,Recommendation,Annotated,primary_assertion,,pending,,,,,,,Holistic evaluation of the restaurant / visit (Negative).,226,296,"It was a bad experience on a saturday night after the DJ snake event we were all starving, we ended up this place. We ordered mutton kheema, Mutton biryani and subz veg biryani which was in lucknowi style and not at all good. Those who prefer hydrabadi style biryani please stay out of this place. Ambience is also not at all good when compared to Bankara Hills Khaan Saab. Not a place to visit again, so guys think more than twice before visiting this place. 
Service 3
Food 2
Ambience 2.5"
REV_07583_C04_A01,REV_07583_C04,REV_07583,Khaan Saab,2.0,Ambience is also not at all good when compared to Bankara Hills Khaan Saab,Ambience,Ambience,good,Positive,Atmosphere,Annotated,primary_assertion,,pending,,,,,,,Ambience evaluation (Positive) regarding environment or facilities.,298,372,"It was a bad experience on a saturday night after the DJ snake event we were all starving, we ended up this place. We ordered mutton kheema, Mutton biryani and subz veg biryani which was in lucknowi style and not at all good. Those who prefer hydrabadi style biryani please stay out of this place. Ambience is also not at all good when compared to Bankara Hills Khaan Saab. Not a place to visit again, so guys think more than twice before visiting this place. 
Service 3
Food 2
Ambience 2.5"
REV_07583_C05_A01,REV_07583_C05,REV_07583,Khaan Saab,2.0,"Not a place to visit again, so guys think more than twice before visiting this place",General Experience,place,visit again,Positive,Recommendation,Annotated,primary_assertion,,pending,,,,,,,Holistic evaluation of the restaurant / visit (Positive).,374,458,"It was a bad experience on a saturday night after the DJ snake event we were all starving, we ended up this place. We ordered mutton kheema, Mutton biryani and subz veg biryani which was in lucknowi style and not at all good. Those who prefer hydrabadi style biryani please stay out of this place. Ambience is also not at all good when compared to Bankara Hills Khaan Saab. Not a place to visit again, so guys think more than twice before visiting this place. 
Service 3
Food 2
Ambience 2.5"
REV_07583_C06_A01,REV_07583_C06,REV_07583,Khaan Saab,2.0,Service 3,Service,Service,3,Neutral,Staff hospitality,Annotated,primary_assertion,,pending,,,,,,,Explicit quantitative score '3' (Neutral) assigned to Service.,462,471,"It was a bad experience on a saturday night after the DJ snake event we were all starving, we ended up this place. We ordered mutton kheema, Mutton biryani and subz veg biryani which was in lucknowi style and not at all good. Those who prefer hydrabadi style biryani please stay out of this place. Ambience is also not at all good when compared to Bankara Hills Khaan Saab. Not a place to visit again, so guys think more than twice before visiting this place. 
Service 3
Food 2
Ambience 2.5"
REV_07583_C07_A01,REV_07583_C07,REV_07583,Khaan Saab,2.0,Food 2,Food,Food,2,Negative,Food quality,Annotated,primary_assertion,,pending,,,,,,,Explicit quantitative score '2' (Negative) assigned to Food.,473,479,"It was a bad experience on a saturday night after the DJ snake event we were all starving, we ended up this place. We ordered mutton kheema, Mutton biryani and subz veg biryani which was in lucknowi style and not at all good. Those who prefer hydrabadi style biryani please stay out of this place. Ambience is also not at all good when compared to Bankara Hills Khaan Saab. Not a place to visit again, so guys think more than twice before visiting this place. 
Service 3
Food 2
Ambience 2.5"
REV_07583_C08_A01,REV_07583_C08,REV_07583,Khaan Saab,2.0,Ambience 2.5,Ambience,Ambience,2.5,Negative,Atmosphere,Annotated,primary_assertion,,pending,,,,,,,Explicit quantitative score '2.5' (Negative) assigned to Ambience.,481,493,"It was a bad experience on a saturday night after the DJ snake event we were all starving, we ended up this place. We ordered mutton kheema, Mutton biryani and subz veg biryani which was in lucknowi style and not at all good. Those who prefer hydrabadi style biryani please stay out of this place. Ambience is also not at all good when compared to Bankara Hills Khaan Saab. Not a place to visit again, so guys think more than twice before visiting this place. 
Service 3
Food 2
Ambience 2.5"
REV_07733_C01_A01,REV_07733_C01,REV_07733,Olive Garden,3.0,gajar halwa was bad,Food,halwa,bad,Negative,Taste / Flavor,Annotated,primary_assertion,,pending,,,,,,,"Culinary evaluation (Negative) on food quality, taste, or portion.",0,19,gajar halwa was bad
REV_07796_C01_A01,REV_07796_C01,REV_07796,Tandoori Food Works,4.0,Some great Indian food delivered at my doorstep,Food,food,great,Positive,Taste / Flavor,Annotated,primary_assertion,,pending,,,,,,,"Culinary evaluation (Positive) on food quality, taste, or portion.",0,47,"Some great Indian food delivered at my doorstep.

The Paneer Jahangiri is an absolute favourite with me & my dad being Paneer enthusiasts. Soft and tenddr Paneer and the gravy tasted more of Spinach than colored cream.

Kulchas surprisingly were hot, with a good layering of Masala and were extremely filling. All in all a good little home delivery experience!"
REV_07796_C02_A01,REV_07796_C02,REV_07796,Tandoori Food Works,4.0,The Paneer Jahangiri is an absolute favourite with me & my dad being Paneer enthusiasts,Food,,absolute favourite,Positive,Taste / Flavor,Annotated,primary_assertion,,pending,,,,,,,"Culinary evaluation (Positive) on food quality, taste, or portion.",52,139,"Some great Indian food delivered at my doorstep.

The Paneer Jahangiri is an absolute favourite with me & my dad being Paneer enthusiasts. Soft and tenddr Paneer and the gravy tasted more of Spinach than colored cream.

Kulchas surprisingly were hot, with a good layering of Masala and were extremely filling. All in all a good little home delivery experience!"
REV_07796_C03_A01,REV_07796_C03,REV_07796,Tandoori Food Works,4.0,Soft and tenddr Paneer,Food,,Soft,Positive,Taste / Flavor,Annotated,primary_assertion,,pending,,,,,,,"Culinary evaluation (Positive) on food quality, taste, or portion.",141,163,"Some great Indian food delivered at my doorstep.

The Paneer Jahangiri is an absolute favourite with me & my dad being Paneer enthusiasts. Soft and tenddr Paneer and the gravy tasted more of Spinach than colored cream.

Kulchas surprisingly were hot, with a good layering of Masala and were extremely filling. All in all a good little home delivery experience!"
REV_07796_C04_A01,REV_07796_C04,REV_07796,Tandoori Food Works,4.0,the gravy tasted more of Spinach than colored cream,,,,,,No Aspect Opinion,descriptive_context,REV_07796_C03_A01,pending,,,,,,,"Factual narrative, procedural action, menu listing, or non-evaluative statement without opinion.",168,219,"Some great Indian food delivered at my doorstep.

The Paneer Jahangiri is an absolute favourite with me & my dad being Paneer enthusiasts. Soft and tenddr Paneer and the gravy tasted more of Spinach than colored cream.

Kulchas surprisingly were hot, with a good layering of Masala and were extremely filling. All in all a good little home delivery experience!"
REV_07796_C05_A01,REV_07796_C05,REV_07796,Tandoori Food Works,4.0,"Kulchas surprisingly were hot, with a good layering of Masala and were extremely filling",Food,Kulchas,good,Positive,Portion size,Annotated,primary_assertion,,pending,,,,,,,"Culinary evaluation (Positive) on food quality, taste, or portion.",224,312,"Some great Indian food delivered at my doorstep.

The Paneer Jahangiri is an absolute favourite with me & my dad being Paneer enthusiasts. Soft and tenddr Paneer and the gravy tasted more of Spinach than colored cream.

Kulchas surprisingly were hot, with a good layering of Masala and were extremely filling. All in all a good little home delivery experience!"
REV_07796_C06_A01,REV_07796_C06,REV_07796,Tandoori Food Works,4.0,All in all a good little home delivery experience,General Experience,experience,,Positive,Overall Impression,Annotated,primary_assertion,,pending,,,,,,,Holistic evaluation of the restaurant / visit (Positive).,314,363,"Some great Indian food delivered at my doorstep.

The Paneer Jahangiri is an absolute favourite with me & my dad being Paneer enthusiasts. Soft and tenddr Paneer and the gravy tasted more of Spinach than colored cream.

Kulchas surprisingly were hot, with a good layering of Masala and were extremely filling. All in all a good little home delivery experience!"
REV_07870_C01_A01,REV_07870_C01,REV_07870,Delhi-39,3.0,food was very oily and not much tasty,Food,food,oily,Negative,Taste / Flavor,Annotated,primary_assertion,,pending,,,,,,,"Culinary evaluation (Negative) on food quality, taste, or portion.",0,37,food was very oily and not much tasty
REV_08010_C01_A01,REV_08010_C01,REV_08010,Al Saba Restaurant,3.0,Usually visit this restaurant on Fridays for lunch with office buddies,,,,,,No Aspect Opinion,independent,,pending,,,,,,,"Factual narrative, procedural action, menu listing, or non-evaluative statement without opinion.",0,70,"Usually visit this restaurant on Fridays for lunch with office buddies. The place is packed almost always at lunch time. The food is mostly try your luck kind of a thing can be extremely tasty one day or totally bland at times specially their mutton biryani and tandoori items .
Good value for money but surely needs to improve on customer service and consistency on quality."
REV_08010_C02_A01,REV_08010_C02,REV_08010,Al Saba Restaurant,3.0,The place is packed almost always at lunch time,,,,,,No Aspect Opinion,independent,,pending,,,,,,,"Factual narrative, procedural action, menu listing, or non-evaluative statement without opinion.",72,119,"Usually visit this restaurant on Fridays for lunch with office buddies. The place is packed almost always at lunch time. The food is mostly try your luck kind of a thing can be extremely tasty one day or totally bland at times specially their mutton biryani and tandoori items .
Good value for money but surely needs to improve on customer service and consistency on quality."
REV_08010_C03_A01,REV_08010_C03,REV_08010,Al Saba Restaurant,3.0,The food is mostly try your luck kind of a thing can be extremely tasty one day or totally bland at times specially their mutton biryani and tandoori items,Food,food,bland,Negative,Taste / Flavor,Annotated,primary_assertion,,pending,,,,,,,"Culinary evaluation (Negative) on food quality, taste, or portion.",121,276,"Usually visit this restaurant on Fridays for lunch with office buddies. The place is packed almost always at lunch time. The food is mostly try your luck kind of a thing can be extremely tasty one day or totally bland at times specially their mutton biryani and tandoori items .
Good value for money but surely needs to improve on customer service and consistency on quality."
REV_08010_C04_A01,REV_08010_C04,REV_08010,Al Saba Restaurant,3.0,Good value for money,Price / Value,value,value for money,Positive,Value for money,Annotated,primary_assertion,,pending,,,,,,,Pricing / financial evaluation (Positive).,280,300,"Usually visit this restaurant on Fridays for lunch with office buddies. The place is packed almost always at lunch time. The food is mostly try your luck kind of a thing can be extremely tasty one day or totally bland at times specially their mutton biryani and tandoori items .
Good value for money but surely needs to improve on customer service and consistency on quality."
REV_08010_C05_A01,REV_08010_C05,REV_08010,Al Saba Restaurant,3.0,surely needs to improve on customer service and consistency on quality,Service,service,needs to improve,Negative,Staff courtesy,Annotated,primary_assertion,,pending,,,,,,,Service evaluation (Negative) targeting staff hospitality or turnaround.,305,375,"Usually visit this restaurant on Fridays for lunch with office buddies. The place is packed almost always at lunch time. The food is mostly try your luck kind of a thing can be extremely tasty one day or totally bland at times specially their mutton biryani and tandoori items .
Good value for money but surely needs to improve on customer service and consistency on quality."
REV_08066_C01_A01,REV_08066_C01,REV_08066,GD's,5.0,"Ordered cosmic and galaxy burgers from this place, the taste was distinctly different and delicious is an understatement",Food,burgers,delicious,Positive,Taste / Flavor,Annotated,primary_assertion,,pending,,,,,,,"Culinary evaluation (Positive) on food quality, taste, or portion.",0,120,"Ordered cosmic and galaxy burgers from this place, the taste was distinctly different and delicious is an understatement. The chicken was tandoori style and not a patty so that was one new thing. It was juicy, cheesy and the bread was also fresh. This is the first Indianised burger I had and I am in love with it. The galaxy one of too much for one, it is that filling. The cosmic is also same to taste but can be finished by one. The packaging was good and simple, and the burgers were moderately warm when they were delivered. It was a very good experience😋 please give this place a try."
REV_08066_C02_A01,REV_08066_C02,REV_08066,GD's,5.0,The chicken was tandoori style and not a patty so that was one new thing,,,,,,No Aspect Opinion,descriptive_context,REV_08066_C01_A01,pending,,,,,,,"Factual narrative, procedural action, menu listing, or non-evaluative statement without opinion.",122,194,"Ordered cosmic and galaxy burgers from this place, the taste was distinctly different and delicious is an understatement. The chicken was tandoori style and not a patty so that was one new thing. It was juicy, cheesy and the bread was also fresh. This is the first Indianised burger I had and I am in love with it. The galaxy one of too much for one, it is that filling. The cosmic is also same to taste but can be finished by one. The packaging was good and simple, and the burgers were moderately warm when they were delivered. It was a very good experience😋 please give this place a try."
REV_08066_C03_A01,REV_08066_C03,REV_08066,GD's,5.0,"It was juicy, cheesy and the bread was also fresh",Food,,juicy,Positive,Freshness,Annotated,primary_assertion,,pending,,,,,,,"Culinary evaluation (Positive) on food quality, taste, or portion.",196,245,"Ordered cosmic and galaxy burgers from this place, the taste was distinctly different and delicious is an understatement. The chicken was tandoori style and not a patty so that was one new thing. It was juicy, cheesy and the bread was also fresh. This is the first Indianised burger I had and I am in love with it. The galaxy one of too much for one, it is that filling. The cosmic is also same to taste but can be finished by one. The packaging was good and simple, and the burgers were moderately warm when they were delivered. It was a very good experience😋 please give this place a try."
REV_08066_C04_A01,REV_08066_C04,REV_08066,GD's,5.0,This is the first Indianised burger I had,,,,,,No Aspect Opinion,descriptive_context,REV_08066_C03_A01,pending,,,,,,,"Factual narrative, procedural action, menu listing, or non-evaluative statement without opinion.",247,288,"Ordered cosmic and galaxy burgers from this place, the taste was distinctly different and delicious is an understatement. The chicken was tandoori style and not a patty so that was one new thing. It was juicy, cheesy and the bread was also fresh. This is the first Indianised burger I had and I am in love with it. The galaxy one of too much for one, it is that filling. The cosmic is also same to taste but can be finished by one. The packaging was good and simple, and the burgers were moderately warm when they were delivered. It was a very good experience😋 please give this place a try."
REV_08066_C05_A01,REV_08066_C05,REV_08066,GD's,5.0,I am in love with it,Food,,in love with it,Positive,Taste / Flavor,Annotated,primary_assertion,,pending,,,,,,,"Culinary evaluation (Positive) on food quality, taste, or portion.",293,313,"Ordered cosmic and galaxy burgers from this place, the taste was distinctly different and delicious is an understatement. The chicken was tandoori style and not a patty so that was one new thing. It was juicy, cheesy and the bread was also fresh. This is the first Indianised burger I had and I am in love with it. The galaxy one of too much for one, it is that filling. The cosmic is also same to taste but can be finished by one. The packaging was good and simple, and the burgers were moderately warm when they were delivered. It was a very good experience😋 please give this place a try."
REV_08066_C06_A01,REV_08066_C06,REV_08066,GD's,5.0,"The galaxy one of too much for one, it is that filling",Food,,,Positive,Portion size,Annotated,primary_assertion,,pending,,,,,,,"Culinary evaluation (Positive) on food quality, taste, or portion.",315,369,"Ordered cosmic and galaxy burgers from this place, the taste was distinctly different and delicious is an understatement. The chicken was tandoori style and not a patty so that was one new thing. It was juicy, cheesy and the bread was also fresh. This is the first Indianised burger I had and I am in love with it. The galaxy one of too much for one, it is that filling. The cosmic is also same to taste but can be finished by one. The packaging was good and simple, and the burgers were moderately warm when they were delivered. It was a very good experience😋 please give this place a try."
REV_08066_C07_A01,REV_08066_C07,REV_08066,GD's,5.0,The cosmic is also same to taste,,,,,,No Aspect Opinion,descriptive_context,REV_08066_C06_A01,pending,,,,,,,"Factual narrative, procedural action, menu listing, or non-evaluative statement without opinion.",371,403,"Ordered cosmic and galaxy burgers from this place, the taste was distinctly different and delicious is an understatement. The chicken was tandoori style and not a patty so that was one new thing. It was juicy, cheesy and the bread was also fresh. This is the first Indianised burger I had and I am in love with it. The galaxy one of too much for one, it is that filling. The cosmic is also same to taste but can be finished by one. The packaging was good and simple, and the burgers were moderately warm when they were delivered. It was a very good experience😋 please give this place a try."
REV_08066_C08_A01,REV_08066_C08,REV_08066,GD's,5.0,can be finished by one,,,,,,No Aspect Opinion,descriptive_context,REV_08066_C06_A01,pending,,,,,,,"Factual narrative, procedural action, menu listing, or non-evaluative statement without opinion.",408,430,"Ordered cosmic and galaxy burgers from this place, the taste was distinctly different and delicious is an understatement. The chicken was tandoori style and not a patty so that was one new thing. It was juicy, cheesy and the bread was also fresh. This is the first Indianised burger I had and I am in love with it. The galaxy one of too much for one, it is that filling. The cosmic is also same to taste but can be finished by one. The packaging was good and simple, and the burgers were moderately warm when they were delivered. It was a very good experience😋 please give this place a try."
REV_08066_C09_A01,REV_08066_C09,REV_08066,GD's,5.0,The packaging was good and simple,Service,,packaging was good,Positive,Staff courtesy,Annotated,primary_assertion,,pending,,,,,,,Service evaluation (Positive) targeting staff hospitality or turnaround.,432,465,"Ordered cosmic and galaxy burgers from this place, the taste was distinctly different and delicious is an understatement. The chicken was tandoori style and not a patty so that was one new thing. It was juicy, cheesy and the bread was also fresh. This is the first Indianised burger I had and I am in love with it. The galaxy one of too much for one, it is that filling. The cosmic is also same to taste but can be finished by one. The packaging was good and simple, and the burgers were moderately warm when they were delivered. It was a very good experience😋 please give this place a try."
REV_08066_C10_A01,REV_08066_C10,REV_08066,GD's,5.0,and the burgers were moderately warm when they were delivered,Food,burgers,moderately warm,Positive,Food temperature,Annotated,primary_assertion,,pending,,,,,,,"Culinary evaluation (Positive) on food quality, taste, or portion.",467,528,"Ordered cosmic and galaxy burgers from this place, the taste was distinctly different and delicious is an understatement. The chicken was tandoori style and not a patty so that was one new thing. It was juicy, cheesy and the bread was also fresh. This is the first Indianised burger I had and I am in love with it. The galaxy one of too much for one, it is that filling. The cosmic is also same to taste but can be finished by one. The packaging was good and simple, and the burgers were moderately warm when they were delivered. It was a very good experience😋 please give this place a try."
REV_08066_C11_A01,REV_08066_C11,REV_08066,GD's,5.0,It was a very good experience😋 please give this place a try,Ambience,place,good,Positive,Atmosphere,Annotated,primary_assertion,,pending,,,,,,,Ambience evaluation (Positive) regarding environment or facilities.,530,589,"Ordered cosmic and galaxy burgers from this place, the taste was distinctly different and delicious is an understatement. The chicken was tandoori style and not a patty so that was one new thing. It was juicy, cheesy and the bread was also fresh. This is the first Indianised burger I had and I am in love with it. The galaxy one of too much for one, it is that filling. The cosmic is also same to taste but can be finished by one. The packaging was good and simple, and the burgers were moderately warm when they were delivered. It was a very good experience😋 please give this place a try."
REV_08213_C01_A01,REV_08213_C01,REV_08213,T Grill,4.0,Great value for money spent,Price / Value,value,value for money,Positive,Value for money,Annotated,primary_assertion,,pending,,,,,,,Pricing / financial evaluation (Positive).,0,27,"Great value for money spent. Natural ambience, felt happy spending the time.

Ambience - 5
Food - 4
Photographic location - 4

Loved it👌

#Eat what you can"
REV_08213_C02_A01,REV_08213_C02,REV_08213,T Grill,4.0,Natural ambience,Ambience,ambience,Natural,Positive,Atmosphere,Annotated,primary_assertion,,pending,,,,,,,Ambience evaluation (Positive) regarding environment or facilities.,29,45,"Great value for money spent. Natural ambience, felt happy spending the time.

Ambience - 5
Food - 4
Photographic location - 4

Loved it👌

#Eat what you can"
REV_08213_C03_A01,REV_08213_C03,REV_08213,T Grill,4.0,felt happy spending the time,General Experience,,felt happy,Positive,Overall Impression,Annotated,primary_assertion,,pending,,,,,,,Holistic evaluation of the restaurant / visit (Positive).,47,75,"Great value for money spent. Natural ambience, felt happy spending the time.

Ambience - 5
Food - 4
Photographic location - 4

Loved it👌

#Eat what you can"
REV_08213_C04_A01,REV_08213_C04,REV_08213,T Grill,4.0,Ambience,,,,,,No Aspect Opinion,descriptive_context,REV_08213_C03_A01,pending,,,,,,,"Factual narrative, procedural action, menu listing, or non-evaluative statement without opinion.",80,88,"Great value for money spent. Natural ambience, felt happy spending the time.

Ambience - 5
Food - 4
Photographic location - 4

Loved it👌

#Eat what you can"
REV_08213_C05_A01,REV_08213_C05,REV_08213,T Grill,4.0,5,,,,,,No Aspect Opinion,descriptive_context,REV_08213_C03_A01,pending,,,,,,,"Factual narrative, procedural action, menu listing, or non-evaluative statement without opinion.",91,92,"Great value for money spent. Natural ambience, felt happy spending the time.

Ambience - 5
Food - 4
Photographic location - 4

Loved it👌

#Eat what you can"
REV_08213_C06_A01,REV_08213_C06,REV_08213,T Grill,4.0,Food,,,,,,No Aspect Opinion,descriptive_context,REV_08213_C03_A01,pending,,,,,,,"Factual narrative, procedural action, menu listing, or non-evaluative statement without opinion.",94,98,"Great value for money spent. Natural ambience, felt happy spending the time.

Ambience - 5
Food - 4
Photographic location - 4

Loved it👌

#Eat what you can"
REV_08213_C07_A01,REV_08213_C07,REV_08213,T Grill,4.0,4,,,,,,No Aspect Opinion,descriptive_context,REV_08213_C03_A01,pending,,,,,,,"Factual narrative, procedural action, menu listing, or non-evaluative statement without opinion.",101,102,"Great value for money spent. Natural ambience, felt happy spending the time.

Ambience - 5
Food - 4
Photographic location - 4

Loved it👌

#Eat what you can"
REV_08213_C08_A01,REV_08213_C08,REV_08213,T Grill,4.0,Photographic location,Ambience,,,Positive,Atmosphere,Annotated,primary_assertion,,pending,,,,,,,Ambience evaluation (Positive) regarding environment or facilities.,104,125,"Great value for money spent. Natural ambience, felt happy spending the time.

Ambience - 5
Food - 4
Photographic location - 4

Loved it👌

#Eat what you can"
REV_08213_C09_A01,REV_08213_C09,REV_08213,T Grill,4.0,4,,,,,,No Aspect Opinion,descriptive_context,REV_08213_C08_A01,pending,,,,,,,"Factual narrative, procedural action, menu listing, or non-evaluative statement without opinion.",128,129,"Great value for money spent. Natural ambience, felt happy spending the time.

Ambience - 5
Food - 4
Photographic location - 4

Loved it👌

#Eat what you can"
REV_08213_C10_A01,REV_08213_C10,REV_08213,T Grill,4.0,Loved it👌,General Experience,,Loved it,Positive,Overall Impression,Annotated,primary_assertion,,pending,,,,,,,Holistic evaluation of the restaurant / visit (Positive).,133,142,"Great value for money spent. Natural ambience, felt happy spending the time.

Ambience - 5
Food - 4
Photographic location - 4

Loved it👌

#Eat what you can"
REV_08213_C11_A01,REV_08213_C11,REV_08213,T Grill,4.0,#Eat what you can,,,,,,No Aspect Opinion,descriptive_context,REV_08213_C10_A01,pending,,,,,,,"Factual narrative, procedural action, menu listing, or non-evaluative statement without opinion.",146,163,"Great value for money spent. Natural ambience, felt happy spending the time.

Ambience - 5
Food - 4
Photographic location - 4

Loved it👌

#Eat what you can"
REV_08253_C01_A01,REV_08253_C01,REV_08253,Momos Delight,1.0,"if there was minus rating, I would have given that",General Experience,,minus rating,Negative,Overall Impression,Annotated,primary_assertion,,pending,,,,,,,Holistic evaluation of the restaurant / visit (Negative).,0,50,"if there was minus rating, I would have given that.
Momos were cold."
REV_08253_C02_A01,REV_08253_C02,REV_08253,Momos Delight,1.0,Momos were cold,Food,Momos,cold,Negative,Food temperature,Annotated,primary_assertion,,pending,,,,,,,"Culinary evaluation (Negative) on food quality, taste, or portion.",53,68,"if there was minus rating, I would have given that.
Momos were cold."
REV_08313_C01_A01,REV_08313_C01,REV_08313,The Chocolate Room,2.0,In general my experience with the chocolate room was not up to the mark,,,,,,No Aspect Opinion,independent,,pending,,,,,,,"Factual narrative, procedural action, menu listing, or non-evaluative statement without opinion.",0,71,"In general my experience with the chocolate room was not up to the mark.
I had oreo cookie shake and KitKat shake at two separate visits. Both tasted bland and I couldnt quite get the crispyness of oreo and flavour of the KitKat.
I hope they improve .."
REV_08313_C02_A01,REV_08313_C02,REV_08313,The Chocolate Room,2.0,I had oreo cookie shake and KitKat shake at two separate visits,,,,,,No Aspect Opinion,independent,,pending,,,,,,,"Factual narrative, procedural action, menu listing, or non-evaluative statement without opinion.",74,137,"In general my experience with the chocolate room was not up to the mark.
I had oreo cookie shake and KitKat shake at two separate visits. Both tasted bland and I couldnt quite get the crispyness of oreo and flavour of the KitKat.
I hope they improve .."
REV_08313_C03_A01,REV_08313_C03,REV_08313,The Chocolate Room,2.0,Both tasted bland and I couldnt quite get the crispyness of oreo and flavour of the KitKat,Food,flavour,bland,Negative,Taste / Flavor,Annotated,primary_assertion,,pending,,,,,,,"Culinary evaluation (Negative) on food quality, taste, or portion.",139,229,"In general my experience with the chocolate room was not up to the mark.
I had oreo cookie shake and KitKat shake at two separate visits. Both tasted bland and I couldnt quite get the crispyness of oreo and flavour of the KitKat.
I hope they improve .."
REV_08313_C04_A01,REV_08313_C04,REV_08313,The Chocolate Room,2.0,I hope they improve,,,,,,No Aspect Opinion,descriptive_context,REV_08313_C03_A01,pending,,,,,,,"Factual narrative, procedural action, menu listing, or non-evaluative statement without opinion.",232,251,"In general my experience with the chocolate room was not up to the mark.
I had oreo cookie shake and KitKat shake at two separate visits. Both tasted bland and I couldnt quite get the crispyness of oreo and flavour of the KitKat.
I hope they improve .."
REV_08407_C01_A01,REV_08407_C01,REV_08407,American Wild Wings,5.0,"found them on Zomato website, a very interesting to say that this restaurant carved a niche in serving juicy  chicken wings with wide spread of 10 to 12 sauces especially Texas BBQ, Spicy garlic too yummy and spicy like Original hot and Amazon wild comes in to top of mind",Food,chicken,interesting,Positive,Food temperature,Annotated,primary_assertion,,pending,,,,,,,"Culinary evaluation (Positive) on food quality, taste, or portion.",0,272,"found them on Zomato website, a very interesting to say that this restaurant carved a niche in serving juicy  chicken wings with wide spread of 10 to 12 sauces especially Texas BBQ, Spicy garlic too yummy and spicy like Original hot and Amazon wild comes in to top of mind. Did ordered their bulk wings of 20 pieces and chicken drum sticks tossed with theses sauces were amazing. Dyna pasta served here  with white sauce is a perfect balance with a little spicy. Over all they have apt combination of mojitos like lemonade and strawberry one can have a very good combo. Biryanis served here us very special like Wings Biryani and drum sticks have a large quantity matched quality as well. over all its a best and only to discover a new taste of their popular chicken wings at a very reasonable place."
REV_08407_C02_A01,REV_08407_C02,REV_08407,American Wild Wings,5.0,Did ordered their bulk wings of 20 pieces and chicken drum sticks tossed with theses sauces were amazing,Food,chicken,amazing,Positive,Taste / Flavor,Annotated,primary_assertion,,pending,,,,,,,"Culinary evaluation (Positive) on food quality, taste, or portion.",274,378,"found them on Zomato website, a very interesting to say that this restaurant carved a niche in serving juicy  chicken wings with wide spread of 10 to 12 sauces especially Texas BBQ, Spicy garlic too yummy and spicy like Original hot and Amazon wild comes in to top of mind. Did ordered their bulk wings of 20 pieces and chicken drum sticks tossed with theses sauces were amazing. Dyna pasta served here  with white sauce is a perfect balance with a little spicy. Over all they have apt combination of mojitos like lemonade and strawberry one can have a very good combo. Biryanis served here us very special like Wings Biryani and drum sticks have a large quantity matched quality as well. over all its a best and only to discover a new taste of their popular chicken wings at a very reasonable place."
REV_08407_C03_A01,REV_08407_C03,REV_08407,American Wild Wings,5.0,Dyna pasta served here  with white sauce is a perfect balance with a little spicy,Food,pasta,,Positive,Taste / Flavor,Annotated,primary_assertion,,pending,,,,,,,"Culinary evaluation (Positive) on food quality, taste, or portion.",380,461,"found them on Zomato website, a very interesting to say that this restaurant carved a niche in serving juicy  chicken wings with wide spread of 10 to 12 sauces especially Texas BBQ, Spicy garlic too yummy and spicy like Original hot and Amazon wild comes in to top of mind. Did ordered their bulk wings of 20 pieces and chicken drum sticks tossed with theses sauces were amazing. Dyna pasta served here  with white sauce is a perfect balance with a little spicy. Over all they have apt combination of mojitos like lemonade and strawberry one can have a very good combo. Biryanis served here us very special like Wings Biryani and drum sticks have a large quantity matched quality as well. over all its a best and only to discover a new taste of their popular chicken wings at a very reasonable place."
REV_08407_C04_A01,REV_08407_C04,REV_08407,American Wild Wings,5.0,Over all they have apt combination of mojitos like lemonade and strawberry one can have a very good combo,General Experience,,good,Positive,Overall Impression,Annotated,primary_assertion,,pending,,,,,,,Positive appraisal targeting 'General Experience'.,463,568,"found them on Zomato website, a very interesting to say that this restaurant carved a niche in serving juicy  chicken wings with wide spread of 10 to 12 sauces especially Texas BBQ, Spicy garlic too yummy and spicy like Original hot and Amazon wild comes in to top of mind. Did ordered their bulk wings of 20 pieces and chicken drum sticks tossed with theses sauces were amazing. Dyna pasta served here  with white sauce is a perfect balance with a little spicy. Over all they have apt combination of mojitos like lemonade and strawberry one can have a very good combo. Biryanis served here us very special like Wings Biryani and drum sticks have a large quantity matched quality as well. over all its a best and only to discover a new taste of their popular chicken wings at a very reasonable place."
REV_08407_C05_A01,REV_08407_C05,REV_08407,American Wild Wings,5.0,Biryanis served here us very special like Wings Biryani and drum sticks have a large quantity matched quality as well,Food,Biryani,,Positive,Portion size,Annotated,primary_assertion,,pending,,,,,,,"Culinary evaluation (Positive) on food quality, taste, or portion.",570,687,"found them on Zomato website, a very interesting to say that this restaurant carved a niche in serving juicy  chicken wings with wide spread of 10 to 12 sauces especially Texas BBQ, Spicy garlic too yummy and spicy like Original hot and Amazon wild comes in to top of mind. Did ordered their bulk wings of 20 pieces and chicken drum sticks tossed with theses sauces were amazing. Dyna pasta served here  with white sauce is a perfect balance with a little spicy. Over all they have apt combination of mojitos like lemonade and strawberry one can have a very good combo. Biryanis served here us very special like Wings Biryani and drum sticks have a large quantity matched quality as well. over all its a best and only to discover a new taste of their popular chicken wings at a very reasonable place."
REV_08407_C06_A01,REV_08407_C06,REV_08407,American Wild Wings,5.0,over all its a best and only to discover a new taste of their popular chicken wings at a very reasonable place,Price / Value,,reasonable,Positive,Pricing / Overpriced,Annotated,primary_assertion,,pending,,,,,,,Pricing / financial evaluation (Positive).,689,799,"found them on Zomato website, a very interesting to say that this restaurant carved a niche in serving juicy  chicken wings with wide spread of 10 to 12 sauces especially Texas BBQ, Spicy garlic too yummy and spicy like Original hot and Amazon wild comes in to top of mind. Did ordered their bulk wings of 20 pieces and chicken drum sticks tossed with theses sauces were amazing. Dyna pasta served here  with white sauce is a perfect balance with a little spicy. Over all they have apt combination of mojitos like lemonade and strawberry one can have a very good combo. Biryanis served here us very special like Wings Biryani and drum sticks have a large quantity matched quality as well. over all its a best and only to discover a new taste of their popular chicken wings at a very reasonable place."
REV_08507_C01_A01,REV_08507_C01,REV_08507,Domino's Pizza,5.0,on time delivery,Service,delivery,on time delivery,Positive,Delivery Speed,Annotated,primary_assertion,,pending,,,,,,,Service evaluation (Positive) targeting staff hospitality or turnaround.,0,16,on time delivery.! and great pizzas. thanks Zomato 🤗
REV_08507_C02_A01,REV_08507_C02,REV_08507,Domino's Pizza,5.0,and great pizzas,Food,pizzas,great,Positive,Taste / Flavor,Annotated,primary_assertion,,pending,,,,,,,"Culinary evaluation (Positive) on food quality, taste, or portion.",19,35,on time delivery.! and great pizzas. thanks Zomato 🤗
REV_08507_C03_A01,REV_08507_C03,REV_08507,Domino's Pizza,5.0,thanks Zomato 🤗,,,,,,No Aspect Opinion,descriptive_context,REV_08507_C02_A01,pending,,,,,,,"Factual narrative, procedural action, menu listing, or non-evaluative statement without opinion.",37,52,on time delivery.! and great pizzas. thanks Zomato 🤗
REV_08619_C01_A01,REV_08619_C01,REV_08619,Mohammedia Shawarma,2.0,below average taste,Food,taste,below average,Negative,Taste / Flavor,Annotated,primary_assertion,,pending,,,,,,,"Culinary evaluation (Negative) on food quality, taste, or portion.",0,19,below average taste.
REV_08694_C01_A01,REV_08694_C01,REV_08694,Arena Eleven,4.0,Was here few days back,,,,,,No Aspect Opinion,independent,,pending,,,,,,,"Factual narrative, procedural action, menu listing, or non-evaluative statement without opinion.",0,22,"Was here few days back. The place was so busy and full. Had to wait a few minutes to get a table.

Staff were friendly and patient, got a table we requested.

Coming to the food ordered Chicken Nasheman Tikka, Stuffed Tangdi Kebab and Fish Tikka for starters. All tasted good. Tried Pina Colada Mocktail which was fine but don't go with spicy food.For Maindish we were suggested to take Sizzling Chicken Tikka Biryani and was tatsy as suggested.
Ambaince was good with outdoor and indoor seating.

P.S. They may take quite a time for the dishes but don't get frustrated just sit back and enjoy the IPL screening on all the walls. Good thing is that you don't have to turn your head."
REV_08694_C02_A01,REV_08694_C02,REV_08694,Arena Eleven,4.0,The place was so busy and full,,,,,,No Aspect Opinion,independent,,pending,,,,,,,"Factual narrative, procedural action, menu listing, or non-evaluative statement without opinion.",24,54,"Was here few days back. The place was so busy and full. Had to wait a few minutes to get a table.

Staff were friendly and patient, got a table we requested.

Coming to the food ordered Chicken Nasheman Tikka, Stuffed Tangdi Kebab and Fish Tikka for starters. All tasted good. Tried Pina Colada Mocktail which was fine but don't go with spicy food.For Maindish we were suggested to take Sizzling Chicken Tikka Biryani and was tatsy as suggested.
Ambaince was good with outdoor and indoor seating.

P.S. They may take quite a time for the dishes but don't get frustrated just sit back and enjoy the IPL screening on all the walls. Good thing is that you don't have to turn your head."
REV_08694_C03_A01,REV_08694_C03,REV_08694,Arena Eleven,4.0,Had to wait a few minutes to get a table,,,,,,No Aspect Opinion,independent,,pending,,,,,,,"Factual narrative, procedural action, menu listing, or non-evaluative statement without opinion.",56,96,"Was here few days back. The place was so busy and full. Had to wait a few minutes to get a table.

Staff were friendly and patient, got a table we requested.

Coming to the food ordered Chicken Nasheman Tikka, Stuffed Tangdi Kebab and Fish Tikka for starters. All tasted good. Tried Pina Colada Mocktail which was fine but don't go with spicy food.For Maindish we were suggested to take Sizzling Chicken Tikka Biryani and was tatsy as suggested.
Ambaince was good with outdoor and indoor seating.

P.S. They may take quite a time for the dishes but don't get frustrated just sit back and enjoy the IPL screening on all the walls. Good thing is that you don't have to turn your head."
REV_08694_C04_A01,REV_08694_C04,REV_08694,Arena Eleven,4.0,"Staff were friendly and patient, got a table we requested",Service,Staff,friendly,Positive,Staff courtesy,Annotated,primary_assertion,,pending,,,,,,,Service evaluation (Positive) targeting staff hospitality or turnaround.,101,158,"Was here few days back. The place was so busy and full. Had to wait a few minutes to get a table.

Staff were friendly and patient, got a table we requested.

Coming to the food ordered Chicken Nasheman Tikka, Stuffed Tangdi Kebab and Fish Tikka for starters. All tasted good. Tried Pina Colada Mocktail which was fine but don't go with spicy food.For Maindish we were suggested to take Sizzling Chicken Tikka Biryani and was tatsy as suggested.
Ambaince was good with outdoor and indoor seating.

P.S. They may take quite a time for the dishes but don't get frustrated just sit back and enjoy the IPL screening on all the walls. Good thing is that you don't have to turn your head."
REV_08694_C05_A01,REV_08694_C05,REV_08694,Arena Eleven,4.0,"Coming to the food ordered Chicken Nasheman Tikka, Stuffed Tangdi Kebab and Fish Tikka for starters",,,,,,No Aspect Opinion,descriptive_context,REV_08694_C04_A01,pending,,,,,,,"Factual narrative, procedural action, menu listing, or non-evaluative statement without opinion.",163,262,"Was here few days back. The place was so busy and full. Had to wait a few minutes to get a table.

Staff were friendly and patient, got a table we requested.

Coming to the food ordered Chicken Nasheman Tikka, Stuffed Tangdi Kebab and Fish Tikka for starters. All tasted good. Tried Pina Colada Mocktail which was fine but don't go with spicy food.For Maindish we were suggested to take Sizzling Chicken Tikka Biryani and was tatsy as suggested.
Ambaince was good with outdoor and indoor seating.

P.S. They may take quite a time for the dishes but don't get frustrated just sit back and enjoy the IPL screening on all the walls. Good thing is that you don't have to turn your head."
REV_08694_C06_A01,REV_08694_C06,REV_08694,Arena Eleven,4.0,All tasted good,General Experience,,good,Positive,Overall Impression,Annotated,primary_assertion,,pending,,,,,,,Positive appraisal targeting 'General Experience'.,264,279,"Was here few days back. The place was so busy and full. Had to wait a few minutes to get a table.

Staff were friendly and patient, got a table we requested.

Coming to the food ordered Chicken Nasheman Tikka, Stuffed Tangdi Kebab and Fish Tikka for starters. All tasted good. Tried Pina Colada Mocktail which was fine but don't go with spicy food.For Maindish we were suggested to take Sizzling Chicken Tikka Biryani and was tatsy as suggested.
Ambaince was good with outdoor and indoor seating.

P.S. They may take quite a time for the dishes but don't get frustrated just sit back and enjoy the IPL screening on all the walls. Good thing is that you don't have to turn your head."
REV_08694_C07_A01,REV_08694_C07,REV_08694,Arena Eleven,4.0,Tried Pina Colada Mocktail which was fine,,,,,,No Aspect Opinion,descriptive_context,REV_08694_C06_A01,pending,,,,,,,"Factual narrative, procedural action, menu listing, or non-evaluative statement without opinion.",281,322,"Was here few days back. The place was so busy and full. Had to wait a few minutes to get a table.

Staff were friendly and patient, got a table we requested.

Coming to the food ordered Chicken Nasheman Tikka, Stuffed Tangdi Kebab and Fish Tikka for starters. All tasted good. Tried Pina Colada Mocktail which was fine but don't go with spicy food.For Maindish we were suggested to take Sizzling Chicken Tikka Biryani and was tatsy as suggested.
Ambaince was good with outdoor and indoor seating.

P.S. They may take quite a time for the dishes but don't get frustrated just sit back and enjoy the IPL screening on all the walls. Good thing is that you don't have to turn your head."
REV_08694_C08_A01,REV_08694_C08,REV_08694,Arena Eleven,4.0,don't go with spicy food,Food,food,,Positive,Taste / Flavor,Annotated,primary_assertion,,pending,,,,,,,"Culinary evaluation (Positive) on food quality, taste, or portion.",327,351,"Was here few days back. The place was so busy and full. Had to wait a few minutes to get a table.

Staff were friendly and patient, got a table we requested.

Coming to the food ordered Chicken Nasheman Tikka, Stuffed Tangdi Kebab and Fish Tikka for starters. All tasted good. Tried Pina Colada Mocktail which was fine but don't go with spicy food.For Maindish we were suggested to take Sizzling Chicken Tikka Biryani and was tatsy as suggested.
Ambaince was good with outdoor and indoor seating.

P.S. They may take quite a time for the dishes but don't get frustrated just sit back and enjoy the IPL screening on all the walls. Good thing is that you don't have to turn your head."
REV_08694_C09_A01,REV_08694_C09,REV_08694,Arena Eleven,4.0,For Maindish we were suggested to take Sizzling Chicken Tikka Biryani and was tatsy as suggested,,,,,,No Aspect Opinion,descriptive_context,REV_08694_C08_A01,pending,,,,,,,"Factual narrative, procedural action, menu listing, or non-evaluative statement without opinion.",352,448,"Was here few days back. The place was so busy and full. Had to wait a few minutes to get a table.

Staff were friendly and patient, got a table we requested.

Coming to the food ordered Chicken Nasheman Tikka, Stuffed Tangdi Kebab and Fish Tikka for starters. All tasted good. Tried Pina Colada Mocktail which was fine but don't go with spicy food.For Maindish we were suggested to take Sizzling Chicken Tikka Biryani and was tatsy as suggested.
Ambaince was good with outdoor and indoor seating.

P.S. They may take quite a time for the dishes but don't get frustrated just sit back and enjoy the IPL screening on all the walls. Good thing is that you don't have to turn your head."
REV_08694_C10_A01,REV_08694_C10,REV_08694,Arena Eleven,4.0,Ambaince was good with outdoor and indoor seating,Ambience,seating,good,Positive,Atmosphere,Annotated,primary_assertion,,pending,,,,,,,Ambience evaluation (Positive) regarding environment or facilities.,451,500,"Was here few days back. The place was so busy and full. Had to wait a few minutes to get a table.

Staff were friendly and patient, got a table we requested.

Coming to the food ordered Chicken Nasheman Tikka, Stuffed Tangdi Kebab and Fish Tikka for starters. All tasted good. Tried Pina Colada Mocktail which was fine but don't go with spicy food.For Maindish we were suggested to take Sizzling Chicken Tikka Biryani and was tatsy as suggested.
Ambaince was good with outdoor and indoor seating.

P.S. They may take quite a time for the dishes but don't get frustrated just sit back and enjoy the IPL screening on all the walls. Good thing is that you don't have to turn your head."
REV_08694_C11_A01,REV_08694_C11,REV_08694,Arena Eleven,4.0,P,,,,,,No Aspect Opinion,descriptive_context,REV_08694_C10_A01,pending,,,,,,,"Factual narrative, procedural action, menu listing, or non-evaluative statement without opinion.",505,506,"Was here few days back. The place was so busy and full. Had to wait a few minutes to get a table.

Staff were friendly and patient, got a table we requested.

Coming to the food ordered Chicken Nasheman Tikka, Stuffed Tangdi Kebab and Fish Tikka for starters. All tasted good. Tried Pina Colada Mocktail which was fine but don't go with spicy food.For Maindish we were suggested to take Sizzling Chicken Tikka Biryani and was tatsy as suggested.
Ambaince was good with outdoor and indoor seating.

P.S. They may take quite a time for the dishes but don't get frustrated just sit back and enjoy the IPL screening on all the walls. Good thing is that you don't have to turn your head."
REV_08694_C12_A01,REV_08694_C12,REV_08694,Arena Eleven,4.0,S,,,,,,No Aspect Opinion,descriptive_context,REV_08694_C10_A01,pending,,,,,,,"Factual narrative, procedural action, menu listing, or non-evaluative statement without opinion.",507,508,"Was here few days back. The place was so busy and full. Had to wait a few minutes to get a table.

Staff were friendly and patient, got a table we requested.

Coming to the food ordered Chicken Nasheman Tikka, Stuffed Tangdi Kebab and Fish Tikka for starters. All tasted good. Tried Pina Colada Mocktail which was fine but don't go with spicy food.For Maindish we were suggested to take Sizzling Chicken Tikka Biryani and was tatsy as suggested.
Ambaince was good with outdoor and indoor seating.

P.S. They may take quite a time for the dishes but don't get frustrated just sit back and enjoy the IPL screening on all the walls. Good thing is that you don't have to turn your head."
REV_08694_C13_A01,REV_08694_C13,REV_08694,Arena Eleven,4.0,They may take quite a time for the dishes,Service,,take quite a time,Negative,Service speed,Annotated,primary_assertion,,pending,,,,,,,Service evaluation (Negative) targeting staff hospitality or turnaround.,510,551,"Was here few days back. The place was so busy and full. Had to wait a few minutes to get a table.

Staff were friendly and patient, got a table we requested.

Coming to the food ordered Chicken Nasheman Tikka, Stuffed Tangdi Kebab and Fish Tikka for starters. All tasted good. Tried Pina Colada Mocktail which was fine but don't go with spicy food.For Maindish we were suggested to take Sizzling Chicken Tikka Biryani and was tatsy as suggested.
Ambaince was good with outdoor and indoor seating.

P.S. They may take quite a time for the dishes but don't get frustrated just sit back and enjoy the IPL screening on all the walls. Good thing is that you don't have to turn your head."
REV_08694_C14_A01,REV_08694_C14,REV_08694,Arena Eleven,4.0,don't get frustrated just sit back and enjoy the IPL screening on all the walls,,,,,,No Aspect Opinion,descriptive_context,REV_08694_C13_A01,pending,,,,,,,"Factual narrative, procedural action, menu listing, or non-evaluative statement without opinion.",556,635,"Was here few days back. The place was so busy and full. Had to wait a few minutes to get a table.

Staff were friendly and patient, got a table we requested.

Coming to the food ordered Chicken Nasheman Tikka, Stuffed Tangdi Kebab and Fish Tikka for starters. All tasted good. Tried Pina Colada Mocktail which was fine but don't go with spicy food.For Maindish we were suggested to take Sizzling Chicken Tikka Biryani and was tatsy as suggested.
Ambaince was good with outdoor and indoor seating.

P.S. They may take quite a time for the dishes but don't get frustrated just sit back and enjoy the IPL screening on all the walls. Good thing is that you don't have to turn your head."
REV_08694_C15_A01,REV_08694_C15,REV_08694,Arena Eleven,4.0,Good thing is that you don't have to turn your head,General Experience,,Good,Positive,Overall Impression,Annotated,primary_assertion,,pending,,,,,,,Positive appraisal targeting 'General Experience'.,637,688,"Was here few days back. The place was so busy and full. Had to wait a few minutes to get a table.

Staff were friendly and patient, got a table we requested.

Coming to the food ordered Chicken Nasheman Tikka, Stuffed Tangdi Kebab and Fish Tikka for starters. All tasted good. Tried Pina Colada Mocktail which was fine but don't go with spicy food.For Maindish we were suggested to take Sizzling Chicken Tikka Biryani and was tatsy as suggested.
Ambaince was good with outdoor and indoor seating.

P.S. They may take quite a time for the dishes but don't get frustrated just sit back and enjoy the IPL screening on all the walls. Good thing is that you don't have to turn your head."
REV_08836_C01_A01,REV_08836_C01,REV_08836,Cascade - Radisson Hyderabad Hitec City,3.5,The place is amazing,Ambience,place,amazing,Positive,Atmosphere,Annotated,primary_assertion,,pending,,,,,,,Ambience evaluation (Positive) regarding environment or facilities.,0,20,The place is amazing. The food is of huge variety. The view and cleanliness are appreciated. The live music is very entertaining. Food of all sorts are available. Best place for foodies. A must try in that area.
REV_08836_C02_A01,REV_08836_C02,REV_08836,Cascade - Radisson Hyderabad Hitec City,3.5,The food is of huge variety,Food,food,,Positive,Portion size,Annotated,primary_assertion,,pending,,,,,,,"Culinary evaluation (Positive) on food quality, taste, or portion.",22,49,The place is amazing. The food is of huge variety. The view and cleanliness are appreciated. The live music is very entertaining. Food of all sorts are available. Best place for foodies. A must try in that area.
REV_08836_C03_A01,REV_08836_C03,REV_08836,Cascade - Radisson Hyderabad Hitec City,3.5,The view and cleanliness are appreciated,Ambience,view,clean,Positive,Atmosphere,Annotated,primary_assertion,,pending,,,,,,,Ambience evaluation (Positive) regarding environment or facilities.,51,91,The place is amazing. The food is of huge variety. The view and cleanliness are appreciated. The live music is very entertaining. Food of all sorts are available. Best place for foodies. A must try in that area.
REV_08836_C04_A01,REV_08836_C04,REV_08836,Cascade - Radisson Hyderabad Hitec City,3.5,The live music is very entertaining,,,,,,No Aspect Opinion,descriptive_context,REV_08836_C03_A01,pending,,,,,,,"Factual narrative, procedural action, menu listing, or non-evaluative statement without opinion.",93,128,The place is amazing. The food is of huge variety. The view and cleanliness are appreciated. The live music is very entertaining. Food of all sorts are available. Best place for foodies. A must try in that area.
REV_08836_C05_A01,REV_08836_C05,REV_08836,Cascade - Radisson Hyderabad Hitec City,3.5,Food of all sorts are available,,,,,,No Aspect Opinion,descriptive_context,REV_08836_C03_A01,pending,,,,,,,"Factual narrative, procedural action, menu listing, or non-evaluative statement without opinion.",130,161,The place is amazing. The food is of huge variety. The view and cleanliness are appreciated. The live music is very entertaining. Food of all sorts are available. Best place for foodies. A must try in that area.
REV_08836_C06_A01,REV_08836_C06,REV_08836,Cascade - Radisson Hyderabad Hitec City,3.5,Best place for foodies,,,,,,No Aspect Opinion,descriptive_context,REV_08836_C03_A01,pending,,,,,,,"Factual narrative, procedural action, menu listing, or non-evaluative statement without opinion.",163,185,The place is amazing. The food is of huge variety. The view and cleanliness are appreciated. The live music is very entertaining. Food of all sorts are available. Best place for foodies. A must try in that area.
REV_08836_C07_A01,REV_08836_C07,REV_08836,Cascade - Radisson Hyderabad Hitec City,3.5,A must try in that area,,,,,,No Aspect Opinion,descriptive_context,REV_08836_C03_A01,pending,,,,,,,"Factual narrative, procedural action, menu listing, or non-evaluative statement without opinion.",187,210,The place is amazing. The food is of huge variety. The view and cleanliness are appreciated. The live music is very entertaining. Food of all sorts are available. Best place for foodies. A must try in that area.
REV_08937_C01_A01,REV_08937_C01,REV_08937,Collage - Hyatt Hyderabad Gachibowli,5.0,Awesome hotel,General Experience,hotel,Awesome,Positive,Overall Impression,Annotated,primary_assertion,,pending,,,,,,,Positive appraisal targeting 'hotel'.,0,13,Awesome hotel.. service is state of the art.. really enjoyed my stay here.. I was personally received by Chef Amit patra a wound full chef who made our stay worthwhile.
REV_08937_C02_A01,REV_08937_C02,REV_08937,Collage - Hyatt Hyderabad Gachibowli,5.0,service is state of the art,,,,,,No Aspect Opinion,descriptive_context,REV_08937_C01_A01,pending,,,,,,,"Factual narrative, procedural action, menu listing, or non-evaluative statement without opinion.",16,43,Awesome hotel.. service is state of the art.. really enjoyed my stay here.. I was personally received by Chef Amit patra a wound full chef who made our stay worthwhile.
REV_08937_C03_A01,REV_08937_C03,REV_08937,Collage - Hyatt Hyderabad Gachibowli,5.0,really enjoyed my stay here,General Experience,stay,really enjoyed,Positive,Overall Impression,Annotated,primary_assertion,,pending,,,,,,,Holistic evaluation of the restaurant / visit (Positive).,46,73,Awesome hotel.. service is state of the art.. really enjoyed my stay here.. I was personally received by Chef Amit patra a wound full chef who made our stay worthwhile.
REV_08937_C04_A01,REV_08937_C04,REV_08937,Collage - Hyatt Hyderabad Gachibowli,5.0,I was personally received by Chef Amit patra a wound full chef who made our stay worthwhile,,,,,,No Aspect Opinion,descriptive_context,REV_08937_C03_A01,pending,,,,,,,"Factual narrative, procedural action, menu listing, or non-evaluative statement without opinion.",76,167,Awesome hotel.. service is state of the art.. really enjoyed my stay here.. I was personally received by Chef Amit patra a wound full chef who made our stay worthwhile.
REV_08985_C01_A01,REV_08985_C01,REV_08985,Zing's Northeast Kitchen,3.0,"Been here with friends for lunch, the moment we entered in to the restaurant you will feel as if your in some eastern states",,,,,,No Aspect Opinion,independent,,pending,,,,,,,"Factual narrative, procedural action, menu listing, or non-evaluative statement without opinion.",0,124,"Been here with friends for lunch, the moment we entered in to the restaurant you will feel as if your in some eastern states. we ordered drumsticks, chicken teriyaki and OM chicken rice. The drumsticks were good with sauce and best part was chicken teriyaki it was delicious and tasty and the OM rice was okay. Overall food was good and service was okay."
REV_08985_C02_A01,REV_08985_C02,REV_08985,Zing's Northeast Kitchen,3.0,"we ordered drumsticks, chicken teriyaki and OM chicken rice",,,,,,No Aspect Opinion,independent,,pending,,,,,,,"Factual narrative, procedural action, menu listing, or non-evaluative statement without opinion.",126,185,"Been here with friends for lunch, the moment we entered in to the restaurant you will feel as if your in some eastern states. we ordered drumsticks, chicken teriyaki and OM chicken rice. The drumsticks were good with sauce and best part was chicken teriyaki it was delicious and tasty and the OM rice was okay. Overall food was good and service was okay."
REV_08985_C03_A01,REV_08985_C03,REV_08985,Zing's Northeast Kitchen,3.0,The drumsticks were good with sauce and best part was chicken teriyaki it was delicious and tasty and the OM rice was okay,Food,sauce,good,Positive,Taste / Flavor,Annotated,primary_assertion,,pending,,,,,,,"Culinary evaluation (Positive) on food quality, taste, or portion.",187,309,"Been here with friends for lunch, the moment we entered in to the restaurant you will feel as if your in some eastern states. we ordered drumsticks, chicken teriyaki and OM chicken rice. The drumsticks were good with sauce and best part was chicken teriyaki it was delicious and tasty and the OM rice was okay. Overall food was good and service was okay."
REV_08985_C04_A01,REV_08985_C04,REV_08985,Zing's Northeast Kitchen,3.0,Overall food was good and service was okay,Service,service,service was okay,Neutral,Staff courtesy,Annotated,primary_assertion,,pending,,,,,,,Service evaluation (Neutral) targeting staff hospitality or turnaround.,311,353,"Been here with friends for lunch, the moment we entered in to the restaurant you will feel as if your in some eastern states. we ordered drumsticks, chicken teriyaki and OM chicken rice. The drumsticks were good with sauce and best part was chicken teriyaki it was delicious and tasty and the OM rice was okay. Overall food was good and service was okay."
REV_09142_C01_A01,REV_09142_C01,REV_09142,Dunkin' Donuts,4.0,I really liked the donuts,Food,donuts,liked,Positive,Food quality,Annotated,primary_assertion,,pending,,,,,,,Positive appraisal targeting 'donuts'.,0,25,I really liked the donuts. Specially all the chocolate ones. Its in spar market in kondapur. I really nice place to have donuts. Apart from donuts they also serve burgers.
REV_09142_C02_A01,REV_09142_C02,REV_09142,Dunkin' Donuts,4.0,Specially all the chocolate ones,,,,,,No Aspect Opinion,descriptive_context,REV_09142_C01_A01,pending,,,,,,,"Factual narrative, procedural action, menu listing, or non-evaluative statement without opinion.",27,59,I really liked the donuts. Specially all the chocolate ones. Its in spar market in kondapur. I really nice place to have donuts. Apart from donuts they also serve burgers.
REV_09142_C03_A01,REV_09142_C03,REV_09142,Dunkin' Donuts,4.0,Its in spar market in kondapur,,,,,,No Aspect Opinion,descriptive_context,REV_09142_C01_A01,pending,,,,,,,"Factual narrative, procedural action, menu listing, or non-evaluative statement without opinion.",61,91,I really liked the donuts. Specially all the chocolate ones. Its in spar market in kondapur. I really nice place to have donuts. Apart from donuts they also serve burgers.
REV_09142_C04_A01,REV_09142_C04,REV_09142,Dunkin' Donuts,4.0,I really nice place to have donuts,Ambience,place,nice,Positive,Atmosphere,Annotated,primary_assertion,,pending,,,,,,,Ambience evaluation (Positive) regarding environment or facilities.,93,127,I really liked the donuts. Specially all the chocolate ones. Its in spar market in kondapur. I really nice place to have donuts. Apart from donuts they also serve burgers.
REV_09142_C05_A01,REV_09142_C05,REV_09142,Dunkin' Donuts,4.0,Apart from donuts they also serve burgers,,,,,,No Aspect Opinion,descriptive_context,REV_09142_C04_A01,pending,,,,,,,"Factual narrative, procedural action, menu listing, or non-evaluative statement without opinion.",129,170,I really liked the donuts. Specially all the chocolate ones. Its in spar market in kondapur. I really nice place to have donuts. Apart from donuts they also serve burgers.
REV_09188_C01_A01,REV_09188_C01,REV_09188,Desi Bytes,1.0,Worst ever litti choka i had,Food,,Worst,Negative,Food quality,Annotated,primary_assertion,,pending,,,,,,,Negative evaluation targeting 'Food'.,0,28,"Worst ever litti choka i had. It was literally stinking. Will never recommend anyone in future. Dont even deserve 1 star.
Food was not properly cooked and oil used was of very poor quality. Will prefer mess food over this."
REV_09188_C02_A01,REV_09188_C02,REV_09188,Desi Bytes,1.0,It was literally stinking,Food,,literally stinking,Negative,Taste / Flavor,Annotated,primary_assertion,,pending,,,,,,,"Culinary evaluation (Negative) on food quality, taste, or portion.",30,55,"Worst ever litti choka i had. It was literally stinking. Will never recommend anyone in future. Dont even deserve 1 star.
Food was not properly cooked and oil used was of very poor quality. Will prefer mess food over this."
REV_09188_C03_A01,REV_09188_C03,REV_09188,Desi Bytes,1.0,Will never recommend anyone in future,General Experience,,Will never recommend,Negative,Recommendation,Annotated,primary_assertion,,pending,,,,,,,Holistic evaluation of the restaurant / visit (Negative).,57,94,"Worst ever litti choka i had. It was literally stinking. Will never recommend anyone in future. Dont even deserve 1 star.
Food was not properly cooked and oil used was of very poor quality. Will prefer mess food over this."
REV_09188_C04_A01,REV_09188_C04,REV_09188,Desi Bytes,1.0,Dont even deserve 1 star,General Experience,,Dont even deserve 1 star,Negative,Overall Impression,Annotated,primary_assertion,,pending,,,,,,,Holistic evaluation of the restaurant / visit (Negative).,96,120,"Worst ever litti choka i had. It was literally stinking. Will never recommend anyone in future. Dont even deserve 1 star.
Food was not properly cooked and oil used was of very poor quality. Will prefer mess food over this."
REV_09188_C05_A01,REV_09188_C05,REV_09188,Desi Bytes,1.0,Food was not properly cooked and oil used was of very poor quality,Food,Food,,Negative,Taste / Flavor,Annotated,primary_assertion,,pending,,,,,,,"Culinary evaluation (Negative) on food quality, taste, or portion.",123,189,"Worst ever litti choka i had. It was literally stinking. Will never recommend anyone in future. Dont even deserve 1 star.
Food was not properly cooked and oil used was of very poor quality. Will prefer mess food over this."
REV_09188_C06_A01,REV_09188_C06,REV_09188,Desi Bytes,1.0,Will prefer mess food over this,Food,food,prefer mess food over this,Negative,Taste / Flavor,Annotated,primary_assertion,,pending,,,,,,,"Culinary evaluation (Negative) on food quality, taste, or portion.",191,222,"Worst ever litti choka i had. It was literally stinking. Will never recommend anyone in future. Dont even deserve 1 star.
Food was not properly cooked and oil used was of very poor quality. Will prefer mess food over this."
REV_09237_C01_A01,REV_09237_C01,REV_09237,Hyderabadi Daawat,1.0,I have ordered Paya shobha soup the worst ever that i have ever eaten they have added some veg soup and added some pieces of mutton do you ever think this is paya soup anfI doubt they have got the order from some other place,Service,order,,Negative,Staff courtesy,Annotated,primary_assertion,,pending,,,,,,,Service evaluation (Negative) targeting staff hospitality or turnaround.,0,224,I have ordered Paya shobha soup the worst ever that i have ever eaten they have added some veg soup and added some pieces of mutton do you ever think this is paya soup anfI doubt they have got the order from some other place
REV_09396_C01_A01,REV_09396_C01,REV_09396,Zega - Sheraton Hyderabad Hotel,5.0,We come here at least twice a week,,,,,,No Aspect Opinion,independent,,pending,,,,,,,"Factual narrative, procedural action, menu listing, or non-evaluative statement without opinion.",0,34,"We come here at least twice a week. The staff are super friendly. Thanks to Sai . Sai your awesome man thanks for your superb service. The ambience is really amazing. Mohit is amazing chef, we are fan of English sorted vegetables dish. Nice place to relax."
REV_09396_C02_A01,REV_09396_C02,REV_09396,Zega - Sheraton Hyderabad Hotel,5.0,The staff are super friendly,Service,staff,friendly,Positive,Staff courtesy,Annotated,primary_assertion,,pending,,,,,,,Service evaluation (Positive) targeting staff hospitality or turnaround.,36,64,"We come here at least twice a week. The staff are super friendly. Thanks to Sai . Sai your awesome man thanks for your superb service. The ambience is really amazing. Mohit is amazing chef, we are fan of English sorted vegetables dish. Nice place to relax."
REV_09396_C03_A01,REV_09396_C03,REV_09396,Zega - Sheraton Hyderabad Hotel,5.0,Thanks to Sai,,,,,,No Aspect Opinion,descriptive_context,REV_09396_C02_A01,pending,,,,,,,"Factual narrative, procedural action, menu listing, or non-evaluative statement without opinion.",66,79,"We come here at least twice a week. The staff are super friendly. Thanks to Sai . Sai your awesome man thanks for your superb service. The ambience is really amazing. Mohit is amazing chef, we are fan of English sorted vegetables dish. Nice place to relax."
REV_09396_C04_A01,REV_09396_C04,REV_09396,Zega - Sheraton Hyderabad Hotel,5.0,Sai your awesome man thanks for your superb service,Service,service,superb service,Positive,Staff courtesy,Annotated,primary_assertion,,pending,,,,,,,Service evaluation (Positive) targeting staff hospitality or turnaround.,82,133,"We come here at least twice a week. The staff are super friendly. Thanks to Sai . Sai your awesome man thanks for your superb service. The ambience is really amazing. Mohit is amazing chef, we are fan of English sorted vegetables dish. Nice place to relax."
REV_09396_C05_A01,REV_09396_C05,REV_09396,Zega - Sheraton Hyderabad Hotel,5.0,The ambience is really amazing,Ambience,ambience,amazing,Positive,Atmosphere,Annotated,primary_assertion,,pending,,,,,,,Ambience evaluation (Positive) regarding environment or facilities.,135,165,"We come here at least twice a week. The staff are super friendly. Thanks to Sai . Sai your awesome man thanks for your superb service. The ambience is really amazing. Mohit is amazing chef, we are fan of English sorted vegetables dish. Nice place to relax."
REV_09396_C06_A01,REV_09396_C06,REV_09396,Zega - Sheraton Hyderabad Hotel,5.0,"Mohit is amazing chef, we are fan of English sorted vegetables dish",Food,dish,amazing,Positive,Taste / Flavor,Annotated,primary_assertion,,pending,,,,,,,"Culinary evaluation (Positive) on food quality, taste, or portion.",167,234,"We come here at least twice a week. The staff are super friendly. Thanks to Sai . Sai your awesome man thanks for your superb service. The ambience is really amazing. Mohit is amazing chef, we are fan of English sorted vegetables dish. Nice place to relax."
REV_09396_C07_A01,REV_09396_C07,REV_09396,Zega - Sheraton Hyderabad Hotel,5.0,Nice place to relax,Ambience,place,Nice,Positive,Atmosphere,Annotated,primary_assertion,,pending,,,,,,,Ambience evaluation (Positive) regarding environment or facilities.,236,255,"We come here at least twice a week. The staff are super friendly. Thanks to Sai . Sai your awesome man thanks for your superb service. The ambience is really amazing. Mohit is amazing chef, we are fan of English sorted vegetables dish. Nice place to relax."
REV_09439_C01_A01,REV_09439_C01,REV_09439,Triptify,1.0,"not cooked properly, no paneer in paratha",,,,,,No Aspect Opinion,independent,,pending,,,,,,,"Factual narrative, procedural action, menu listing, or non-evaluative statement without opinion.",0,41,"not cooked properly, no paneer in paratha"
REV_09629_C01_A01,REV_09629_C01,REV_09629,Chinese Pavilion,3.0,Madhumathi Mahajan Well to start with nice courteous servers and staff,Service,servers,courteous,Positive,Staff courtesy,Annotated,primary_assertion,,pending,,,,,,,Service evaluation (Positive) targeting staff hospitality or turnaround.,0,70,"Madhumathi Mahajan Well to start with nice courteous servers and staff. Excellent serving time, all items arrived on time infact for a change had folks asking if we want to hold a little while before getting next dish out? These things matter a lot when u r paying to eat out.

Now food - Jade chicken soup, nice spinach based creamy stuff, gud way to start the meal. Accompanied by house salad of cabbage and cucumber kimchi, nice dressing but cabbage cut could have been good. Fish cakes were good, loved it and accompanying sauces were awesome. Main course was Mix XO rice of chicken and prawn, well that was the downer. Nothing exciting abt it, maybe shld have coupled with a curry but then Nash, fried rice u shld be able to enjoy dry. Desert - blue berry cheesecake, so here is where me and wifey differ, I thght it was worth it, she says the base wasn't crunchy engh. So try and rate yourself.

Last ambience - was warm n eye soothing.

Oh and I forgot, the orange pekoe tea, the best I had in lat few months. Have it"
REV_09629_C02_A01,REV_09629_C02,REV_09629,Chinese Pavilion,3.0,Excellent serving time,Service,serving time,Excellent serving time,Positive,Service speed,Annotated,primary_assertion,,pending,,,,,,,Service evaluation (Positive) targeting staff hospitality or turnaround.,72,94,"Madhumathi Mahajan Well to start with nice courteous servers and staff. Excellent serving time, all items arrived on time infact for a change had folks asking if we want to hold a little while before getting next dish out? These things matter a lot when u r paying to eat out.

Now food - Jade chicken soup, nice spinach based creamy stuff, gud way to start the meal. Accompanied by house salad of cabbage and cucumber kimchi, nice dressing but cabbage cut could have been good. Fish cakes were good, loved it and accompanying sauces were awesome. Main course was Mix XO rice of chicken and prawn, well that was the downer. Nothing exciting abt it, maybe shld have coupled with a curry but then Nash, fried rice u shld be able to enjoy dry. Desert - blue berry cheesecake, so here is where me and wifey differ, I thght it was worth it, she says the base wasn't crunchy engh. So try and rate yourself.

Last ambience - was warm n eye soothing.

Oh and I forgot, the orange pekoe tea, the best I had in lat few months. Have it"
REV_09629_C03_A01,REV_09629_C03,REV_09629,Chinese Pavilion,3.0,all items arrived on time infact for a change had folks asking if we want to hold a little,Service,,all items arrived on time,Positive,Service speed,Annotated,primary_assertion,,pending,,,,,,,Service evaluation (Positive) targeting staff hospitality or turnaround.,96,186,"Madhumathi Mahajan Well to start with nice courteous servers and staff. Excellent serving time, all items arrived on time infact for a change had folks asking if we want to hold a little while before getting next dish out? These things matter a lot when u r paying to eat out.

Now food - Jade chicken soup, nice spinach based creamy stuff, gud way to start the meal. Accompanied by house salad of cabbage and cucumber kimchi, nice dressing but cabbage cut could have been good. Fish cakes were good, loved it and accompanying sauces were awesome. Main course was Mix XO rice of chicken and prawn, well that was the downer. Nothing exciting abt it, maybe shld have coupled with a curry but then Nash, fried rice u shld be able to enjoy dry. Desert - blue berry cheesecake, so here is where me and wifey differ, I thght it was worth it, she says the base wasn't crunchy engh. So try and rate yourself.

Last ambience - was warm n eye soothing.

Oh and I forgot, the orange pekoe tea, the best I had in lat few months. Have it"
REV_09629_C04_A01,REV_09629_C04,REV_09629,Chinese Pavilion,3.0,before getting next dish out,,,,,,No Aspect Opinion,descriptive_context,REV_09629_C03_A01,pending,,,,,,,"Factual narrative, procedural action, menu listing, or non-evaluative statement without opinion.",193,221,"Madhumathi Mahajan Well to start with nice courteous servers and staff. Excellent serving time, all items arrived on time infact for a change had folks asking if we want to hold a little while before getting next dish out? These things matter a lot when u r paying to eat out.

Now food - Jade chicken soup, nice spinach based creamy stuff, gud way to start the meal. Accompanied by house salad of cabbage and cucumber kimchi, nice dressing but cabbage cut could have been good. Fish cakes were good, loved it and accompanying sauces were awesome. Main course was Mix XO rice of chicken and prawn, well that was the downer. Nothing exciting abt it, maybe shld have coupled with a curry but then Nash, fried rice u shld be able to enjoy dry. Desert - blue berry cheesecake, so here is where me and wifey differ, I thght it was worth it, she says the base wasn't crunchy engh. So try and rate yourself.

Last ambience - was warm n eye soothing.

Oh and I forgot, the orange pekoe tea, the best I had in lat few months. Have it"
REV_09629_C05_A01,REV_09629_C05,REV_09629,Chinese Pavilion,3.0,These things matter a lot when u r paying to eat out,,,,,,No Aspect Opinion,descriptive_context,REV_09629_C03_A01,pending,,,,,,,"Factual narrative, procedural action, menu listing, or non-evaluative statement without opinion.",223,275,"Madhumathi Mahajan Well to start with nice courteous servers and staff. Excellent serving time, all items arrived on time infact for a change had folks asking if we want to hold a little while before getting next dish out? These things matter a lot when u r paying to eat out.

Now food - Jade chicken soup, nice spinach based creamy stuff, gud way to start the meal. Accompanied by house salad of cabbage and cucumber kimchi, nice dressing but cabbage cut could have been good. Fish cakes were good, loved it and accompanying sauces were awesome. Main course was Mix XO rice of chicken and prawn, well that was the downer. Nothing exciting abt it, maybe shld have coupled with a curry but then Nash, fried rice u shld be able to enjoy dry. Desert - blue berry cheesecake, so here is where me and wifey differ, I thght it was worth it, she says the base wasn't crunchy engh. So try and rate yourself.

Last ambience - was warm n eye soothing.

Oh and I forgot, the orange pekoe tea, the best I had in lat few months. Have it"
REV_09629_C06_A01,REV_09629_C06,REV_09629,Chinese Pavilion,3.0,Now food,,,,,,No Aspect Opinion,descriptive_context,REV_09629_C03_A01,pending,,,,,,,"Factual narrative, procedural action, menu listing, or non-evaluative statement without opinion.",280,288,"Madhumathi Mahajan Well to start with nice courteous servers and staff. Excellent serving time, all items arrived on time infact for a change had folks asking if we want to hold a little while before getting next dish out? These things matter a lot when u r paying to eat out.

Now food - Jade chicken soup, nice spinach based creamy stuff, gud way to start the meal. Accompanied by house salad of cabbage and cucumber kimchi, nice dressing but cabbage cut could have been good. Fish cakes were good, loved it and accompanying sauces were awesome. Main course was Mix XO rice of chicken and prawn, well that was the downer. Nothing exciting abt it, maybe shld have coupled with a curry but then Nash, fried rice u shld be able to enjoy dry. Desert - blue berry cheesecake, so here is where me and wifey differ, I thght it was worth it, she says the base wasn't crunchy engh. So try and rate yourself.

Last ambience - was warm n eye soothing.

Oh and I forgot, the orange pekoe tea, the best I had in lat few months. Have it"
REV_09629_C07_A01,REV_09629_C07,REV_09629,Chinese Pavilion,3.0,"Jade chicken soup, nice spinach based creamy stuff, gud way to start the meal",Food,chicken,nice,Positive,Taste / Flavor,Annotated,primary_assertion,,pending,,,,,,,"Culinary evaluation (Positive) on food quality, taste, or portion.",291,368,"Madhumathi Mahajan Well to start with nice courteous servers and staff. Excellent serving time, all items arrived on time infact for a change had folks asking if we want to hold a little while before getting next dish out? These things matter a lot when u r paying to eat out.

Now food - Jade chicken soup, nice spinach based creamy stuff, gud way to start the meal. Accompanied by house salad of cabbage and cucumber kimchi, nice dressing but cabbage cut could have been good. Fish cakes were good, loved it and accompanying sauces were awesome. Main course was Mix XO rice of chicken and prawn, well that was the downer. Nothing exciting abt it, maybe shld have coupled with a curry but then Nash, fried rice u shld be able to enjoy dry. Desert - blue berry cheesecake, so here is where me and wifey differ, I thght it was worth it, she says the base wasn't crunchy engh. So try and rate yourself.

Last ambience - was warm n eye soothing.

Oh and I forgot, the orange pekoe tea, the best I had in lat few months. Have it"
REV_09629_C08_A01,REV_09629_C08,REV_09629,Chinese Pavilion,3.0,"Accompanied by house salad of cabbage and cucumber kimchi, nice dressing",Food,salad,nice,Positive,Taste / Flavor,Annotated,primary_assertion,,pending,,,,,,,"Culinary evaluation (Positive) on food quality, taste, or portion.",370,442,"Madhumathi Mahajan Well to start with nice courteous servers and staff. Excellent serving time, all items arrived on time infact for a change had folks asking if we want to hold a little while before getting next dish out? These things matter a lot when u r paying to eat out.

Now food - Jade chicken soup, nice spinach based creamy stuff, gud way to start the meal. Accompanied by house salad of cabbage and cucumber kimchi, nice dressing but cabbage cut could have been good. Fish cakes were good, loved it and accompanying sauces were awesome. Main course was Mix XO rice of chicken and prawn, well that was the downer. Nothing exciting abt it, maybe shld have coupled with a curry but then Nash, fried rice u shld be able to enjoy dry. Desert - blue berry cheesecake, so here is where me and wifey differ, I thght it was worth it, she says the base wasn't crunchy engh. So try and rate yourself.

Last ambience - was warm n eye soothing.

Oh and I forgot, the orange pekoe tea, the best I had in lat few months. Have it"
REV_09629_C09_A01,REV_09629_C09,REV_09629,Chinese Pavilion,3.0,cabbage cut could have been good,Food,,good,Positive,Taste / Flavor,Annotated,primary_assertion,,pending,,,,,,,"Culinary evaluation (Positive) on food quality, taste, or portion.",447,479,"Madhumathi Mahajan Well to start with nice courteous servers and staff. Excellent serving time, all items arrived on time infact for a change had folks asking if we want to hold a little while before getting next dish out? These things matter a lot when u r paying to eat out.

Now food - Jade chicken soup, nice spinach based creamy stuff, gud way to start the meal. Accompanied by house salad of cabbage and cucumber kimchi, nice dressing but cabbage cut could have been good. Fish cakes were good, loved it and accompanying sauces were awesome. Main course was Mix XO rice of chicken and prawn, well that was the downer. Nothing exciting abt it, maybe shld have coupled with a curry but then Nash, fried rice u shld be able to enjoy dry. Desert - blue berry cheesecake, so here is where me and wifey differ, I thght it was worth it, she says the base wasn't crunchy engh. So try and rate yourself.

Last ambience - was warm n eye soothing.

Oh and I forgot, the orange pekoe tea, the best I had in lat few months. Have it"
REV_09629_C10_A01,REV_09629_C10,REV_09629,Chinese Pavilion,3.0,"Fish cakes were good, loved it and accompanying sauces were awesome",General Experience,,loved it,Positive,Overall Impression,Annotated,primary_assertion,,pending,,,,,,,Holistic evaluation of the restaurant / visit (Positive).,481,548,"Madhumathi Mahajan Well to start with nice courteous servers and staff. Excellent serving time, all items arrived on time infact for a change had folks asking if we want to hold a little while before getting next dish out? These things matter a lot when u r paying to eat out.

Now food - Jade chicken soup, nice spinach based creamy stuff, gud way to start the meal. Accompanied by house salad of cabbage and cucumber kimchi, nice dressing but cabbage cut could have been good. Fish cakes were good, loved it and accompanying sauces were awesome. Main course was Mix XO rice of chicken and prawn, well that was the downer. Nothing exciting abt it, maybe shld have coupled with a curry but then Nash, fried rice u shld be able to enjoy dry. Desert - blue berry cheesecake, so here is where me and wifey differ, I thght it was worth it, she says the base wasn't crunchy engh. So try and rate yourself.

Last ambience - was warm n eye soothing.

Oh and I forgot, the orange pekoe tea, the best I had in lat few months. Have it"
REV_09629_C11_A01,REV_09629_C11,REV_09629,Chinese Pavilion,3.0,"Main course was Mix XO rice of chicken and prawn, well that was the downer",Food,rice,raw,Negative,Taste / Flavor,Annotated,primary_assertion,,pending,,,,,,,"Culinary evaluation (Negative) on food quality, taste, or portion.",550,624,"Madhumathi Mahajan Well to start with nice courteous servers and staff. Excellent serving time, all items arrived on time infact for a change had folks asking if we want to hold a little while before getting next dish out? These things matter a lot when u r paying to eat out.

Now food - Jade chicken soup, nice spinach based creamy stuff, gud way to start the meal. Accompanied by house salad of cabbage and cucumber kimchi, nice dressing but cabbage cut could have been good. Fish cakes were good, loved it and accompanying sauces were awesome. Main course was Mix XO rice of chicken and prawn, well that was the downer. Nothing exciting abt it, maybe shld have coupled with a curry but then Nash, fried rice u shld be able to enjoy dry. Desert - blue berry cheesecake, so here is where me and wifey differ, I thght it was worth it, she says the base wasn't crunchy engh. So try and rate yourself.

Last ambience - was warm n eye soothing.

Oh and I forgot, the orange pekoe tea, the best I had in lat few months. Have it"
REV_09629_C12_A01,REV_09629_C12,REV_09629,Chinese Pavilion,3.0,"Nothing exciting abt it, maybe shld have coupled with a curry",Food,curry,Nothing exciting,Positive,Taste / Flavor,Annotated,primary_assertion,,pending,,,,,,,"Culinary evaluation (Positive) on food quality, taste, or portion.",626,687,"Madhumathi Mahajan Well to start with nice courteous servers and staff. Excellent serving time, all items arrived on time infact for a change had folks asking if we want to hold a little while before getting next dish out? These things matter a lot when u r paying to eat out.

Now food - Jade chicken soup, nice spinach based creamy stuff, gud way to start the meal. Accompanied by house salad of cabbage and cucumber kimchi, nice dressing but cabbage cut could have been good. Fish cakes were good, loved it and accompanying sauces were awesome. Main course was Mix XO rice of chicken and prawn, well that was the downer. Nothing exciting abt it, maybe shld have coupled with a curry but then Nash, fried rice u shld be able to enjoy dry. Desert - blue berry cheesecake, so here is where me and wifey differ, I thght it was worth it, she says the base wasn't crunchy engh. So try and rate yourself.

Last ambience - was warm n eye soothing.

Oh and I forgot, the orange pekoe tea, the best I had in lat few months. Have it"
REV_09629_C13_A01,REV_09629_C13,REV_09629,Chinese Pavilion,3.0,"then Nash, fried rice u shld be able to enjoy dry",,,,,,No Aspect Opinion,descriptive_context,REV_09629_C12_A01,pending,,,,,,,"Factual narrative, procedural action, menu listing, or non-evaluative statement without opinion.",692,741,"Madhumathi Mahajan Well to start with nice courteous servers and staff. Excellent serving time, all items arrived on time infact for a change had folks asking if we want to hold a little while before getting next dish out? These things matter a lot when u r paying to eat out.

Now food - Jade chicken soup, nice spinach based creamy stuff, gud way to start the meal. Accompanied by house salad of cabbage and cucumber kimchi, nice dressing but cabbage cut could have been good. Fish cakes were good, loved it and accompanying sauces were awesome. Main course was Mix XO rice of chicken and prawn, well that was the downer. Nothing exciting abt it, maybe shld have coupled with a curry but then Nash, fried rice u shld be able to enjoy dry. Desert - blue berry cheesecake, so here is where me and wifey differ, I thght it was worth it, she says the base wasn't crunchy engh. So try and rate yourself.

Last ambience - was warm n eye soothing.

Oh and I forgot, the orange pekoe tea, the best I had in lat few months. Have it"
REV_09629_C14_A01,REV_09629_C14,REV_09629,Chinese Pavilion,3.0,Desert,,,,,,No Aspect Opinion,descriptive_context,REV_09629_C12_A01,pending,,,,,,,"Factual narrative, procedural action, menu listing, or non-evaluative statement without opinion.",743,749,"Madhumathi Mahajan Well to start with nice courteous servers and staff. Excellent serving time, all items arrived on time infact for a change had folks asking if we want to hold a little while before getting next dish out? These things matter a lot when u r paying to eat out.

Now food - Jade chicken soup, nice spinach based creamy stuff, gud way to start the meal. Accompanied by house salad of cabbage and cucumber kimchi, nice dressing but cabbage cut could have been good. Fish cakes were good, loved it and accompanying sauces were awesome. Main course was Mix XO rice of chicken and prawn, well that was the downer. Nothing exciting abt it, maybe shld have coupled with a curry but then Nash, fried rice u shld be able to enjoy dry. Desert - blue berry cheesecake, so here is where me and wifey differ, I thght it was worth it, she says the base wasn't crunchy engh. So try and rate yourself.

Last ambience - was warm n eye soothing.

Oh and I forgot, the orange pekoe tea, the best I had in lat few months. Have it"
REV_09629_C15_A01,REV_09629_C15,REV_09629,Chinese Pavilion,3.0,"blue berry cheesecake, so here is where me and wifey differ, I thght it was worth it, she says the base wasn't crunchy engh",Price / Value,,worth it,Positive,Value for money,Annotated,primary_assertion,,pending,,,,,,,Pricing / financial evaluation (Positive).,752,875,"Madhumathi Mahajan Well to start with nice courteous servers and staff. Excellent serving time, all items arrived on time infact for a change had folks asking if we want to hold a little while before getting next dish out? These things matter a lot when u r paying to eat out.

Now food - Jade chicken soup, nice spinach based creamy stuff, gud way to start the meal. Accompanied by house salad of cabbage and cucumber kimchi, nice dressing but cabbage cut could have been good. Fish cakes were good, loved it and accompanying sauces were awesome. Main course was Mix XO rice of chicken and prawn, well that was the downer. Nothing exciting abt it, maybe shld have coupled with a curry but then Nash, fried rice u shld be able to enjoy dry. Desert - blue berry cheesecake, so here is where me and wifey differ, I thght it was worth it, she says the base wasn't crunchy engh. So try and rate yourself.

Last ambience - was warm n eye soothing.

Oh and I forgot, the orange pekoe tea, the best I had in lat few months. Have it"
REV_09629_C16_A01,REV_09629_C16,REV_09629,Chinese Pavilion,3.0,So try and rate yourself,,,,,,No Aspect Opinion,descriptive_context,REV_09629_C15_A01,pending,,,,,,,"Factual narrative, procedural action, menu listing, or non-evaluative statement without opinion.",877,901,"Madhumathi Mahajan Well to start with nice courteous servers and staff. Excellent serving time, all items arrived on time infact for a change had folks asking if we want to hold a little while before getting next dish out? These things matter a lot when u r paying to eat out.

Now food - Jade chicken soup, nice spinach based creamy stuff, gud way to start the meal. Accompanied by house salad of cabbage and cucumber kimchi, nice dressing but cabbage cut could have been good. Fish cakes were good, loved it and accompanying sauces were awesome. Main course was Mix XO rice of chicken and prawn, well that was the downer. Nothing exciting abt it, maybe shld have coupled with a curry but then Nash, fried rice u shld be able to enjoy dry. Desert - blue berry cheesecake, so here is where me and wifey differ, I thght it was worth it, she says the base wasn't crunchy engh. So try and rate yourself.

Last ambience - was warm n eye soothing.

Oh and I forgot, the orange pekoe tea, the best I had in lat few months. Have it"
REV_09629_C17_A01,REV_09629_C17,REV_09629,Chinese Pavilion,3.0,Last ambience,,,,,,No Aspect Opinion,descriptive_context,REV_09629_C15_A01,pending,,,,,,,"Factual narrative, procedural action, menu listing, or non-evaluative statement without opinion.",906,919,"Madhumathi Mahajan Well to start with nice courteous servers and staff. Excellent serving time, all items arrived on time infact for a change had folks asking if we want to hold a little while before getting next dish out? These things matter a lot when u r paying to eat out.

Now food - Jade chicken soup, nice spinach based creamy stuff, gud way to start the meal. Accompanied by house salad of cabbage and cucumber kimchi, nice dressing but cabbage cut could have been good. Fish cakes were good, loved it and accompanying sauces were awesome. Main course was Mix XO rice of chicken and prawn, well that was the downer. Nothing exciting abt it, maybe shld have coupled with a curry but then Nash, fried rice u shld be able to enjoy dry. Desert - blue berry cheesecake, so here is where me and wifey differ, I thght it was worth it, she says the base wasn't crunchy engh. So try and rate yourself.

Last ambience - was warm n eye soothing.

Oh and I forgot, the orange pekoe tea, the best I had in lat few months. Have it"
REV_09629_C18_A01,REV_09629_C18,REV_09629,Chinese Pavilion,3.0,was warm n eye soothing,Ambience,,warm n eye soothing,Positive,Atmosphere,Annotated,primary_assertion,,pending,,,,,,,Ambience evaluation (Positive) regarding environment or facilities.,922,945,"Madhumathi Mahajan Well to start with nice courteous servers and staff. Excellent serving time, all items arrived on time infact for a change had folks asking if we want to hold a little while before getting next dish out? These things matter a lot when u r paying to eat out.

Now food - Jade chicken soup, nice spinach based creamy stuff, gud way to start the meal. Accompanied by house salad of cabbage and cucumber kimchi, nice dressing but cabbage cut could have been good. Fish cakes were good, loved it and accompanying sauces were awesome. Main course was Mix XO rice of chicken and prawn, well that was the downer. Nothing exciting abt it, maybe shld have coupled with a curry but then Nash, fried rice u shld be able to enjoy dry. Desert - blue berry cheesecake, so here is where me and wifey differ, I thght it was worth it, she says the base wasn't crunchy engh. So try and rate yourself.

Last ambience - was warm n eye soothing.

Oh and I forgot, the orange pekoe tea, the best I had in lat few months. Have it"
REV_09629_C19_A01,REV_09629_C19,REV_09629,Chinese Pavilion,3.0,"Oh and I forgot, the orange pekoe tea, the best I had in lat few months",Food,tea,best I had,Positive,Taste / Flavor,Annotated,primary_assertion,,pending,,,,,,,"Culinary evaluation (Positive) on food quality, taste, or portion.",950,1021,"Madhumathi Mahajan Well to start with nice courteous servers and staff. Excellent serving time, all items arrived on time infact for a change had folks asking if we want to hold a little while before getting next dish out? These things matter a lot when u r paying to eat out.

Now food - Jade chicken soup, nice spinach based creamy stuff, gud way to start the meal. Accompanied by house salad of cabbage and cucumber kimchi, nice dressing but cabbage cut could have been good. Fish cakes were good, loved it and accompanying sauces were awesome. Main course was Mix XO rice of chicken and prawn, well that was the downer. Nothing exciting abt it, maybe shld have coupled with a curry but then Nash, fried rice u shld be able to enjoy dry. Desert - blue berry cheesecake, so here is where me and wifey differ, I thght it was worth it, she says the base wasn't crunchy engh. So try and rate yourself.

Last ambience - was warm n eye soothing.

Oh and I forgot, the orange pekoe tea, the best I had in lat few months. Have it"
REV_09629_C20_A01,REV_09629_C20,REV_09629,Chinese Pavilion,3.0,Have it,,,,,,No Aspect Opinion,descriptive_context,REV_09629_C19_A01,pending,,,,,,,"Factual narrative, procedural action, menu listing, or non-evaluative statement without opinion.",1023,1030,"Madhumathi Mahajan Well to start with nice courteous servers and staff. Excellent serving time, all items arrived on time infact for a change had folks asking if we want to hold a little while before getting next dish out? These things matter a lot when u r paying to eat out.

Now food - Jade chicken soup, nice spinach based creamy stuff, gud way to start the meal. Accompanied by house salad of cabbage and cucumber kimchi, nice dressing but cabbage cut could have been good. Fish cakes were good, loved it and accompanying sauces were awesome. Main course was Mix XO rice of chicken and prawn, well that was the downer. Nothing exciting abt it, maybe shld have coupled with a curry but then Nash, fried rice u shld be able to enjoy dry. Desert - blue berry cheesecake, so here is where me and wifey differ, I thght it was worth it, she says the base wasn't crunchy engh. So try and rate yourself.

Last ambience - was warm n eye soothing.

Oh and I forgot, the orange pekoe tea, the best I had in lat few months. Have it"
